barcode,truth,truth_coarse,pysingle_1ref_label,pysingle_1ref_coarse,pysingle_1ref_conf,pysingle_1ref_status,hybrid_1ref_label,hybrid_1ref_coarse,hybrid_1ref_conf,hybrid_1ref_status,pysingle_2ref_label,pysingle_2ref_coarse,pysingle_2ref_conf,pysingle_2ref_status,hybrid_2ref_label,hybrid_2ref_coarse,hybrid_2ref_conf,hybrid_2ref_status,cellmarkerannot_only_label,cellmarkerannot_only_coarse,cellmarkerannot_only_conf,cellmarkerannot_only_status
AAAGATGAGTCTCCTC-1,CD4+CD8,T,CD4+CD8+,T,0.013004540210825347,,CD4+CD8+,T,0.5356805422545632,consistent,CD4+CD8+,T,0.6122063340052151,,CD4+CD8+,T,0.5356805422545632,consistent,Cytotoxic CD8 T cell,T,0.029212451716056236,db_only
AGGGAGTCACCCAGTG-1,Memory BC,B,Memory,B,0.0607360127448952,,Memory,B,0.44955262305187815,unknown,Memory,B,0.5994034974025042,,Memory,B,0.563915815556927,unknown,Lymphocyte,Other,0.06594526294724821,db_only
ACACCCTCACGAAGCA-1,Naive BC,B,Naive,B,0.09321396489008864,,Naive,B,0.43467220967953313,unknown,Naive,B,0.5795629462393775,,Naive,B,0.4784977041114916,unknown,Lymphocyte,Other,0.11255354156240494,db_only
AACCGCGAGTGACATA-1,NK3,NK,NK3,NK,0.07436295500926572,,NK3,NK,0.3453360183463015,unknown,CD4+CD8+,T,0.41696778139779983,,NK3,NK,0.3885030206395892,unknown,Activated CD8+ T cell,T,0.056557407428592374,db_only
AGGTCCGGTGCAGGTA-1,T-mito,T,CD4+CD8+,T,0.04691451163729225,,CD4+CD8+,T,0.1670416402275509,low_confidence,NK Proliferating,NK,0.31744778601359347,,NK Proliferating,NK,0.2380858395101951,unknown,Cytotoxic CD8 T cell,T,0.07112494637364206,db_only
ATGGGAGCACCTCGTT-1,cDC,DC,cDC2,DC,0.03019816327168115,,cDC2,DC,0.3856648609475569,unknown,cDC2,DC,0.5656417960564167,,cDC2,DC,0.3856648609475569,unknown,Immature B cell,B,0.06854905807115436,db_only
AGCGTCGGTAAAGTCA-1,CD4-CD8,T,CD4-CD8-,T,0.11315591703903971,,CD4-CD8-,T,0.2238426175908081,low_confidence,NK2,NK,0.38748229715042176,,CD4-CD8-,T,0.40976539542240253,consistent,Cytotoxic CD8 T cell,T,0.036036395147821594,db_only
ACGCAGCGTGGCTCCA-1,Naive BC,B,Naive,B,0.10099435873153785,,Naive,B,0.4224175646980174,consistent,Naive,B,0.5019232413057088,,Naive,B,0.4839702597719146,consistent,Immature B cell,B,0.06152680815791887,db_only
AAAGATGGTCTCCATC-2,ASC,B,ASC,B,0.004371261871232823,,ASC,B,0.3648453553102446,consistent,ASC,B,0.5016623635515863,,ASC,B,0.4180519696263219,consistent,Other,Other,0.04754280985504259,db_only
AGAGCGAAGGTAGCTG-1,NK2,NK,NK2,NK,0.046053763782766294,,NK2,NK,0.2759765716320256,unknown,NK1,NK,0.4231240096802792,,NK1,NK,0.37488752901549754,unknown,Other,Other,0.027699626520654993,db_only
TATCTCATCTGAGTGT-1,cDC,DC,cDC2,DC,0.032680152569940134,,cDC2,DC,0.3259406146118074,unknown,cDC2,DC,0.5121923943899831,,cDC2,DC,0.3026591421395355,unknown,Other,Other,0.09726598901493036,db_only
CCGTGGACACGAGAGT-2,pDC,DC,pDC,DC,0.019488986514439595,,pDC,DC,0.439779108960888,unknown,pDC,DC,0.586372145281184,,pDC,DC,0.47975902795733233,unknown,Cytotoxic CD8 T cell,T,0.060110090018159285,db_only
GCAGTTACAAGGTTCT-1,cDC,DC,cDC2,DC,0.03487364041623941,,cDC2,DC,0.2967180899276118,unknown,cDC2,DC,0.49643190794366926,,cDC2,DC,0.2710640025851918,unknown,Other,Other,0.05213259451296739,db_only
AGTGTCATCCAGTATG-1,CD4+CD8,T,CD4+CD8+,T,0.00601180469228629,,CD4+CD8+,T,0.3205703906011749,consistent,CD4+CD8+,T,0.3663661606870571,,CD4+CD8+,T,0.2747746205152928,low_confidence,Activated CD8+ T cell,T,0.03700414826888323,db_only
AACACGTCACCGCTAG-1,Memory BC,B,ABC,B,0.037907670735773044,,ABC,B,0.24836745660221884,low_confidence,ABC,B,0.32287769358288454,,ABC,B,0.2959712191176442,low_confidence,Immature B cell,B,0.09291594554141343,db_only
AACTCCCTCCGCAAGC-1,CD4 Tem,T,T-mito,T,0.008006368766835359,,T-mito,T,0.23266040930214374,unknown,T-mito,T,0.29082551162767967,,T-mito,T,0.2726489171509497,unknown,Lymphocyte,Other,0.07836010532555167,db_only
AAACCTGCACGGTTTA-1,Naive BC,B,Naive,B,0.07476085257624365,,Naive,B,0.35354436033110836,unknown,Naive,B,0.5210127415405807,,Naive,B,0.41998190562310017,unknown,Lymphocyte,Other,0.1166856776679436,db_only
ACGCCAGAGCTGCAAG-1,NK1,NK,NK1,NK,0.08585942615793145,,NK1,NK,0.33385834583464347,unknown,NK3,NK,0.43190870391252895,,NK2,NK,0.2710515748388112,unknown,Cytotoxic CD8 T cell,T,0.04018711079963461,db_only
ACGCAGCGTTCCCTTG-1,CD8 Naive,T,CD4 Tem,T,0.03969127682688507,,CD4 Tem,T,0.40046079859794054,consistent,CD4 Tem,T,0.6229390200412409,,CD4 Tem,T,0.5606451180371168,consistent,Other,Other,0.02821703447743705,db_only
AACTGGTTCAGTTAGC-1,NK2,NK,NK2,NK,0.07677271467852842,,NK2,NK,0.5213072001654366,unknown,NK2,NK,0.5439727306074121,,NK2,NK,0.47471156690797855,unknown,Cytotoxic CD8 T cell,T,0.072769535836175,db_only
CACCACTAGCTATGCT-1,CD4+CD8,T,CD4+CD8+,T,0.01556536102691297,,CD4+CD8+,T,0.35635203640437396,consistent,CD4+CD8+,T,0.4751360485391653,,CD4+CD8+,T,0.41574404247176966,consistent,Activated CD8+ T cell,T,0.02360784768943654,db_only
ACGCCAGGTGCACTTA-1,CD4+CD8,T,CD4+CD8+,T,0.014133382561672746,,CD4+CD8+,T,0.4746602615679647,unknown,CD4+CD8+,T,0.5424688703633882,,CD4+CD8+,T,0.5424688703633882,unknown,Lymphocyte,Other,0.03356474109366423,db_only
ACTTACTTCGTCCAGG-1,CD8 Tem,T,CD4+CD8+,T,0.03920951205583867,,CD4+CD8+,T,0.4353953913913528,consistent,CD4+CD8+,T,0.5805271885218037,,CD4+CD8+,T,0.5079612899565783,consistent,Activated CD8+ T cell,T,0.05497065031681128,db_only
ACCAGTATCTGTTTGT-1,CD4+CD8,T,CD4+CD8+,T,0.02038440121278671,,CD4+CD8+,T,0.48422082921835585,consistent,CD4+CD8+,T,0.5533952333924067,,CD4+CD8+,T,0.48422082921835585,consistent,Cytotoxic CD8 T cell,T,0.05709760787235771,db_only
ACCAGTAAGCTGCGAA-1,CD14,Mono,cDC2,DC,0.03742337188969149,,cDC2,DC,0.23528883037273263,unknown,cDC2,DC,0.47057766074546525,,cDC2,DC,0.25667872404298103,unknown,Other,Other,0.19350556119243134,db_only
ACACCCTTCCAGTATG-1,CD8 CTL,T,CD4+CD8+,T,0.02483672805893881,,CD4+CD8+,T,0.274999480444718,low_confidence,CD4+CD8+,T,0.31428512050824914,,CD4+CD8+,T,0.274999480444718,low_confidence,Activated CD8+ T cell,T,0.01919864653231814,db_only
AGAGTGGCATCCTAGA-1,CD4-CD8,T,CD4+CD8+,T,0.029324123940907464,,CD4+CD8+,T,0.19418418747751318,low_confidence,CD4+CD8+,T,0.38836837495502635,,CD4+CD8+,T,0.29127628121626975,low_confidence,Effector memory CD8 T cell,T,0.024271327955960185,db_only
ATCACGAGTCTCACCT-1,CD16,Mono,CD16,Mono,0.021610450618770215,,CD16,Mono,0.4599971465529795,unknown,cDC2,DC,0.40413244641383533,,CD14,Mono,0.3798777211505021,unknown,Other,Other,0.03934846571839327,db_only
AACCGCGTCAGCTCTC-1,CD14,Mono,CD14,Mono,0.052360895629723965,,CD14,Mono,0.47265387656928665,consistent,CD14,Mono,0.567184651883144,,CD14,Mono,0.5304900718438131,consistent,Other,Other,0.19649341217870098,db_only
AATCCAGTCCTTGACC-1,CD14,Mono,cDC2,DC,0.04187423486601213,,cDC2,DC,0.2549122261726249,unknown,cDC2,DC,0.46733908131647894,,cDC2,DC,0.2549122261726249,unknown,Other,Other,0.16768089872935546,db_only
TTAGTTCAGACATAAC-1,RBC,Other,Naive,B,0.019265645596992193,,Naive,B,0.041576356418018844,unknown,Memory,B,0.09309044554121264,,Memory,B,0.06981783415590948,unknown,Other,Other,0.5826844525601512,db_only
CGAGCACCATAGACTC-1,CD16,Mono,CD16,Mono,0.029332156854251612,,CD16,Mono,0.40570155878529945,unknown,CD16,Mono,0.40936990554296177,,CD16,Mono,0.483609683067065,unknown,Other,Other,0.03400872696966321,db_only
AACTCAGGTCGCGTGT-1,RBC,Other,CD8 Tem,T,0.053349010384264234,,CD8 Tem,T,0.060984782550938706,unknown,CD4 Tex,T,0.23611590545376515,,CD4 Tex,T,0.14166954327225909,unknown,Other,Other,0.5889893237784958,db_only
AAAGATGGTGATAAAC-1,CD8 CTL,T,CD4+CD8+,T,0.03488505877434121,,CD4+CD8+,T,0.3168472145016491,consistent,CD4+CD8+,T,0.42246295266886547,,CD4+CD8+,T,0.3696550835852573,consistent,Activated CD8+ T cell,T,0.0425750542532491,db_only
CTGAAGTTCCTAGAAC-1,ASC,B,ASC,B,0.0048968934504400015,,ASC,B,0.3936526923498228,consistent,ASC,B,0.48113106842756126,,ASC,B,0.40094255702296766,consistent,Other,Other,0.025585295457504466,db_only
AACCGCGAGTAGGCCA-1,CD8 CTL,T,CD4+CD8+,T,0.02192865691353615,,CD4+CD8+,T,0.2968175979208203,low_confidence,CD4+CD8+,T,0.39575679722776036,,CD4+CD8+,T,0.34628719757429033,consistent,Activated CD8+ T cell,T,0.03447947100565955,db_only
ATAACGCGTACCGTAT-1,CD16,Mono,CD16,Mono,0.030722869397512082,,CD16,Mono,0.4499888689225308,unknown,cDC2,DC,0.44706753043307157,,CD16,Mono,0.5016330240279147,unknown,Other,Other,0.03085245749396214,db_only
AACTCAGTCCTTTCGG-1,NK3,NK,CD4+CD8+,T,0.0399423800556681,,CD4+CD8+,T,0.26415432416355455,low_confidence,CD4+CD8+,T,0.34696687464977416,,CD4+CD8+,T,0.2654640468889625,low_confidence,Cytotoxic CD8 T cell,T,0.05752389419319572,db_only
ATAACGCAGGTTCCTA-1,CD4+CD8,T,CD4+CD8+,T,0.015178472824302083,,CD4+CD8+,T,0.28522870374565207,unknown,CD4+CD8+,T,0.4563659259930433,,CD4+CD8+,T,0.3422744444947825,unknown,Lymphocyte,Other,0.029794592390135134,db_only
ACTTACTGTTCAACCA-1,Naive BC,B,Naive,B,0.0588687196099686,,Naive,B,0.4504257842640875,consistent,Naive,B,0.5869865235765976,,Naive,B,0.5016105324759157,consistent,Immature B cell,B,0.060473171859190704,db_only
ACCTTTACATCACGAT-1,CD8 CTL,T,CD4+CD8+,T,0.03861190141828705,,CD4+CD8+,T,0.32516660484617094,consistent,CD4+CD8+,T,0.3216798763662018,,CD4+CD8+,T,0.2845207792403996,low_confidence,Activated CD8+ T cell,T,0.06134236457593774,db_only
CCAATCCGTGAGGCTA-2,ASC,B,ASC,B,0.003702703621644408,,ASC,B,0.40903907415840324,consistent,ASC,B,0.4736241911307827,,ASC,B,0.39468682594231885,consistent,Other,Other,0.03026877544392712,db_only
CGCTATCTCACGCATA-1,RBC,Other,CD4 Tcm,T,0.026512182769944017,,CD4 Tcm,T,0.13361619569269886,unknown,CD4 Tcm,T,0.2672323913853977,,CD4 Tcm,T,0.13361619569269886,unknown,Other,Other,0.5837815718787231,db_only
TGGCGCAGTCCTCCAT-1,pDC,DC,pDC,DC,0.008579845177511588,,pDC,DC,0.3322211510233233,unknown,pDC,DC,0.41964776971367146,,pDC,DC,0.3814979724669741,unknown,Cytotoxic CD8 T cell,T,0.07898765414392127,db_only
AAGTCTGAGCTGAACG-1,CD8 Naive,T,T-mito,T,0.011218826356100933,,T-mito,T,0.21766539100523832,low_confidence,T-mito,T,0.3279759935915495,,T-mito,T,0.2918046814995471,low_confidence,Other,Other,0.031189705236346912,db_only
ACTTGTTGTTGCGTTA-1,CD4 Naive,T,T-mito,T,0.027331002686615875,,T-mito,T,0.09669548247705692,unknown,CD4 TCM,T,0.2428017877866694,,CD8 Naive,T,0.16117950905052258,unknown,Lymphocyte,Other,0.03357226458594282,db_only
CCACTACAGTAAGTAC-1,CD4+CD8,T,CD4+CD8+,T,0.06170020918854724,,CD4+CD8+,T,0.2638376451289945,low_confidence,CD4+CD8+,T,0.4221402322063912,,CD4+CD8+,T,0.3166051741547934,consistent,Other,Other,0.027032699952511185,db_only
AAAGCAAGTAAGTTCC-1,CD4 Naive,T,CD4 Naive,T,0.04252429896833493,,CD4 Naive,T,0.4468630346812541,consistent,CD4 Naive,T,0.5499852734538512,,CD4 Naive,T,0.4124889550903884,consistent,Other,Other,0.038765561357623095,db_only
AGAGCTTAGCCAGAAC-1,CD4 Tem,T,T-mito,T,0.00517030721966715,,T-mito,T,0.18436346847342558,low_confidence,T-mito,T,0.3352063063153192,,T-mito,T,0.27235512388119687,low_confidence,Other,Other,0.038296572167985245,db_only
AACTCTTGTGCCTGGT-1,CD4 Naive,T,T-mito,T,0.014309640456754659,,T-mito,T,0.0714626239398225,low_confidence,CD4 Naive,T,0.20152269210909354,,CD4 Naive,T,0.13677409651765327,low_confidence,Other,Other,0.01674417494491853,db_only
AATCCAGAGAGATGAG-1,CD4 Naive,T,T-mito,T,0.014723539551209393,,T-mito,T,0.2105359163994354,low_confidence,T-mito,T,0.3007655948563363,,CD8 TCM,T,0.2436202523345452,low_confidence,Other,Other,0.030943540544305904,db_only
AACTCAGGTTCCGTCT-1,NK3,NK,CD4+CD8+,T,0.01792714550124278,,CD4+CD8+,T,0.3028409706156312,consistent,CD4+CD8+,T,0.4845455529850099,,CD4+CD8+,T,0.3634091647387574,consistent,Activated CD8+ T cell,T,0.03921791611734203,db_only
TCTCATATCCTCTAGC-1,ASC,B,ASC,B,0.0018181831622345098,,ASC,B,0.39755663903634564,unknown,ASC,B,0.48590255882220024,,ASC,B,0.40491879901850014,unknown,Other,Other,0.015486663172711352,db_only
ATGAGGGAGTCTCGGC-1,Memory BC,B,CD4+CD8+,T,0.014264118527303242,,CD4+CD8+,T,0.15348764598565087,unknown,CD4+CD8+,T,0.30697529197130174,,CD4+CD8+,T,0.2302314689784763,unknown,Immature B cell,B,0.03258154209996687,db_only
ACTGCTCGTCCAGTAT-1,CD8 Tem,T,CD4+CD8+,T,0.01416339361060306,,CD4+CD8+,T,0.23520001103051938,low_confidence,CD4+CD8+,T,0.26880001260630787,,CD4+CD8+,T,0.23520001103051938,low_confidence,Effector memory CD8 T cell,T,0.03975705326862162,db_only
AAATGCCAGAGTTGGC-1,NK3,NK,CD4+CD8+,T,0.023668525210064528,,CD4+CD8+,T,0.25827200591609367,low_confidence,CD4+CD8+,T,0.339493579334843,,CD4+CD8+,T,0.25827200591609367,low_confidence,Activated CD8+ T cell,T,0.039636626814269854,db_only
AGAGCTTGTCCCTTGT-1,CD4-CD8,T,CD4+CD8+,T,0.016733527639741338,,CD4+CD8+,T,0.34901173055405216,consistent,CD4+CD8+,T,0.39887054920463105,,CD4+CD8+,T,0.39887054920463105,consistent,Activated CD8+ T cell,T,0.036156188798714295,db_only
CCGTTCATCCTAGTGA-1,cDC,DC,cDC2,DC,0.021936270556932317,,cDC2,DC,0.3692711819894499,unknown,cDC2,DC,0.6249204618282999,,cDC2,DC,0.42608213306474996,unknown,Immature B cell,B,0.05193654392928787,db_only
AGCTCCTAGCAGGTCA-1,CD4+CD8,T,CD4+CD8+,T,0.020650435037083904,,CD4+CD8+,T,0.46739241386358216,unknown,CD4+CD8+,T,0.5341627587012368,,CD4+CD8+,T,0.46739241386358216,unknown,Lymphocyte,Other,0.029607332388154703,db_only
AGTTGGTCAGTGACAG-1,CD8 Naive,T,T-mito,T,0.016371269108162976,,T-mito,T,0.20834921969607229,unknown,T-mito,T,0.29390576497762494,,T-mito,T,0.26043652462009037,unknown,Lymphocyte,Other,0.05951021073969029,db_only
AGGCCACGTCTAGGTT-1,cDC,DC,cDC2,DC,0.026930061513563242,,cDC2,DC,0.3070891168281497,unknown,cDC2,DC,0.5087673105802619,,cDC2,DC,0.3256565633039007,unknown,Immature B cell,B,0.06656457577697927,db_only
AATCGGTGTCTCCATC-1,NK2,NK,CD4+CD8+,T,0.01797917448584077,,CD4+CD8+,T,0.4496479057014659,consistent,CD4+CD8+,T,0.5138833208016753,,CD4+CD8+,T,0.5138833208016753,consistent,Cytotoxic CD8 T cell,T,0.05375487064489819,db_only
CCTAGCTCACGAGAGT-1,CD4+CD8,T,CD4+CD8+,T,0.037463075154069186,,CD4+CD8+,T,0.5146865672614332,consistent,CD4+CD8+,T,0.5146865672614332,,CD4+CD8+,T,0.5146865672614332,consistent,Cytotoxic CD8 T cell,T,0.08868638276124943,db_only
TGCTACCGTTAAGACA-2,ASC,B,ASC,B,0.0035815505853162527,,ASC,B,0.33979512889704794,consistent,ASC,B,0.3934469913544766,,ASC,B,0.3278724927953971,consistent,Other,Other,0.02957730495515673,db_only
ATTATCCGTGGCAAAC-2,T-mito,T,T-mito,T,0.02876321246373446,,T-mito,T,0.4089057108218984,unknown,T-mito,T,0.6209827750664628,,T-mito,T,0.4259434487728108,unknown,Other,Other,0.06881636590017128,db_only
ATGAGGGGTTACGCGC-1,Memory BC,B,ABC,B,0.08114419540881379,,ABC,B,0.4581379931131335,consistent,ABC,B,0.5372511613209852,,ABC,B,0.5182459913941103,consistent,Other,Other,0.04651184019482684,db_only
GACAGAGGTTTGGGCC-1,ASC,B,ASC,B,0.00619698111720181,,ASC,B,0.4195298901591089,consistent,ASC,B,0.4614828791750198,,ASC,B,0.3845690659791831,consistent,Other,Other,0.019805753389974902,db_only
AAGGCAGCAACGCACC-1,CD14,Mono,CD14,Mono,0.05549390075302477,,CD14,Mono,0.46376186270813485,consistent,CD14,Mono,0.5514229771932968,,CD14,Mono,0.5099950850493414,consistent,Other,Other,0.21706959263738113,db_only
ACAGCCGCAGCCTATA-1,Naive BC,B,Naive,B,0.02002860301373831,,Naive,B,0.43696901370962826,consistent,Naive,B,0.6117566191934796,,Naive,B,0.5352870417942946,consistent,Other,Other,0.06299497649051038,db_only
CACACAAGTTCACCTC-1,Memory BC,B,ABC,B,0.10644773634694829,,ABC,B,0.19164019890518358,low_confidence,ABC,B,0.24913225857673868,,T-mito,T,0.22014829751911796,unknown,Immature B cell,B,0.07773286642361478,db_only
TTCTACATCCTAAGTG-2,ASC,B,ASC,B,0.008166748900350835,,ASC,B,0.583899922116461,unknown,ASC,B,0.7136554603645635,,ASC,B,0.5947128836371363,unknown,Other,Other,0.020496077420640083,db_only
GGATTACTCTCCAACC-3,ASC,B,ASC,B,0.004487476213293449,,ASC,B,0.34486429928439355,consistent,ASC,B,0.47418841151604113,,ASC,B,0.3951570095967009,consistent,Other,Other,0.017738184108613574,db_only
GGAACTTAGGGATACC-1,NK1,NK,CD4+CD8+,T,0.029791198402571443,,CD4+CD8+,T,0.23817442165325184,unknown,CD4+CD8+,T,0.4256875922819245,,CD4+CD8+,T,0.23817442165325184,unknown,Other,Other,0.02986310661062253,db_only
AACTCTTTCTAGCACA-1,CD14,Mono,Intermed,Other,0.07845910847306352,,CD16,Mono,0.4069931590469549,unknown,T-mito,T,0.3389926430668731,,T-mito,T,0.4119218035697221,unknown,Other,Other,0.05666014058213744,db_only
AAGCCGCCATCGTCGG-1,Naive BC,B,Memory,B,0.08915691276938195,,Memory,B,0.3554449122139701,consistent,Memory,B,0.5687118595423521,,Memory,B,0.5431382956529714,consistent,Other,Other,0.06293518958808038,db_only
CATTCGCGTCCCTTGT-1,CD4+CD8,T,CD4+CD8+,T,0.014526063101885797,,CD4+CD8+,T,0.3940684365750262,consistent,CD4+CD8+,T,0.4503639275143157,,CD4+CD8+,T,0.3940684365750262,consistent,Other,Other,0.02792788933113605,db_only
ACTGCTCAGGATGGAA-1,CD16,Mono,CD16,Mono,0.03551422378502452,,CD16,Mono,0.2935084318205189,unknown,cDC2,DC,0.4448064931494903,,CD16,Mono,0.6346319574853716,unknown,Other,Other,0.06597834409477223,db_only
CCACCTACAATACGCT-3,ASC,B,ASC,B,0.005512503311393428,,ASC,B,0.3833876324244043,consistent,ASC,B,0.468584884074272,,ASC,B,0.39048740339522664,consistent,Other,Other,0.017851439567173943,db_only
CAGCTAATCGGAGGTA-1,RBC,Other,CD4 Tcm,T,0.032473791567235955,,cDC2,DC,0.03941351376353229,unknown,CD4 Tcm,T,0.1939306077503592,,CD4 Tcm,T,0.0969653038751796,unknown,Other,Other,0.572450823924787,db_only
ACATCAGAGAGTGACC-1,CD8 Naive,T,T-mito,T,0.009591279318045253,,T-mito,T,0.05904365218992116,low_confidence,cDC1,DC,0.19369754486799204,,CD4 Tem,T,0.1991945662136469,low_confidence,Other,Other,0.028152802419159552,db_only
ACGCCGAGTGACAAAT-1,NK2,NK,NK2,NK,0.1058575419844771,,NK2,NK,0.34598447314413394,unknown,NK2,NK,0.48844866796818903,,NK2,NK,0.4070405566401575,unknown,Cytotoxic CD8 T cell,T,0.04766483537451122,db_only
CTACATTGTTTAGGAA-1,T-mito,T,T-mito,T,0.004402124411875234,,T-mito,T,0.40539571319946444,unknown,T-mito,T,0.45043968133273826,,T-mito,T,0.42228720124944213,unknown,Other,Other,0.05072275325181149,db_only
CGGGTCAAGGGCTTGA-2,pDC,DC,pDC,DC,0.010404968076875958,,pDC,DC,0.3569494949551421,unknown,pDC,DC,0.5185421590295974,,pDC,DC,0.4478318646164705,unknown,Cytotoxic CD8 T cell,T,0.1051375720592379,db_only
ACGCCGAGTAGCGTCC-3,ASC,B,ASC,B,0.0015839312063586,,ASC,B,0.37400061828890346,unknown,ASC,B,0.48400080013858093,,ASC,B,0.4033340001154841,unknown,Other,Other,0.01861750275491465,db_only
ATCTGCCCAAGCGTAG-1,CD4 Tcm,T,T-mito,T,0.003545008669276548,,T-mito,T,0.2461329065922092,low_confidence,T-mito,T,0.3786660101418603,,T-mito,T,0.3313327588741278,consistent,Effector memory CD8 T cell,T,0.0911664566552919,db_only
CAGCATAAGACTGGGT-1,CD16,Mono,Intermed,Other,0.04746006384525812,,Intermed,Other,0.28482647034447783,unknown,Intermed,Other,0.4197442720865989,,cDC2,DC,0.24563891828005616,unknown,Other,Other,0.050162166467238714,db_only
ATAAGAGAGGGTTTCT-1,Memory BC,B,ABC,B,0.07366537682603598,,ABC,B,0.594664286046643,consistent,ABC,B,0.6538231826918476,,ABC,B,0.6123085672003609,consistent,Immature B cell,B,0.0738442784893898,db_only
AACTTTCAGCGTGTCC-1,CD4-CD8,T,CD4-CD8-,T,0.11413861011537328,,CD4-CD8-,T,0.24751325427788165,low_confidence,CD8 Naive,T,0.44871986425847,,CD8 Naive,T,0.224359932129235,low_confidence,Activated CD8+ T cell,T,0.031827606438283286,db_only
ACTTGTTTCTTGAGGT-1,CD4-CD8,T,CD4+CD8+,T,0.02629833729948403,,CD4+CD8+,T,0.3123381419062276,consistent,CD4+CD8+,T,0.35695787646426014,,CD4+CD8+,T,0.3123381419062276,consistent,Other,Other,0.030161015640889504,db_only
AACTCCCGTGGTAACG-1,CD14,Mono,Intermed,Other,0.03349880628646438,,Intermed,Other,0.2279032367594961,unknown,cDC2,DC,0.4467639268851076,,cDC2,DC,0.2466969153070906,unknown,Other,Other,0.17886698285013403,db_only
AATCGGTCACATAACC-1,CD14,Mono,cDC2,DC,0.0514048094123778,,cDC2,DC,0.32234892700231427,unknown,cDC2,DC,0.5083573113616966,,cDC2,DC,0.27728580619728904,unknown,Other,Other,0.1708150788313325,db_only
AGCTCCTCACAGCGTC-1,CD4+CD8,T,CD4+CD8+,T,0.02101748216286279,,CD4+CD8+,T,0.34886928743481904,unknown,CD4+CD8+,T,0.46515904991309204,,CD4+CD8+,T,0.4070141686739555,unknown,Lymphocyte,Other,0.0315253968432812,db_only
CCCAGTTCAGCTTAAC-1,CD16,Mono,Intermed,Other,0.052815766781972084,,cDC2,DC,0.3623416991527447,unknown,cDC1,DC,0.4273871148384373,,cDC2,DC,0.3049261362250974,unknown,Other,Other,0.051108858404038414,db_only
AGCTCCTCAACGATCT-1,CD4-CD8,T,CD4+CD8+,T,0.03482885736566472,,CD4+CD8+,T,0.36644942905035327,consistent,CD4+CD8+,T,0.48859923873380434,,CD4+CD8+,T,0.4275243338920788,consistent,Activated CD8+ T cell,T,0.04172789260360559,db_only
ATAAGAGGTCGCATCG-1,CD4+CD8,T,CD4+CD8+,T,0.020577038976570303,,CD4+CD8+,T,0.3240257455865947,consistent,CD4+CD8+,T,0.43203432744879294,,CD4+CD8+,T,0.3240257455865947,consistent,Activated CD8+ T cell,T,0.02788881896725298,db_only
GCGCGATCAGCTCCGA-1,RBC,Other,ASC,B,0.0691941591267002,,cDC2,DC,0.06847340231580903,unknown,T-mito,T,0.19086076654960404,,T-mito,T,0.09543038327480202,unknown,Other,Other,0.6101840563185514,db_only
ACCAGTACAGTGACAG-1,MEG,Other,T-mito,T,0.0035057597217486532,,T-mito,T,0.3091758655706441,unknown,T-mito,T,0.3864698319633051,,T-mito,T,0.3381611029678919,unknown,Lymphocyte,Other,0.04097989365539656,db_only
TGCTGCTAGGCTATCT-1,CD4 Tcm,T,T-mito,T,0.0037907969435881615,,T-mito,T,0.314380744994685,consistent,ASC,B,0.280542157102295,,T-mito,T,0.3929759312433562,consistent,Other,Other,0.02938977371888249,db_only
AACCGCGCACTGAAGG-1,CD8 CTL,T,CD4+CD8+,T,0.023967674887711825,,CD4+CD8+,T,0.27803689483008703,low_confidence,CD4+CD8+,T,0.3707158597734494,,CD4+CD8+,T,0.3243763773017682,consistent,Other,Other,0.02213763378489487,db_only
CATGGCGGTGTGACGA-1,MEG,Other,T-mito,T,0.07456581305231494,,T-mito,T,0.07565082226618543,unknown,cDC1,DC,0.22397977099373245,,CD4+CD8+,T,0.14256211299566046,unknown,Other,Other,0.2630603364865173,db_only
ATAGACCGTTCCAACA-1,NK1,NK,NK1,NK,0.04584735173322072,,NK1,NK,0.3357165371843832,unknown,NK1,NK,0.5371464594950132,,NK1,NK,0.4604112509957256,unknown,Effector memory CD8 T cell,T,0.050773806543613846,db_only
AAGACCTCATTGAGCT-1,NK3,NK,NK2,NK,0.07293327908815381,,NK3,NK,0.30522538375721064,unknown,NK2,NK,0.4764557072939651,,NK3,NK,0.34337855672686196,unknown,Cytotoxic CD8 T cell,T,0.06741057956440129,db_only
GTACTCCGTGGTACAG-1,NK1,NK,CD4+CD8+,T,0.05013272735338814,,CD4+CD8+,T,0.3572809364773315,consistent,CD4+CD8+,T,0.47637458196977533,,CD4+CD8+,T,0.3572809364773315,consistent,Cytotoxic CD8 T cell,T,0.08048640975534915,db_only
AACACGTTCATGTAGC-1,CD8 Tem,T,CD4+CD8+,T,0.009040896972129982,,CD4+CD8+,T,0.20381987058077405,low_confidence,CD4+CD8+,T,0.27175982744103205,,ASC,B,0.19156992586075972,unknown,Other,Other,0.027941715956712597,db_only
AACTCAGAGAAGGTTT-1,CD8 CTL,T,CD4+CD8+,T,0.04596138800688492,,CD4+CD8+,T,0.25776861780519084,low_confidence,CD4+CD8+,T,0.4124297884883053,,CD4+CD8+,T,0.25776861780519084,low_confidence,Cytotoxic CD8 T cell,T,0.07234409857183137,db_only
ACACCAAGTCTGGAGA-2,RBC,Other,cDC2,DC,0.0746871951166787,,cDC2,DC,0.04412517675159758,unknown,ASC,B,0.14783833652863373,,ASC,B,0.09855889101908916,unknown,Other,Other,0.5415656726628957,db_only
ACTGCTCGTTCCATGA-1,CD4 Naive,T,CD4 Naive,T,0.01681917805424145,,CD4 Naive,T,0.492517045763762,unknown,CD4 Naive,T,0.6566893943516826,,CD4 Naive,T,0.4104308714698016,unknown,Lymphocyte,Other,0.057335156532689446,db_only
ACACCAATCAGGTAAA-1,CD8 CTL,T,CD4+CD8+,T,0.021106413686363127,,CD4+CD8+,T,0.19423067045811365,unknown,CD4+CD8+,T,0.25897422727748487,,CD4 Tex,T,0.2691168522979749,unknown,Other,Other,0.023558248477866275,db_only
GTGAAGGCAGGACCCT-1,cDC,DC,cDC2,DC,0.04340013232222127,,cDC2,DC,0.32992912666535695,unknown,cDC2,DC,0.5184600561884181,,cDC2,DC,0.32992912666535695,unknown,Immature B cell,B,0.07731173734911057,db_only
AAGCCGCTCGTCTGAA-1,CD4+CD8,T,CD4+CD8+,T,0.02760311773149434,,CD4+CD8+,T,0.4184478324573241,unknown,CD4+CD8+,T,0.4782260942369418,,CD4+CD8+,T,0.4782260942369418,unknown,Lymphocyte,Other,0.030607786201839546,db_only
AGAGCTTCAGCGAACA-1,Memory BC,B,ABC,B,0.09028878823243948,,ABC,B,0.358971880267337,unknown,ABC,B,0.36137249355144996,,ABC,B,0.47051897022358036,unknown,Lymphocyte,Other,0.10932234278406446,db_only
TTCTTAGGTGACTCAT-1,RBC,Other,cDC1,DC,0.09301390067519824,,CD8 Naive,T,0.10867240418698873,unknown,cDC2,DC,0.1507295129516261,,CD8 Naive,T,0.10867240418698873,unknown,Other,Other,0.5927741344928439,db_only
TGGGAAGGTACCGTAT-1,CD4 Tcm,T,T-mito,T,0.003966047531655986,,T-mito,T,0.29693365639361785,unknown,T-mito,T,0.39591154185815713,,T-mito,T,0.34642259912588746,unknown,Lymphocyte,Other,0.049314490406096215,db_only
AAGACCTAGACCGGAT-4,ASC,B,ASC,B,0.008383358194568747,,ASC,B,0.34123002816967124,consistent,ASC,B,0.46919128873329796,,ASC,B,0.3909927406110816,consistent,Immature B cell,B,0.038523742424633245,db_only
ACAGCCGAGCGTGAAC-1,CD8 CTL,T,CD4+CD8+,T,0.017965139736803633,,CD4+CD8+,T,0.2669940058353927,low_confidence,CD4+CD8+,T,0.35599200778052353,,CD4+CD8+,T,0.3114930068079581,consistent,Other,Other,0.022478220019969665,db_only
TCTCATAAGTCGATAA-1,NK1,NK,NK1,NK,0.057164332703190754,,NK1,NK,0.3080718454628988,unknown,NK1,NK,0.492914952740638,,NK1,NK,0.4224985309205469,unknown,Effector memory CD8 T cell,T,0.05793750679358947,db_only
AGCGTATGTCCGTTAA-3,ASC,B,ASC,B,0.002359674694084196,,ASC,B,0.3694249726001701,unknown,ASC,B,0.4780793763061025,,ASC,B,0.39839948025508537,unknown,Other,Other,0.022768459086143056,db_only
AAGCCGCAGTTCGCGC-1,CD8 CTL,T,CD4+CD8+,T,0.04677305451164057,,CD4+CD8+,T,0.3093454957645646,consistent,CD4+CD8+,T,0.3093454957645646,,CD4+CD8+,T,0.27067730879399404,low_confidence,Activated CD8+ T cell,T,0.0309760941149372,db_only
ATGCGATGTCATCCCT-1,Naive BC,B,Naive,B,0.018193409484453662,,Naive,B,0.42403901983994363,unknown,Naive,B,0.5653853597865915,,Naive,B,0.5300487747999296,unknown,Lymphocyte,Other,0.10314380224125863,db_only
GCTGCAGCATGAAGTA-1,RBC,Other,CD4 Tcm,T,0.010997788421371463,,CD4 Tcm,T,0.09014180215581837,unknown,CD4 Tcm,T,0.18028360431163673,,CD4 Tcm,T,0.09014180215581837,unknown,Other,Other,0.541723929426241,db_only
AACTTTCGTCAATGTC-1,MEG,Other,cDC1,DC,0.023704832240981997,,CD4+CD8+,T,0.12978086145975887,unknown,Platelet,Other,0.4134440989557913,,Platelet,Other,0.3307552791646331,consistent,Other,Other,0.2698568855051995,db_only
AAATGCCGTCGTCTTC-1,NK2,NK,NK3,NK,0.06726944272400923,,NK3,NK,0.27446559534941417,unknown,NK3,NK,0.4116983930241213,,NK3,NK,0.30877379476809097,unknown,Cytotoxic CD8 T cell,T,0.07015798430233233,db_only
AAGGTTCTCTGAAAGA-1,CD8 CTL,T,CD4+CD8+,T,0.022068016636208363,,CD4+CD8+,T,0.2512950401193252,low_confidence,CD4+CD8+,T,0.33506005349243356,,CD4+CD8+,T,0.2512950401193252,low_confidence,Other,Other,0.030547660419617855,db_only
AATCCAGGTTCTGAAC-1,NK2,NK,NK2,NK,0.04261340843546942,,NK2,NK,0.37599187904603937,unknown,NK2,NK,0.5013225053947191,,NK3,NK,0.3477790256977928,unknown,Cytotoxic CD8 T cell,T,0.04471094170057178,db_only
ACGCCGATCCGCTGTT-1,T-mito,T,T-mito,T,0.011233391825179717,,T-mito,T,0.25603896556612965,low_confidence,T-mito,T,0.36185508154502144,,T-mito,T,0.3200487069576621,consistent,Cytotoxic CD8 T cell,T,0.0376404983967202,db_only
AAAGATGGTGCACCAC-1,NK2,NK,NK3,NK,0.07357887812035867,,NK3,NK,0.312089672352176,unknown,NK3,NK,0.468134508528264,,NK3,NK,0.351100881396198,unknown,Activated CD8+ T cell,T,0.0357698634995471,db_only
ATTGGTGGTGAGTATA-1,RBC,Other,CD4 Tcm,T,0.01483747191857839,,CD4 Tcm,T,0.11611830456957385,unknown,CD4 Tcm,T,0.2322366091391477,,CD4 Tcm,T,0.11611830456957385,unknown,Other,Other,0.5228615731024304,db_only
ACGATACAGCTCCTCT-1,CD4 Naive,T,CD4 Naive,T,0.052724388747788634,,T-mito,T,0.14552531456402307,unknown,CD4 Naive,T,0.5295220803739675,,CD4 Naive,T,0.11956443978286391,unknown,Lymphocyte,Other,0.08487036034607862,db_only
AAACCTGCACTGTTAG-1,CD4+CD8,T,CD4+CD8+,T,0.021985847483668424,,CD4+CD8+,T,0.2647432390378288,low_confidence,CD4+CD8+,T,0.35299098538377177,,CD4+CD8+,T,0.3088671122108003,consistent,Cytotoxic CD8 T cell,T,0.035760673154504735,db_only
CTCTACGAGATAGGAG-1,T-mito,T,T-mito,T,0.006600306680838014,,T-mito,T,0.3855631101150815,consistent,T-mito,T,0.4536036589589194,,T-mito,T,0.42525343027398693,consistent,Activated CD8+ T cell,T,0.030659500581827457,db_only
AGAATAGAGTACGTAA-1,CD8 Naive,T,T-mito,T,0.00959130355616176,,T-mito,T,0.1517778001362823,unknown,T-mito,T,0.27595963661142237,,T-mito,T,0.22421720474678067,unknown,Lymphocyte,Other,0.09302904277720937,db_only
ACGAGCCTCTAACGGT-1,Naive BC,B,ABC,B,0.05626069792497514,,ABC,B,0.3223573497353158,unknown,ABC,B,0.45011016313412827,,ABC,B,0.38414250843458475,unknown,Lymphocyte,Other,0.0967573802416385,db_only
AACTCTTTCAGAAATG-1,MEG,Other,cDC2,DC,0.040023359007264885,,cDC2,DC,0.16556530558069268,unknown,cDC2,DC,0.33113061116138537,,cDC2,DC,0.16556530558069268,unknown,Other,Other,0.2280602625894713,db_only
AGCTCCTGTGCATCTA-2,pDC,DC,pDC,DC,0.007935298934470253,,pDC,DC,0.3951788907560452,unknown,pDC,DC,0.43110424446114015,,pDC,DC,0.4115085969856338,unknown,Cytotoxic CD8 T cell,T,0.12998971238034793,db_only
ACGAGGAAGACAATAC-1,CD8 Naive,T,CD4 Naive,T,0.052914495599659855,,CD4 Naive,T,0.39887482592312773,consistent,CD4 Naive,T,0.5318331012308369,,CD4 Naive,T,0.39887482592312773,consistent,Other,Other,0.04352286183212409,db_only
CATGGCGCACCACCAG-3,ASC,B,ASC,B,0.0008135479483388214,,ASC,B,0.2548236997618228,low_confidence,ASC,B,0.3114511885977834,,ASC,B,0.2595426571648195,low_confidence,Other,Other,0.03325473171654399,db_only
AACACGTAGCGATGAC-1,CD8 CTL,T,CD4+CD8+,T,0.025479462199723305,,CD4+CD8+,T,0.295068455504501,low_confidence,CD4+CD8+,T,0.47210952880720164,,CD4+CD8+,T,0.295068455504501,low_confidence,Activated CD8+ T cell,T,0.04782246803018023,db_only
ACGATACGTTCTCATT-1,CD4-CD8,T,CD4+CD8+,T,0.01980377960557614,,CD4+CD8+,T,0.3421753676108812,consistent,CD4+CD8+,T,0.5474805881774099,,CD4+CD8+,T,0.4790455146552336,consistent,Other,Other,0.02260639798397059,db_only
ACAGCCGAGCACGCCT-1,NK1,NK,NK1,NK,0.04118241142737995,,CD4+CD8+,T,0.44745609050850327,consistent,NK1,NK,0.5343465562420623,,NK1,NK,0.41984372276162035,unknown,Other,Other,0.031936876228700284,db_only
GCATGCGCACATGGGA-1,T-mito,T,T-mito,T,0.002522488040175962,,T-mito,T,0.3185896885169049,unknown,T-mito,T,0.45512812645272127,,T-mito,T,0.369791602742836,unknown,Lymphocyte,Other,0.03142531734972878,db_only
GCACTCTGTCTAAACC-1,RBC,Other,T-mito,T,0.04312113093267593,,T-mito,T,9.626777812817521e-05,unknown,Intermed,Other,0.20309544909201022,,CD4+CD8+,T,0.09906121291077086,unknown,Other,Other,0.5906369013643061,db_only
AACTGGTGTGAGGGAG-1,CD8 CTL,T,CD4+CD8+,T,0.018579513901923094,,CD4+CD8+,T,0.22792097787160992,low_confidence,CD4+CD8+,T,0.2604811175675542,,CD4 Tex,T,0.28671269167993985,low_confidence,Activated CD8+ T cell,T,0.02866049444985445,db_only
CTCATTAAGAAGGACA-1,cDC,DC,cDC2,DC,0.031109343301662904,,cDC2,DC,0.381850331862982,unknown,cDC2,DC,0.5600471533990402,,cDC2,DC,0.4327637094447129,unknown,Immature B cell,B,0.07221690975614496,db_only
GAAACTCTCAACCATG-1,cDC,DC,cDC2,DC,0.026019590556130432,,cDC2,DC,0.4016773487476223,unknown,cDC2,DC,0.5891267781631793,,cDC2,DC,0.4284558386641304,unknown,Immature B cell,B,0.06850854256860954,db_only
AAGTCTGAGCCCTAAT-1,CD14,Mono,Intermed,Other,0.05007068461998094,,cDC2,DC,0.2933167663317871,unknown,Intermed,Other,0.48252720250844816,,cDC1,DC,0.22967391940196852,unknown,Other,Other,0.044983765571351746,db_only
CGTTAGATCCGCGGTA-2,pDC,DC,pDC,DC,0.008536516110710482,,pDC,DC,0.3190200489531327,unknown,pDC,DC,0.4029726934144834,,pDC,DC,0.38288196078891445,unknown,Cytotoxic CD8 T cell,T,0.08304822065209153,db_only
AATCGGTCATCACCCT-1,NK2,NK,NK2,NK,0.050547970251041664,,NK2,NK,0.38673760009069624,unknown,NK2,NK,0.5156501334542617,,NK2,NK,0.42970844454521806,unknown,Cytotoxic CD8 T cell,T,0.10163723554985131,db_only
AGCAGCCAGGCAAAGA-1,Naive BC,B,Naive,B,0.03790734627419201,,ABC,B,0.2243587098509882,unknown,Naive,B,0.5128935763295589,,ABC,B,0.30024474406529306,unknown,Other,Other,0.08617750351397468,db_only
ATGAGGGAGATCCCAT-4,ASC,B,ASC,B,0.002989719789242296,,ASC,B,0.39486577385023547,consistent,ASC,B,0.48261372359473226,,ASC,B,0.4021781029956102,consistent,Other,Other,0.061250059963367666,db_only
CTACATTTCTAACCGA-1,RBC,Other,Intermed,Other,0.025024881420662445,,CD8 Naive,T,0.11361893032655696,unknown,T-mito,T,0.14410298500721816,,CD8 Naive,T,0.12446627644388568,unknown,Other,Other,0.5896835853241653,db_only
ATGGGAGGTGTTGAGG-1,CD16,Mono,CD16,Mono,0.03982335572686331,,CD16,Mono,0.43653340764514437,unknown,CD16,Mono,0.4815043634113345,,cDC2,DC,0.2183050557729463,unknown,Other,Other,0.046105977115601667,db_only
AGTGGGAGTGGAAAGA-2,pDC,DC,pDC,DC,0.019972138656043012,,pDC,DC,0.2654067873437735,unknown,pDC,DC,0.3964958903726222,,pDC,DC,0.27033810707224243,unknown,Immature B cell,B,0.054423920106772314,db_only
AAAGATGGTCTAGTCA-1,CD8 CTL,T,CD4+CD8+,T,0.049834826610937376,,CD4+CD8+,T,0.26528858555573087,low_confidence,CD4+CD8+,T,0.35371811407430787,,CD4+CD8+,T,0.30950334981501937,consistent,Cytotoxic CD8 T cell,T,0.050372071074582164,db_only
TGCTACCGTGCCTGTG-1,CD4 Tcm,T,T-mito,T,0.00732967805744342,,T-mito,T,0.22496847928860228,unknown,T-mito,T,0.32138354184086043,,T-mito,T,0.28121059911075286,unknown,Lymphocyte,Other,0.03983953137225924,db_only
CAGGTGCTCGATAGAA-1,CD4+CD8,T,CD4+CD8+,T,0.022509411964794578,,CD4+CD8+,T,0.5522575806222009,consistent,CD4+CD8+,T,0.5522575806222009,,CD4+CD8+,T,0.5522575806222009,consistent,Cytotoxic CD8 T cell,T,0.037084964532785675,db_only
AAGCCGCCAGTCCTTC-1,CD4 Tem,T,T-mito,T,0.019416777507739638,,T-mito,T,0.1140283756778947,low_confidence,CD4 Tem,T,0.21576197027642569,,CD4 Tem,T,0.261052222718855,low_confidence,Other,Other,0.02827443039462026,db_only
TGCCCTATCACCGTAA-1,T-mito,T,T-mito,T,0.0021187121331820223,,T-mito,T,0.32357977266550786,consistent,T-mito,T,0.43143969688734385,,T-mito,T,0.4044747158318849,consistent,Other,Other,0.03641465954847658,db_only
CCTTCGAGTCTAGCCG-1,CD4 Tcm,T,T-mito,T,0.004022421033319505,,T-mito,T,0.2730994515472794,unknown,T-mito,T,0.36413260206303916,,T-mito,T,0.31861602680515927,unknown,Lymphocyte,Other,0.04921139390253637,db_only
ATTTCTGGTTCCCGAG-1,CD16,Mono,CD16,Mono,0.04451893513841223,,CD16,Mono,0.35122298403619834,unknown,cDC2,DC,0.4505749673562478,,cDC2,DC,0.23425732530396803,unknown,Other,Other,0.0427265082120673,db_only
AAGACCTTCGATCCCT-1,NK3,NK,NK3,NK,0.06814860741483732,,NK3,NK,0.3332148235154988,unknown,NK3,NK,0.4998222352732482,,NK3,NK,0.4373444558640922,unknown,Activated CD8+ T cell,T,0.03625023562478297,db_only
AAACGGGGTCAGATAA-1,CD4 Naive,T,CD4+CD8+,T,0.024040911358681732,,CD4+CD8+,T,0.09116568284025053,unknown,CD4 Tem,T,0.23531308214035537,,CD4 Tem,T,0.24424121972415047,unknown,Lymphocyte,Other,0.05063764371955244,db_only
AACTCAGTCGCGGATC-1,CD8 CTL,T,CD4+CD8+,T,0.04025075204198655,,CD4+CD8+,T,0.2999356653248239,low_confidence,CD4+CD8+,T,0.39991422043309854,,CD4+CD8+,T,0.2999356653248239,low_confidence,Activated CD8+ T cell,T,0.022757764245057276,db_only
ACGAGCCAGGACGAAA-1,CD8 Tem,T,CD4+CD8+,T,0.023562264033643147,,CD4+CD8+,T,0.3021429914082281,unknown,CD4+CD8+,T,0.483428786253165,,CD4+CD8+,T,0.4230001879715194,unknown,Other,Other,0.03194450392167199,db_only
AAGACCTTCGGCCGAT-1,CD8 CTL,T,CD4+CD8+,T,0.01854398199217583,,CD4+CD8+,T,0.23483813319525887,low_confidence,CD4+CD8+,T,0.3757410131124142,,CD4+CD8+,T,0.28180575983431067,low_confidence,Activated CD8+ T cell,T,0.05730762385590813,db_only
CCGGTAGCAAGTCTGT-1,CD4+CD8,T,CD4+CD8+,T,0.018149754792964982,,CD4+CD8+,T,0.3410395527202146,consistent,CD4+CD8+,T,0.4547194036269528,,CD4+CD8+,T,0.3410395527202146,consistent,Activated CD8+ T cell,T,0.03408532140638605,db_only
AACACGTAGACTGTAA-1,NK3,NK,CD4+CD8+,T,0.08624286890212975,,CD4+CD8+,T,0.3390530284365382,consistent,CD4+CD8+,T,0.3846082501291855,,CD4+CD8+,T,0.3390530284365382,consistent,Activated CD8+ T cell,T,0.030200618161073802,db_only
AACTCCCGTCTAGAGG-1,CD8 Tem,T,CD4 Tex,T,0.07939119379772976,,CD4 Tex,T,0.26640842873271864,low_confidence,CD4 Tex,T,0.3196901144792624,,CD4 Tex,T,0.28772110303133613,low_confidence,Effector memory CD8 T cell,T,0.11297747457152169,db_only
ACTGTCCAGGACAGCT-1,CD4 Naive,T,CD4 Naive,T,0.0814907097914725,,CD4 Naive,T,0.31873037278966465,consistent,CD4 Naive,T,0.46360781496678494,,CD4 Naive,T,0.23180390748339247,low_confidence,Other,Other,0.030652206662506586,db_only
AACCGCGCAATCCAAC-1,NK3,NK,NK2,NK,0.036699748044982494,,NK2,NK,0.3489286224913719,unknown,NK2,NK,0.4652381633218292,,NK2,NK,0.38769846943485764,unknown,Activated CD8+ T cell,T,0.048960405596012224,db_only
CCATGTCAGATCTGCT-1,CD16,Mono,Intermed,Other,0.040540646525923665,,Intermed,Other,0.34688064421525233,unknown,Intermed,Other,0.4625075256203365,,cDC2,DC,0.2875693467900901,unknown,Other,Other,0.05738757728025878,db_only
AAACGGGTCTGATTCT-1,CD14,Mono,Intermed,Other,0.04180074114835539,,Intermed,Other,0.2817925618146264,unknown,CD14,Mono,0.40979935745292634,,cDC2,DC,0.32407671509270747,unknown,Other,Other,0.0682992706677634,db_only
TAGCCGGGTCCGAATT-1,pDC,DC,pDC,DC,0.0024886297972435464,,pDC,DC,0.3776070597693123,unknown,pDC,DC,0.4531284717231748,,pDC,DC,0.4119349742937953,unknown,Cytotoxic CD8 T cell,T,0.09193600180470952,db_only
TAGTTGGCAGATGGGT-1,CD4 Tcm,T,T-mito,T,0.00508314497060347,,T-mito,T,0.2522546335438442,unknown,T-mito,T,0.36036376220549177,,T-mito,T,0.29279555679196206,unknown,Lymphocyte,Other,0.07019333967199487,db_only
GACCTGGAGTGAAGTT-1,CD4 Tcm,T,T-mito,T,0.005604004693471761,,T-mito,T,0.2876697362923721,unknown,T-mito,T,0.3835596483898294,,T-mito,T,0.35958717036546506,unknown,Lymphocyte,Other,0.04265550685211439,db_only
AGTGAGGGTATAGGGC-1,Naive BC,B,Naive,B,0.10083329177085125,,Naive,B,0.39586947334959904,consistent,Naive,B,0.5833865923046723,,Naive,B,0.4159577140147285,consistent,Other,Other,0.06373279975610356,db_only
TGCTGCTCAAGTAGTA-1,CD4 Tcm,T,T-mito,T,0.00793342979541359,,T-mito,T,0.054587526883558196,unknown,cDC1,DC,0.19883438931606529,,ASC,B,0.18165834797235614,unknown,Lymphocyte,Other,0.04639425626881125,db_only
ACGCCAGCATACCATG-1,CD8 Tem,T,CD4+CD8+,T,0.036306373542879536,,CD4+CD8+,T,0.25847000767911077,unknown,CD4+CD8+,T,0.344626676905481,,CD4+CD8+,T,0.3015483422922959,unknown,Lymphocyte,Other,0.0625593400823726,db_only
CGTTAGAGTGCGGTAA-1,CD16,Mono,CD16,Mono,0.04897997717318053,,CD16,Mono,0.05720948369498021,unknown,cDC1,DC,0.41255125627016453,,CD16,Mono,0.5847421772872445,unknown,Other,Other,0.041080169666465494,db_only
AAACCTGGTCTGCGGT-1,CD8 Naive,T,T-mito,T,0.01121101997265276,,T-mito,T,0.05581972701330573,low_confidence,ASC,B,0.17690179270721051,,ASC,B,0.12683062601050968,unknown,Other,Other,0.03551182611048838,db_only
AAAGCAATCTTAGCCC-1,CD14,Mono,CD14,Mono,0.041926455512429656,,CD14,Mono,0.25924188364529416,low_confidence,cDC1,DC,0.3748136843063932,,cDC2,DC,0.23645800157512908,unknown,Other,Other,0.14665809078985298,db_only
AAGGTTCGTCGCGAAA-1,CD16,Mono,CD16,Mono,0.0317945798973963,,CD16,Mono,0.5189750692857373,unknown,cDC2,DC,0.45056800926687657,,CD16,Mono,0.619804511318395,unknown,Other,Other,0.06206261449315157,db_only
AGACGTTTCTGTGCAA-1,CD4 Tem,T,T-mito,T,0.006855197234958728,,T-mito,T,0.22132569979214345,unknown,T-mito,T,0.3405010766032976,,T-mito,T,0.2766571247401793,unknown,Lymphocyte,Other,0.07504675275906865,db_only
ACGCCGAGTATGCTTG-1,CD4+CD8,T,CD4+CD8+,T,0.019217889084134424,,CD4+CD8+,T,0.28119460737651863,low_confidence,CD4+CD8+,T,0.3749261431686915,,CD4+CD8+,T,0.32806037527260506,consistent,Activated CD8+ T cell,T,0.053948275041205085,db_only
AGGCCGTTCGGCGCTA-1,pDC,DC,pDC,DC,0.005618642780035204,,pDC,DC,0.41289064153802896,unknown,pDC,DC,0.4718750189006045,,pDC,DC,0.4289772899096405,unknown,Cytotoxic CD8 T cell,T,0.0968663289933245,db_only
AAAGATGTCACAATGC-1,CD8 CTL,T,CD4+CD8+,T,0.061516511556898607,,CD4+CD8+,T,0.27047519423333516,low_confidence,CD4+CD8+,T,0.43276031077333627,,CD4+CD8+,T,0.3786652719266692,consistent,Effector memory CD8 T cell,T,0.06447763588818636,db_only
ACGCCGATCGCCAAAT-1,CD8 Naive,T,CD4+CD8+,T,0.0168365648009096,,CD4+CD8+,T,0.06256004580726272,unknown,CD4 Naive,T,0.21365328361555427,,CD4 TCM,T,0.11550300829766134,unknown,Lymphocyte,Other,0.06424953768203037,db_only
AGGTCATTCTCTGCTG-1,Memory BC,B,Memory,B,0.08610004560036465,,Memory,B,0.4579937755762702,unknown,Memory,B,0.5583844405251602,,Memory,B,0.5592199358901698,unknown,Lymphocyte,Other,0.07521722129360758,db_only
GAACCTATCGAGGTAG-1,CD4 Tcm,T,T-mito,T,0.009159466558882877,,T-mito,T,0.15202807990749567,unknown,ASC,B,0.24434822710076443,,ASC,B,0.2164256331580804,unknown,Lymphocyte,Other,0.052605801139315046,db_only
AATCCAGGTCAAGCGA-1,Memory BC,B,CD4+CD8+,T,0.01270589667440425,,CD4+CD8+,T,0.17274046373498902,unknown,ASC,B,0.288869315855203,,ASC,B,0.2971280598197843,unknown,Lymphocyte,Other,0.029969572740140296,db_only
AACACGTTCATCGATG-1,NK3,NK,CD4+CD8+,T,0.013876606011972959,,CD4+CD8+,T,0.24968372633376548,low_confidence,CD4+CD8+,T,0.39407770567725714,,CD4+CD8+,T,0.3495572168672717,consistent,Activated CD8+ T cell,T,0.05579098231718996,db_only
AGCGTCGGTGAAGGCT-1,Naive BC,B,Naive,B,0.009328413855926983,,Naive,B,0.26577247523319125,unknown,Naive,B,0.39166470034365025,,Naive,B,0.342706612800694,unknown,Lymphocyte,Other,0.07985234696650054,db_only
CATCAAGAGTTTCCTT-2,ASC,B,ASC,B,0.004757123986015898,,ASC,B,0.3603372425572291,consistent,ASC,B,0.49546370851619,,ASC,B,0.4128864237634916,consistent,Other,Other,0.017905095978577066,db_only
ACTTGTTAGAGCCCAA-1,NK2,NK,NK2,NK,0.07583823790635594,,NK2,NK,0.47658959394882183,unknown,NK2,NK,0.6020079081458801,,CD4+CD8+,T,0.32151263418196097,consistent,Cytotoxic CD8 T cell,T,0.08356858171429966,db_only
CCTAGCTTCGTTGCCT-1,RBC,Other,CD8 Tem,T,0.03920721409102982,,CD8 Tem,T,0.13321213662714235,unknown,CD8 Tem,T,0.2664242732542847,,CD8 Tem,T,0.13321213662714235,unknown,Other,Other,0.5275130373921337,db_only
ACTGCTCAGAACAACT-1,NK2,NK,NK3,NK,0.027179758166614207,,NK3,NK,0.31462495866925694,unknown,NK3,NK,0.6292499173385139,,NK3,NK,0.5505936776711996,unknown,Cytotoxic CD8 T cell,T,0.07540823683589483,db_only
ACTGTCCGTCTTCAAG-1,CD4 Tem,T,CD4+CD8+,T,0.009019014671466707,,CD4+CD8+,T,0.07369314554388967,low_confidence,CD4 Tem,T,0.22868000017546075,,CD4 Tem,T,0.2456031161367592,low_confidence,Other,Other,0.02581939252981601,db_only
AGAGTGGTCGAGAGCA-1,Naive BC,B,Naive,B,0.03785337985773302,,Naive,B,0.4159956191817088,unknown,Naive,B,0.6471042965048804,,Naive,B,0.5257722409102153,unknown,Lymphocyte,Other,0.08095815696148326,db_only
CCATGTCTCTGTGCAA-1,NK1,NK,NK1,NK,0.05400832035284122,,NK1,NK,0.28427713260952636,unknown,NK1,NK,0.4548434121752422,,NK1,NK,0.38986578186449333,unknown,Effector memory CD8 T cell,T,0.03138484842547316,db_only
CGTAGGCGTTACCGAT-1,cDC,DC,cDC2,DC,0.0366455785306846,,cDC2,DC,0.31449396317279393,unknown,cDC2,DC,0.5322205530616513,,cDC2,DC,0.3253550620953761,unknown,Immature B cell,B,0.04396665341834991,db_only
AGATTGCTCCTAGAAC-1,Memory BC,B,ABC,B,0.07594157906906085,,ABC,B,0.35113846034046764,unknown,ABC,B,0.3239352510626137,,ABC,B,0.45647999844260795,unknown,Lymphocyte,Other,0.054332294551206424,db_only
GCTTGAAAGGCTAGGT-1,cDC,DC,cDC2,DC,0.03201550734595786,,cDC2,DC,0.3972098429898491,unknown,cDC2,DC,0.5461635341110426,,cDC2,DC,0.3972098429898491,unknown,Immature B cell,B,0.08255858338677974,db_only
GTCACGGAGCAGATCG-1,T-mito,T,CD4+CD8+,T,0.03700856191815511,,CD4+CD8+,T,0.25141182313547084,low_confidence,NK3,NK,0.2927033779858069,,NK3,NK,0.26528057734347343,unknown,Cytotoxic CD8 T cell,T,0.03973133543603048,db_only
CCTAGCTTCGGGAGTA-1,cDC,DC,cDC2,DC,0.01792684126683213,,cDC2,DC,0.3221522972023878,unknown,cDC2,DC,0.5062393241751808,,cDC2,DC,0.3221522972023878,unknown,Immature B cell,B,0.07236553674030877,db_only
AGTGTCACACCAGCAC-1,CD16,Mono,CD16,Mono,0.02928465271514376,,CD16,Mono,0.509527346774192,unknown,cDC2,DC,0.42600426802630353,,CD16,Mono,0.586397934585084,unknown,Other,Other,0.0354753989383058,db_only
AAGACCTGTGCCTGTG-1,NK2,NK,NK2,NK,0.07537854204209954,,NK2,NK,0.45750010007818387,unknown,NK2,NK,0.5228572572322101,,NK3,NK,0.24315450347580003,unknown,Cytotoxic CD8 T cell,T,0.05654529782463126,db_only
AAGGCAGTCTCCAACC-1,CD8 Tem,T,CD4 Treg,T,0.04013410773900285,,CD4+CD8+,T,0.13526414906434547,unknown,CD4 Treg,T,0.5281818042612216,,CD4 Treg,T,0.2577671626467663,unknown,Lymphocyte,Other,0.046534751886480256,db_only
AAATGCCAGTACGCCC-1,CD4 Naive,T,T-mito,T,0.0065788718625903585,,T-mito,T,0.15116250858855865,unknown,T-mito,T,0.23255770552085944,,T-mito,T,0.1744182791406446,unknown,Lymphocyte,Other,0.03736194277292258,db_only
ACAGCTAGTTCCCTTG-1,CD8 Naive,T,T-mito,T,0.01557827775621867,,T-mito,T,0.17392748625852245,low_confidence,T-mito,T,0.2675807480900345,,T-mito,T,0.20068556106752589,low_confidence,Other,Other,0.026463533956818813,db_only
AAGGCAGCACATCCGG-1,NK3,NK,NK2,NK,0.11167876212952722,,NK2,NK,0.3105511629948708,unknown,CD8 CTL,T,0.4542201632293286,,CD8 CTL,T,0.3406651224219965,consistent,Cytotoxic CD8 T cell,T,0.0837016239878216,db_only
ATGAGGGAGATGTGGC-2,T-mito,T,T-mito,T,0.00203226364210542,,T-mito,T,0.40682183722062437,consistent,T-mito,T,0.45202426357847153,,T-mito,T,0.42377274710481705,consistent,Other,Other,0.03147893942748679,db_only
AACCATGTCTCGGACG-1,CD4-CD8,T,CD4+CD8+,T,0.040775816674714964,,CD4+CD8+,T,0.2570277081755669,low_confidence,CD4+CD8+,T,0.3427036109007559,,CD4+CD8+,T,0.21418975681297245,low_confidence,Effector memory CD8 T cell,T,0.06686688443495256,db_only
CAAGATCTCTCTTGAT-1,MEG,Other,NK2,NK,0.061754964067760175,,NK2,NK,0.27177735377715384,unknown,CD4+CD8+,T,0.40865656174518605,,CD4+CD8+,T,0.20432828087259303,low_confidence,Cytotoxic CD8 T cell,T,0.04542038206313801,db_only
GTCGTAATCCTGCAGG-2,pDC,DC,pDC,DC,0.0014262338771455297,,pDC,DC,0.16021811226971425,unknown,pDC,DC,0.25709177743512324,,pDC,DC,0.1752898482512204,unknown,Other,Other,0.025547436050855885,db_only
CATGCCTAGTAACCCT-1,MEG,Other,CD4 Naive,T,0.04056058767862878,,CD4 Naive,T,0.4032157953235026,consistent,CD4 Naive,T,0.5376210604313368,,CD4 Naive,T,0.4704184278774197,consistent,Other,Other,0.029064954929207326,db_only
ACGAGCCCAGTTCATG-1,NK2,NK,NK2,NK,0.08710790960131988,,NK2,NK,0.4186849774483016,unknown,NK2,NK,0.5582466365977354,,NK2,NK,0.45062795163307695,unknown,Cytotoxic CD8 T cell,T,0.061141373032826796,db_only
AACTTTCTCCACGTTC-1,CD8 Naive,T,T-mito,T,0.00807132636530391,,T-mito,T,0.1699926143868634,low_confidence,T-mito,T,0.2615270990567129,,T-mito,T,0.22883621167462379,low_confidence,Other,Other,0.040640719142145024,db_only
CAGCATAAGACTAGAT-1,CD16,Mono,Intermed,Other,0.04513452832288992,,CD16,Mono,0.5287479763158929,unknown,cDC1,DC,0.4110451440378975,,cDC2,DC,0.28531265728731253,unknown,Other,Other,0.05562224763776767,db_only
TGGCCAGTCCAGAAGG-1,RBC,Other,Naive,B,0.02225283361933218,,Naive,B,0.015366431319728506,unknown,CD4 Tcm,T,0.1878289265412575,,CD4 Tcm,T,0.09391446327062875,unknown,Other,Other,0.6635812770490408,db_only
ACCGTAACAGACAAGC-1,MEG,Other,CD4+CD8+,T,0.03564705987885585,,CD4+CD8+,T,0.41336185528008823,consistent,CD4+CD8+,T,0.4724135488915294,,CD4+CD8+,T,0.35431016166864704,consistent,Cytotoxic CD8 T cell,T,0.06516766598138345,db_only
ACGCCGAAGCCCGAAA-2,pDC,DC,pDC,DC,0.004811036520271124,,pDC,DC,0.4784463442222823,unknown,pDC,DC,0.49924835918846855,,pDC,DC,0.45386214471678965,unknown,Cytotoxic CD8 T cell,T,0.06856179261641367,db_only
ACCGTAAGTTTGACTG-1,CD4 Tem,T,T-mito,T,0.007425080409113258,,T-mito,T,0.20695682360855222,low_confidence,T-mito,T,0.34492803934758703,,T-mito,T,0.28025403196991444,low_confidence,Other,Other,0.024776880727296252,db_only
GGCTCGAAGAATTGTG-1,ASC,B,ASC,B,0.005925515593047543,,ASC,B,0.40947821656253414,consistent,ASC,B,0.47413267180925006,,ASC,B,0.3951105598410417,consistent,Other,Other,0.01948905749729165,db_only
CATGCCTGTCTCTCGT-1,T-mito,T,CD4+CD8+,T,0.019682739643450235,,CD4+CD8+,T,0.20238489977343246,low_confidence,CD4+CD8+,T,0.2698465330312433,,CD4+CD8+,T,0.20238489977343246,low_confidence,Activated CD8+ T cell,T,0.0329198156507123,db_only
ATGCGATAGCGACGTA-1,Memory BC,B,Memory,B,0.08809598386081428,,Memory,B,0.10941991939811241,unknown,cDC1,DC,0.2855788064068045,,T-mito,T,0.21738647441052467,unknown,Lymphocyte,Other,0.06903068095072212,db_only
CAGCCGACACCTTGTC-1,CD16,Mono,CD16,Mono,0.03773892888311442,,CD16,Mono,0.4634453270914223,unknown,CD16,Mono,0.4217633725539801,,cDC2,DC,0.2508283238292561,unknown,Other,Other,0.08332104823262364,db_only
CCTTCGACACGTTGGC-1,cDC,DC,cDC2,DC,0.04522289446703029,,cDC2,DC,0.28981300500085144,unknown,cDC2,DC,0.5073345466382703,,cDC2,DC,0.2752683781282096,unknown,Other,Other,0.057171606962989834,db_only
AGTGTCAAGGAGTCTG-2,pDC,DC,pDC,DC,0.007438734436272215,,pDC,DC,0.40290763761934095,unknown,pDC,DC,0.6005905013704183,,pDC,DC,0.5459913648821985,unknown,Cytotoxic CD8 T cell,T,0.08922172866052928,db_only
ACTGATGCAGCCTATA-1,Memory BC,B,CD4+CD8+,T,0.025744579951991007,,CD4+CD8+,T,0.2924291251812444,unknown,CD4+CD8+,T,0.5058936208625822,,CD4+CD8+,T,0.4426569182547594,unknown,Immature B cell,B,0.04047567642274181,db_only
AGCAGCCGTCCCTACT-1,Memory BC,B,cDC1,DC,0.060684656414325445,,cDC1,DC,0.2425377070683788,unknown,cDC1,DC,0.3178080299516688,,ASC,B,0.2899583287546578,low_confidence,Immature B cell,B,0.09249071658855547,db_only
CTTCTCTTCGGAGCAA-1,CD4 Tcm,T,CD4+CD8+,T,0.020017474714683264,,CD4+CD8+,T,0.11232327074185634,unknown,ASC,B,0.21223681347735968,,CD4 Naive,T,0.23067589930596022,unknown,Lymphocyte,Other,0.07456884724050256,db_only
CCTTCCCTCGCCGTGA-1,cDC,DC,cDC2,DC,0.035800535802321114,,cDC2,DC,0.3239606735948815,unknown,cDC2,DC,0.5090810585062424,,cDC2,DC,0.3239606735948815,unknown,Other,Other,0.05343322118861857,db_only
AATCCAGCATTCCTCG-2,pDC,DC,pDC,DC,0.0031896603614394066,,pDC,DC,0.40567098683504715,unknown,pDC,DC,0.5715768700813274,,pDC,DC,0.5196153364375704,unknown,Cytotoxic CD8 T cell,T,0.06110624584941265,db_only
AGAGCGATCCTTCAAT-1,MEG,Other,T-mito,T,0.012797832156025452,,T-mito,T,0.13915688823437153,unknown,T-mito,T,0.21408752036057158,,CD4 Tem,T,0.2051571285283847,unknown,Lymphocyte,Other,0.03431049651169913,db_only
AAGACCTCAAGGTTCT-1,CD8 Tem,T,CD4+CD8+,T,0.0143141988719692,,CD4+CD8+,T,0.16381272544928463,low_confidence,CD4+CD8+,T,0.2621003607188554,,ASC,B,0.21882865754831488,unknown,Other,Other,0.026537706161754413,db_only
ATCATGGGTGAAATCA-1,Naive BC,B,Naive,B,0.0011702542730208719,,Naive,B,0.16836969976507482,low_confidence,B naive,B,0.3355408621347317,,B naive,B,0.2516556466010488,low_confidence,Immature B cell,B,0.0742542841598032,db_only
TTTGTCATCTAACTCT-1,CD4 Tcm,T,CD4+CD8+,T,0.006183753290012506,,CD4+CD8+,T,0.11088767753064438,low_confidence,cDC1,DC,0.22777334525258727,,ASC,B,0.2057556966508711,unknown,Effector memory CD8 T cell,T,0.03868166186475204,db_only
AAAGTAGTCGTCACGG-1,CD8 Naive,T,T-mito,T,0.016010542521408638,,T-mito,T,0.1980813172827141,low_confidence,CD8 Naive,T,0.45324218244302283,,T-mito,T,0.24760164660339262,low_confidence,Other,Other,0.03334300235305625,db_only
CAAGTTGGTTGGAGGT-1,Naive BC,B,Naive,B,0.12229554548392825,,Naive,B,0.3345029684846308,consistent,Naive,B,0.5203379509760924,,Naive,B,0.4826971086945614,consistent,Immature B cell,B,0.06342015682956889,db_only
ACGGAGAAGCGATATA-1,CD8 Naive,T,CD4+CD8+,T,0.01564777876821456,,CD4+CD8+,T,0.12131417980260893,unknown,cDC1,DC,0.20864033163662218,,CD4 Tem,T,0.22612850041861304,unknown,Lymphocyte,Other,0.0340962367440412,db_only
CATCAGAAGTGCCAGA-1,MEG,Other,NK2,NK,0.03857785344835644,,NK2,NK,0.3414628476798688,unknown,NK2,NK,0.4552837969064917,,NK2,NK,0.37940316408874303,unknown,Cytotoxic CD8 T cell,T,0.04157996957307556,db_only
TACCTTAGTCCAGTTA-1,T-mito,T,CD4 Tem,T,0.021776311799567384,,CD4 Tem,T,0.3028474826405472,unknown,CD4 Tem,T,0.47109608410751797,,CD4 Tem,T,0.4239864756967662,unknown,Lymphocyte,Other,0.05339157773775325,db_only
AAACGGGAGCCCAATT-1,NK3,NK,NK3,NK,0.08645173159716928,,NK3,NK,0.321863213715674,unknown,CD4+CD8+,T,0.39132147027046105,,NK3,NK,0.36209611543013326,unknown,Cytotoxic CD8 T cell,T,0.027195655122588643,db_only
CCACGGATCCCTAACC-1,T-mito,T,CD4+CD8+,T,0.04450062253155389,,CD4+CD8+,T,0.23565521438925358,low_confidence,CD4+CD8+,T,0.31420695251900477,,CD4+CD8+,T,0.23565521438925358,low_confidence,Cytotoxic CD8 T cell,T,0.07728381506330277,db_only
AATCGGTAGAAGCCCA-1,Memory BC,B,Memory,B,0.07499258974270132,,Memory,B,0.13294049768568925,low_confidence,T-mito,T,0.26682059666522057,,Memory,B,0.2127047962971028,low_confidence,Immature B cell,B,0.0673554965053082,db_only
ACGTCAAAGTGGGTTG-1,CD4 Tem,T,T-mito,T,0.016477402619327668,,T-mito,T,0.20364137793463277,low_confidence,T-mito,T,0.3132944275917427,,T-mito,T,0.27413262414277484,low_confidence,Other,Other,0.02911668734701766,db_only
AAGACCTCAAGTCTAC-1,CD8 Tem,T,CD4+CD8+,T,0.004453085927813616,,CD4+CD8+,T,0.11936431927132167,low_confidence,ASC,B,0.2200487973057147,,ASC,B,0.152057346348155,unknown,Other,Other,0.039790983295819926,db_only
CACCTTGGTCTCGTTC-1,Naive BC,B,Naive,B,0.06837036565926911,,Naive,B,0.4246546462294991,unknown,Naive,B,0.5587436488335121,,Naive,B,0.4954304206010823,unknown,Lymphocyte,Other,0.05183946511219849,db_only
TGCTGCTAGCTGTTCA-1,CD4 Tcm,T,T-mito,T,0.006543118950937461,,T-mito,T,0.22862570572047367,unknown,T-mito,T,0.3266081510292481,,T-mito,T,0.2653691227112641,unknown,Lymphocyte,Other,0.046203883845992104,db_only
ACCTTTACAGTAAGAT-1,CD4-CD8,T,CD4+CD8+,T,0.00872354635738895,,CD4+CD8+,T,0.2103996275598157,unknown,cDC1,DC,0.26202097383282585,,ASC,B,0.22610169872678598,unknown,Lymphocyte,Other,0.06223876897945683,db_only
AACCATGCAATGAATG-1,NK3,NK,CD4+CD8+,T,0.03591241973582198,,CD4+CD8+,T,0.20934103799024764,low_confidence,CD4+CD8+,T,0.4186820759804953,,CD4+CD8+,T,0.3140115569853715,consistent,Activated CD8+ T cell,T,0.04445427250154947,db_only
CCACCTAAGTACGACG-1,MEG,Other,CD4+CD8+,T,0.03186713838821452,,CD4+CD8+,T,0.32575616630717874,consistent,CD4+CD8+,T,0.4343415550762383,,CD4+CD8+,T,0.32575616630717874,consistent,Activated CD8+ T cell,T,0.03523835302131227,db_only
ACGGCCAGTCGTGGCT-1,CD4-CD8,T,CD4+CD8+,T,0.03314832926515871,,CD4+CD8+,T,0.23740842386987082,low_confidence,CD4+CD8+,T,0.3798534781917933,,CD4+CD8+,T,0.33237179341781914,consistent,Cytotoxic CD8 T cell,T,0.03345439070215152,db_only
CAACTAGGTACCGCTG-1,Memory BC,B,ASC,B,0.05138399925551452,,ASC,B,0.15732330552590795,unknown,ASC,B,0.28806376887988283,,ASC,B,0.24035505010902605,unknown,Lymphocyte,Other,0.0753705509658652,db_only
AATCCAGAGAACTCGG-1,CD16,Mono,CD16,Mono,0.03921541683111159,,CD16,Mono,0.43714422704503453,unknown,CD16,Mono,0.5110907285396099,,cDC2,DC,0.22607380137587632,unknown,Other,Other,0.08531597657149578,db_only
ACGCCGAGTGTGGTTT-1,CD8 Tem,T,CD4+CD8+,T,0.00673271817500633,,CD4+CD8+,T,0.268265621807914,low_confidence,CD4+CD8+,T,0.30658928206618746,,CD4+CD8+,T,0.268265621807914,low_confidence,Other,Other,0.017660264643115722,db_only
AGCGTATTCATGCAAC-1,CD4 Tcm,T,T-mito,T,0.0025322361785520458,,T-mito,T,0.2669295373256347,unknown,T-mito,T,0.38132791046519243,,T-mito,T,0.3336619216570434,unknown,Lymphocyte,Other,0.1072235581948822,db_only
ACTGAACGTGCCTGGT-1,T-mito,T,T-mito,T,0.003787581692199547,,T-mito,T,0.16102021068869168,unknown,T-mito,T,0.26836701781448613,,T-mito,T,0.2012752633608646,unknown,Other,Other,0.02945215838878935,db_only
ACACCAAAGAGTCTGG-1,CD8 CTL,T,CD4+CD8+,T,0.018669228757756482,,CD4+CD8+,T,0.2542789559181585,unknown,CD4+CD8+,T,0.40684632946905364,,CD4+CD8+,T,0.3051347471017902,unknown,Other,Other,0.026466173015131093,db_only
CACCTTGAGTTACGGG-1,MEG,Other,NK3,NK,0.057040281800311315,,NK3,NK,0.21889464002088524,unknown,NK3,NK,0.4377892800417705,,NK3,NK,0.27361830002610654,unknown,Cytotoxic CD8 T cell,T,0.06935423097700058,db_only
AAACCTGTCCATGCTC-1,Naive BC,B,Naive,B,0.08888861344289059,,Naive,B,0.3507255516167392,unknown,Naive,B,0.5410936040039077,,Naive,B,0.44716114869924767,unknown,Lymphocyte,Other,0.06282227053665725,db_only
ACACTGAGTGATGCCC-1,CD4 Naive,T,CD4 Naive,T,0.02840705590117757,,CD4 Naive,T,0.3836151845519781,unknown,CD4 Naive,T,0.5114869127359708,,CD4 Naive,T,0.44755104864397444,unknown,Lymphocyte,Other,0.03758805290855932,db_only
AAACGGGGTTCCACTC-1,RBC,Other,cDC1,DC,0.13818313283028655,,cDC1,DC,0.07434420203408834,unknown,CD4 Naive,T,0.1543414535392928,,CD4 Naive,T,0.0771707267696464,unknown,Other,Other,0.5505885404230659,db_only
AACTCTTTCTTAACCT-1,Memory BC,B,Memory,B,0.0975230659444039,,Memory,B,0.38739344774718437,unknown,Memory,B,0.5275094603464444,,Memory,B,0.6396443732683272,unknown,Lymphocyte,Other,0.04349580933637427,db_only
ACTTTCACAGTTCCCT-1,CD4-CD8,T,T-mito,T,0.005547282059984347,,T-mito,T,0.2623441865943341,unknown,T-mito,T,0.3747774094204773,,T-mito,T,0.3513538213316975,unknown,Lymphocyte,Other,0.0671678428342581,db_only
ATGAGGGGTAAATACG-1,CD4+CD8,T,CD4+CD8+,T,0.019163627664888837,,CD4+CD8+,T,0.5580469583953305,consistent,CD4+CD8+,T,0.5580469583953305,,CD4+CD8+,T,0.5580469583953305,consistent,Activated CD8+ T cell,T,0.03907393023014923,db_only
CTCACACGTAGGCTGA-1,CD16,Mono,CD16,Mono,0.0391916458413736,,CD16,Mono,0.4834263966280619,unknown,CD16,Mono,0.458870118394851,,CD16,Mono,0.4821398245841851,unknown,Other,Other,0.07283910618727221,db_only
AAACCTGCACGACGAA-1,T-mito,T,CD4+CD8+,T,0.0349453149764083,,CD4+CD8+,T,0.2093176092820048,low_confidence,CD4+CD8+,T,0.33490817485120766,,CD4+CD8+,T,0.25118113113840573,low_confidence,Cytotoxic CD8 T cell,T,0.06230139737153464,db_only
TACCTATTCCTTAATC-1,CD4 Tcm,T,CD4+CD8+,T,0.004138894422963744,,CD4+CD8+,T,0.17353723113063974,low_confidence,CD4+CD8+,T,0.27765956980902357,,CD4+CD8+,T,0.27765956980902357,low_confidence,Other,Other,0.03038349495277827,db_only
AACTGGTCATCGGACC-2,NK1,NK,NK1,NK,0.04237936673610724,,NK1,NK,0.35884880439774614,unknown,NK1,NK,0.5741580870363938,,NK1,NK,0.49213550317405186,unknown,Effector memory CD8 T cell,T,0.08668464306173997,db_only
ATTGGACGTCCTGCTT-1,MEG,Other,T-mito,T,0.054700526825415645,,T-mito,T,0.08229362267998037,unknown,NK1,NK,0.2220249662003503,,CD8 Tex,T,0.09929719583723799,unknown,Other,Other,0.2611863176104214,db_only
ACACTGATCTTTCCTC-1,MEG,Other,cDC2,DC,0.05462407622660628,,cDC2,DC,0.08539323535946057,unknown,CD8 Naive,T,0.2132886400114547,,CD14,Mono,0.11792389885742717,unknown,Other,Other,0.32017662794759394,db_only
CCATTCGTCGTTTAGG-1,MEG,Other,cDC1,DC,0.0564068858758862,,cDC1,DC,0.06784328286001148,unknown,Platelet,Other,0.3676191256477412,,Platelet,Other,0.29409530051819294,low_confidence,Other,Other,0.27988009144808945,db_only
CTGTGCTGTCTAGTGT-1,RBC,Other,CD4 Tcm,T,0.011287813725497049,,Memory,B,0.04673160222369348,unknown,CD4 Tcm,T,0.24237548204681797,,CD4 Tcm,T,0.043490691799594944,unknown,Other,Other,0.5828135276840509,db_only
AAAGTAGGTATATGGA-1,NK3,NK,NK2,NK,0.06646024936921907,,CD4+CD8+,T,0.36723849908368744,consistent,NK2,NK,0.42929047567852996,,NK3,NK,0.4585765837823831,unknown,Activated CD8+ T cell,T,0.032968539941204966,db_only
ACACTGAGTTGCGTTA-1,CD4 Naive,T,T-mito,T,0.01569406258757143,,T-mito,T,0.18996198505695402,low_confidence,T-mito,T,0.29224920777992924,,T-mito,T,0.21918690583494693,low_confidence,Other,Other,0.03831370150940135,db_only
AGGGATGGTTCAGACT-1,CD4+CD8,T,CD4+CD8+,T,0.01003038828347772,,CD4+CD8+,T,0.24055178305770447,low_confidence,CD4+CD8+,T,0.32073571074360596,,CD4+CD8+,T,0.32073571074360596,consistent,Activated CD8+ T cell,T,0.023988518456877397,db_only
CTAATGGGTGTAAGTA-1,ASC,B,ASC,B,0.0036249262775438574,,ASC,B,0.3729133782164115,unknown,ASC,B,0.4317944379347923,,ASC,B,0.35982869827899355,unknown,Other,Other,0.026202405993334003,db_only
CGTAGCGGTAAACACA-1,CD4 Tcm,T,T-mito,T,0.0013990626808487443,,T-mito,T,0.31812591975324017,unknown,T-mito,T,0.45446559964748595,,T-mito,T,0.42606149966951806,unknown,Lymphocyte,Other,0.05090012150713404,db_only
ATTTCTGCACGGATAG-1,Naive BC,B,ABC,B,0.06982835784114264,,ABC,B,0.020988688804590087,unknown,B intermediate,B,0.21118754667104178,,B intermediate,B,0.14200136844148734,unknown,Other,Other,0.06274142396299141,db_only
ACACCCTGTGACGCCT-1,CD14,Mono,cDC2,DC,0.06962624974984492,,cDC2,DC,0.14379461929546225,unknown,T-mito,T,0.33903849414990395,,CD14,Mono,0.3305553106568373,unknown,Other,Other,0.07198257476374154,db_only
AAACCTGTCTTTACGT-1,NK3,NK,NK3,NK,0.06952103029158449,,NK3,NK,0.3202861166536417,unknown,NK3,NK,0.3202861166536417,,CD4+CD8+,T,0.19074846983566793,low_confidence,Cytotoxic CD8 T cell,T,0.05167341101589949,db_only
ACTTACTGTAAACGCG-1,CD8 Tem,T,CD4+CD8+,T,0.010734848820238065,,CD4+CD8+,T,0.2318978944187426,low_confidence,CD4+CD8+,T,0.30919719255832345,,CD4+CD8+,T,0.2318978944187426,low_confidence,Effector memory CD8 T cell,T,0.06720556545441041,db_only
AAAGTAGGTATCTGCA-1,CD8 CTL,T,CD4 Tex,T,0.05832573986232081,,CD4+CD8+,T,0.3105926799972934,consistent,CD4 Tex,T,0.3937316394157238,,CD4+CD8+,T,0.37271121599675205,consistent,Activated CD8+ T cell,T,0.036134479521309444,db_only
AAGCCGCAGGTGCAAC-1,NK2,NK,NK3,NK,0.08094092810080343,,NK3,NK,0.2859667169139963,unknown,NK3,NK,0.44701864923682805,,NK3,NK,0.3217125565282458,unknown,Cytotoxic CD8 T cell,T,0.03752469569338493,db_only
AAATGCCGTCTTCAAG-1,CD8 Naive,T,T-mito,T,0.01958600355523616,,T-mito,T,0.07285945658220595,unknown,cDC1,DC,0.17605902484672845,,CD4 Treg,T,0.14680889673734684,unknown,Other,Other,0.03821786700128784,db_only
CTGAAGTCAGGTCGTC-1,CD4 Tcm,T,T-mito,T,0.0014125734229973414,,T-mito,T,0.38250289384552033,unknown,T-mito,T,0.45000340452414156,,T-mito,T,0.4218781917413827,unknown,Lymphocyte,Other,0.054072252471146894,db_only
AATCCAGAGGGCTCTC-1,CD8 CTL,T,CD4+CD8+,T,0.028190671237578,,CD4+CD8+,T,0.24346344432937259,low_confidence,CD4+CD8+,T,0.2782439363764258,,CD4 Tex,T,0.33086421147404516,consistent,Activated CD8+ T cell,T,0.02516694281641524,db_only
AGCTTGATCCAAAGTC-1,CD4+CD8,T,CD4+CD8+,T,0.007781949099126954,,CD4+CD8+,T,0.22937919866229212,low_confidence,CD4+CD8+,T,0.3058389315497228,,CD4+CD8+,T,0.19114933221857675,low_confidence,Activated CD8+ T cell,T,0.037779824254618066,db_only
GTACTCCGTTCGTGAT-1,CD4 Tcm,T,T-mito,T,0.005972899563604542,,T-mito,T,0.221566972782281,unknown,T-mito,T,0.31652424683183,,T-mito,T,0.2571759505508619,unknown,Lymphocyte,Other,0.05680133934906629,db_only
AACACGTCAGGAACGT-1,NK2,NK,NK2,NK,0.06254100903883461,,NK2,NK,0.3575898975719959,unknown,NK2,NK,0.48760719532840324,,NK2,NK,0.4469873719649949,unknown,Cytotoxic CD8 T cell,T,0.04233200739847065,db_only
AAAGTAGTCGTCGTTC-1,NK3,NK,CD8 CTL,T,0.0895658647790688,,NK2,NK,0.22967807543276247,unknown,CD4+CD8+,T,0.47059279736988413,,NK2,NK,0.2930262640325438,unknown,Activated CD8+ T cell,T,0.067965820494357,db_only
ACGAGGAGTAGCGTAG-1,Memory BC,B,Memory,B,0.08410032008339498,,Memory,B,0.2668812493375588,unknown,Memory,B,0.42700999894009406,,Memory,B,0.342682295319199,unknown,Lymphocyte,Other,0.09028907657432003,db_only
AACCATGTCCATGAAC-1,CD4 Tem,T,CD4+CD8+,T,0.007929125617995665,,CD4+CD8+,T,0.17202659989392716,unknown,CD4+CD8+,T,0.22936879985856953,,CD4+CD8+,T,0.22936879985856953,unknown,Lymphocyte,Other,0.07758020935247817,db_only
CTGATCCTCTTCCTTC-1,RBC,Other,CD4 Naive,T,0.011169584989705782,,CD4 Naive,T,0.1111201742270808,unknown,CD4 Naive,T,0.2222403484541616,,CD4 Naive,T,0.1111201742270808,unknown,Other,Other,0.6449705573500318,db_only
ACTGCTCAGCAGCGTA-1,CD4 Naive,T,T-mito,T,0.013596429647055323,,T-mito,T,0.1793003626492343,low_confidence,T-mito,T,0.27584671176805275,,T-mito,T,0.18964461434053625,low_confidence,Other,Other,0.04523856834637732,db_only
ACTGAGTGTCTGCAAT-1,CD4 Naive,T,T-mito,T,0.010171972808368861,,T-mito,T,0.14172361712350978,unknown,T-mito,T,0.236206028539183,,T-mito,T,0.17715452140438726,unknown,Lymphocyte,Other,0.03756612692449542,db_only
ACAGCCGTCGTGACAT-1,NK1,NK,NK1,NK,0.022531651421699238,,NK1,NK,0.19094668984660257,unknown,NK1,NK,0.30551470375456413,,NK1,NK,0.24004726723572894,unknown,Effector memory CD8 T cell,T,0.08647585350213356,db_only
AACTTTCAGAGACTAT-1,CD4 Tem,T,T-mito,T,0.00899749342721708,,T-mito,T,0.2158153599566024,unknown,T-mito,T,0.3320236307024652,,T-mito,T,0.269769199945753,unknown,Lymphocyte,Other,0.05762684175761008,db_only
ACTGAACCAACGATCT-1,CD4 Tem,T,CD4 Naive,T,0.025783893944661518,,CD4 Naive,T,0.3101814672567703,consistent,CD4 Naive,T,0.451173043282575,,CD4 Naive,T,0.2819831520516094,low_confidence,Effector memory CD8 T cell,T,0.04184501446722358,db_only
AGGGTGACATCGATTG-1,cDC,DC,cDC2,DC,0.025163139115142362,,cDC2,DC,0.418994940642516,unknown,cDC2,DC,0.6145259129423568,,cDC2,DC,0.4469279366853504,unknown,Immature B cell,B,0.043726850717263795,db_only
AAGACCTCAATCTGCA-1,CD4+CD8,T,CD4+CD8+,T,0.018864466207059505,,CD4+CD8+,T,0.3464962630734291,consistent,CD4+CD8+,T,0.5543940209174866,,CD4+CD8+,T,0.48509476830280074,consistent,Cytotoxic CD8 T cell,T,0.056458126726408174,db_only
AGAGTGGCACAACTGT-1,CD16,Mono,CD16,Mono,0.029830132198826815,,CD16,Mono,0.46398605906112994,unknown,cDC2,DC,0.4645156470354588,,CD16,Mono,0.5404072923182572,unknown,Other,Other,0.03804544882328822,db_only
ACCTTTATCTTACCTA-1,CD8 CTL,T,CD4+CD8+,T,0.025881629969669594,,CD4+CD8+,T,0.33788968355602605,consistent,CD4+CD8+,T,0.4505195780747014,,CD4+CD8+,T,0.3942046308153637,consistent,Activated CD8+ T cell,T,0.032338555934940616,db_only
AAGCCGCGTGGCCCTA-1,CD14,Mono,CD14,Mono,0.048516874612103605,,CD14,Mono,0.4483052516152015,consistent,CD14,Mono,0.5763924663624019,,CD14,Mono,0.49044674653774933,consistent,Other,Other,0.14447924309204088,db_only
CCTTACGGTTCACCTC-1,pDC,DC,pDC,DC,0.03633185285147297,,pDC,DC,0.41797671133181896,unknown,pDC,DC,0.5787693784845444,,pDC,DC,0.49984628141847015,unknown,Immature B cell,B,0.023355199595096073,db_only
CGGACTGTCGGTTCGG-1,MEG,Other,cDC2,DC,0.08272696440878001,,Intermed,Other,0.07972699013819215,low_confidence,CD4+CD8+,T,0.1756243774005696,,cDC2,DC,0.08542520757923266,unknown,Other,Other,0.31659963402253943,db_only
CAGCTAAGTTCCCTTG-1,MEG,Other,CD14,Mono,0.018302805638401736,,CD14,Mono,0.3098956441059371,consistent,CD14,Mono,0.3846980409590943,,CD14,Mono,0.31681015137807766,consistent,Other,Other,0.2117757361794285,db_only
GCACTCTTCAGTTGAC-1,T-mito,T,T-mito,T,0.0031658005167381643,,T-mito,T,0.39787426815196875,consistent,T-mito,T,0.4680873742964338,,T-mito,T,0.4388319134029067,consistent,Other,Other,0.0233817622196709,db_only
AAACGGGCATCGGTTA-1,CD4 Naive,T,CD4 Naive,T,0.03425501090934014,,CD4 Naive,T,0.4636302863118401,consistent,CD4 Naive,T,0.5913551591702345,,CD4 Naive,T,0.5409020006971468,consistent,Other,Other,0.034168347867579565,db_only
CACTCCATCTACTATC-1,CD4 Tcm,T,T-mito,T,0.005450065375686285,,T-mito,T,0.24798252128367138,unknown,T-mito,T,0.35426074469095914,,T-mito,T,0.33211944814777417,unknown,Lymphocyte,Other,0.06002162107141335,db_only
TCACAAGCAACAACCT-1,RBC,Other,CD8 CTL,T,0.11721299921778243,,CD8 CTL,T,0.037612656918493526,unknown,T-mito,T,0.15852602425854329,,T-mito,T,0.07926301212927164,unknown,Other,Other,0.5932752671492421,db_only
CTAGAGTTCTTGGGTA-2,pDC,DC,pDC,DC,0.0023003032910718204,,pDC,DC,0.3879175438064102,unknown,pDC,DC,0.46550105256769225,,pDC,DC,0.42318277506153845,unknown,Cytotoxic CD8 T cell,T,0.05546389555417102,db_only
CCGTACTAGTATTGGA-2,pDC,DC,pDC,DC,0.00605292963907503,,pDC,DC,0.3802915256681064,unknown,pDC,DC,0.45634983080172775,,pDC,DC,0.394120308419674,unknown,Cytotoxic CD8 T cell,T,0.11123598399202404,db_only
ACCGTAAAGAGTTGGC-1,CD8 Tem,T,CD4+CD8+,T,0.008835309167283426,,CD4+CD8+,T,0.11345197202839068,low_confidence,CD4+CD8+,T,0.22690394405678135,,CD4+CD8+,T,0.170177958042586,low_confidence,Effector memory CD8 T cell,T,0.0389836674354521,db_only
AAAGCAATCTACCTGC-1,cDC,DC,cDC2,DC,0.03014098491231818,,cDC2,DC,0.313742156325509,unknown,cDC2,DC,0.49302338851151417,,cDC2,DC,0.3361523103487597,unknown,Immature B cell,B,0.08053278453909007,db_only
CACAGGCTCCGAACGC-1,CD16,Mono,CD16,Mono,0.03232048629562016,,CD16,Mono,0.13607815746843824,unknown,cDC2,DC,0.3490177839796456,,CD14,Mono,0.3287132675391695,unknown,Other,Other,0.03808517519912913,db_only
CACCTTGTCCGGCACA-1,CD4+CD8,T,CD4+CD8+,T,0.02115239215433273,,CD4+CD8+,T,0.2768736721711406,low_confidence,CD4+CD8+,T,0.31642705390987497,,CD4+CD8+,T,0.2768736721711406,low_confidence,Cytotoxic CD8 T cell,T,0.08946637433760847,db_only
AGACGTTAGGCATGTG-1,NK2,NK,NK2,NK,0.06641751754033393,,NK3,NK,0.3092415156145686,unknown,NK2,NK,0.4711717542903619,,NK3,NK,0.4058794892441213,unknown,Activated CD8+ T cell,T,0.03590381475266134,db_only
ATGCGATGTACATCCA-1,Memory BC,B,Memory,B,0.10935926082153047,,Memory,B,0.3871427454549029,consistent,Memory,B,0.5651785610677048,,Memory,B,0.5651785610677048,consistent,Immature B cell,B,0.061704105444141406,db_only
GCCAAATTCAAAGTAG-1,T-mito,T,T-mito,T,0.017760027150816374,,T-mito,T,0.136864718792359,unknown,cDC2,DC,0.19824606239363857,,cDC2,DC,0.10110285858748409,unknown,Other,Other,0.03391754129947769,db_only
GCGCCAAAGAGATGAG-2,pDC,DC,pDC,DC,0.0018772936777463364,,pDC,DC,0.4313943162111818,unknown,pDC,DC,0.49302207566992207,,pDC,DC,0.4257917926240236,unknown,Cytotoxic CD8 T cell,T,0.1051907087214836,db_only
CGGGTCACATTAGCCA-1,RBC,Other,CD4 Tcm,T,0.01024078369825145,,CD4 Tcm,T,0.12498821489930909,unknown,CD4 Tcm,T,0.2912085303188697,,CD4 Tcm,T,0.12498821489930909,unknown,Other,Other,0.636287308015859,db_only
AAATGCCGTCTAGCCG-1,CD8 CTL,T,CD4+CD8+,T,0.020536490692685757,,CD4+CD8+,T,0.20366158973351398,low_confidence,CD4 Tex,T,0.2651336974398332,,CD4 Tex,T,0.3372303686498527,consistent,Cytotoxic CD8 T cell,T,0.06723471413039377,db_only
ACTGCTCTCCGTCAAA-1,CD4-CD8,T,CD4+CD8+,T,0.007786337215483494,,CD4+CD8+,T,0.25541979974553186,low_confidence,CD4+CD8+,T,0.3405597329940425,,CD4+CD8+,T,0.2979897663697872,low_confidence,Other,Other,0.023631187647041807,db_only
ACCTTTATCCTAGAAC-1,Naive BC,B,Naive,B,0.10820938023915808,,Naive,B,0.41358793100838903,consistent,Naive,B,0.5034983507928215,,Naive,B,0.47202970386827015,consistent,Immature B cell,B,0.060768054486321416,db_only
AAGTCTGTCACATGCA-1,Memory BC,B,T-mito,T,0.01250510272175422,,T-mito,T,0.2512027613456154,unknown,T-mito,T,0.35886108763659347,,T-mito,T,0.3364322696593064,unknown,Lymphocyte,Other,0.03892933981875756,db_only
ACGAGCCAGTGTGAAT-1,NK2,NK,NK3,NK,0.037031935712217155,,NK2,NK,0.2849688740194034,unknown,NK3,NK,0.40321106595407563,,NK2,NK,0.3352574988463569,unknown,Cytotoxic CD8 T cell,T,0.03180910826934617,db_only
AAACGGGCAAGCGAGT-1,CD4 Naive,T,CD4 Naive,T,0.04617045295175023,,CD4 Naive,T,0.3882620309904235,unknown,CD4 Naive,T,0.5647447723497069,,CD4 Naive,T,0.42355857926228013,unknown,Lymphocyte,Other,0.049889423997684916,db_only
AACTTTCAGTGTCCCG-1,NK2,NK,CD4+CD8+,T,0.03657422984937556,,CD4+CD8+,T,0.31475732556014363,consistent,CD4+CD8+,T,0.4196764340801915,,CD4+CD8+,T,0.31475732556014363,consistent,Activated CD8+ T cell,T,0.030117908388928496,db_only
AAACGGGTCAGAGCTT-1,CD14,Mono,Intermed,Other,0.044353799003226606,,CD14,Mono,0.4701184714444255,consistent,CD14,Mono,0.3922903308779515,,CD14,Mono,0.5133278897757146,consistent,Other,Other,0.057781964533169576,db_only
CATCGGGCAATAACGA-1,CD4+CD8,T,CD4+CD8+,T,0.014956401376116375,,CD4+CD8+,T,0.5072395730046593,consistent,CD4+CD8+,T,0.5072395730046593,,CD4+CD8+,T,0.4438346263790769,consistent,Other,Other,0.032558361927274154,db_only
AAGCCGCAGACGCAAC-1,CD8 CTL,T,CD4+CD8+,T,0.04364356037055014,,CD4+CD8+,T,0.32099411271938877,consistent,CD4+CD8+,T,0.513590580351022,,CD4+CD8+,T,0.3851929352632665,consistent,Activated CD8+ T cell,T,0.041591347646692034,db_only
AACTCAGAGACCACGA-2,NK1,NK,NK1,NK,0.07367727095453197,,NK2,NK,0.27188028773725886,unknown,CD4+CD8+,T,0.4084958135547786,,NK2,NK,0.3058653237044162,unknown,Cytotoxic CD8 T cell,T,0.056054705553475755,db_only
CAACCAATCCAGAAGG-2,pDC,DC,pDC,DC,0.0032702450664184217,,pDC,DC,0.41476638879445343,unknown,pDC,DC,0.49771966655334415,,pDC,DC,0.475096045346374,unknown,Cytotoxic CD8 T cell,T,0.0536948409272913,db_only
ATTTCTGCATATGGTC-1,Memory BC,B,Naive,B,0.06981780422638895,,Memory,B,0.2978805360013058,unknown,Naive,B,0.48285040128891443,,Memory,B,0.357456643201567,unknown,Lymphocyte,Other,0.09383900704201191,db_only
AGGTCCGCAACTTGAC-1,CD16,Mono,CD16,Mono,0.04331622554905942,,CD16,Mono,0.48287285680764924,unknown,CD16,Mono,0.45227737008635166,,cDC2,DC,0.25956626559762347,unknown,Other,Other,0.08959748550452691,db_only
ACGCCAGCACCAGATT-1,CD8 Tem,T,CD4 Tex,T,0.04270343021416876,,CD4+CD8+,T,0.24106262957270658,low_confidence,CD4 Tex,T,0.5406953628278034,,CD4+CD8+,T,0.19285010365816527,low_confidence,Effector memory CD8 T cell,T,0.04210635477503803,db_only
AAGCCGCCAACGCACC-1,CD4-CD8,T,CD4+CD8+,T,0.018963450106457246,,CD4+CD8+,T,0.25666826445320734,low_confidence,CD4+CD8+,T,0.4106692231251317,,CD4+CD8+,T,0.35933557023449025,consistent,Other,Other,0.030299421658396462,db_only
AACTTTCTCCAGTATG-1,CD16,Mono,CD16,Mono,0.048986862379891506,,CD16,Mono,0.19509921516951842,unknown,CD16,Mono,0.6055617718801446,,cDC2,DC,0.22956465411125201,unknown,Other,Other,0.05806335443807671,db_only
ACACCAAAGTAATCCC-1,CD8 CTL,T,CD4+CD8+,T,0.02302258319918579,,CD4+CD8+,T,0.2139451363377129,low_confidence,CD4+CD8+,T,0.33908230508865556,,CD4+CD8+,T,0.34231221814034063,consistent,Activated CD8+ T cell,T,0.06370698232076222,db_only
ACCGTAAGTAGCGTGA-1,CD8 Tem,T,CD4+CD8+,T,0.029837307803047452,,CD4+CD8+,T,0.13602288573814442,low_confidence,CD4+CD8+,T,0.21763661718103106,,CD4+CD8+,T,0.13602288573814442,low_confidence,Other,Other,0.04082625080151479,db_only
ACTGTCCCAACTGGCC-1,CD8 Tem,T,CD4+CD8+,T,0.06358339507049657,,CD4+CD8+,T,0.36118990484485064,unknown,CD4+CD8+,T,0.4127884626798293,,CD4+CD8+,T,0.4127884626798293,unknown,Lymphocyte,Other,0.03071538765476222,db_only
AGAGTGGGTACCGAGA-1,CD4 Tem,T,T-mito,T,0.0035021492626386105,,T-mito,T,0.2476877266756014,unknown,T-mito,T,0.3302503022341352,,T-mito,T,0.30960965834450177,unknown,Lymphocyte,Other,0.07623373344416721,db_only
ACGCCAGCATGATCCA-1,cDC,DC,cDC2,DC,0.03427239648117734,,cDC2,DC,0.38949116940828543,unknown,cDC2,DC,0.6120575519273057,,cDC2,DC,0.417311967223163,unknown,Immature B cell,B,0.05917247611126989,db_only
TCAGCTCAGGAATCGC-1,CD4 Tcm,T,CD4+CD8+,T,0.009435201430351644,,CD4+CD8+,T,0.31161426276924875,unknown,CD4+CD8+,T,0.41548568369233163,,CD4+CD8+,T,0.3635499732307902,unknown,Lymphocyte,Other,0.0264523052605638,db_only
TGAAAGACAAGGGTCA-1,NK1,NK,NK1,NK,0.08576980528197728,,NK1,NK,0.30424673462160257,unknown,NK1,NK,0.5021741314934192,,NK1,NK,0.4172526646239121,unknown,Effector memory CD8 T cell,T,0.07767504677629,db_only
AGCTCCTCAATGGTCT-1,CD8 Naive,T,CD4+CD8+,T,0.010799324729939242,,CD4+CD8+,T,0.07086106783013647,low_confidence,CD4 Naive,T,0.20880768517715326,,CD4 Naive,T,0.16956522243904731,low_confidence,Other,Other,0.028882681553572286,db_only
AAACCTGAGCTCCTCT-1,CD8 Naive,T,CD4 Naive,T,0.02543764672247167,,CD4+CD8+,T,0.11633936110496461,low_confidence,CD4 Naive,T,0.4801094019636247,,CD4 Naive,T,0.18454336183402834,low_confidence,Effector memory CD8 T cell,T,0.04084172723240163,db_only
CGATGGCCATGGTTGT-1,MEG,Other,NK3,NK,0.0872190629909603,,NK3,NK,0.2658404393357977,unknown,CD4+CD8+,T,0.4144133760023341,,CD4+CD8+,T,0.25900836000145877,low_confidence,Cytotoxic CD8 T cell,T,0.10578523546525949,db_only
CAAGATCCAACGATGG-1,Memory BC,B,Naive,B,0.030175307636408005,,Naive,B,0.4041817108470691,consistent,Naive,B,0.5144130865326334,,Naive,B,0.41796063280776463,consistent,Immature B cell,B,0.08261775953653376,db_only
AGCATACGTCCTCTTG-1,CD8 Naive,T,CD4 Naive,T,0.04010696363735176,,T-mito,T,0.06999693810985723,unknown,CD4 Naive,T,0.6126786280395995,,CD4 Naive,T,0.20890938803212658,unknown,Other,Other,0.03720020214812411,db_only
ACCTTTAGTCCGAAGA-1,CD8 Tem,T,CD8 Tex,T,0.04677838103163503,,CD4+CD8+,T,0.28854310060737626,low_confidence,CD8 Tex,T,0.3319359539909122,,CD4+CD8+,T,0.4039603408503268,consistent,Effector memory CD8 T cell,T,0.1118496639909714,db_only
GCACTCTTCAGTTGAC-2,pDC,DC,cDC2,DC,0.08483636729610172,,CD14,Mono,0.37757443377693256,consistent,CD16,Mono,0.3426626977410737,,pDC,DC,0.4214899845480258,unknown,Other,Other,0.12669277064438964,db_only
CAGATCAGTAAACCTC-1,pDC,DC,pDC,DC,0.0015211250640101259,,pDC,DC,0.1601177970790009,unknown,pDC,DC,0.22819950168534592,,pDC,DC,0.16596327395297886,unknown,Other,Other,0.024171801471243645,db_only
ATAGACCTCCCTCAGT-1,Naive BC,B,Naive,B,0.12174918757677089,,Naive,B,0.3191078315745108,unknown,Naive,B,0.5373146073477522,,Naive,B,0.4683638594141158,unknown,Lymphocyte,Other,0.1061869252774379,db_only
TGCGCAGGTGGTTTCA-1,RBC,Other,CD4 Tcm,T,0.00469988388002155,,Naive,B,0.06385785798690491,unknown,CD4 Tcm,T,0.19336569208942084,,CD4 Tcm,T,0.09668284604471042,unknown,Other,Other,0.5971256431119479,db_only
ACACCAAAGCCTCGTG-1,Naive BC,B,Naive,B,0.06887452168370879,,Naive,B,0.42858522097607676,unknown,Naive,B,0.6146037794134267,,Naive,B,0.5761910432000875,unknown,Lymphocyte,Other,0.10086962047016342,db_only
CCGTGGAGTACAAGTA-1,CD4+CD8,T,CD4+CD8+,T,0.012180206921099546,,CD4+CD8+,T,0.3484043897675362,consistent,CD4+CD8+,T,0.5574470236280579,,CD4+CD8+,T,0.4877661456745506,consistent,Activated CD8+ T cell,T,0.05439543595457513,db_only
AACTTTCGTGGTCCGT-1,NK3,NK,NK3,NK,0.07539701219133417,,NK3,NK,0.19414873357550408,unknown,NK3,NK,0.38829746715100816,,NK3,NK,0.2669545086663181,unknown,Activated CD8+ T cell,T,0.04141770221358878,db_only
AGAGCGAGTTGCGCAC-1,CD16,Mono,Intermed,Other,0.04637047082830067,,CD16,Mono,0.39199983707364955,unknown,cDC1,DC,0.4011971316416649,,cDC2,DC,0.3077727654298289,unknown,Immature B cell,B,0.030876911137906176,db_only
CAACTAGTCTTAACCT-2,T-mito,T,CD4+CD8+,T,0.03393691163107627,,CD4+CD8+,T,0.22346894114613514,low_confidence,NK Proliferating,NK,0.32573878739363826,,NK2,NK,0.28625868000016713,unknown,Cytotoxic CD8 T cell,T,0.05375810160802103,db_only
GCAGTTAAGTGGGATC-1,T-mito,T,CD4+CD8+,T,0.013106251332794734,,CD4+CD8+,T,0.09673058840452983,unknown,CD4+CD8+,T,0.19346117680905967,,CD8 Naive,T,0.10291252316499382,unknown,Lymphocyte,Other,0.05158623108171056,db_only
ACGCAGCAGGCTAGGT-1,CD8 Tem,T,CD4+CD8+,T,0.02516510724780406,,CD4+CD8+,T,0.22080609374520777,low_confidence,CD4+CD8+,T,0.3469024388321332,,CD4+CD8+,T,0.30912853124329087,consistent,Cytotoxic CD8 T cell,T,0.05333630395803571,db_only
AACTCAGAGATCCCGC-1,NK2,NK,NK2,NK,0.09274973101414277,,NK2,NK,0.3283162992088107,unknown,NK1,NK,0.5207699195506778,,CD4+CD8+,T,0.3501581445617224,consistent,Cytotoxic CD8 T cell,T,0.12116135090640923,db_only
AGTCTTTCATGCTGGC-1,CD16,Mono,Intermed,Other,0.062024246618690465,,cDC2,DC,0.2574746738861066,unknown,Intermed,Other,0.46338607454701325,,Intermed,Other,0.4054628152286366,unknown,Immature B cell,B,0.07644789518653554,db_only
CACATAGTCCAGGGCT-1,T-mito,T,CD4+CD8+,T,0.027293439803525714,,CD4+CD8+,T,0.22620647803783164,low_confidence,CD4+CD8+,T,0.3016086373837755,,CD4 Tex,T,0.2794293838599293,low_confidence,Other,Other,0.02703317518510618,db_only
AAGACCTCAGCTGTAT-1,CD14,Mono,cDC2,DC,0.06181033232302433,,CD14,Mono,0.5261024088294587,consistent,cDC2,DC,0.4680508304392142,,cDC2,DC,0.2961341538790637,unknown,Other,Other,0.1333995552411523,db_only
ACAGCTAGTGGCTCCA-1,NK2,NK,NK2,NK,0.028180565695026416,,NK2,NK,0.4151500237778012,unknown,NK2,NK,0.49818002853336146,,CD4+CD8+,T,0.3265565201753657,consistent,Other,Other,0.03093851090152261,db_only
CGAACATCAGACAAGC-2,pDC,DC,pDC,DC,0.0014045509283940405,,pDC,DC,0.2982747795997541,unknown,pDC,DC,0.39769970613300554,,pDC,DC,0.32539066865427724,unknown,Cytotoxic CD8 T cell,T,0.054026240544480526,db_only
AACCATGGTGGTCTCG-1,CD14,Mono,CD14,Mono,0.059856580713545465,,CD14,Mono,0.37909176098887576,consistent,CD14,Mono,0.468094330400596,,CD14,Mono,0.3120779174366815,consistent,Other,Other,0.09762195367608315,db_only
ACTTACTGTTCGAATC-1,CD4 Naive,T,CD4 Naive,T,0.053507963598701816,,CD4 Naive,T,0.29498734870502996,low_confidence,CD4 Naive,T,0.4719797579280479,,CD4 Naive,T,0.3539848184460359,consistent,Other,Other,0.03286839081964188,db_only
ACCCACTTCATCGGAT-1,MEG,Other,CD8 CTL,T,0.06960376124014345,,CD8 CTL,T,0.42936135244904045,consistent,CD8 CTL,T,0.4063977538904691,,CD8 CTL,T,0.42936135244904045,consistent,Activated CD8+ T cell,T,0.0303167041740684,db_only
AGAGCGACAAATCCGT-1,CD4+CD8,T,CD4+CD8+,T,0.0074646050959642695,,CD4+CD8+,T,0.2844391628456445,low_confidence,CD4+CD8+,T,0.37925221712752605,,CD4+CD8+,T,0.37925221712752605,consistent,Activated CD8+ T cell,T,0.02490692761286003,db_only
AAATGCCTCATACGGT-1,CD14,Mono,cDC2,DC,0.023440134037486196,,cDC2,DC,0.17492696314503828,unknown,CD16,Mono,0.2617622354224593,,CD14,Mono,0.26364701669369867,low_confidence,Other,Other,0.08078643154730036,db_only
ACGGGTCAGCGATCCC-1,Naive BC,B,Naive,B,0.08307667806664334,,Naive,B,0.5057031778795962,consistent,Naive,B,0.6396957625167538,,Naive,B,0.5386838199152221,consistent,Immature B cell,B,0.0625029983754034,db_only
CAAGGCCCATTAGCCA-1,CD4+CD8,T,CD4+CD8+,T,0.02047055437688394,,CD4+CD8+,T,0.3877117489283247,consistent,CD4+CD8+,T,0.3877117489283247,,CD4+CD8+,T,0.24231984308020293,low_confidence,Cytotoxic CD8 T cell,T,0.034100282577678935,db_only
ATGGGAGTCAGTGTTG-1,Memory BC,B,ABC,B,0.11737935609199589,,ABC,B,0.22929035688628763,unknown,cDC1,DC,0.29700100923520323,,cDC1,DC,0.16971486242011613,unknown,Lymphocyte,Other,0.11869633395275558,db_only
CATATTCGTGCAGACA-1,CD4 Tcm,T,T-mito,T,0.0041057736155300836,,T-mito,T,0.3604495443018895,consistent,T-mito,T,0.4240582874139877,,T-mito,T,0.37105100148723924,consistent,Other,Other,0.020886079910752035,db_only
GCTCCTAAGTCCGGTC-1,T-mito,T,NK2,NK,0.08092602457676977,,NK2,NK,0.3365018406794133,unknown,NK2,NK,0.4486691209058844,,NK3,NK,0.33261701243498965,unknown,Cytotoxic CD8 T cell,T,0.061809928506494555,db_only
ACGCAGCGTGTGAATA-2,T-mito,T,T-mito,T,0.03806985608271535,,T-mito,T,0.10562950666189165,low_confidence,NK3,NK,0.22883390535847203,,NK3,NK,0.2025265899059429,unknown,Cytotoxic CD8 T cell,T,0.04414098930904695,db_only
CTCGAAAAGTTAACGA-1,CD16,Mono,CD16,Mono,0.02990861201127232,,CD16,Mono,0.4346780895578732,unknown,cDC2,DC,0.43548950888508087,,CD16,Mono,0.5047095595421972,unknown,Other,Other,0.031857749497232794,db_only
CTGTGCTAGGGAGTAA-1,RBC,Other,ASC,B,0.04660809716651502,,ASC,B,0.05523818506008506,unknown,CD14 Mono,Mono,0.1342320036196515,,CD14 Mono,Mono,0.06711600180982576,unknown,Other,Other,0.6424216652107377,db_only
ACGATGTTCTTCTGGC-1,CD8 Tem,T,CD4+CD8+,T,0.0467013697013203,,CD4+CD8+,T,0.3041203026391996,consistent,CD4+CD8+,T,0.34756606015908525,,CD4+CD8+,T,0.3041203026391996,consistent,Effector memory CD8 T cell,T,0.044531290693141025,db_only
ACATCAGGTAAATGAC-1,CD4+CD8,T,CD4+CD8+,T,0.021153467644794706,,CD4+CD8+,T,0.3637682023853309,consistent,CD4+CD8+,T,0.4850242698471079,,CD4+CD8+,T,0.4243962361162194,consistent,Cytotoxic CD8 T cell,T,0.06445410149304273,db_only
AACCATGTCGCACTCT-1,NK3,NK,CD4+CD8+,T,0.02512470150642947,,CD4+CD8+,T,0.418423826375746,consistent,CD4+CD8+,T,0.418423826375746,,CD4+CD8+,T,0.418423826375746,consistent,Activated CD8+ T cell,T,0.036538983914084194,db_only
GCATGCGGTGTTCGAT-1,cDC,DC,cDC2,DC,0.02742087996075058,,cDC2,DC,0.393789776963059,unknown,cDC2,DC,0.5414609433242061,,cDC2,DC,0.393789776963059,unknown,Immature B cell,B,0.1046056855375475,db_only
ATCACGAAGCGATGAC-2,ASC,B,ASC,B,0.0022944216948977718,,ASC,B,0.4520127862162696,consistent,ASC,B,0.5233832261451543,,ASC,B,0.4361526884542952,consistent,Other,Other,0.03017137537830344,db_only
ACACCCTGTTCAACCA-2,CD4 Tcm,T,T-mito,T,0.00932753366272023,,T-mito,T,0.22965965558520682,unknown,T-mito,T,0.3280852222645812,,T-mito,T,0.28707456948150856,unknown,Lymphocyte,Other,0.07769655817847299,db_only
TCGTAGAGTGTGGTTT-1,ASC,B,ASC,B,0.003295369649100887,,ASC,B,0.39609217044793765,unknown,ASC,B,0.4841126527697016,,ASC,B,0.40342721064141795,unknown,Other,Other,0.03398783254061051,db_only
CGTGTCTAGCGCCTTG-1,CD16,Mono,CD16,Mono,0.03182556387213026,,CD16,Mono,0.4540733607149325,unknown,cDC2,DC,0.43820488730440055,,CD16,Mono,0.5684873064568379,unknown,Other,Other,0.07107544381631183,db_only
ATCCGAACAGGCAGTA-1,RBC,Other,CD14,Mono,0.12328405065759446,,CD14,Mono,0.045087447726722546,unknown,cDC1,DC,0.12180765558538063,,NK3,NK,0.05567842479221535,unknown,Other,Other,0.5692359053454503,db_only
AAGACCTAGTGGACGT-1,CD4 Tem,T,CD4+CD8+,T,0.012757993795675455,,CD4+CD8+,T,0.18305652153233154,unknown,CD4+CD8+,T,0.24407536204310873,,ASC,B,0.13308175210666848,unknown,Lymphocyte,Other,0.14792775567075417,db_only
AATCCAGAGAAACCTA-1,CD4 Tem,T,CD4+CD8+,T,0.005652707814328836,,CD4+CD8+,T,0.14227416231075307,unknown,cDC1,DC,0.2090528873784967,,cDC1,DC,0.10541368805780515,unknown,Lymphocyte,Other,0.040803681548415044,db_only
GTAACGTGTACCTACA-1,CD4 Tcm,T,T-mito,T,0.004851743036610259,,T-mito,T,0.19970984302261127,unknown,T-mito,T,0.3328497383710188,,T-mito,T,0.2912435210746414,unknown,Lymphocyte,Other,0.052116205093210126,db_only
TGGCTGGCAGATGGGT-1,NK1,NK,NK2,NK,0.06384362063886753,,NK2,NK,0.3912369244971418,unknown,NK2,NK,0.4694843093965702,,NK3,NK,0.37361486235012864,unknown,Cytotoxic CD8 T cell,T,0.024020720163003183,db_only
CGGAGCTAGCCTCGTG-1,ASC,B,ASC,B,0.0017643737992027418,,ASC,B,0.327737047673609,unknown,ASC,B,0.379485002569442,,ASC,B,0.31623750214120167,unknown,Other,Other,0.028305765134957833,db_only
AAGTCTGCAGGGTATG-1,CD4 Tem,T,T-mito,T,0.010425557340789449,,T-mito,T,0.054867449347054995,low_confidence,cDC1,DC,0.1890108339391661,,cDC1,DC,0.0949790933176449,unknown,Other,Other,0.02954971275931844,db_only
AACCATGTCCGTCAAA-1,CD4-CD8,T,CD4+CD8+,T,0.02570817852119177,,CD4+CD8+,T,0.48317694521270427,consistent,CD4+CD8+,T,0.5522022231002335,,CD4+CD8+,T,0.48317694521270427,consistent,Other,Other,0.029626467826370215,db_only
AAACCTGTCTAACTGG-1,CD8 CTL,T,CD8 CTL,T,0.09037571548554169,,CD8 CTL,T,0.33772435475409446,consistent,CD8 CTL,T,0.4486181683781322,,CD8 CTL,T,0.33646362628359916,consistent,Cytotoxic CD8 T cell,T,0.03464225893891014,db_only
ACGGAGAAGGCATGTG-1,NK2,NK,NK2,NK,0.07339254294447346,,NK2,NK,0.42542537784520695,unknown,NK2,NK,0.5105104534142484,,NK2,NK,0.42542537784520695,unknown,Cytotoxic CD8 T cell,T,0.04959349061579704,db_only
CAGGTGCGTGCGATAG-1,MEG,Other,CD4+CD8+,T,0.012240463234299453,,CD4+CD8+,T,0.30668498545683276,consistent,CD4+CD8+,T,0.4089133139424437,,CD4+CD8+,T,0.30668498545683276,consistent,Other,Other,0.031100345174629538,db_only
ACATACGAGGAGTACC-1,Memory BC,B,cDC1,DC,0.0430446143734337,,cDC1,DC,0.2489901183401372,unknown,cDC1,DC,0.3262629136870764,,ASC,B,0.30489482753575614,unknown,Lymphocyte,Other,0.06759011331252675,db_only
ACGCCGAAGCGACGTA-1,NK2,NK,NK2,NK,0.07664765261383767,,NK2,NK,0.46924975127063084,unknown,NK2,NK,0.5630997015247571,,NK2,NK,0.46924975127063084,unknown,Cytotoxic CD8 T cell,T,0.06705925297970018,db_only
AACTCTTCAGTATAAG-1,CD8 Tem,T,CD4+CD8+,T,0.0057267213785005145,,CD4+CD8+,T,0.20876015991757085,unknown,CD4+CD8+,T,0.23858303990579527,,CD4+CD8+,T,0.23858303990579527,unknown,Other,Other,0.05282795652789219,db_only
CTCGGAGAGTCACGCC-1,CD16,Mono,CD16,Mono,0.03327505020153919,,CD16,Mono,0.42705765160553005,unknown,cDC2,DC,0.4284899448040799,,CD16,Mono,0.4898252322091546,unknown,Other,Other,0.030438165594546374,db_only
AAGCCGCAGGTAAACT-1,CD4 Naive,T,T-mito,T,0.013823004634408704,,T-mito,T,0.11863330710324417,low_confidence,CD4 Naive,T,0.1988543090957575,,CD4 Naive,T,0.1859953621456562,low_confidence,Other,Other,0.024285637888507156,db_only
AAGACCTCATCGGGTC-1,CD8 Tem,T,CD8 Naive,T,0.08355700103667149,,CD4+CD8+,T,0.2266272556864824,low_confidence,CD4+CD8+,T,0.34873420687971973,,CD4+CD8+,T,0.2719527068237789,low_confidence,Effector memory CD8 T cell,T,0.07294224148737133,db_only
AGAATAGTCTCTGTCG-1,MEG,Other,T-mito,T,0.0055444488519567426,,T-mito,T,0.21275406845761202,unknown,CD4 TCM,T,0.4524410408866721,,CD4 TCM,T,0.33933078066500405,unknown,Lymphocyte,Other,0.12255391171752002,db_only
GGGCACTAGTACTTGC-3,ASC,B,ASC,B,0.005375171052878583,,ASC,B,0.43441512007859395,consistent,ASC,B,0.5030069811436351,,ASC,B,0.4191724842863625,consistent,Other,Other,0.017556949030065494,db_only
TATCTCATCGTAGATC-1,NK1,NK,CD4+CD8+,T,0.04362097517403733,,CD4+CD8+,T,0.3564960162819708,consistent,CD4+CD8+,T,0.4753280217092944,,CD4+CD8+,T,0.3564960162819708,consistent,Other,Other,0.021186492996341913,db_only
AACTCTTGTGCATCTA-1,CD4+CD8,T,CD4+CD8+,T,0.01412655580889683,,CD4+CD8+,T,0.3820633190814573,unknown,CD4+CD8+,T,0.4366437932359512,,CD4+CD8+,T,0.4366437932359512,unknown,Lymphocyte,Other,0.021628298557184896,db_only
GTCAAGTCACGGTTTA-3,ASC,B,ASC,B,0.02714073697818682,,ASC,B,0.25066234485299044,unknown,ASC,B,0.34466072417286187,,ASC,B,0.2872172701440515,unknown,Cytotoxic CD8 T cell,T,0.03026501628992423,db_only
ACGATACGTAACGACG-1,Naive BC,B,Naive,B,0.11921702086537636,,Naive,B,0.5191911467539314,consistent,Naive,B,0.6607887322322763,,Naive,B,0.5781901407032417,consistent,Immature B cell,B,0.07454130167847192,db_only
ACTGCTCCAATAAGCA-1,CD8 Naive,T,CD4 Naive,T,0.0611994521186032,,CD4 Naive,T,0.3167311626253966,unknown,CD4 Naive,T,0.4322638771584222,,CD4 Naive,T,0.36951968972962934,unknown,Lymphocyte,Other,0.03272017800429188,db_only
CATTATCAGTACCGGA-1,pDC,DC,pDC,DC,0.0042714766870567316,,pDC,DC,0.4002457766862312,unknown,pDC,DC,0.48029493202347745,,pDC,DC,0.43663175638497953,unknown,Cytotoxic CD8 T cell,T,0.10812180767410634,db_only
AACTGGTCACGGTAGA-1,NK3,NK,CD8 CTL,T,0.1344394723451398,,NK3,NK,0.2658649977685564,unknown,NK2,NK,0.5236740902606245,,CD4+CD8+,T,0.32623361940148565,consistent,Activated CD8+ T cell,T,0.052034077223004675,db_only
ACTGATGAGCAGACTG-1,CD4 Tem,T,CD4+CD8+,T,0.015111836860935686,,CD4+CD8+,T,0.11002364831305014,unknown,CD8 Naive,T,0.18228654743708447,,CD8 Naive,T,0.11102428768998973,unknown,Lymphocyte,Other,0.07182506670481524,db_only
AGAATAGAGCTGCGAA-1,MEG,Other,CD4+CD8+,T,0.050676347186346136,,CD4+CD8+,T,0.05127098726656139,unknown,Platelet,Other,0.3362007934456805,,pDC,DC,0.05152765105055832,unknown,Other,Other,0.15678307725991983,db_only
AATCCAGCATACAGCT-1,CD4-CD8,T,CD4+CD8+,T,0.020256468974027504,,CD4+CD8+,T,0.331930920321191,consistent,CD4+CD8+,T,0.44257456042825466,,CD4+CD8+,T,0.38725274037472285,consistent,Other,Other,0.05501873277702164,db_only
TTATGCTGTTATCACG-1,CD4 Tcm,T,T-mito,T,0.00617463038988227,,T-mito,T,0.28316363919063275,unknown,T-mito,T,0.33313369316545033,,T-mito,T,0.3123128373426097,unknown,Lymphocyte,Other,0.06767092396672757,db_only
GTCACAATCCTTTCGG-1,cDC,DC,cDC2,DC,0.027689883550927802,,cDC2,DC,0.4338303034389295,unknown,cDC2,DC,0.6817333339754607,,cDC2,DC,0.4958060610730623,unknown,Other,Other,0.05277369427441594,db_only
CTGAAACGTAATAGCA-2,pDC,DC,pDC,DC,0.0009675020494123819,,pDC,DC,0.3285304029886004,unknown,pDC,DC,0.3754633177012576,,pDC,DC,0.2901307454964263,unknown,Cytotoxic CD8 T cell,T,0.13827706848349225,db_only
ACAGCCGCACCCATTC-1,CD4-CD8,T,NK3,NK,0.06562847206692803,,CD4+CD8+,T,0.22368880171506034,low_confidence,NK3,NK,0.4879176517499038,,CD4+CD8+,T,0.26842656205807236,low_confidence,Cytotoxic CD8 T cell,T,0.06897071672785639,db_only
GTTACAGCAAAGGTGC-1,cDC,DC,cDC2,DC,0.02849009791923661,,cDC2,DC,0.32235660409674444,unknown,cDC2,DC,0.5065603778663127,,cDC2,DC,0.3684075475391365,unknown,Immature B cell,B,0.07121736486528311,db_only
AACACGTTCTTAGCCC-1,CD8 CTL,T,CD4+CD8+,T,0.04234005847249682,,CD4+CD8+,T,0.2145069155502814,low_confidence,CD4+CD8+,T,0.28600922073370855,,CD4+CD8+,T,0.2145069155502814,low_confidence,Cytotoxic CD8 T cell,T,0.05237944439407658,db_only
CTCTACGGTCTCTCGT-1,NK1,NK,NK2,NK,0.08120913967698581,,NK2,NK,0.19064186237243932,unknown,CD4+CD8+,T,0.4109339295654647,,NK2,NK,0.2723455176749133,unknown,Cytotoxic CD8 T cell,T,0.030695763184939783,db_only
AAACCTGAGACACTAA-1,CD4-CD8,T,CD4+CD8+,T,0.01226388106061841,,CD4+CD8+,T,0.24404750395175698,unknown,CD4+CD8+,T,0.27891143308772226,,CD4+CD8+,T,0.24404750395175698,unknown,Lymphocyte,Other,0.030504160805008472,db_only
ATAACGCCATACAGCT-2,pDC,DC,pDC,DC,0.0021755184519090414,,pDC,DC,0.4348757226203964,unknown,pDC,DC,0.4744098792222506,,pDC,DC,0.4312817083838642,unknown,Cytotoxic CD8 T cell,T,0.07759304671858229,db_only
AGAATAGAGGATTCGG-1,NK2,NK,CD4+CD8+,T,0.060055045323521704,,CD4+CD8+,T,0.46163567480839585,consistent,CD4+CD8+,T,0.46163567480839585,,CD4+CD8+,T,0.3462267561062969,consistent,Other,Other,0.0332130064141708,db_only
ACGCCAGAGATCTGAA-1,CD4-CD8,T,CD4+CD8+,T,0.046696408903085115,,CD4+CD8+,T,0.34620567379804196,unknown,CD4+CD8+,T,0.3956636271977622,,CD4+CD8+,T,0.34620567379804196,unknown,Lymphocyte,Other,0.061579521616641195,db_only
ACGATACGTCAACTGT-1,CD4-CD8,T,CD4+CD8+,T,0.04359455435945072,,CD4+CD8+,T,0.22971937459972158,low_confidence,CD4+CD8+,T,0.36755099935955454,,CD4+CD8+,T,0.3216071244396102,consistent,Effector memory CD8 T cell,T,0.07108355351969849,db_only
CCTAAAGGTCATATGC-1,CD4+CD8,T,CD4+CD8+,T,0.006810584962489866,,CD4+CD8+,T,0.25063700378418374,low_confidence,CD4+CD8+,T,0.33418267171224497,,CD4+CD8+,T,0.33418267171224497,consistent,Cytotoxic CD8 T cell,T,0.033752745463972694,db_only
AGGTCCGGTTGTTTGG-1,NK1,NK,NK1,NK,0.08215122173880925,,NK1,NK,0.30083513633087366,unknown,NK3,NK,0.47096973696409344,,NK1,NK,0.37819274281595544,unknown,Other,Other,0.02813572977396807,db_only
TAGGCATGTTGATTGC-1,pDC,DC,pDC,DC,0.00036559586892264344,,pDC,DC,0.31902715060630743,unknown,pDC,DC,0.4253695341417432,,pDC,DC,0.3480296188432444,unknown,Immature B cell,B,0.03302969534853243,db_only
ACGGAGAAGAGTGACC-1,CD4 Naive,T,T-mito,T,0.045378183018294944,,T-mito,T,0.03715547859318633,low_confidence,CD4 Naive,T,0.21624220445043973,,CD4 Naive,T,0.15926196793147074,low_confidence,Other,Other,0.024585784473208833,db_only
AGCTTGACACGTTGGC-1,Memory BC,B,ABC,B,0.02372104415004928,,ABC,B,0.24634147419656813,low_confidence,ABC,B,0.33709885942688267,,ABC,B,0.3230530736174292,consistent,Other,Other,0.07320299273821096,db_only
TCTTCGGTCTGTTTGT-3,ASC,B,ASC,B,0.001953939196718133,,ASC,B,0.3733889912199858,consistent,ASC,B,0.45636432260220494,,ASC,B,0.38030360216850406,consistent,Other,Other,0.024435176080651027,db_only
GAAGCAGTCCAGAAGG-1,NK1,NK,CD4+CD8+,T,0.03535890769947018,,CD4+CD8+,T,0.1518509534035882,low_confidence,CD4+CD8+,T,0.3037019068071764,,CD4+CD8+,T,0.18981369175448526,low_confidence,Other,Other,0.019113602913786006,db_only
CAGTAACCAATACGCT-2,ASC,B,ASC,B,0.00204640280678145,,ASC,B,0.4430987074488523,consistent,ASC,B,0.5130616612565658,,ASC,B,0.42755138438047147,consistent,Other,Other,0.019136148268833107,db_only
ACAGCTAAGTGTCCCG-1,CD14,Mono,CD14,Mono,0.04967809017598939,,CD14,Mono,0.4921930156221549,consistent,CD14,Mono,0.5715789858837927,,CD14,Mono,0.5497775362898355,consistent,Other,Other,0.1620240079929996,db_only
TTATGCTTCGCATGGC-1,T-mito,T,T-mito,T,0.008802878765803476,,T-mito,T,0.3090026996735572,unknown,NK Proliferating,NK,0.42850954406310754,,NK Proliferating,NK,0.42850954406310754,unknown,Other,Other,0.14371262848328742,db_only
ATAAGAGCAATGAATG-1,T-mito,T,T-mito,T,0.012685865464708861,,T-mito,T,0.22182815604990402,low_confidence,T-mito,T,0.2609743012351812,,T-mito,T,0.21204161975358474,low_confidence,Cytotoxic CD8 T cell,T,0.027201263601004746,db_only
ACATCAGAGGGTGTTG-1,CD8 Naive,T,T-mito,T,0.022567041790527344,,T-mito,T,0.19375439606167133,low_confidence,T-mito,T,0.2767919943738162,,T-mito,T,0.22489349542872566,low_confidence,Other,Other,0.021307910406998722,db_only
ACGAGCCTCTGCGGCA-1,Naive BC,B,Naive,B,0.08197757816261303,,Naive,B,0.4255324622358031,consistent,Naive,B,0.5673766163144042,,Naive,B,0.46558346134106077,consistent,Immature B cell,B,0.043209601175377005,db_only
AAACCTGAGTTCCACA-1,CD14,Mono,Intermed,Other,0.017095661160307526,,Intermed,Other,0.06314140763519918,low_confidence,Intermed,Other,0.12628281527039836,,Intermed,Other,0.08049532892970129,low_confidence,Other,Other,0.01974633279110904,db_only
CACACCTGTCTAACGT-1,T-mito,T,NK2,NK,0.04647690569640918,,CD4+CD8+,T,0.2076149287336262,low_confidence,NK2,NK,0.5146237342101494,,CD4+CD8+,T,0.36332612528384584,consistent,Cytotoxic CD8 T cell,T,0.07661364382285803,db_only
AAAGCAATCACTTATC-1,CD8 CTL,T,CD4+CD8+,T,0.013487567524188487,,CD4+CD8+,T,0.24782331831826432,low_confidence,CD4+CD8+,T,0.3304310910910191,,CD4+CD8+,T,0.2891272047046417,low_confidence,Other,Other,0.020892606958197082,db_only
ACAGCTACATGTCGAT-1,CD8 Tem,T,CD4+CD8+,T,0.04203986150987592,,CD4+CD8+,T,0.24271705749469252,low_confidence,CD4+CD8+,T,0.3236227433262567,,CD4+CD8+,T,0.20226421457891042,low_confidence,Effector memory CD8 T cell,T,0.04401139108200007,db_only
AGCGTATAGAAGGCCT-1,ASC,B,ASC,B,0.006940342479967685,,ASC,B,0.3948821599880006,consistent,ASC,B,0.4826337510964452,,ASC,B,0.40219479258037094,consistent,Other,Other,0.02292799923443427,db_only
GAACATCTCATCTGCC-1,T-mito,T,T-mito,T,0.0046042139369457885,,T-mito,T,0.316003340545298,consistent,T-mito,T,0.3717686359356447,,T-mito,T,0.3485330961896669,consistent,Other,Other,0.02006900519627863,db_only
GTCGTAAAGCTACCTA-1,T-mito,T,CD4+CD8+,T,0.010333801836631967,,CD4+CD8+,T,0.08072970722563108,unknown,CD8 Naive,T,0.21280612135733631,,CD8 Naive,T,0.11845892012046078,unknown,Lymphocyte,Other,0.09941965978661427,db_only
AAGACCTTCTATCCCG-1,CD8 Naive,T,CD4 Naive,T,0.031241248861600266,,CD4+CD8+,T,0.03587667166572183,low_confidence,CD4 Naive,T,0.42952228705668727,,CD4 Naive,T,0.20837685888147514,low_confidence,Other,Other,0.027221073208327486,db_only
ACGGGCTGTACGACCC-1,NK2,NK,NK2,NK,0.05729352829571895,,NK2,NK,0.3580872182580268,unknown,NK2,NK,0.4774496243440357,,NK2,NK,0.4376621556486994,unknown,Cytotoxic CD8 T cell,T,0.052590856691463725,db_only
CGAACATGTCTCCACT-1,MEG,Other,cDC2,DC,0.04661766233605375,,cDC2,DC,0.31899032472715577,unknown,cDC2,DC,0.5286853095777019,,cDC2,DC,0.2487961239855688,unknown,Other,Other,0.14519035238243005,db_only
GCGCAACAGAACTCGG-1,NK1,NK,NK1,NK,0.014932798104306736,,NK1,NK,0.165021404688009,unknown,NK_CD56bright,NK,0.3045604732958193,,NK_CD56bright,NK,0.15228023664790966,unknown,Effector memory CD8 T cell,T,0.07998294952458095,db_only
AGGGATGTCGATAGAA-1,CD16,Mono,CD16,Mono,0.030731408399090974,,CD16,Mono,0.4489827249082862,unknown,cDC2,DC,0.4438392262648908,,CD16,Mono,0.4876239591616215,unknown,Other,Other,0.04527878028822055,db_only
AGATTGCGTAGCAAAT-1,MEG,Other,CD14,Mono,0.06733791422555445,,CD14,Mono,0.06316892234898874,unknown,cDC2,DC,0.18883680428186755,,cDC2,DC,0.10317163054194321,unknown,Other,Other,0.15325856765669724,db_only
AAGGTTCTCACAATGC-1,CD8 Tem,T,CD4+CD8+,T,0.01987030153859911,,CD4+CD8+,T,0.3179146501852052,consistent,CD4+CD8+,T,0.4238862002469403,,CD4+CD8+,T,0.3179146501852052,consistent,Effector memory CD8 T cell,T,0.04311627730412385,db_only
AACCGCGCAAGTACCT-1,NK2,NK,NK2,NK,0.04250399811651786,,NK2,NK,0.4141978006190262,unknown,NK2,NK,0.584749836168037,,NK2,NK,0.4872915301400308,unknown,Cytotoxic CD8 T cell,T,0.07275198771159137,db_only
CAGCAGCTCTCGCTTG-1,CD16,Mono,CD16,Mono,0.060203821599547985,,CD16,Mono,0.48744153977771265,unknown,CD16,Mono,0.4979656909659807,,CD16,Mono,0.46071967250670054,unknown,Other,Other,0.04743221588197367,db_only
GCCAAATCATCCGCGA-2,ASC,B,ASC,B,0.0027485550675883756,,ASC,B,0.41302886470407985,unknown,ASC,B,0.534507942558221,,ASC,B,0.4454232854651841,unknown,Other,Other,0.03019467244647204,db_only
AGAGCTTAGAGTAAGG-1,CD4-CD8,T,CD4+CD8+,T,0.035933903266975875,,CD4+CD8+,T,0.22737215285464052,low_confidence,CD4+CD8+,T,0.36379544456742485,,CD4+CD8+,T,0.27284658342556867,low_confidence,Effector memory CD8 T cell,T,0.057364258659829706,db_only
AAAGCAAGTGTTTGGT-1,NK3,NK,NK2,NK,0.07991110497534765,,NK3,NK,0.28677767461316106,unknown,NK2,NK,0.5370830256554773,,NK3,NK,0.34951029093479,unknown,Activated CD8+ T cell,T,0.039227766509074995,db_only
TGCGTGGAGGCGTACA-1,T-mito,T,T-mito,T,0.01255923243829048,,T-mito,T,0.2984803054366477,unknown,T-mito,T,0.33164478381849744,,T-mito,T,0.31091698482984137,unknown,Other,Other,0.024357326240167634,db_only
ACGGGCTAGCGTGTCC-1,CD4 Tem,T,CD4 Tem,T,0.04450635486391813,,CD4 Naive,T,0.43410960287572525,unknown,CD4 Tem,T,0.4604032327143673,,CD4 Naive,T,0.36175800239643774,unknown,Lymphocyte,Other,0.02569974202566129,db_only
ATCTGCCGTCGGGTCT-1,Memory BC,B,CD4+CD8+,T,0.021535991101480988,,CD4+CD8+,T,0.25889422202119594,unknown,CD4+CD8+,T,0.4529898654649612,,CD4+CD8+,T,0.25889422202119594,unknown,Immature B cell,B,0.06406129448235189,db_only
ACTTACTTCAGTTTGG-1,CD4-CD8,T,CD4+CD8+,T,0.021717247520916215,,CD4+CD8+,T,0.39938878770963643,unknown,CD4+CD8+,T,0.45644432881101304,,CD4+CD8+,T,0.45644432881101304,unknown,Other,Other,0.027991517330086285,db_only
ATAGACCAGTACTTGC-1,Memory BC,B,Memory,B,0.07642772811155599,,Memory,B,0.41683009244721203,unknown,Memory,B,0.5584256585594306,,Memory,B,0.6669281479155392,unknown,Lymphocyte,Other,0.10310219998709005,db_only
ACCGTAACACAGAGGT-1,CD8 CTL,T,CD4+CD8+,T,0.039891867411666844,,CD4+CD8+,T,0.27395566080812805,low_confidence,CD4+CD8+,T,0.3652742144108374,,CD4+CD8+,T,0.3652742144108374,consistent,Activated CD8+ T cell,T,0.04456422474678444,db_only
ACACTGAGTTCAGACT-1,CD8 Tem,T,T-mito,T,0.0058296627101109355,,T-mito,T,0.2763069167331841,low_confidence,T-mito,T,0.3684092223109121,,T-mito,T,0.3453836459164801,consistent,Other,Other,0.029053782435579312,db_only
AAGGTTCGTAGGCTGA-1,NK2,NK,CD4+CD8+,T,0.05145280073889595,,CD4+CD8+,T,0.29898502861580445,low_confidence,CD4+CD8+,T,0.3986467048210726,,CD4+CD8+,T,0.29898502861580445,low_confidence,Cytotoxic CD8 T cell,T,0.04334930427510546,db_only
ATCATCTCATGTCCTC-1,Naive BC,B,Memory,B,0.033826617916600556,,Memory,B,0.17394894739773917,low_confidence,Memory,B,0.2764643417067338,,Memory,B,0.27900135893677963,low_confidence,Immature B cell,B,0.08423566868872524,db_only
ACGGGCTGTTCAGTAC-1,CD4 Naive,T,T-mito,T,0.018808479589617174,,T-mito,T,0.22093031760225487,low_confidence,T-mito,T,0.31290591995896117,,T-mito,T,0.2564369757883316,low_confidence,Other,Other,0.022721290966330306,db_only
AATCGGTGTCACACGC-1,CD8 Naive,T,T-mito,T,0.015333709032020668,,T-mito,T,0.20675502102255663,low_confidence,T-mito,T,0.2953643157465095,,T-mito,T,0.22152323680988212,low_confidence,Other,Other,0.02734713829496675,db_only
AACCATGTCCATTCTA-1,CD4 Tem,T,T-mito,T,0.003107021285406193,,T-mito,T,0.23172244221617064,unknown,T-mito,T,0.3564960649479548,,T-mito,T,0.2673720487109661,unknown,Other,Other,0.02268284013091537,db_only
AACTCTTGTTCAGACT-1,CD14,Mono,CD14,Mono,0.017900190404520688,,CD14,Mono,0.36954915992156584,consistent,CD14,Mono,0.4291538631347216,,CD14,Mono,0.3786651733541661,consistent,Other,Other,0.18016678336257042,db_only
CATCCACTCAAGGCTT-1,MEG,Other,CD4+CD8+,T,0.06452803815448728,,CD4+CD8+,T,0.26085312581578823,low_confidence,CD4+CD8+,T,0.34780416775438433,,CD4+CD8+,T,0.3043286467850863,consistent,Cytotoxic CD8 T cell,T,0.1077729708220264,db_only
AAACCTGAGCCACTAT-1,Naive BC,B,ABC,B,0.0040251658063343455,,ABC,B,0.1193123336991775,low_confidence,ABC,B,0.18247768683403617,,B naive,B,0.10919043911408018,low_confidence,Other,Other,0.09315240783775243,db_only
ACGCCGATCCAGATCA-1,CD4-CD8,T,CD4+CD8+,T,0.030025371517340062,,CD4+CD8+,T,0.22085142684022546,low_confidence,CD4+CD8+,T,0.4417028536804509,,CD4+CD8+,T,0.33127714026033817,consistent,Other,Other,0.049542310066040506,db_only
AAGTCTGTCCAAATGC-1,CD8 CTL,T,CD4+CD8+,T,0.026152267225069005,,CD4+CD8+,T,0.3614712255689117,consistent,CD4+CD8+,T,0.4131099720787562,,CD4+CD8+,T,0.3614712255689117,consistent,Activated CD8+ T cell,T,0.05272370588405026,db_only
AACTGGTGTTGTGGCC-1,CD14,Mono,CD14,Mono,0.053758324017079834,,CD14,Mono,0.4357697530264886,consistent,CD14,Mono,0.506055197063019,,CD14,Mono,0.44503784604489943,consistent,Other,Other,0.221409256494339,db_only
ATCCGAAAGTTAGGTA-1,MEG,Other,CD16,Mono,0.13972360902534894,,CD16,Mono,0.08918502728024937,unknown,CD16,Mono,0.16350588334712385,,CD16,Mono,0.10219117709195241,unknown,Other,Other,0.23374672233397198,db_only
CGTGTCTCAAGAGTCG-1,cDC,DC,cDC2,DC,0.02923057264548532,,cDC2,DC,0.2995779082918944,unknown,cDC2,DC,0.46499049415729893,,cDC2,DC,0.23249524707864946,unknown,Other,Other,0.07391528144094794,db_only
CGCCAAGCAGGGATTG-1,T-mito,T,T-mito,T,0.012523762361578445,,T-mito,T,0.32218147483592097,consistent,T-mito,T,0.4027268435449012,,T-mito,T,0.35238598810178856,consistent,Cytotoxic CD8 T cell,T,0.049858670115145665,db_only
CTACGTCAGATCGATA-1,CD16,Mono,CD16,Mono,0.046956324178933063,,CD16,Mono,0.414585000548851,unknown,CD16,Mono,0.40026476970874897,,cDC2,DC,0.22853448095764625,unknown,Other,Other,0.04949600779577444,db_only
ACGCCAGCAATACGCT-1,CD4 Tem,T,T-mito,T,0.007432050999820569,,T-mito,T,0.16180015550798327,unknown,T-mito,T,0.2941821009236059,,T-mito,T,0.2390229570004298,unknown,Lymphocyte,Other,0.07641338512718208,db_only
AAATGCCCACTTACGA-1,NK2,NK,NK2,NK,0.03997186438191729,,NK2,NK,0.37515618190782174,unknown,NK2,NK,0.5002082425437623,,NK3,NK,0.41013849127073604,unknown,Other,Other,0.07083496419531991,db_only
GGCGTGTTCTGCGTAA-2,pDC,DC,pDC,DC,0.006489322296656243,,pDC,DC,0.39536259563932546,unknown,pDC,DC,0.4518429664449434,,pDC,DC,0.41076633313176675,unknown,Cytotoxic CD8 T cell,T,0.04457831493188008,db_only
TGGTTCCCAGGCGATA-1,NK1,NK,NK2,NK,0.05477946642598737,,NK2,NK,0.24846696142825322,unknown,NK3,NK,0.4327732932068647,,NK3,NK,0.27048330825429046,unknown,Other,Other,0.02160548422281816,db_only
ACGATACCACGCTTTC-1,Memory BC,B,ABC,B,0.04464211922315534,,ABC,B,0.44373403094647834,consistent,ABC,B,0.5493849906956398,,ABC,B,0.5077691061932784,consistent,Immature B cell,B,0.11035253486584078,db_only
AAGGCAGAGACTAGGC-1,NK3,NK,CD4+CD8+,T,0.03618653791282736,,CD4+CD8+,T,0.2768953323690692,low_confidence,CD4+CD8+,T,0.36428799942825,,CD4+CD8+,T,0.3691937764920923,consistent,Activated CD8+ T cell,T,0.023787349703298422,db_only
AAAGTAGAGGCACATG-1,CD14,Mono,cDC2,DC,0.031832624073370196,,cDC2,DC,0.2614894760611114,unknown,cDC2,DC,0.47939737277870426,,cDC2,DC,0.2614894760611114,unknown,Other,Other,0.17854352049551817,db_only
AACTCAGGTCGCTTCT-1,CD8 CTL,T,CD4+CD8+,T,0.011841334783553327,,CD4+CD8+,T,0.18072963360684136,low_confidence,CD4+CD8+,T,0.2891674137709462,,CD4+CD8+,T,0.2891674137709462,low_confidence,Activated CD8+ T cell,T,0.045071796450779245,db_only
ACACCAATCGAATCCA-2,CD4 Tcm,T,CD4+CD8+,T,0.007754707719528601,,CD4+CD8+,T,0.09484023947858147,unknown,cDC1,DC,0.1854810623296092,,CD4 Naive,T,0.14169982153903699,unknown,Lymphocyte,Other,0.03697308283250394,db_only
ATTACTCAGTTACGGG-1,Naive BC,B,Naive,B,0.052044140923693166,,Naive,B,0.4260842641176571,consistent,Naive,B,0.5902457435922775,,Naive,B,0.52195322354413,consistent,Immature B cell,B,0.08047368255825801,db_only
CCCAGTTCACTGTGTA-1,NK1,NK,NK1,NK,0.05512241608801607,,NK1,NK,0.30403035594502226,unknown,NK1,NK,0.5174215493785027,,NK1,NK,0.40654550308310927,unknown,Effector memory CD8 T cell,T,0.07800387256738875,db_only
AACGTTGTCAGCTCTC-1,CD8 CTL,T,T-mito,T,0.009482077087102147,,T-mito,T,0.25916254252445564,low_confidence,T-mito,T,0.36851109766381934,,T-mito,T,0.32395317815556957,consistent,Activated CD8+ T cell,T,0.025123469734849857,db_only
ACACCCTGTGCCTGTG-1,CD8 CTL,T,CD4+CD8+,T,0.0477665401126398,,CD4+CD8+,T,0.33921421506574,consistent,CD4+CD8+,T,0.45228562008765333,,CD4+CD8+,T,0.45228562008765333,consistent,Cytotoxic CD8 T cell,T,0.05712929533401818,db_only
CTCACACGTCGATTGT-1,cDC,DC,cDC2,DC,0.029196488765664975,,cDC2,DC,0.3001690408976214,unknown,cDC2,DC,0.4895136340784497,,cDC2,DC,0.28925805650090214,unknown,Other,Other,0.07675375211254089,db_only
AACTCAGGTACCGAGA-1,CD4 Tcm,T,T-mito,T,0.0015884906095313166,,T-mito,T,0.2510901563426189,low_confidence,T-mito,T,0.41848359390436485,,T-mito,T,0.3400179200472964,consistent,Other,Other,0.025106588641025166,db_only
ACACCGGTCGGAGCAA-1,CD8 CTL,T,CD4+CD8+,T,0.030957104266638065,,CD4+CD8+,T,0.2739808704228387,low_confidence,CD4+CD8+,T,0.3653078272304516,,CD4+CD8+,T,0.3653078272304516,consistent,Activated CD8+ T cell,T,0.03021641410609393,db_only
CGCTATCAGATCACGG-1,CD16,Mono,CD16,Mono,0.035305839540817015,,CD16,Mono,0.46107899669374147,unknown,cDC2,DC,0.4543417142197579,,CD16,Mono,0.571941820680315,unknown,Other,Other,0.04351034252365446,db_only
AGAGCTTGTCGCGAAA-1,CD4-CD8,T,CD4+CD8+,T,0.04108957246379633,,CD4+CD8+,T,0.3148265847470821,consistent,CD4+CD8+,T,0.5037225355953313,,CD4+CD8+,T,0.37779190169649846,consistent,Cytotoxic CD8 T cell,T,0.044667819315552776,db_only
AACTCCCGTGGCGAAT-1,NK1,NK,NK1,NK,0.08499596050311056,,NK1,NK,0.20394972673618073,unknown,NK1,NK,0.29665414797989925,,NK1,NK,0.2542749839827708,unknown,Other,Other,0.01788729219884308,db_only
AGTCTTTTCTCGGACG-1,CD16,Mono,CD16,Mono,0.022811053614674573,,CD16,Mono,0.4316891012331945,unknown,cDC2,DC,0.41352519054269843,,CD16,Mono,0.5462420658729124,unknown,Other,Other,0.04214524820160752,db_only
AATCCAGCAAAGTGCG-2,CD4 Tcm,T,T-mito,T,0.003832233871789345,,T-mito,T,0.22959231482254455,unknown,T-mito,T,0.35321894588083774,,T-mito,T,0.30906657764573303,unknown,Lymphocyte,Other,0.052269853760605264,db_only
ACACCAATCAGAGGTG-1,CD14,Mono,CD14,Mono,0.08298400484098706,,Intermed,Other,0.015457834120060627,low_confidence,pDC,DC,0.12278649946415957,,pDC,DC,0.07744502614560221,unknown,Other,Other,0.09215761576549793,db_only
CATCAGAAGTCTCAAC-1,MEG,Other,NK3,NK,0.07437827263407383,,NK3,NK,0.3833390392592021,unknown,NK3,NK,0.5750085588888032,,NK3,NK,0.44000491690027177,unknown,Activated CD8+ T cell,T,0.043008958003685344,db_only
AACGTTGTCCAAAGTC-1,CD8 CTL,T,CD4+CD8+,T,0.029658143049297536,,CD4+CD8+,T,0.28192161161062335,low_confidence,CD4+CD8+,T,0.3758954821474978,,CD4+CD8+,T,0.28192161161062335,low_confidence,Other,Other,0.04024087422610921,db_only
CACCTTGCAGACTCGC-1,MEG,Other,T-mito,T,0.004973824548011706,,T-mito,T,0.18360178121562026,low_confidence,T-mito,T,0.2824642787932619,,T-mito,T,0.264810261368683,low_confidence,Other,Other,0.023607507047325085,db_only
AAAGCAAAGCTAGTCT-1,CD8 Tem,T,CD8 Naive,T,0.05284673353467609,,CD8 Naive,T,0.411142853530148,consistent,CD8 Naive,T,0.49337142423617764,,CD8 Naive,T,0.24668571211808882,low_confidence,Effector memory CD8 T cell,T,0.09043943515214925,db_only
ACTGTCCTCGAATGCT-1,MEG,Other,CD4+CD8+,T,0.02608592352871507,,CD4+CD8+,T,0.27365482640296385,low_confidence,CD4+CD8+,T,0.36487310187061844,,CD4+CD8+,T,0.27365482640296385,low_confidence,Activated CD8+ T cell,T,0.03881940166186766,db_only
AAGACCTCATTTCACT-1,MEG,Other,CD4+CD8+,T,0.05675499307734912,,CD4+CD8+,T,0.3700876398723118,consistent,CD4+CD8+,T,0.4229573027112135,,CD4+CD8+,T,0.3700876398723118,consistent,Cytotoxic CD8 T cell,T,0.029986844282294433,db_only
AGTCTTTGTACAGCAG-1,MEG,Other,CD4+CD8+,T,0.04343809279048546,,CD4+CD8+,T,0.3023507187164173,consistent,CD4+CD8+,T,0.34554367853304835,,CD4+CD8+,T,0.25915775889978626,low_confidence,Cytotoxic CD8 T cell,T,0.053371679116815486,db_only
AGTGAGGCAAGTCATC-1,ASC,B,ASC,B,0.008676912639905535,,ASC,B,0.551788527065323,consistent,ASC,B,0.758709224714819,,ASC,B,0.6322576872623491,consistent,Other,Other,0.02769710449149096,db_only
GTGTTAGCATATGGTC-1,NK1,NK,NK2,NK,0.13330522697528735,,NK2,NK,0.32553147812293454,unknown,NK2,NK,0.45957385146767227,,NK2,NK,0.3829782095563935,unknown,Other,Other,0.032388900702079976,db_only
AACCGCGGTGGTTTCA-1,CD4 Naive,T,CD4 Naive,T,0.048146318124596715,,CD4 Naive,T,0.3435838996502297,unknown,CD4 Naive,T,0.42287249187720577,,CD4 Naive,T,0.3171543689079043,unknown,Lymphocyte,Other,0.05215196801465069,db_only
ACGGGTCGTCGAACAG-1,NK2,NK,NK3,NK,0.05226141945563125,,NK3,NK,0.24131295327649593,unknown,NK3,NK,0.48262590655299187,,CD4+CD8+,T,0.3734580077940795,consistent,Cytotoxic CD8 T cell,T,0.07077229292599317,db_only
ACCTTTAGTGATAAGT-1,CD8 Tem,T,T-mito,T,0.007883367755933785,,T-mito,T,0.21081660853687162,low_confidence,T-mito,T,0.3011665836241023,,T-mito,T,0.22587493771807673,low_confidence,Effector memory CD8 T cell,T,0.045940725879497414,db_only
CGGACGTGTAGCTAAA-1,NK1,NK,NK2,NK,0.03881214837531041,,NK2,NK,0.30957944562236267,unknown,NK_CD56bright,NK,0.4116238701169976,,NK2,NK,0.34397716180262516,unknown,Cytotoxic CD8 T cell,T,0.04019238534588409,db_only
ACTGAGTCAATAACGA-1,CD4 Naive,T,CD4 Naive,T,0.01820417558068511,,CD4 Naive,T,0.6397647681331209,unknown,CD4 Naive,T,0.6331510366809712,,CD4 Naive,T,0.6397647681331209,unknown,Lymphocyte,Other,0.051056771339631185,db_only
CACACAAAGGCCCTTG-1,Memory BC,B,ABC,B,0.012490946141500734,,ABC,B,0.2798059346118374,low_confidence,ABC,B,0.3306797409048987,,ABC,B,0.3169014183671946,consistent,Immature B cell,B,0.08463069262406384,db_only
AGGTCCGGTCCGTGAC-1,CD8 Naive,T,CD4+CD8+,T,0.021333225642085066,,CD4+CD8+,T,0.06205753502662378,low_confidence,CD4 Naive,T,0.22919827029065093,,CD4 Naive,T,0.19344831936405715,low_confidence,Other,Other,0.028904900472097525,db_only
ATCCGAAGTAGATTAG-1,Memory BC,B,Naive,B,0.09481873266170743,,Naive,B,0.3849773709428029,unknown,Naive,B,0.48997119938174916,,Naive,B,0.4350778484895267,unknown,Lymphocyte,Other,0.10609334857055382,db_only
CTAAGACTCACCGGGT-1,T-mito,T,T-mito,T,0.0033414085375788644,,T-mito,T,0.35394659838621817,consistent,T-mito,T,0.44243324798277267,,T-mito,T,0.38712909198492607,consistent,Other,Other,0.020666471855646087,db_only
CATATTCAGATCCCGC-2,pDC,DC,pDC,DC,0.0021533896652686088,,pDC,DC,0.41281250152583737,unknown,pDC,DC,0.4953750018310049,,pDC,DC,0.40530681967991306,unknown,Cytotoxic CD8 T cell,T,0.09491819431495864,db_only
ACGGGCTCACAGGAGT-1,CD8 Naive,T,T-mito,T,0.012131823961112615,,T-mito,T,0.2027877077251783,low_confidence,T-mito,T,0.3119810888079666,,T-mito,T,0.2729834527069708,low_confidence,Other,Other,0.027071366213230773,db_only
AGTGTCAGTTCCACTC-1,CD4+CD8,T,CD4+CD8+,T,0.009993328135883264,,CD4+CD8+,T,0.428119188675892,consistent,CD4+CD8+,T,0.428119188675892,,CD4+CD8+,T,0.428119188675892,consistent,Cytotoxic CD8 T cell,T,0.02706622794794079,db_only
ATTTCTGGTCTAGGTT-1,Naive BC,B,Naive,B,0.046971232259157225,,Naive,B,0.4547375710467898,consistent,Naive,B,0.5810943146285951,,Naive,B,0.5305271662212548,consistent,Immature B cell,B,0.07398487337303161,db_only
GTATTCTGTCACACGC-1,T-mito,T,CD4+CD8+,T,0.009530599863443756,,CD4+CD8+,T,0.11416908403327915,low_confidence,CD4+CD8+,T,0.2283381680665583,,CD4+CD8+,T,0.14271135504159893,low_confidence,Other,Other,0.028059830239942046,db_only
AGGTCCGTCTCGTTTA-3,ASC,B,ASC,B,0.0028547735581495007,,ASC,B,0.44263918851095113,consistent,ASC,B,0.48690310736204623,,ASC,B,0.40575258946837184,consistent,Other,Other,0.02453305666247181,db_only
AAAGCAACAGCCAGAA-1,NK3,NK,NK3,NK,0.04007568874137748,,NK3,NK,0.33395698901205817,unknown,NK3,NK,0.5009354835180873,,NK3,NK,0.4696270157982068,unknown,Cytotoxic CD8 T cell,T,0.062328912258669086,db_only
ACGCAGCGTCTCTTAT-4,ASC,B,ASC,B,0.005181762308432016,,ASC,B,0.42722713763765846,unknown,ASC,B,0.4946840541067624,,ASC,B,0.4122367117556353,unknown,Other,Other,0.020580065859105677,db_only
ATGTGTGGTTACGGAG-1,CD16,Mono,CD16,Mono,0.02491662138084404,,CD16,Mono,0.4977463959745166,unknown,cDC2,DC,0.4587801125801044,,CD16,Mono,0.5895303753445423,unknown,Other,Other,0.037754230896779574,db_only
CGGTTAATCGTCGTTC-1,RBC,Other,CD4 Tcm,T,0.047250793655900944,,T-mito,T,0.09347856575364914,unknown,CD4 Tcm,T,0.26135199122402314,,CD4 Tcm,T,0.14739068829647095,unknown,Other,Other,0.7103699681815647,db_only
ACATCAGGTGGCTCCA-1,CD8 CTL,T,CD4+CD8+,T,0.03684212839881855,,CD4+CD8+,T,0.2245188767557541,low_confidence,CD4+CD8+,T,0.2993585023410055,,CD4+CD8+,T,0.2993585023410055,low_confidence,Activated CD8+ T cell,T,0.02490914790585828,db_only
CGTAGCGGTCTGATTG-1,CD16,Mono,CD16,Mono,0.04775748427224807,,CD16,Mono,0.4680044025906523,unknown,CD16,Mono,0.4297965900881272,,cDC2,DC,0.2579242310931842,unknown,Other,Other,0.044203983922518876,db_only
GATCGCGCAGTTAACC-1,cDC,DC,cDC1,DC,0.010386422695468517,,cDC1,DC,0.4649290401139564,unknown,cDC1,DC,0.5699130169138821,,cDC1,DC,0.3256645810936469,unknown,Immature B cell,B,0.09623262997332052,db_only
ACGCCAGAGAGTTGGC-1,CD4+CD8,T,CD4+CD8+,T,0.01651764840265128,,CD4+CD8+,T,0.46365946622809245,consistent,CD4+CD8+,T,0.46365946622809245,,CD4+CD8+,T,0.4057020329495809,consistent,Cytotoxic CD8 T cell,T,0.024571253992358356,db_only
ACGGGCTAGGACGAAA-1,CD4 Naive,T,T-mito,T,0.011006969876660284,,T-mito,T,0.08815055139703469,unknown,CD4 Naive,T,0.20964505962163166,,CD4 Naive,T,0.16407291140771932,unknown,Lymphocyte,Other,0.06812999406410178,db_only
AAAGCAATCTGATACG-1,NK3,NK,NK3,NK,0.0545274120978932,,NK3,NK,0.28034515801374993,unknown,NK3,NK,0.4205177370206249,,NK3,NK,0.3416706613292577,unknown,Activated CD8+ T cell,T,0.03153595804777666,db_only
ATGGGAGAGCTGAACG-1,cDC,DC,cDC2,DC,0.03597996030485439,,cDC2,DC,0.29685843439648285,unknown,CD16,Mono,0.43212437095257894,,CD16,Mono,0.4094589882456074,unknown,Immature B cell,B,0.042428383545495094,db_only
AACCGCGAGAGTCGGT-1,NK1,NK,CD4+CD8+,T,0.03122976422747915,,CD4+CD8+,T,0.37561392610021915,consistent,CD4+CD8+,T,0.5008185681336256,,CD4+CD8+,T,0.37561392610021915,consistent,Effector memory CD8 T cell,T,0.03274133443314632,db_only
ACATGGTAGGCACATG-1,CD4 Tem,T,T-mito,T,0.005916062449534255,,T-mito,T,0.1897531528668777,unknown,T-mito,T,0.2919279274875041,,T-mito,T,0.25543693655156613,unknown,Lymphocyte,Other,0.03528862920671689,db_only
AAAGATGGTTCCCTTG-1,Memory BC,B,ABC,B,0.04224295835700168,,ABC,B,0.43966741970026163,consistent,ABC,B,0.569940444911803,,ABC,B,0.4989876271201382,consistent,Immature B cell,B,0.1065883377664059,db_only
GTCACGGAGCAGACTG-1,cDC,DC,cDC2,DC,0.030532020657391468,,cDC2,DC,0.3279867180878778,unknown,cDC2,DC,0.5021185466406355,,cDC2,DC,0.32326412645064645,unknown,Immature B cell,B,0.044772244653481466,db_only
AGAGCTTTCACGAAGG-1,CD4-CD8,T,CD4+CD8+,T,0.03674486810853806,,CD4+CD8+,T,0.18880097909231983,low_confidence,CD4+CD8+,T,0.37760195818463965,,CD4+CD8+,T,0.2832014686384797,low_confidence,Effector memory CD8 T cell,T,0.053596493081484745,db_only
ACACTGAAGTCGCCGT-1,NK2,NK,NK2,NK,0.08586860568860785,,NK2,NK,0.4044855535713629,unknown,NK2,NK,0.48538266428563553,,NK2,NK,0.4044855535713629,unknown,Cytotoxic CD8 T cell,T,0.06823289611842817,db_only
AACTCTTCAGATGGCA-1,CD4 Tem,T,CD4+CD8+,T,0.017074875119230618,,CD4+CD8+,T,0.045840771726630036,unknown,cDC1,DC,0.2075507194976095,,CD8 TCM,T,0.24360164829248418,unknown,Lymphocyte,Other,0.054797912116883944,db_only
ACGGGCTAGACCCACC-1,NK2,NK,CD4+CD8+,T,0.0327768931986136,,CD4+CD8+,T,0.3309274357098911,consistent,CD4+CD8+,T,0.44123658094652146,,CD4+CD8+,T,0.3309274357098911,consistent,Cytotoxic CD8 T cell,T,0.06871414566564049,db_only
AAGCCGCAGGTGGGTT-1,CD4 Tem,T,T-mito,T,0.009145960304896002,,T-mito,T,0.19117873995962706,unknown,T-mito,T,0.3168416769715289,,T-mito,T,0.29871678118691725,unknown,Lymphocyte,Other,0.06745351170657048,db_only
CATATTCTCAGGTAAA-1,CD4+CD8,T,CD4+CD8+,T,0.0183145859882692,,CD4+CD8+,T,0.5241594547516532,consistent,CD4+CD8+,T,0.5241594547516532,,CD4+CD8+,T,0.4586395229076965,consistent,Cytotoxic CD8 T cell,T,0.05345796218938164,db_only
GCTTCCATCCGTCAAA-1,RBC,Other,CD4 Tcm,T,0.10263011683314363,,CD4 Tcm,T,0.1252291722605607,unknown,CD4 Tcm,T,0.2504583445211214,,CD4 Tcm,T,0.1252291722605607,unknown,Other,Other,0.5857787523499232,db_only
AGTTGGTTCAGCTGGC-1,CD8 Naive,T,T-mito,T,0.010172664379056489,,T-mito,T,0.20653746572671314,low_confidence,T-mito,T,0.29505352246673305,,T-mito,T,0.2581718321583914,low_confidence,Other,Other,0.03486346280513798,db_only
AACACGTCACTATCTT-1,NK3,NK,CD4+CD8+,T,0.056222340422800755,,CD4+CD8+,T,0.33210442393855355,consistent,CD4+CD8+,T,0.37954791307263264,,CD4+CD8+,T,0.33210442393855355,consistent,Activated CD8+ T cell,T,0.03986547051133246,db_only
CACATAGCAGTATCTG-1,CD16,Mono,Intermed,Other,0.058718462777818656,,CD16,Mono,0.38826062057408034,unknown,Intermed,Other,0.44215466692787603,,cDC2,DC,0.26143548941809597,unknown,Other,Other,0.0399937005391409,db_only
AACACGTGTTGTCGCG-1,Naive BC,B,Naive,B,0.08222523952252385,,Memory,B,0.1773702914054298,low_confidence,Naive,B,0.6034275619386623,,Memory,B,0.28379246624868765,low_confidence,Immature B cell,B,0.08066586581538722,db_only
ACTGAGTGTACTTAGC-1,CD4-CD8,T,CD4+CD8+,T,0.011331794571279198,,CD4+CD8+,T,0.20248292723654493,unknown,CD4+CD8+,T,0.32397268357847187,,CD4+CD8+,T,0.28347609813116287,unknown,Lymphocyte,Other,0.055083383986282514,db_only
ACTATCTGTTCAGGCC-1,cDC,DC,cDC2,DC,0.026030083512101218,,cDC2,DC,0.359299119704527,unknown,cDC2,DC,0.5269720422333062,,cDC2,DC,0.359299119704527,unknown,Other,Other,0.1267207882582873,db_only
AAGGCAGCACTTGGAT-1,CD14,Mono,CD14,Mono,0.028705437669737117,,CD14,Mono,0.3523573380871871,consistent,CD14,Mono,0.5731478576066058,,CD14,Mono,0.4304818157626268,consistent,Other,Other,0.15046755738143663,db_only
AAACCTGGTCCATGAT-1,CD8 Tem,T,CD4+CD8+,T,0.04649113418625865,,CD4+CD8+,T,0.23522471632467296,low_confidence,CD4+CD8+,T,0.37635954611947675,,CD4+CD8+,T,0.23522471632467296,low_confidence,Effector memory CD8 T cell,T,0.04766552053582236,db_only
CTCGTACCAGTGACAG-2,pDC,DC,NK2,NK,0.08125692039239593,,CD4+CD8+,T,0.1446918067119045,low_confidence,NK2,NK,0.4512853181033458,,NK2,NK,0.24263053655565653,unknown,Cytotoxic CD8 T cell,T,0.026780445162144024,db_only
ACTTACTTCGGAGGTA-1,CD4 Tem,T,T-mito,T,0.008446136256442876,,T-mito,T,0.06689748358584915,unknown,CD4 TCM,T,0.3609125879445003,,cDC1,DC,0.09901317807969187,unknown,Lymphocyte,Other,0.17845180877634512,db_only
AACTCAGTCAGCTCTC-1,NK3,NK,NK3,NK,0.06059903300085637,,CD4+CD8+,T,0.29383474254932285,low_confidence,NK3,NK,0.5218729375426582,,NK3,NK,0.25690080650744906,unknown,Cytotoxic CD8 T cell,T,0.05812343619170107,db_only
AAGACCTAGAAACGCC-1,NK3,NK,CD4+CD8+,T,0.017363730624996836,,CD4+CD8+,T,0.28180051685689494,low_confidence,CD4+CD8+,T,0.3757340224758599,,CD4+CD8+,T,0.28180051685689494,low_confidence,Cytotoxic CD8 T cell,T,0.07033610548298794,db_only
ACGCAGCAGCGATTCT-1,CD4 Tcm,T,CD4+CD8+,T,0.010521962489283887,,CD4+CD8+,T,0.20807676849681228,unknown,CD4+CD8+,T,0.33292282959489966,,CD4+CD8+,T,0.33292282959489966,unknown,Lymphocyte,Other,0.05467847230068172,db_only
AACCATGGTTCGAATC-1,CD4 Tem,T,CD4 Tem,T,0.04951595914834188,,CD4 Tem,T,0.37971211443765274,unknown,CD4 Tem,T,0.5906632891252377,,CD4 Tem,T,0.531596960212714,unknown,Lymphocyte,Other,0.041998753660856425,db_only
CGAGCCAGTCAGGACA-1,NK1,NK,NK2,NK,0.10845325099645216,,NK2,NK,0.35147765779710244,unknown,NK3,NK,0.48601218700234466,,NK3,NK,0.39488490193940506,unknown,Cytotoxic CD8 T cell,T,0.04742758802074234,db_only
AACTCTTGTGTCCTCT-1,CD4 Tem,T,T-mito,T,0.006954138905479798,,T-mito,T,0.1430274915576637,unknown,T-mito,T,0.2600499846502976,,T-mito,T,0.2112906125283668,unknown,Lymphocyte,Other,0.027566029521234298,db_only
ACTGATGTCTCTAGGA-2,pDC,DC,cDC2,DC,0.0461051881412964,,cDC2,DC,0.13499601315218782,unknown,Intermed,Other,0.33233958281233744,,T-mito,T,0.3497081329451534,unknown,Immature B cell,B,0.05017321048439614,db_only
CTCCTAGCATGGGAAC-1,CD16,Mono,CD16,Mono,0.024991033687057806,,CD16,Mono,0.43431183772179677,unknown,cDC2,DC,0.3939500488240714,,cDC2,DC,0.21843852124771804,unknown,Immature B cell,B,0.03255237468836608,db_only
ACGCCAGAGTACGCCC-1,CD4 Tem,T,T-mito,T,0.0034935937426034376,,T-mito,T,0.3277104094211452,unknown,T-mito,T,0.3855416581425238,,T-mito,T,0.3373489508747083,unknown,Lymphocyte,Other,0.048276362669802605,db_only
AAGACCTCAGATGGGT-1,NK3,NK,NK3,NK,0.05854244272036404,,CD4+CD8+,T,0.32266437139747634,consistent,NK3,NK,0.46934351610455954,,NK3,NK,0.3813416068349546,unknown,Activated CD8+ T cell,T,0.043823700245122756,db_only
CACACCTAGCGATGAC-1,NK1,NK,NK1,NK,0.052455340371874284,,NK1,NK,0.41697263260968465,unknown,NK1,NK,0.5503122033637835,,NK1,NK,0.4765401515539254,unknown,Effector memory CD8 T cell,T,0.03906094402337814,db_only
ACGATGTTCTGTTTGT-1,CD8 Naive,T,CD4 Naive,T,0.015933674947975113,,CD4 Naive,T,0.476063636406542,consistent,CD4 Naive,T,0.6347515152087226,,CD4 Naive,T,0.5554075758076323,consistent,Other,Other,0.02758447194387723,db_only
AGTGAGGAGACGCAAC-1,Memory BC,B,Memory,B,0.05688197488606432,,Memory,B,0.4433391242785249,unknown,Memory,B,0.5911188323713665,,Memory,B,0.6076426551817313,unknown,Lymphocyte,Other,0.16177907705017858,db_only
ACAGCTAGTAAGCACG-1,Memory BC,B,T-mito,T,0.06257683019340438,,cDC1,DC,0.2154311181677321,unknown,ABC,B,0.3046335954110703,,cDC1,DC,0.18481897577938805,unknown,Lymphocyte,Other,0.0658458544477819,db_only
AAGACCTGTTTGTTTC-1,NK3,NK,CD4+CD8+,T,0.020579334620567595,,CD4+CD8+,T,0.30512308640529145,consistent,CD4+CD8+,T,0.3487120987489045,,CD4+CD8+,T,0.3487120987489045,consistent,Cytotoxic CD8 T cell,T,0.05224751139321303,db_only
CGGACTGTCTCTGAGA-1,CD16,Mono,CD16,Mono,0.05752037970022049,,CD16,Mono,0.5670244660274435,unknown,CD16,Mono,0.5280601248465516,,CD16,Mono,0.5127232642205233,unknown,Other,Other,0.060262442365876905,db_only
AAACGGGGTAAGAGGA-1,NK3,NK,NK3,NK,0.055337098778580715,,NK3,NK,0.28228182625350984,unknown,NK3,NK,0.42342273938026476,,NK3,NK,0.31756705453519857,unknown,Cytotoxic CD8 T cell,T,0.07281268227979307,db_only
AAGACCTCAATGGAAT-1,Memory BC,B,CD4+CD8+,T,0.013845794873514559,,CD4+CD8+,T,0.17974315192266152,unknown,ASC,B,0.28052503210010654,,ASC,B,0.2534571037386059,unknown,Lymphocyte,Other,0.05843590197400117,db_only
AAACGGGAGTGGGATC-1,NK2,NK,NK2,NK,0.06700716719689559,,CD4+CD8+,T,0.3346525655182455,consistent,NK2,NK,0.4845986617979723,,NK2,NK,0.439947911401228,unknown,Cytotoxic CD8 T cell,T,0.04257368987904074,db_only
CTACATTAGCTGAACG-1,CD4 Tcm,T,T-mito,T,0.006648194624279449,,T-mito,T,0.23983231467953792,unknown,T-mito,T,0.3426175923993399,,T-mito,T,0.3212039928743812,unknown,Lymphocyte,Other,0.040292946122225955,db_only
AGTCTTTGTGCGGTAA-1,Naive BC,B,Naive,B,0.059966149968044544,,Naive,B,0.3672776302910686,consistent,Naive,B,0.5100107276269297,,Naive,B,0.4735948390595358,consistent,Immature B cell,B,0.06947492533234009,db_only
GACTACAGTAAACGCG-1,T-mito,T,T-mito,T,0.006888738695884357,,T-mito,T,0.33317732434104075,unknown,T-mito,T,0.3919733227541656,,T-mito,T,0.3674749900820302,unknown,Other,Other,0.057644852424975815,db_only
CCTAAAGCAACTGCGC-1,cDC,DC,cDC2,DC,0.033726160001506876,,cDC2,DC,0.31371342986208306,unknown,cDC2,DC,0.46011303046438845,,cDC2,DC,0.3346276585195552,unknown,Immature B cell,B,0.09614669676806592,db_only
AGGTCCGTCCTACAGA-1,Memory BC,B,CD4+CD8+,T,0.01147385778861319,,T-mito,T,0.2708055113075785,unknown,cDC1,DC,0.2917232241257036,,T-mito,T,0.3159397631921749,unknown,Lymphocyte,Other,0.05335619620106387,db_only
CACCTTGTCCCATTAT-1,MEG,Other,CD4+CD8+,T,0.014114866142916621,,CD4+CD8+,T,0.10668294316247405,low_confidence,cDC1,DC,0.21812428230125286,,ASC,B,0.2050388091919027,unknown,Effector memory CD8 T cell,T,0.07611060987621836,db_only
AAACGGGTCGTTACGA-1,NK3,NK,CD4+CD8+,T,0.03739570687153207,,CD4+CD8+,T,0.2555232163719863,low_confidence,CD4+CD8+,T,0.34069762182931507,,CD4+CD8+,T,0.2555232163719863,low_confidence,Activated CD8+ T cell,T,0.02948227988050114,db_only
AAGGCAGAGCAGCCTC-1,NK3,NK,CD4+CD8+,T,0.026034267997057464,,CD4+CD8+,T,0.2793344462908981,low_confidence,CD4+CD8+,T,0.37244592838786417,,CD4+CD8+,T,0.2793344462908981,low_confidence,Activated CD8+ T cell,T,0.03966894477073018,db_only
AAACCTGGTGAGGGAG-1,CD8 CTL,T,CD4+CD8+,T,0.05337259535804525,,CD4+CD8+,T,0.2179397032322643,low_confidence,CD4 CTL,T,0.3145223357932413,,CD4+CD8+,T,0.2542629871043084,low_confidence,Activated CD8+ T cell,T,0.02344302162428071,db_only
ACGGGTCAGGGCTTGA-1,CD8 Naive,T,T-mito,T,0.012608816613788426,,T-mito,T,0.21294330438790482,low_confidence,T-mito,T,0.3276050836736997,,T-mito,T,0.28665444821448727,low_confidence,Other,Other,0.04161712861130517,db_only
CGAATGTCAGAAGCAC-1,RBC,Other,CD4 Tcm,T,0.003508111943282001,,CD4 Tcm,T,0.05923184228168539,unknown,CD4 Tcm,T,0.24246512584672028,,CD4 Tcm,T,0.12123256292336014,unknown,Other,Other,0.5945407199257736,db_only
TGACTTTGTATGAATG-1,NK1,NK,CD4+CD8+,T,0.04369075438089565,,CD4+CD8+,T,0.32990561271507757,consistent,CD4+CD8+,T,0.43987415028677007,,CD4+CD8+,T,0.32990561271507757,consistent,Effector memory CD8 T cell,T,0.052309636915049425,db_only
ACGAGCCAGCTGCAAG-1,CD4+CD8,T,CD4+CD8+,T,0.007156408297201617,,CD4+CD8+,T,0.33942960203818207,consistent,CD4+CD8+,T,0.45257280271757605,,CD4+CD8+,T,0.39600120237787906,consistent,Activated CD8+ T cell,T,0.02703248805523351,db_only
ACACCAATCTACTCAT-1,CD4+CD8,T,CD4+CD8+,T,0.00929235704540764,,CD4+CD8+,T,0.5039598775311116,consistent,CD4+CD8+,T,0.5759541457498418,,CD4+CD8+,T,0.5039598775311116,consistent,Cytotoxic CD8 T cell,T,0.042931722743041786,db_only
AAGGTTCGTGTCCTCT-1,CD8 CTL,T,CD4+CD8+,T,0.045929480422077645,,CD4+CD8+,T,0.1961275712528902,low_confidence,CD4+CD8+,T,0.2615034283371869,,CD4 Tex,T,0.28798328074743146,low_confidence,Activated CD8+ T cell,T,0.03839372519795051,db_only
AACCGCGTCCCTAACC-1,ASC,B,ASC,B,0.003354354304758431,,ASC,B,0.30961090443960054,unknown,ASC,B,0.4257149936044507,,ASC,B,0.35476249467037557,unknown,Other,Other,0.03034434469665356,db_only
AGGGAGTCAAGCGTAG-2,T-mito,T,T-mito,T,0.008151905791002917,,T-mito,T,0.13765436300435563,unknown,CD8 TCM,T,0.3489400270188095,,T-mito,T,0.17206795375544454,unknown,Lymphocyte,Other,0.06347776160108791,db_only
AGATCTGGTCTGGAGA-2,T-mito,T,T-mito,T,0.042458257054020725,,T-mito,T,0.49085062434389426,unknown,T-mito,T,0.5774713227575227,,T-mito,T,0.5347566197525974,unknown,Other,Other,0.06125044376238776,db_only
AGCTTGAGTCATGCAT-1,CD4-CD8,T,CD4+CD8+,T,0.060135996997547944,,CD4+CD8+,T,0.3659365063324155,consistent,CD4+CD8+,T,0.487915341776554,,CD4+CD8+,T,0.42692592405448476,consistent,Activated CD8+ T cell,T,0.03536277376945989,db_only
GGGACCTCACGGTTTA-1,NK1,NK,NK1,NK,0.081885219385552,,NK1,NK,0.32839446285136276,unknown,NK1,NK,0.5398120600044868,,NK1,NK,0.41283875329885605,unknown,Other,Other,0.02700512952964482,db_only
ACACTGAAGGCTCAGA-1,CD8 Naive,T,T-mito,T,0.004496758184000544,,T-mito,T,0.21878932107419116,low_confidence,T-mito,T,0.31255617296313026,,T-mito,T,0.273486651342739,low_confidence,Other,Other,0.0295736132235039,db_only
AACTCAGGTCGAACAG-1,CD8 CTL,T,CD4+CD8+,T,0.0191200567052299,,CD4+CD8+,T,0.2295427789312494,low_confidence,CD4+CD8+,T,0.3060570385749992,,CD4+CD8+,T,0.2677999087531243,low_confidence,Activated CD8+ T cell,T,0.0687037016405009,db_only
AAATGCCTCGAACGGA-1,CD4 Tem,T,T-mito,T,0.011252358877682155,,T-mito,T,0.05870624090280302,unknown,CD4 Tem,T,0.20747109434065783,,CD4 Tem,T,0.2215375287521709,unknown,Lymphocyte,Other,0.04536420255407744,db_only
AAGACCTGTGATGTCT-1,CD14,Mono,CD14,Mono,0.04581297505722608,,CD14,Mono,0.4964384275604667,consistent,CD14,Mono,0.5857361448623919,,CD14,Mono,0.5420669595053625,consistent,Other,Other,0.1486679083727384,db_only
ACTATCTGTGTTGGGA-1,CD4-CD8,T,CD4+CD8+,T,0.020306924543849504,,CD4+CD8+,T,0.20028121888415543,low_confidence,CD4+CD8+,T,0.32044995021464867,,ASC,B,0.2726523088479987,unknown,Other,Other,0.03679017935923708,db_only
CTTTGCGCACTACAGT-1,CD4 Tcm,T,T-mito,T,0.005279157425464314,,T-mito,T,0.32955830586685764,consistent,T-mito,T,0.411947882333572,,T-mito,T,0.38620113968772374,consistent,Effector memory CD8 T cell,T,0.031181989625903427,db_only
AACTCTTGTACCGTAT-1,NK3,NK,CD4+CD8+,T,0.034092858469260766,,CD4+CD8+,T,0.28285862662967665,low_confidence,CD4+CD8+,T,0.37714483550623557,,CD4+CD8+,T,0.3300017310679561,consistent,Activated CD8+ T cell,T,0.03457315351281292,db_only
AACACGTCAAGAGTCG-1,NK3,NK,NK3,NK,0.08811287742887028,,CD4+CD8+,T,0.3280021004206637,consistent,NK3,NK,0.45514182275019527,,CD4+CD8+,T,0.3280021004206637,consistent,Cytotoxic CD8 T cell,T,0.04437644077299985,db_only
ATTCTACTCTTACCGC-1,CD4+CD8,T,CD4+CD8+,T,0.020355212770814687,,CD4+CD8+,T,0.516647249280844,consistent,CD4+CD8+,T,0.516647249280844,,CD4+CD8+,T,0.45206634312073857,consistent,Cytotoxic CD8 T cell,T,0.06891117713385796,db_only
TGGACGCGTAAGTAGT-1,T-mito,T,T-mito,T,0.011505401604553867,,T-mito,T,0.24894425798383973,low_confidence,T-mito,T,0.3319256773117863,,T-mito,T,0.290434967647813,low_confidence,Activated CD8+ T cell,T,0.0225226656758969,db_only
TGATTTCAGTGATCGG-2,ASC,B,ASC,B,0.00405601190733746,,ASC,B,0.27356013396248546,unknown,ASC,B,0.42988021051247716,,ASC,B,0.3582335087603976,unknown,Other,Other,0.018944189880251566,db_only
AAAGCAATCTTCGAGA-1,NK3,NK,NK2,NK,0.06790934686409393,,NK2,NK,0.38889250482921583,unknown,NK2,NK,0.46667100579505905,,NK2,NK,0.38889250482921583,unknown,Other,Other,0.03112070667338944,db_only
AGAGTGGGTCGACTGC-1,CD4-CD8,T,CD4+CD8+,T,0.044117942661139165,,CD4+CD8+,T,0.3876222030890488,consistent,CD4+CD8+,T,0.5168296041187318,,CD4+CD8+,T,0.3876222030890488,consistent,Cytotoxic CD8 T cell,T,0.04150858574410044,db_only
AGGCCGTTCATCTGCC-1,CD4+CD8,T,CD4+CD8+,T,0.014795359831182757,,CD4+CD8+,T,0.2994843343668139,low_confidence,CD4+CD8+,T,0.39931244582241854,,CD4+CD8+,T,0.2994843343668139,low_confidence,Activated CD8+ T cell,T,0.018553390113237554,db_only
AATCGGTAGTAACCCT-1,CD8 Tem,T,CD4+CD8+,T,0.02303339617093752,,CD4+CD8+,T,0.307142368270899,unknown,CD4+CD8+,T,0.409523157694532,,CD4+CD8+,T,0.307142368270899,unknown,Lymphocyte,Other,0.042784504310508516,db_only
CACAGGCAGACTAGGC-1,CD4+CD8,T,CD4+CD8+,T,0.018784641071303163,,CD4+CD8+,T,0.21188175383740934,low_confidence,CD4+CD8+,T,0.33901080613985496,,CD4+CD8+,T,0.2966344553723731,low_confidence,Other,Other,0.02040113300138777,db_only
ACGCCGATCTGATACG-1,CD4 Tcm,T,T-mito,T,0.005339704418314118,,T-mito,T,0.24770463679098978,unknown,T-mito,T,0.3538637668442711,,T-mito,T,0.28751431056097027,unknown,Lymphocyte,Other,0.07836880431945428,db_only
CAGCATAGTATGAAAC-1,Naive BC,B,Naive,B,0.064973136634964,,Memory,B,0.4193536284200466,consistent,Naive,B,0.5917476199335245,,Memory,B,0.3183058549164662,consistent,Immature B cell,B,0.07034503084704057,db_only
ACGTCAAAGCCCGAAA-1,CD4 Naive,T,T-mito,T,0.00639936845196276,,T-mito,T,0.23592375631262977,unknown,T-mito,T,0.3629596250963535,,T-mito,T,0.29490469539078723,unknown,Lymphocyte,Other,0.04570316386451968,db_only
AAACCTGCAGTGGAGT-1,CD8 CTL,T,CD4+CD8+,T,0.025126950415754103,,CD4+CD8+,T,0.23115857859947173,low_confidence,CD4+CD8+,T,0.30821143813262897,,CD4+CD8+,T,0.26968500836605036,low_confidence,Activated CD8+ T cell,T,0.022621303086507276,db_only
AAAGATGTCGTTACGA-1,CD16,Mono,CD16,Mono,0.04188532942366407,,CD16,Mono,0.44017572917561565,unknown,CD16,Mono,0.4349621469960671,,cDC2,DC,0.24136748346647094,unknown,Other,Other,0.052166783136046724,db_only
AACTCTTTCATGGTCA-1,CD4+CD8,T,CD4+CD8+,T,0.015796363914802842,,CD4+CD8+,T,0.5491963788230845,consistent,CD4+CD8+,T,0.5491963788230845,,CD4+CD8+,T,0.48054683147019894,consistent,Activated CD8+ T cell,T,0.035973978793624156,db_only
CCTTCGAAGAAGAAGC-1,CD16,Mono,CD16,Mono,0.046692283028888046,,CD16,Mono,0.4768099874929752,unknown,CD16,Mono,0.44859674458276927,,CD16,Mono,0.5604834700194851,unknown,Other,Other,0.04237487673036965,db_only
AACTCTTTCTTGTATC-1,CD14,Mono,CD14,Mono,0.04051921608989866,,CD14,Mono,0.23709070887799316,low_confidence,CD14,Mono,0.3975139517133293,,Intermed,Other,0.22389373392041406,unknown,Other,Other,0.09769625060619157,db_only
TCTGGAAAGAAGAAGC-1,NK1,NK,NK1,NK,0.03686284703709165,,NK1,NK,0.4265293420344316,unknown,NK1,NK,0.5687057893792421,,NK1,NK,0.44684026308369024,unknown,Other,Other,0.054901271601616564,db_only
AATCCAGCATGCCCGA-1,CD8 Tem,T,T-mito,T,0.011931028760414675,,T-mito,T,0.19076056078128148,low_confidence,T-mito,T,0.3179342679688025,,T-mito,T,0.258321592724652,low_confidence,Effector memory CD8 T cell,T,0.046486813842604766,db_only
CTTGGCTCAGCCAATT-1,cDC,DC,cDC2,DC,0.03872197683705878,,cDC2,DC,0.3609967480646215,unknown,cDC2,DC,0.5294618971614449,,cDC2,DC,0.3850631979355963,unknown,Immature B cell,B,0.058541451302324146,db_only
ATTGGACGTCAGTGGA-2,ASC,B,ASC,B,0.004556538199137889,,ASC,B,0.31732646174083934,consistent,ASC,B,0.4102544980898658,,ASC,B,0.3421588011357847,consistent,Other,Other,0.09412234555414614,db_only
AAGGCAGCAATAAGCA-1,Memory BC,B,ABC,B,0.08982510628167607,,ABC,B,0.4139306173863975,consistent,ABC,B,0.5622334805348796,,ABC,B,0.5611796405253875,consistent,Immature B cell,B,0.0686499389252737,db_only
ATAACGCGTCTCCATC-1,CD4+CD8,T,CD4+CD8+,T,0.02292518663813815,,CD4+CD8+,T,0.34362203528709034,unknown,CD4+CD8+,T,0.3927108974709604,,CD4+CD8+,T,0.24544431091935023,unknown,Lymphocyte,Other,0.02612788604568606,db_only
AAGGAGCAGGCATTGG-1,CD14,Mono,CD14,Mono,0.0334919933399482,,CD14,Mono,0.4113073643153364,consistent,CD14,Mono,0.5159875181969508,,CD14,Mono,0.44621592519703646,consistent,Other,Other,0.24890724672417763,db_only
CAACCAATCTACCAGA-2,T-mito,T,T-mito,T,0.01559877764035143,,T-mito,T,0.12346512724713933,low_confidence,cDC1,DC,0.2504255352634841,,ASC,B,0.22647340480552255,unknown,Cytotoxic CD8 T cell,T,0.06400210473913412,db_only
CACCAGGCACGAAACG-1,CD4+CD8,T,CD4+CD8+,T,0.014378929253330536,,CD4+CD8+,T,0.3459514922182743,consistent,CD4+CD8+,T,0.3953731339637421,,CD4+CD8+,T,0.29652985047280656,low_confidence,Activated CD8+ T cell,T,0.047112702657567125,db_only
TGACAACCACCGTTGG-1,pDC,DC,pDC,DC,0.002391998282535411,,pDC,DC,0.43424475863145146,unknown,pDC,DC,0.49627972415023025,,pDC,DC,0.45116338559111846,unknown,Cytotoxic CD8 T cell,T,0.10202845938349527,db_only
ACGTCAATCAGCCTAA-1,CD4 Tem,T,T-mito,T,0.0042006596512431296,,T-mito,T,0.2100108890717892,unknown,T-mito,T,0.350018148452982,,T-mito,T,0.28438974561804786,unknown,Lymphocyte,Other,0.06531729784859241,db_only
AAGGAGCTCAACTCTT-1,NK3,NK,NK2,NK,0.0789512375715665,,CD4+CD8+,T,0.36798477816801967,consistent,NK2,NK,0.507524446028169,,NK2,NK,0.4229370383568075,unknown,Cytotoxic CD8 T cell,T,0.04953598525609731,db_only
TACCTATGTCGAAAGC-1,pDC,DC,pDC,DC,0.0035137245076226043,,pDC,DC,0.3891904931252024,unknown,pDC,DC,0.5901288433656895,,pDC,DC,0.5096567283612773,unknown,Cytotoxic CD8 T cell,T,0.04704897173388482,db_only
ACGAGCCTCTTGACGA-1,MEG,Other,NK2,NK,0.06708737065416139,,CD4+CD8+,T,0.3347284403641765,consistent,NK2,NK,0.4083930543587001,,CD4+CD8+,T,0.3905165137582059,consistent,Cytotoxic CD8 T cell,T,0.06591713699540314,db_only
ACAGCCGCACCGCTAG-1,CD14,Mono,cDC2,DC,0.04003615459222713,,cDC2,DC,0.31796315223778515,unknown,cDC1,DC,0.4312052246882536,,cDC1,DC,0.2237629449047703,unknown,Other,Other,0.1413692116996976,db_only
AAATGCCCATGCGCAC-1,CD4 Tem,T,T-mito,T,0.01732923948800157,,T-mito,T,0.12550723116204943,unknown,T-mito,T,0.20917871860341572,,ASC,B,0.18805205669394556,unknown,Lymphocyte,Other,0.05295794783017636,db_only
AGTTGGTAGTGTGGCA-1,Memory BC,B,ABC,B,0.08807972177065285,,ABC,B,0.5450898130745663,consistent,ABC,B,0.5808181363588271,,ABC,B,0.617355507989755,consistent,Immature B cell,B,0.09217897824445627,db_only
ACCGTAAGTATCGCAT-1,CD4 Naive,T,T-mito,T,0.016966937505384472,,T-mito,T,0.17985318700495964,low_confidence,T-mito,T,0.276697210776861,,T-mito,T,0.20752290808264573,low_confidence,Other,Other,0.04055511883543659,db_only
AAGGCAGAGGGCTCTC-1,NK3,NK,NK3,NK,0.06823447946460887,,CD4+CD8+,T,0.34033425289373487,consistent,NK3,NK,0.4480537664995028,,NK3,NK,0.364043685280846,unknown,Cytotoxic CD8 T cell,T,0.0672360803803947,db_only
AGAGCGACAAAGGAAG-1,CD4 Tem,T,T-mito,T,0.012126013667597142,,T-mito,T,0.18740315319070042,unknown,T-mito,T,0.2883125433703083,,T-mito,T,0.2522734754490198,unknown,Lymphocyte,Other,0.08713500065598714,db_only
AACCGCGTCCTCCTAG-1,CD4 Naive,T,T-mito,T,0.011071123430212415,,T-mito,T,0.18877058617283124,low_confidence,T-mito,T,0.3138755477483461,,T-mito,T,0.25562683544237563,low_confidence,Other,Other,0.050033152762391765,db_only
AGACGTTTCAACACCA-1,NK2,NK,NK2,NK,0.07296356938094303,,NK2,NK,0.449074113049793,unknown,NK2,NK,0.5672515112207911,,NK2,NK,0.47270959268399254,unknown,Cytotoxic CD8 T cell,T,0.053816738704625354,db_only
ACCCACTCATTGGGCC-2,RBC,Other,CD4 Tcm,T,0.03238955100231249,,CD4 Tcm,T,0.0865782993281144,unknown,CD4 Tcm,T,0.1731565986562288,,CD4 Tcm,T,0.0865782993281144,unknown,Other,Other,0.5063403697032299,db_only
AAAGCAAGTCTTGATG-1,NK3,NK,NK2,NK,0.07063937034188747,,NK2,NK,0.32490764377418935,unknown,NK2,NK,0.45869314415179674,,NK2,NK,0.3822442867931639,unknown,Cytotoxic CD8 T cell,T,0.10199125793561618,db_only
AGCAGCCTCAAAGACA-1,MEG,Other,CD4 Tex,T,0.017769246292668343,,CD8 CTL,T,0.08442359627553647,unknown,CD4 Tex,T,0.21182640151588628,,cDC2,DC,0.10746384771158672,unknown,Other,Other,0.08466038449362083,db_only
CAACTAGAGCCTCGTG-1,Naive BC,B,Naive,B,0.027984045527837547,,Naive,B,0.31937770632931184,consistent,Naive,B,0.5260338692482783,,Naive,B,0.46027963559224355,consistent,Immature B cell,B,0.04849055259459056,db_only
CGATGTAGTTCACCTC-1,CD16,Mono,Intermed,Other,0.030014724039118,,Intermed,Other,0.06828082071789052,unknown,cDC2,DC,0.4278303698934716,,CD14,Mono,0.41186209671472207,unknown,Other,Other,0.05197539523910544,db_only
AAATGCCGTTGTTTGG-1,pDC,DC,pDC,DC,0.009778220776766367,,pDC,DC,0.3183526853220355,unknown,pDC,DC,0.4804898015364847,,pDC,DC,0.366587940673859,unknown,Cytotoxic CD8 T cell,T,0.07262090191439291,db_only
ACGATGTGTCTTGATG-1,CD4-CD8,T,CD4+CD8+,T,0.031846054790443216,,CD4+CD8+,T,0.3672595248957332,consistent,CD4+CD8+,T,0.3672595248957332,,CD4+CD8+,T,0.32135208428376655,consistent,Cytotoxic CD8 T cell,T,0.038315475322678,db_only
AGCGTATCACCTATCC-1,T-mito,T,NK3,NK,0.06035606065827448,,NK3,NK,0.25550114512797467,unknown,NK3,NK,0.38325171769196203,,NK3,NK,0.31139202062471916,unknown,Cytotoxic CD8 T cell,T,0.0350091432008033,db_only
AAAGCAAGTAGGACAC-1,CD14,Mono,cDC2,DC,0.034601710620530635,,cDC2,DC,0.3040753911362502,unknown,cDC2,DC,0.5021333472666225,,CD14,Mono,0.40925348068045836,consistent,Other,Other,0.1426304537619466,db_only
AATCGGTCAATCGGTT-1,Memory BC,B,CD4+CD8+,T,0.025737773013593257,,CD4+CD8+,T,0.32766659720562513,unknown,CD4+CD8+,T,0.5057431700343924,,CD4+CD8+,T,0.32766659720562513,unknown,Immature B cell,B,0.03046717205404615,db_only
CGGACGTCATTGTGCA-2,ASC,B,ASC,B,0.003733376025971457,,ASC,B,0.3642280949699525,consistent,ASC,B,0.4713540052552327,,ASC,B,0.39279500437936055,consistent,Other,Other,0.022548879011202682,db_only
ACTGCTCGTAGGCATG-1,CD8 Naive,T,CD4+CD8+,T,0.027383393091139283,,CD4+CD8+,T,0.18738167282505974,low_confidence,CD4+CD8+,T,0.249842230433413,,CD4+CD8+,T,0.21861195162923638,low_confidence,Other,Other,0.03289599719844479,db_only
AACGTTGTCAAGGTAA-1,NK3,NK,CD4+CD8+,T,0.018900896939238705,,CD4+CD8+,T,0.27387998643680583,low_confidence,CD4+CD8+,T,0.43820797829888936,,CD4+CD8+,T,0.32865598372416704,consistent,Activated CD8+ T cell,T,0.05295600206683624,db_only
AACTCTTAGGGCACTA-1,NK3,NK,CD4+CD8+,T,0.04043852932402923,,CD4+CD8+,T,0.17749480267888806,low_confidence,CD4+CD8+,T,0.35498960535777613,,CD4+CD8+,T,0.22186850334861008,low_confidence,Cytotoxic CD8 T cell,T,0.08027032814108509,db_only
TTCGAAGGTACCGCTG-1,ASC,B,ASC,B,0.001982749856400997,,ASC,B,0.37764689014245645,unknown,ASC,B,0.5192644739458776,,ASC,B,0.43272039495489795,unknown,Other,Other,0.0185212623405156,db_only
ATCACGAGTTCAGGCC-1,RBC,Other,CD4 Tcm,T,0.06446259692261246,,CD4 Tcm,T,0.07942639989815883,unknown,Naive,B,0.1875272439999951,,Naive,B,0.10548407474999724,unknown,Other,Other,0.598441252743029,db_only
AACTTTCCACAAGCCC-1,NK3,NK,NK2,NK,0.07876593606575817,,NK2,NK,0.3272647235247829,unknown,CD4+CD8+,T,0.43871328189432546,,NK2,NK,0.3444891826576662,unknown,Cytotoxic CD8 T cell,T,0.05917071227729631,db_only
ACTGTCCAGTGGTAAT-1,Naive BC,B,Naive,B,0.06691983622655423,,Naive,B,0.41615991832383864,consistent,Naive,B,0.5528500558878797,,Naive,B,0.5664398888296693,consistent,Immature B cell,B,0.07181277852407315,db_only
AGCTCTCGTCTCTTAT-1,CD4-CD8,T,CD4+CD8+,T,0.03023381962822623,,CD4+CD8+,T,0.4712454172602997,consistent,CD4+CD8+,T,0.4712454172602997,,CD4+CD8+,T,0.41233974010276225,consistent,Activated CD8+ T cell,T,0.0488185611865843,db_only
GTGAAGGGTATATGAG-2,pDC,DC,pDC,DC,0.003037019015598473,,pDC,DC,0.18023329708900948,unknown,pDC,DC,0.24031106278534597,,pDC,DC,0.16384845189909955,unknown,Other,Other,0.01762356641709329,db_only
ACTATCTAGGGATGGG-1,MEG,Other,Intermed,Other,0.03839846247621184,,CD14,Mono,0.523756348370925,consistent,CD16,Mono,0.42344467336439173,,cDC2,DC,0.25934707486146275,unknown,Other,Other,0.1181476728667028,db_only
GATCTAGGTTGGTGGA-2,pDC,DC,pDC,DC,0.025013578045578633,,pDC,DC,0.4598596527220967,unknown,pDC,DC,0.6897894790831451,,pDC,DC,0.5330191429278849,unknown,Cytotoxic CD8 T cell,T,0.11111992415771506,db_only
ACGATGTAGTGTACCT-1,cDC,DC,cDC2,DC,0.03301475818423093,,cDC2,DC,0.3241546589071422,unknown,cDC2,DC,0.5093858925683663,,cDC2,DC,0.37046246732244825,unknown,Immature B cell,B,0.05401382042071363,db_only
GCATACATCAATCTCT-1,CD4 Tcm,T,T-mito,T,0.0030516370109297075,,T-mito,T,0.2928462675033794,unknown,T-mito,T,0.39046169000450587,,T-mito,T,0.36605783437922423,unknown,Lymphocyte,Other,0.06372617113404815,db_only
AGCGGTCCACATCCGG-1,Naive BC,B,Naive,B,0.04054161508336765,,Naive,B,0.3681196052637939,unknown,Naive,B,0.542492049862433,,Naive,B,0.47349859073001266,unknown,Lymphocyte,Other,0.07969777639067467,db_only
CACACAATCATGTAGC-1,Memory BC,B,CD4+CD8+,T,0.04913193829257819,,CD4+CD8+,T,0.2576062217347181,unknown,CD4+CD8+,T,0.4121699547755489,,CD4+CD8+,T,0.25156036588709585,unknown,Immature B cell,B,0.0351155102283454,db_only
ACGTCAAGTAGCGCTC-1,NK2,NK,NK2,NK,0.05467139524560475,,NK2,NK,0.3366906897473813,unknown,NK2,NK,0.4489209196631751,,NK2,NK,0.3741007663859792,unknown,Cytotoxic CD8 T cell,T,0.03920972520319307,db_only
AAGCCGCGTTACGTCA-1,CD8 Tem,T,CD4+CD8+,T,0.022494752287573458,,CD4+CD8+,T,0.1467181288507984,unknown,CD4+CD8+,T,0.23474900616127745,,ASC,B,0.16633188180484715,unknown,Lymphocyte,Other,0.05172274770675724,db_only
AGCTCCTTCGTTACAG-1,CD4+CD8,T,CD4+CD8+,T,0.010088087082933413,,CD4+CD8+,T,0.4109269557795977,consistent,CD4+CD8+,T,0.4696308066052545,,CD4+CD8+,T,0.3522231049539409,consistent,Activated CD8+ T cell,T,0.01810535435357947,db_only
AGCAGCCAGCGATGAC-1,RBC,Other,CD4 Tcm,T,0.05110805001223499,,CD4 Tcm,T,0.02874113930080261,unknown,T-mito,T,0.10296540659811647,,T-mito,T,0.051482703299058234,unknown,Other,Other,0.6042181365859999,db_only
GGGTCTGAGGTGATAT-2,pDC,DC,pDC,DC,0.001982772204996331,,pDC,DC,0.41840666816104444,unknown,pDC,DC,0.4781790493269079,,pDC,DC,0.4129728153277841,unknown,Cytotoxic CD8 T cell,T,0.1040634333302924,db_only
ACGAGGAAGGAACTGC-1,NK2,NK,NK2,NK,0.05438056527655494,,NK2,NK,0.516796684274025,unknown,NK2,NK,0.6177049095371057,,NK2,NK,0.57421853808225,unknown,Cytotoxic CD8 T cell,T,0.11966043002924916,db_only
CTTAGGACACGACTCG-1,cDC,DC,cDC2,DC,0.036813494974105396,,cDC2,DC,0.4074163058172501,unknown,cDC2,DC,0.5975439151986334,,cDC2,DC,0.4074163058172501,unknown,Immature B cell,B,0.07483689027567741,db_only
CTAGAGTAGAAGGTGA-1,cDC,DC,cDC2,DC,0.03701219967645411,,cDC2,DC,0.26223609644395895,unknown,cDC2,DC,0.48076617681392475,,cDC2,DC,0.28408910448095553,unknown,Other,Other,0.14810057658095255,db_only
ATCCACCCATCAGTCA-1,CD16,Mono,CD16,Mono,0.047868249551784224,,CD16,Mono,0.4694964987890055,unknown,CD16,Mono,0.48629586117123363,,cDC2,DC,0.26976308270591326,unknown,Other,Other,0.06310460523986584,db_only
GCTGCTTCATTACGAC-2,pDC,DC,pDC,DC,0.007030299027531306,,pDC,DC,0.38003512966987474,unknown,pDC,DC,0.4560421556038497,,pDC,DC,0.3938545889305975,unknown,Cytotoxic CD8 T cell,T,0.143631321501453,db_only
AACACGTAGCTAGCCC-1,CD4 Naive,T,CD4 Naive,T,0.04439128505487404,,CD4 Naive,T,0.35372297045763273,unknown,CD4 Naive,T,0.47163062727684363,,CD4 Naive,T,0.4126767988672382,unknown,Lymphocyte,Other,0.07021418727156328,db_only
CATATGGCAATGTTGC-1,CD4+CD8,T,CD4+CD8+,T,0.03479866563497097,,CD4+CD8+,T,0.3950853579043896,consistent,CD4+CD8+,T,0.5267804772058527,,CD4+CD8+,T,0.3950853579043896,consistent,Activated CD8+ T cell,T,0.03920954754454455,db_only
ACAGCCGCAGGACCCT-1,CD8 Naive,T,CD4 Tem,T,0.0298842459729584,,CD4+CD8+,T,0.0847444380131916,low_confidence,CD4 Tem,T,0.5307942589685802,,CD4 Tem,T,0.2599462868271262,low_confidence,Other,Other,0.030443677840092765,db_only
ACAGCTATCTGGCGAC-1,CD14,Mono,CD14,Mono,0.03130310835002717,,CD14,Mono,0.13692255703227257,unknown,CD14,Mono,0.2117849766478412,,cDC1,DC,0.0971206607231466,unknown,Other,Other,0.03557466382234231,db_only
ACGTCAAGTAAGTTCC-1,CD4+CD8,T,CD4+CD8+,T,0.06024867794162772,,CD4+CD8+,T,0.4347633793110728,consistent,CD4+CD8+,T,0.4347633793110728,,CD4+CD8+,T,0.3804179568971887,consistent,Activated CD8+ T cell,T,0.029107061361523842,db_only
CTAGAGTGTTCGTCTC-1,RBC,Other,CD8 Tem,T,0.0510205424097739,,CD8 Tem,T,0.13877229473675531,unknown,CD8 Tem,T,0.27754458947351063,,CD8 Tem,T,0.13877229473675531,unknown,Other,Other,0.6625970287502869,db_only
ACATGGTCATGATCCA-1,CD14,Mono,cDC2,DC,0.04812370716138027,,cDC2,DC,0.19254835879398838,unknown,CD16,Mono,0.40828993491693627,,CD14,Mono,0.5505873414949881,consistent,Other,Other,0.1724649152484138,db_only
ACACTGATCGTGACAT-1,CD8 Naive,T,T-mito,T,0.011554890844356574,,T-mito,T,0.16277679809774412,low_confidence,CD8 Naive,T,0.30245238296087545,,CD8 Naive,T,0.15122619148043773,low_confidence,Other,Other,0.042555225967379,db_only
AAGGTTCTCACCTCGT-1,NK2,NK,NK2,NK,0.05976458563673079,,NK2,NK,0.4142445142931883,unknown,NK2,NK,0.4794057584578096,,NK2,NK,0.4142445142931883,unknown,Other,Other,0.02552252385473735,db_only
AAGGCAGCAATGGACG-1,CD8 CTL,T,CD4+CD8+,T,0.025273519025553633,,CD4+CD8+,T,0.2506187298274552,low_confidence,CD4+CD8+,T,0.28642140551709167,,CD4+CD8+,T,0.21481605413781873,low_confidence,Other,Other,0.03477651236416396,db_only
AAGGAGCAGGATGTAT-1,Naive BC,B,Naive,B,0.04800049462673916,,Naive,B,0.4040551033002874,consistent,Naive,B,0.595449625916213,,Naive,B,0.5210184226766863,consistent,Immature B cell,B,0.07526004717632642,db_only
TGCTACCTCTACGAGT-1,RBC,Other,CD8 Tem,T,0.03610486951397798,,CD4 Tcm,T,0.08143759735467121,unknown,CD8 Tem,T,0.2682550744376311,,CD8 Tem,T,0.13412753721881554,unknown,Other,Other,0.5863590244035645,db_only
CGATCGGTCAGGCAAG-1,NK1,NK,NK1,NK,0.03337268019672703,,CD4+CD8+,T,0.32759442571425934,consistent,NK1,NK,0.6307466915329142,,CD4+CD8+,T,0.3821934966666359,consistent,Effector memory CD8 T cell,T,0.044584363086915324,db_only
AAGGAGCGTCAGCTAT-1,CD8 Tem,T,CD4+CD8+,T,0.012350303410792528,,CD4+CD8+,T,0.28887653363285476,low_confidence,CD4+CD8+,T,0.385168711510473,,CD4+CD8+,T,0.28887653363285476,low_confidence,Other,Other,0.03788057361257912,db_only
CACACAAGTTATGTGC-1,RBC,Other,CD8 Naive,T,0.016919840096469047,,CD8 Naive,T,0.05928458899888993,unknown,CD8 Naive,T,0.11856917799777986,,cDC2,DC,0.060943141059764436,unknown,Other,Other,0.5811645172283859,db_only
ATTATCCGTGCACTTA-1,RBC,Other,CD14,Mono,0.04598417467080913,,CD14,Mono,0.02869156839833155,unknown,CD16,Mono,0.131456825830427,,CD16,Mono,0.06901483356097418,unknown,Other,Other,0.6157890728538961,db_only
ACATGGTGTGGTAACG-1,CD4 Tem,T,CD4+CD8+,T,0.007182019107681008,,T-mito,T,0.17718289851552677,unknown,cDC1,DC,0.21250536528999728,,T-mito,T,0.26174746371611907,unknown,Lymphocyte,Other,0.08829718857957727,db_only
ACGGCCAAGACTAGGC-1,CD4 Tem,T,T-mito,T,0.007411967155818909,,T-mito,T,0.18081065212266262,unknown,T-mito,T,0.3214792726539155,,T-mito,T,0.26592569795122617,unknown,Lymphocyte,Other,0.06625820223661164,db_only
ATAGACCCATCCGCGA-1,MEG,Other,cDC2,DC,0.03259463552553424,,cDC2,DC,0.23686934169393317,unknown,cDC2,DC,0.4690312768390356,,CD14,Mono,0.370054355448099,consistent,Other,Other,0.2067810392155588,db_only
GGCGACTGTGCGGTAA-1,CD4 Tcm,T,T-mito,T,0.004047803082941137,,T-mito,T,0.3121387757732246,unknown,T-mito,T,0.3672220891449701,,T-mito,T,0.32131932800184887,unknown,Lymphocyte,Other,0.03887076964556411,db_only
GATGAAATCAAACCGT-1,RBC,Other,CD8 Tem,T,0.0849535543183073,,CD8 Tem,T,0.12959442172724442,unknown,CD8 Tem,T,0.25918884345448884,,CD8 Tem,T,0.12959442172724442,unknown,Other,Other,0.4445954771876949,db_only
CAGCTGGTCTACTTAC-1,NK1,NK,NK2,NK,0.045190769799202696,,CD4+CD8+,T,0.3100266514920868,consistent,NK2,NK,0.48558253728875506,,NK2,NK,0.38056852241849937,unknown,Effector memory CD8 T cell,T,0.028835660283919394,db_only
TATCAGGAGCACAGGT-1,cDC,DC,cDC2,DC,0.032763230918054206,,cDC2,DC,0.337455069465734,unknown,cDC2,DC,0.49493410188307646,,cDC2,DC,0.337455069465734,unknown,Immature B cell,B,0.052299623428131006,db_only
AGCCTAATCACCAGGC-4,ASC,B,ASC,B,0.0019282463530415164,,ASC,B,0.3894768517579383,unknown,ASC,B,0.4760272632597024,,ASC,B,0.39668938604975196,unknown,Other,Other,0.0211013998117231,db_only
ACCCACTAGGGCTTCC-1,CD4 Tem,T,CD4 Naive,T,0.03882448338841401,,CD4 Treg,T,0.2770943913666331,low_confidence,CD4 TCM,T,0.43291280684018485,,CD4 Treg,T,0.5541887827332662,consistent,Other,Other,0.022745531594446703,db_only
ACGGGTCTCCCACTTG-1,CD8 Naive,T,CD4 Naive,T,0.07880359651188888,,CD4 Naive,T,0.2337869579408321,low_confidence,CD4 Naive,T,0.5081586227325244,,CD4 Naive,T,0.255040317753635,low_confidence,Other,Other,0.02532910927420317,db_only
ACCTTTAGTGCAACTT-1,CD4 Naive,T,T-mito,T,0.009781416541619629,,T-mito,T,0.18161089255453655,unknown,CD4 TCM,T,0.45113183528025386,,CD4 TCM,T,0.22556591764012693,unknown,Lymphocyte,Other,0.05068098346444597,db_only
ACGAGCCAGAGCTGGT-1,CD8 Naive,T,CD4+CD8+,T,0.023351790989555254,,CD4+CD8+,T,0.04549684619821915,unknown,CD4 Naive,T,0.21856475004599596,,CD4 Naive,T,0.19947138164716607,unknown,Lymphocyte,Other,0.03892051295484732,db_only
ACATGGTAGTAGCGGT-1,CD8 Tem,T,T-mito,T,0.011461748832110477,,T-mito,T,0.1474234738451384,unknown,T-mito,T,0.24570578974189733,,ASC,B,0.2241304167469951,unknown,Lymphocyte,Other,0.06765267372386236,db_only
CAACTAGCAGCCAATT-1,Naive BC,B,Naive,B,0.11065020604641662,,Naive,B,0.44463182263543977,consistent,Naive,B,0.5658950469905597,,Naive,B,0.5305266065536497,consistent,Other,Other,0.08872263573274983,db_only
ACTTACTAGGTGTTAA-1,CD4 Tem,T,T-mito,T,0.004654810808688358,,T-mito,T,0.25103703520415593,unknown,T-mito,T,0.3347160469388746,,T-mito,T,0.31379629400519493,unknown,Other,Other,0.032750988536726776,db_only
AACCATGGTAACGTTC-1,CD14,Mono,CD14,Mono,0.05705011739453544,,CD14,Mono,0.017443572539142554,unknown,CD14 Mono,Mono,0.12515670644736615,,ABC,B,0.06955702526245786,unknown,Other,Other,0.04545959085025492,db_only
ACTGTCCAGCGTTTAC-1,CD8 Naive,T,CD4 Naive,T,0.02354094182391762,,CD4 Naive,T,0.5751366956612258,unknown,CD4 Naive,T,0.7078605485061241,,CD4 Naive,T,0.6193779799428586,unknown,Lymphocyte,Other,0.04368843399632296,db_only
AACGTTGGTTCAGTAC-1,NK2,NK,NK2,NK,0.08236790985381416,,NK2,NK,0.40926911837413105,unknown,NK2,NK,0.5169715179462707,,NK2,NK,0.4738905581174149,unknown,Cytotoxic CD8 T cell,T,0.03256286625225656,db_only
CAGCAGCAGAGCTATA-1,MEG,Other,CD14,Mono,0.04160432059814126,,CD14,Mono,0.04650796735882213,unknown,ABC,B,0.1992507494301858,,ABC,B,0.09698513212609168,unknown,Other,Other,0.26264448115244965,db_only
AAAGTAGAGAGACTAT-1,CD8 CTL,T,CD4+CD8+,T,0.04721263192109085,,CD4+CD8+,T,0.31996403082707214,consistent,CD4+CD8+,T,0.6109716617995372,,CD4+CD8+,T,0.31996403082707214,consistent,Activated CD8+ T cell,T,0.058132220613834294,db_only
AACCGCGCAAGTCATC-1,CD14,Mono,CD14,Mono,0.05686196542877924,,CD14,Mono,0.5072477417579361,consistent,CD14,Mono,0.5706537094776781,,CD14,Mono,0.5538697768459817,consistent,Other,Other,0.2049118812326228,db_only
AGCCTAACAAAGGTGC-1,Memory BC,B,ABC,B,0.049099910420630895,,ABC,B,0.4483610785480229,consistent,ABC,B,0.6135467390657154,,ABC,B,0.29532100069871403,low_confidence,Immature B cell,B,0.1269166190511356,db_only
AGCATACAGTGGTAAT-1,CD4-CD8,T,CD4+CD8+,T,0.029535399166470494,,CD4+CD8+,T,0.4276858079163036,consistent,CD4+CD8+,T,0.48878378047577553,,CD4+CD8+,T,0.48878378047577553,consistent,Cytotoxic CD8 T cell,T,0.05770803799502059,db_only
CATCGAAAGTGTGAAT-1,CD4 Tcm,T,T-mito,T,0.004845930153293263,,T-mito,T,0.2553080300157298,unknown,T-mito,T,0.39278158463958435,,T-mito,T,0.34368388655963633,unknown,Lymphocyte,Other,0.07729846417551806,db_only
AAACCTGCATAACCTG-1,MEG,Other,cDC2,DC,0.047893263779353996,,cDC2,DC,0.09774488833362491,unknown,Platelet,Other,0.3502096701098011,,Platelet,Other,0.28700768867208265,low_confidence,Other,Other,0.3269221125243229,db_only
AAGTCTGAGTACGTTC-1,NK2,NK,NK3,NK,0.02893923505184607,,CD4+CD8+,T,0.33243731793229814,consistent,NK3,NK,0.5105064631808234,,CD4+CD8+,T,0.28494627251339844,low_confidence,Activated CD8+ T cell,T,0.02674771273311167,db_only
ACTATCTTCGTTGACA-1,CD8 Naive,T,CD4+CD8+,T,0.02092308337256462,,CD4+CD8+,T,0.11061099799641742,low_confidence,CD4+CD8+,T,0.22122199599283485,,CD4 Naive,T,0.18899518361600132,low_confidence,Other,Other,0.02358433436240477,db_only
AGAATAGAGCTGGAAC-1,Memory BC,B,Memory,B,0.09319846354207227,,Memory,B,0.15963633566556873,unknown,Memory,B,0.25541813706490996,,cDC1,DC,0.13065584833219088,unknown,Lymphocyte,Other,0.0766637441632234,db_only
TCGGGACTCTTACCGC-1,cDC,DC,cDC2,DC,0.030734234818342546,,cDC2,DC,0.30294801716842346,unknown,cDC2,DC,0.5126812598234858,,cDC2,DC,0.30294801716842346,unknown,Other,Other,0.07326289108827654,db_only
ACACTGACAGTATCTG-1,CD4-CD8,T,CD4+CD8+,T,0.019268964944556106,,CD4+CD8+,T,0.60705578004371,consistent,CD4+CD8+,T,0.60705578004371,,CD4+CD8+,T,0.60705578004371,consistent,Activated CD8+ T cell,T,0.03254670443337881,db_only
ACCCACTAGTACTTGC-1,NK1,NK,NK3,NK,0.046322073033293526,,CD4+CD8+,T,0.30258541365094477,consistent,NK3,NK,0.3612474238571213,,CD4+CD8+,T,0.3631024963811337,consistent,Effector memory CD8 T cell,T,0.09464099151428891,db_only
AACTCTTAGGATATAC-1,NK3,NK,NK3,NK,0.04010605978154503,,CD4+CD8+,T,0.22405852719367225,low_confidence,NK3,NK,0.5010433536254058,,CD4+CD8+,T,0.22405852719367225,low_confidence,Activated CD8+ T cell,T,0.04130391003282472,db_only
AACGTTGAGCTGATAA-1,CD4 Naive,T,CD4+CD8+,T,0.016044249119162243,,T-mito,T,0.1766201114155011,unknown,CD4 Naive,T,0.19263481581142874,,T-mito,T,0.20379243624865512,unknown,Lymphocyte,Other,0.05428163510242699,db_only
AGGCCGTCATACTCTT-1,CD4 Tcm,T,T-mito,T,0.012112564810599415,,T-mito,T,0.10869731132193547,unknown,CD4 Naive,T,0.21571100399361337,,CD4 Naive,T,0.19914291236351064,unknown,Lymphocyte,Other,0.03960531687900036,db_only
ACAGCCGTCCTTTCTC-1,CD8 Tem,T,CD4+CD8+,T,0.009633022361763811,,CD4+CD8+,T,0.14226696074997858,low_confidence,cDC1,DC,0.2508776914081174,,ASC,B,0.1776500987241204,unknown,Other,Other,0.026580079998993447,db_only
GTCACGGGTTAAAGTG-1,cDC,DC,cDC2,DC,0.03308414144418699,,cDC2,DC,0.3704494556362108,unknown,cDC2,DC,0.5821348588569026,,cDC2,DC,0.3969101310387973,unknown,Immature B cell,B,0.07798816131340922,db_only
CGAGAAGCAGCTTCGG-1,RBC,Other,CD4 Tcm,T,0.006876182481948216,,CD4 Tcm,T,0.0640247282053283,unknown,CD4 Tcm,T,0.13494473903733406,,CD4 Tcm,T,0.06747236951866703,unknown,Other,Other,0.6415007968267701,db_only
ATCGAGTCAGCATACT-4,ASC,B,ASC,B,0.005635736460131869,,ASC,B,0.3551486326349139,unknown,ASC,B,0.4596041128216533,,ASC,B,0.3830034273513777,unknown,Other,Other,0.03859470616666826,db_only
AAGGCAGGTGGACGAT-1,NK3,NK,CD4+CD8+,T,0.06359160294877432,,CD4+CD8+,T,0.29075481371832124,low_confidence,CD4+CD8+,T,0.46520770194931393,,CD4+CD8+,T,0.29075481371832124,low_confidence,Other,Other,0.03129715851650067,db_only
CATGACAGTAAACGCG-1,cDC,DC,cDC2,DC,0.032596576222183586,,cDC2,DC,0.31143839668148915,unknown,cDC2,DC,0.4282277954370476,,cDC2,DC,0.31143839668148915,unknown,Immature B cell,B,0.07668650560513937,db_only
AACACGTCATGAGCGA-1,NK3,NK,CD4+CD8+,T,0.025296964591416945,,CD4+CD8+,T,0.2534837641007695,low_confidence,CD4+CD8+,T,0.4055740225612312,,CD4+CD8+,T,0.3548772697410773,consistent,Activated CD8+ T cell,T,0.04845354962432275,db_only
CCACGGAAGTTAACGA-1,RBC,Other,CD4 Tcm,T,0.039417418843011386,,CD4 Tcm,T,0.056417562440105894,unknown,CD4 Naive,T,0.1654021615760948,,CD4 Naive,T,0.0827010807880474,unknown,Other,Other,0.6529324603815709,db_only
AACCATGAGCTCCTTC-1,NK3,NK,CD4+CD8+,T,0.0593549302596229,,CD4+CD8+,T,0.2944723076118554,low_confidence,CD4+CD8+,T,0.4536025249439596,,CD4+CD8+,T,0.2524048350958761,low_confidence,Activated CD8+ T cell,T,0.047084513106801965,db_only
CATCCACTCACAGGCC-1,CD4 Tcm,T,T-mito,T,0.0029125531832838213,,T-mito,T,0.2654715069349844,unknown,T-mito,T,0.40841770297689906,,T-mito,T,0.38289159654084287,unknown,Lymphocyte,Other,0.10176232149792513,db_only
CAACCTCAGGTACTCT-1,CD16,Mono,CD16,Mono,0.03398006095731278,,CD16,Mono,0.46689368947569715,unknown,cDC2,DC,0.43958035430691217,,CD16,Mono,0.552996553320261,unknown,Other,Other,0.022265411080722997,db_only
AGAGCGACATCACCCT-1,CD8 Naive,T,CD4+CD8+,T,0.011999157144964656,,CD4+CD8+,T,0.09543010184818898,unknown,CD4+CD8+,T,0.19086020369637796,,ASC,B,0.17973368917130067,unknown,Lymphocyte,Other,0.04534735342239894,db_only
ACGATGTCATCCAACA-1,CD4 Tem,T,T-mito,T,0.01788071291664376,,T-mito,T,0.15601673092830529,unknown,CD4 Tem,T,0.23306573716433285,,CD4 Tem,T,0.229542762608935,unknown,Lymphocyte,Other,0.039496169960712126,db_only
GACACGCAGTACCGGA-1,RBC,Other,CD4 Tcm,T,0.013379726420104399,,CD4 Tcm,T,0.17109856634851153,unknown,Naive,B,0.2469278255267996,,Naive,B,0.15432989095424976,unknown,Other,Other,0.6077272982005916,db_only
CACACAATCTCGTTTA-1,CD4 Tcm,T,T-mito,T,0.013619371734130576,,T-mito,T,0.20930017102548043,unknown,T-mito,T,0.27906689470064056,,T-mito,T,0.2441835328630605,unknown,Lymphocyte,Other,0.0654691493756407,db_only
GTCAAGTTCGCGCCAA-1,cDC,DC,cDC2,DC,0.03730302398386829,,cDC2,DC,0.43674370554193614,unknown,cDC2,DC,0.6405574347948396,,cDC2,DC,0.4658599525780652,unknown,Immature B cell,B,0.05257946424053947,db_only
ACTTACTAGACTCGGA-1,NK1,NK,NK1,NK,0.03341442333653413,,NK1,NK,0.20496165518396348,unknown,NK_CD56bright,NK,0.4138248730168537,,NK_CD56bright,NK,0.22760368015926957,unknown,Effector memory CD8 T cell,T,0.05513046549276549,db_only
ACATACGCAATCGAAA-1,CD4 Tem,T,T-mito,T,0.00633823593156156,,T-mito,T,0.2499112767460211,unknown,T-mito,T,0.357016109637173,,T-mito,T,0.3123890959325264,unknown,Lymphocyte,Other,0.04812877529011774,db_only
AACGTTGGTGTTCTTT-1,NK3,NK,NK3,NK,0.03883453920401437,,CD4+CD8+,T,0.2324426836706825,low_confidence,NK3,NK,0.4629017676084721,,NK3,NK,0.3471763257063541,unknown,Activated CD8+ T cell,T,0.03851838705485309,db_only
AAGACCTGTAGCCTCG-1,CD14,Mono,CD14,Mono,0.04422221079038641,,CD14,Mono,0.368007758478263,consistent,CD14,Mono,0.4731528323291953,,cDC2,DC,0.2798016802087165,unknown,Other,Other,0.07237390369478311,db_only
AGCTCTCCACAGTCGC-1,Memory BC,B,T-mito,T,0.07747409369908466,,cDC1,DC,0.22946309344724938,unknown,T-mito,T,0.37011793106803775,,T-mito,T,0.3099555959714406,unknown,Other,Other,0.064269606946873,db_only
ATAACGCAGAAACCAT-1,CD16,Mono,CD16,Mono,0.02892863582418298,,CD16,Mono,0.4561518307917488,unknown,cDC2,DC,0.4342842283748624,,cDC2,DC,0.24441519132129336,unknown,Other,Other,0.03495056488556089,db_only
AGCAGCCAGCGACGTA-1,NK2,NK,CD4+CD8+,T,0.05345559153816984,,CD4+CD8+,T,0.3935677366621958,unknown,CD4+CD8+,T,0.5247569822162611,,CD4+CD8+,T,0.45916235943922845,unknown,Other,Other,0.022344216128593813,db_only
ACTTGTTCAACTTGAC-1,NK1,NK,NK1,NK,0.06002404089162559,,NK1,NK,0.3426777719244598,unknown,NK1,NK,0.5482844350791357,,CD4+CD8+,T,0.34465475917076355,consistent,Effector memory CD8 T cell,T,0.07719845407444162,db_only
AACTCCCTCTGTCAAG-1,CD4-CD8,T,CD4+CD8+,T,0.026890279323138096,,CD4+CD8+,T,0.3672273464135699,consistent,CD4+CD8+,T,0.4896364618847599,,CD4+CD8+,T,0.3672273464135699,consistent,Effector memory CD8 T cell,T,0.02707115390435182,db_only
AGTGTCATCTGTCTAT-1,CD8 Naive,T,CD4+CD8+,T,0.02541631168696246,,CD4+CD8+,T,0.23728226098055638,low_confidence,CD4+CD8+,T,0.31637634797407516,,CD4+CD8+,T,0.23728226098055638,low_confidence,Other,Other,0.06263538617165482,db_only
GCATACAAGTAACCCT-2,pDC,DC,pDC,DC,0.004900008433555244,,pDC,DC,0.34033552176238385,unknown,pDC,DC,0.40840262611486067,,pDC,DC,0.33414760318488596,unknown,Cytotoxic CD8 T cell,T,0.14348170529649834,db_only
ACACTGAGTCCGTTAA-1,Memory BC,B,T-mito,T,0.08106269608566029,,cDC1,DC,0.2205989841413942,unknown,T-mito,T,0.42837328772414673,,T-mito,T,0.38026932139159353,unknown,Immature B cell,B,0.0743429138551741,db_only
AAAGATGAGTAGGTGC-1,CD14,Mono,CD14,Mono,0.029886111852489707,,CD14,Mono,0.3813435002002322,consistent,CD14,Mono,0.41901345529850403,,CD14,Mono,0.43312105997117417,consistent,Other,Other,0.09226908992561694,db_only
ACATCAGAGCTAGTGG-1,CD8 Tem,T,CD4+CD8+,T,0.026071613314655778,,CD4+CD8+,T,0.2870611217699912,low_confidence,CD4+CD8+,T,0.3827481623599883,,CD4+CD8+,T,0.33490464206498977,consistent,Effector memory CD8 T cell,T,0.06139918547275496,db_only
CACATTTCACACCGAC-1,MEG,Other,CD16,Mono,0.029206568738529736,,CD16,Mono,0.04381563668102861,unknown,Memory,B,0.18388654399998733,,Memory,B,0.1379149079999905,unknown,Other,Other,0.25803698758636395,db_only
ACGCCGAGTTCTGAAC-1,CD4 Naive,T,T-mito,T,0.0072780434983696655,,T-mito,T,0.1977158887656473,unknown,T-mito,T,0.30417829040868816,,T-mito,T,0.20912257465597311,unknown,Lymphocyte,Other,0.04822995352616626,db_only
ACATCAGGTCCATCCT-1,NK2,NK,NK2,NK,0.03888226661012891,,CD4+CD8+,T,0.35949283355893513,consistent,NK2,NK,0.5691319151011521,,CD4+CD8+,T,0.35949283355893513,consistent,Cytotoxic CD8 T cell,T,0.08216915948040784,db_only
AAAGTAGGTCATGCAT-1,CD14,Mono,CD14,Mono,0.04395316268979217,,CD14,Mono,0.3757212022390848,consistent,CD14,Mono,0.47322631308331575,,CD14,Mono,0.41065543166928425,consistent,Other,Other,0.151312565008661,db_only
CACATTTCACGAAACG-1,Naive BC,B,Naive,B,0.054627651311388734,,Naive,B,0.480095231543362,unknown,Naive,B,0.6205809085056181,,Naive,B,0.6001190394292024,unknown,Lymphocyte,Other,0.10748507915835252,db_only
CCATTCGAGCTATGCT-1,MEG,Other,T-mito,T,0.012573904308366137,,T-mito,T,0.05319645282177329,low_confidence,CD8 Naive,T,0.3900050573791419,,CD8 Naive,T,0.19500252868957094,low_confidence,Other,Other,0.06064510523020023,db_only
ATTGGTGAGTGTTGAA-1,RBC,Other,CD4 Tcm,T,0.0793564277352213,,CD4 Tcm,T,0.058438138238032664,unknown,CD8 Tem,T,0.16922627756627656,,cDC1,DC,0.08223444631512375,unknown,Other,Other,0.5592886579569643,db_only
AGATTGCGTTAAGACA-1,MEG,Other,NK3,NK,0.13021492459089207,,NK3,NK,0.21537401355324753,unknown,CD4+CD8+,T,0.4003337155621621,,CD4+CD8+,T,0.2502085722263513,low_confidence,Cytotoxic CD8 T cell,T,0.06751780951436155,db_only
ACGAGCCGTTACGCGC-1,CD4 Naive,T,CD4 Tex,T,0.04278069199195471,,CD4 Tex,T,0.1164795710180688,unknown,T-mito,T,0.3035528643456756,,CD8 CTL,T,0.19572542428245243,unknown,Other,Other,0.045922755531221854,db_only
AACTTTCCAGCCACCA-1,CD14,Mono,Intermed,Other,0.04797126386286318,,Intermed,Other,0.2122574929024007,unknown,CD16,Mono,0.409441042005635,,CD14,Mono,0.4685067446773847,consistent,Other,Other,0.10462967319606936,db_only
ACACCCTGTAGCGATG-1,CD4 Naive,T,T-mito,T,0.005750605780735346,,T-mito,T,0.04642209405379297,unknown,CD4 TCM,T,0.2815682918472639,,CD4 TCM,T,0.14078414592363195,unknown,Lymphocyte,Other,0.040741340166892515,db_only
CGTGAGCAGCTCTCGG-1,CD16,Mono,CD16,Mono,0.05269930510525328,,CD16,Mono,0.5425524973786056,unknown,CD16,Mono,0.5284269096308846,,CD16,Mono,0.6479626968693061,unknown,Other,Other,0.02337717807735358,db_only
ACACCGGGTCCATGAT-1,CD8 Tem,T,CD4+CD8+,T,0.02580681358622898,,CD4+CD8+,T,0.15074062982414477,low_confidence,CD8 Naive,T,0.22999921437631488,,CD8 Naive,T,0.13561577322477458,low_confidence,Activated CD8+ T cell,T,0.02779006772596787,db_only
ACGGCCACAGCATGAG-1,CD4+CD8,T,CD4+CD8+,T,0.013013758765055394,,CD4+CD8+,T,0.27751944773267956,unknown,CD4+CD8+,T,0.3700259303102394,,CD4+CD8+,T,0.32377268902145945,unknown,Lymphocyte,Other,0.05054289432156761,db_only
ACATACGGTGGTACAG-1,CD14,Mono,CD14,Mono,0.05335469726793684,,cDC2,DC,0.30115634570409505,unknown,CD14,Mono,0.6044640469166931,,CD14,Mono,0.5689073382745347,consistent,Other,Other,0.14200686291115283,db_only
AGATTGCTCATATCGG-1,CD4 Tem,T,T-mito,T,0.004967380754579524,,T-mito,T,0.15435216840929328,low_confidence,T-mito,T,0.2374648744758358,,T-mito,T,0.20778176516635632,low_confidence,Other,Other,0.042241361730556475,db_only
AAACGGGCAACTGCTA-1,CD4 Tem,T,T-mito,T,0.004144197839854388,,T-mito,T,0.2674185497657894,low_confidence,T-mito,T,0.3565580663543858,,T-mito,T,0.3119883080600876,consistent,Other,Other,0.04530552140732054,db_only
ACATCAGCACTCGACG-4,ASC,B,CD4+CD8+,T,0.014250495913452314,,CD4+CD8+,T,0.15204039251472484,low_confidence,CD4+CD8+,T,0.3989442557601926,,ASC,B,0.19121039232115417,unknown,Effector memory CD8 T cell,T,0.03287163682791934,db_only
ACATGGTAGGAATGGA-1,Naive BC,B,Memory,B,0.04881216636843226,,Memory,B,0.13329739157622053,unknown,Memory,B,0.26516393523606674,,Memory,B,0.2000355153591042,unknown,Lymphocyte,Other,0.06493892314940841,db_only
AACACGTTCACTGGGC-1,CD8 Tem,T,CD4+CD8+,T,0.055426289750040755,,CD4+CD8+,T,0.3745089807712452,consistent,CD4+CD8+,T,0.49934530769499363,,CD4+CD8+,T,0.3745089807712452,consistent,Other,Other,0.0475704700859842,db_only
CCTTCGATCACATGCA-1,NK1,NK,CD4+CD8+,T,0.02862644525172106,,CD4+CD8+,T,0.25620994377071177,low_confidence,CD4+CD8+,T,0.341613258360949,,CD4+CD8+,T,0.21350828647559314,low_confidence,Other,Other,0.025365347154394216,db_only
AACTCTTAGGGATACC-1,CD4+CD8,T,CD4+CD8+,T,0.010259637422800748,,CD4+CD8+,T,0.5011522801879056,consistent,CD4+CD8+,T,0.5011522801879056,,CD4+CD8+,T,0.5011522801879056,consistent,Activated CD8+ T cell,T,0.04845356027392383,db_only
AAGGAGCAGATCTGCT-1,CD4 Tem,T,T-mito,T,0.012072391693465065,,T-mito,T,0.17844098367340192,low_confidence,T-mito,T,0.27363599109869724,,T-mito,T,0.2230512295917524,low_confidence,Other,Other,0.017510687115681774,db_only
TATTACCGTGTTTGTG-1,CD4 Tcm,T,T-mito,T,0.002343316872113863,,T-mito,T,0.27420647626748784,low_confidence,T-mito,T,0.3917235375249827,,T-mito,T,0.34275809533435986,consistent,Other,Other,0.02890025772058258,db_only
AATCGGTTCCAGTAGT-1,NK2,NK,NK2,NK,0.046359253859462025,,NK2,NK,0.4113400671082407,consistent,NK2,NK,0.5741392936197698,,NK2,NK,0.42800879014142457,consistent,Other,Other,0.02192722635843604,db_only
AAACGGGTCGTCCGTT-1,CD8 Naive,T,CD4 Naive,T,0.01616253409743571,,CD4 Naive,T,0.23151728817684755,low_confidence,CD4 Naive,T,0.284944354679197,,CD4 Naive,T,0.24932631034429736,low_confidence,Other,Other,0.03416871916097477,db_only
ACCTTTAAGCGCTTAT-1,CD4-CD8,T,NK3,NK,0.13419625471668628,,CD8 CTL,T,0.5084348250007408,consistent,NK2,NK,0.5324180441965539,,CD4-CD8-,T,0.5001834219695147,consistent,Cytotoxic CD8 T cell,T,0.05435489463137361,db_only
AAACGGGTCAAACCAC-1,NK3,NK,NK3,NK,0.0921203667065019,,NK3,NK,0.35184633978343915,unknown,NK3,NK,0.5277695096751588,,NK3,NK,0.46179832096576395,unknown,Cytotoxic CD8 T cell,T,0.10073150856589756,db_only
GCATACAAGAAAGTGG-1,NK1,NK,NK1,NK,0.06757009766535094,,NK1,NK,0.2317649652753443,unknown,NK1,NK,0.4120266049339454,,NK1,NK,0.2468888526577317,unknown,Effector memory CD8 T cell,T,0.07329693784505727,db_only
CATGACAAGCATCATC-1,cDC,DC,cDC2,DC,0.025258795817106747,,cDC2,DC,0.3144667212663516,unknown,cDC2,DC,0.5321744513738258,,cDC2,DC,0.33865646905607094,unknown,Other,Other,0.10745657516150585,db_only
CTTCTCTAGAATGTGT-1,CD4 Tcm,T,CD4+CD8+,T,0.009877391332944959,,CD4+CD8+,T,0.16393713986920264,low_confidence,cDC1,DC,0.22589783371634597,,ASC,B,0.1958985386136122,unknown,Effector memory CD8 T cell,T,0.03905627940394968,db_only
AAACCTGGTACGAAAT-1,CD8 CTL,T,CD4+CD8+,T,0.042259502834130235,,CD4+CD8+,T,0.2906240924299287,low_confidence,CD4+CD8+,T,0.5392199725765408,,CD4+CD8+,T,0.2906240924299287,low_confidence,Activated CD8+ T cell,T,0.05562256260086231,db_only
ACGGAGATCGTTTAGG-1,CD4-CD8,T,CD4-CD8-,T,0.06889763952839417,,CD4-CD8-,T,0.26913651086237056,low_confidence,CD4-CD8-,T,0.39147128852708446,,CD4-CD8-,T,0.39147128852708446,consistent,Effector memory CD8 T cell,T,0.047695610252402466,db_only
AAAGTAGTCACTATTC-1,CD8 CTL,T,CD4+CD8+,T,0.04750552953628918,,CD4+CD8+,T,0.3446093254728265,consistent,CD4+CD8+,T,0.45947910063043534,,CD4+CD8+,T,0.4020442130516309,consistent,Activated CD8+ T cell,T,0.04344037007626352,db_only
ACACCCTGTTCCGGCA-1,CD4-CD8,T,CD4+CD8+,T,0.03406752427034833,,CD4+CD8+,T,0.30703589154451655,consistent,CD4+CD8+,T,0.35089816176516175,,CD4+CD8+,T,0.30703589154451655,consistent,Effector memory CD8 T cell,T,0.05687671097645283,db_only
AACCGCGGTGATGTGG-1,NK3,NK,CD4+CD8+,T,0.033244549723732565,,CD4+CD8+,T,0.2958575365736622,low_confidence,CD4+CD8+,T,0.4733720585178595,,CD4+CD8+,T,0.2958575365736622,low_confidence,Cytotoxic CD8 T cell,T,0.07549962107096056,db_only
CAGAATCTCAGAGACG-1,cDC,DC,cDC2,DC,0.034192439933730515,,cDC2,DC,0.2743278297175032,unknown,cDC2,DC,0.5029343544820892,,cDC2,DC,0.2971884821939618,unknown,Immature B cell,B,0.05347511622617335,db_only
ACGCAGCCATGAAGTA-1,cDC,DC,cDC2,DC,0.027471874499423014,,cDC2,DC,0.3538291853617562,unknown,cDC2,DC,0.518949471863909,,cDC2,DC,0.33024057300430576,unknown,Immature B cell,B,0.06886995524193579,db_only
AGGGATGAGCTGATAA-1,cDC,DC,Intermed,Other,0.05286896495684713,,cDC2,DC,0.2861087353904784,unknown,cDC1,DC,0.4321800108232033,,cDC1,DC,0.22288581797699342,unknown,Immature B cell,B,0.0541386203967792,db_only
CACACCTCATCCGCGA-1,CD16,Mono,CD16,Mono,0.0389855470618053,,CD16,Mono,0.47940794175366164,unknown,CD16,Mono,0.49395654538257733,,CD16,Mono,0.5698427595511656,unknown,Other,Other,0.04645916568250623,db_only
CACTCCAAGCGGCTTC-2,ASC,B,ASC,B,0.0018807029584111878,,ASC,B,0.18918846584134705,low_confidence,ASC,B,0.2312303471394242,,ASC,B,0.1156151735697121,low_confidence,Other,Other,0.06415862089273663,db_only
ATAAGAGAGTGGTAAT-1,CD16,Mono,Intermed,Other,0.04690518715034292,,CD16,Mono,0.3219641993647802,unknown,cDC1,DC,0.4317525092136748,,cDC1,DC,0.22229961594026962,unknown,Other,Other,0.06667365727518502,db_only
TACTCGCAGATATACG-1,NK1,NK,NK1,NK,0.06947662083925621,,CD4+CD8+,T,0.2739942853512213,low_confidence,NK3,NK,0.4934087363088221,,NK1,NK,0.45654761207674616,unknown,Cytotoxic CD8 T cell,T,0.021218367847008188,db_only
ACGGAGATCAAGAAGT-1,CD4+CD8,T,CD4+CD8+,T,0.02048028425218386,,CD4+CD8+,T,0.426344161216144,consistent,CD4+CD8+,T,0.48725046996130744,,CD4+CD8+,T,0.426344161216144,consistent,Activated CD8+ T cell,T,0.041506530846834325,db_only
AAAGCAAGTCTTGTCC-1,CD16,Mono,CD16,Mono,0.03077727749983797,,CD16,Mono,0.5231694918797626,unknown,cDC2,DC,0.46525259065257096,,cDC2,DC,0.28497150181227904,unknown,Other,Other,0.08688634107694947,db_only
CGTTAGAGTTTGTTTC-1,CD16,Mono,CD16,Mono,0.031448960487129876,,CD16,Mono,0.4427019096942556,unknown,cDC2,DC,0.4092198655758931,,cDC2,DC,0.24697268525928792,unknown,Other,Other,0.05031202784655081,db_only
GTAACGTCACTTCTGC-1,RBC,Other,CD4 Tcm,T,0.027166598858180794,,CD4 Tcm,T,0.17800696405775382,unknown,CD4 Naive,T,0.293184371352021,,CD4 Naive,T,0.1465921856760105,unknown,Other,Other,0.6564189315963223,db_only
AAGTCTGAGGTGTTAA-1,CD4-CD8,T,CD4+CD8+,T,0.033142030458802534,,CD4+CD8+,T,0.4101847921062303,consistent,CD4+CD8+,T,0.39979810443781905,,CD4+CD8+,T,0.47854892412393535,consistent,Other,Other,0.054029242784675184,db_only
ACGAGCCTCATGTCTT-1,Memory BC,B,T-mito,T,0.00511835649344562,,T-mito,T,0.2501245729704514,unknown,T-mito,T,0.35732081852921627,,T-mito,T,0.3126557162130642,unknown,Lymphocyte,Other,0.06817749843423691,db_only
ACGGCCAAGGACCACA-1,CD4-CD8,T,CD4+CD8+,T,0.03901790375522065,,CD4+CD8+,T,0.17692882498066625,unknown,CD4+CD8+,T,0.3538576499613325,,CD4+CD8+,T,0.2211610312258328,unknown,Lymphocyte,Other,0.04301817396853944,db_only
CACACCTTCATCTGCC-1,MEG,Other,NK2,NK,0.06627747421849998,,NK2,NK,0.32042496643570095,unknown,NK2,NK,0.45236465849746016,,NK2,NK,0.37697054874788344,unknown,Cytotoxic CD8 T cell,T,0.037798758129441556,db_only
GTTAAGCCATGTAGTC-1,NK1,NK,NK1,NK,0.040510415545800496,,NK1,NK,0.39320429797748707,unknown,NK1,NK,0.5242723973033161,,NK1,NK,0.4493763405456995,unknown,Other,Other,0.02653015671874912,db_only
CAAGATCCAAGGACTG-2,T-mito,T,CD4+CD8+,T,0.03551320338485985,,CD4+CD8+,T,0.18175634764957713,low_confidence,NK2,NK,0.24926377204988998,,NK2,NK,0.22068504899782976,unknown,Cytotoxic CD8 T cell,T,0.02129712809379644,db_only
CAAGGCCGTGAGGGTT-1,Naive BC,B,Naive,B,0.04691076880885604,,Naive,B,0.3911647268725592,consistent,Naive,B,0.6084784640239811,,Naive,B,0.4943887520194846,consistent,Immature B cell,B,0.07340821321754475,db_only
TTCGAAGAGGACATTA-1,T-mito,T,CD4+CD8+,T,0.008332428793204288,,CD4+CD8+,T,0.0673729563620802,low_confidence,cDC1,DC,0.1910633588932725,,cDC1,DC,0.11051555302979796,unknown,Other,Other,0.023242062392020413,db_only
ACACCAATCGTTTATC-1,CD4-CD8,T,CD4+CD8+,T,0.008431511221627032,,CD4+CD8+,T,0.31649836491863176,consistent,CD4+CD8+,T,0.5063973838698108,,CD4+CD8+,T,0.3797980379023581,consistent,Other,Other,0.03357577343955797,db_only
TCTCTAAAGATATACG-1,NK1,NK,CD4+CD8+,T,0.03226273645447267,,NK3,NK,0.24085929902154768,unknown,CD4+CD8+,T,0.47772865734848696,,CD4+CD8+,T,0.41801257517992607,consistent,Other,Other,0.0367295185949522,db_only
CGATGTAGTCCATGAT-1,NK1,NK,NK1,NK,0.026932247668128705,,NK1,NK,0.22776472806714282,unknown,NK1,NK,0.3644235649074285,,NK1,NK,0.234272291726204,unknown,Effector memory CD8 T cell,T,0.06931758807607938,db_only
AGAGCGAAGTGTCCCG-1,Naive BC,B,Naive,B,0.06651399927767446,,Naive,B,0.3400640424307048,consistent,Naive,B,0.5011470098978807,,Naive,B,0.42566737645410035,consistent,Immature B cell,B,0.07315620903529164,db_only
CTGATCCCAGTCGTGC-2,pDC,DC,pDC,DC,0.00014265542719459393,,pDC,DC,0.13379897865432558,unknown,pDC,DC,0.20198142109737785,,pDC,DC,0.14689557897991118,unknown,Other,Other,0.03308798998767969,db_only
AAAGTAGGTCATATGC-1,NK3,NK,NK3,NK,0.06299069265687404,,NK3,NK,0.3341551580092162,unknown,NK3,NK,0.5051824001342957,,NK3,NK,0.37592455276036824,unknown,Cytotoxic CD8 T cell,T,0.058420616629476396,db_only
CACACTCAGTAGCCGA-1,MEG,Other,CD4+CD8+,T,0.015550090103722857,,CD4+CD8+,T,0.2859858676631602,low_confidence,CD4+CD8+,T,0.3220014693777852,,CD4+CD8+,T,0.2859858676631602,low_confidence,Activated CD8+ T cell,T,0.03959487226637573,db_only
AACTCAGCATTTGCTT-2,RBC,Other,CD14,Mono,0.056329197240974474,,CD14,Mono,0.10654305334123855,unknown,CD14,Mono,0.20187104843603093,,CD14,Mono,0.11281029177307611,unknown,Other,Other,0.5864477938481018,db_only
AATCGGTCAATGGTCT-1,NK2,NK,NK2,NK,0.05141080861995151,,NK2,NK,0.46101847028153875,unknown,NK2,NK,0.5546858864039586,,NK2,NK,0.5056451681939292,unknown,Cytotoxic CD8 T cell,T,0.11815211420057532,db_only
AGATTGCTCTCAAGTG-2,T-mito,T,T-mito,T,0.0023102439284699125,,T-mito,T,0.2806229241754265,low_confidence,T-mito,T,0.40088989167918077,,T-mito,T,0.3507786552192832,consistent,Effector memory CD8 T cell,T,0.06321095173002755,db_only
GTAACTGTCGTATCAG-1,ASC,B,ASC,B,0.011230270342834883,,ASC,B,0.30159432378304113,unknown,ASC,B,0.4423383415484603,,ASC,B,0.3686152846237169,unknown,Other,Other,0.04161420628281106,db_only
GCACATACATATGAGA-2,pDC,DC,pDC,DC,0.004931452884057838,,pDC,DC,0.4209070887357398,unknown,pDC,DC,0.48103667284084545,,pDC,DC,0.43730606621895046,unknown,Cytotoxic CD8 T cell,T,0.06305356588718992,db_only
AAAGATGAGTTCGCGC-1,CD14,Mono,CD14,Mono,0.03924996465482193,,CD14,Mono,0.32634475572806876,consistent,CD14,Mono,0.47097804461500326,,cDC2,DC,0.2390840463560778,unknown,Other,Other,0.12456724842030246,db_only
ACGGGTCCACGAGGTA-1,CD4 Tem,T,T-mito,T,0.014396754337692875,,T-mito,T,0.18418843031467114,unknown,T-mito,T,0.5716345390101175,,T-mito,T,0.4644530629457205,unknown,Lymphocyte,Other,0.08763364505727625,db_only
ACACTGACATTCTCAT-1,Naive BC,B,Naive,B,0.10999871647037615,,Naive,B,0.49156799023412723,consistent,Naive,B,0.6256319875707074,,Naive,B,0.547427989124369,consistent,Immature B cell,B,0.06943388308408993,db_only
TTGCCGTAGATCGGGT-1,NK1,NK,NK2,NK,0.06879637331874873,,NK2,NK,0.26396381481236675,unknown,NK3,NK,0.44150385639096357,,NK3,NK,0.3311278922932227,unknown,Cytotoxic CD8 T cell,T,0.03335446844991227,db_only
ACCTTTAAGCTCCTTC-1,CD8 Naive,T,CD4+CD8+,T,0.029200972142384023,,CD4+CD8+,T,0.06608504161071223,low_confidence,CD4 Treg,T,0.20249640880235106,,CD4 Treg,T,0.19701388078056392,low_confidence,Other,Other,0.021386387261143617,db_only
ACTTACTGTAGGCTGA-1,CD4 Naive,T,CD4 Naive,T,0.01890145207723811,,T-mito,T,0.0623889070003425,unknown,CD4 Naive,T,0.4852585183004745,,CD4 Naive,T,0.1866839193424293,unknown,Lymphocyte,Other,0.04195728126119404,db_only
ACACCCTAGCTGCCCA-1,CD8 Tem,T,CD4-CD8-,T,0.10647843144252683,,CD4-CD8-,T,0.2334642779248285,unknown,CD8 CTL,T,0.44369634099243777,,CD4-CD8-,T,0.20752380259984754,unknown,Lymphocyte,Other,0.05307264230802829,db_only
AGTTGGTTCAAACCGT-1,CD4 Tcm,T,T-mito,T,0.0042990900181380225,,T-mito,T,0.26715931908697216,unknown,T-mito,T,0.3562124254492962,,T-mito,T,0.3339491488587152,unknown,Lymphocyte,Other,0.062433709452697085,db_only
AGAGTGGTCAAACCGT-1,MEG,Other,Intermed,Other,0.044015207917885525,,CD14,Mono,0.40233657791215605,consistent,Intermed,Other,0.40000196728606896,,CD14,Mono,0.41126733455249204,consistent,Other,Other,0.14829701399951023,db_only
GCTGCTTCATTCCTGC-1,cDC,DC,cDC2,DC,0.047389764330411976,,cDC2,DC,0.44477085355866025,unknown,cDC2,DC,0.6251280736579564,,cDC2,DC,0.4546385990239683,unknown,Immature B cell,B,0.061706836574609465,db_only
CTCTAATTCATCTGCC-1,CD4 Tcm,T,CD4+CD8+,T,0.005931406986173096,,T-mito,T,0.17981053380374967,low_confidence,CD4 Naive,T,0.20757699347617145,,T-mito,T,0.2622236951304683,low_confidence,Other,Other,0.02541583778743181,db_only
AAATGCCGTCTCCACT-1,CD4-CD8,T,CD4+CD8+,T,0.02906403630361367,,CD4+CD8+,T,0.21621252254470494,low_confidence,CD4+CD8+,T,0.3459400360715279,,CD4+CD8+,T,0.30269753156258694,consistent,Other,Other,0.05608959340205538,db_only
AACTCAGCACAGGAGT-1,CD4-CD8,T,NK3,NK,0.0677155822354794,,CD4+CD8+,T,0.2895698082320569,low_confidence,NK3,NK,0.45569781072501714,,NK3,NK,0.3498022070450395,unknown,Activated CD8+ T cell,T,0.03474392689639451,db_only
AAATGCCAGGTGCTAG-1,CD14,Mono,CD14,Mono,0.03346201201499226,,CD14,Mono,0.3711685399177941,consistent,CD14,Mono,0.4454022479013529,,cDC2,DC,0.22696663193622743,unknown,Other,Other,0.09156048922458258,db_only
GGATGTTTCTACTATC-1,CD4 Tcm,T,CD4+CD8+,T,0.011127958064437072,,CD4+CD8+,T,0.020408255634480028,unknown,CD4 Naive,T,0.21298631563087306,,CD4 Naive,T,0.1379852924211369,unknown,Lymphocyte,Other,0.12575004152683514,db_only
ACACCAACATGGTAGG-1,NK2,NK,CD4+CD8+,T,0.04109301771353233,,CD4+CD8+,T,0.3640366971539795,consistent,CD4+CD8+,T,0.48538226287197267,,CD4+CD8+,T,0.4247094800129761,consistent,Cytotoxic CD8 T cell,T,0.04432714672340638,db_only
CATATGGTCAAACAAG-1,RBC,Other,CD4 Tcm,T,0.031177348347757265,,CD4 Tcm,T,0.08471894134362395,unknown,CD8 Tex,T,0.17534030122146396,,CD4 Tcm,T,0.15237651104712174,unknown,Other,Other,0.5202085183534654,db_only
ACATACGTCGAACTGT-1,CD14,Mono,cDC2,DC,0.0368118752794979,,cDC2,DC,0.2727677499640425,unknown,cDC2,DC,0.49335071070652925,,CD16,Mono,0.3383366385948426,consistent,Other,Other,0.13712717342001704,db_only
ACACCGGCACTAAGTC-1,CD8 Tem,T,CD4+CD8+,T,0.04270826520087032,,CD4+CD8+,T,0.230106324183164,low_confidence,CD4+CD8+,T,0.30680843224421867,,CD4+CD8+,T,0.15340421612210933,low_confidence,Effector memory CD8 T cell,T,0.08559856108631606,db_only
GGGACCTCAGGGTACA-2,pDC,DC,pDC,DC,0.004565612697415501,,pDC,DC,0.4396469822417534,unknown,pDC,DC,0.6058763647649329,,pDC,DC,0.5507966952408482,unknown,Cytotoxic CD8 T cell,T,0.15109856715896247,db_only
ACACCCTAGGATCGCA-1,CD8 Naive,T,CD4 Naive,T,0.04322239978938111,,CD4 Naive,T,0.4428763336220102,unknown,CD4 Naive,T,0.5905017781626802,,CD4 Naive,T,0.4428763336220102,unknown,Lymphocyte,Other,0.05967568648165913,db_only
ACATACGCACGGTAAG-1,Memory BC,B,ABC,B,0.03822353587830327,,ABC,B,0.3948078345410473,consistent,ABC,B,0.5339131944649947,,ABC,B,0.44909391179044134,consistent,Immature B cell,B,0.0751948455102625,db_only
AGCCTAAGTTGTGGCC-1,CD8 Naive,T,CD4+CD8+,T,0.02202778762745096,,CD4+CD8+,T,0.11209165804100078,low_confidence,CD4+CD8+,T,0.22418331608200157,,CD4+CD8+,T,0.14011457255125098,low_confidence,Other,Other,0.0539631179532787,db_only
AACCATGCAGACGCAA-1,CD8 CTL,T,CD4+CD8+,T,0.032841148891502414,,CD4+CD8+,T,0.3724433955522125,consistent,CD4+CD8+,T,0.4256495949168143,,CD4+CD8+,T,0.3724433955522125,consistent,Activated CD8+ T cell,T,0.047941480832708556,db_only
CCATTCGTCGGATGTT-1,NK1,NK,NK1,NK,0.03482224633307159,,NK1,NK,0.3427781925488521,unknown,NK1,NK,0.4570375900651361,,CD4+CD8+,T,0.20687267851624971,low_confidence,Effector memory CD8 T cell,T,0.061968254816571096,db_only
AAGGCAGAGACACTAA-1,CD4+CD8,T,CD4+CD8+,T,0.017546688187518242,,CD4+CD8+,T,0.3797110153275821,consistent,CD4+CD8+,T,0.43395544608866526,,CD4+CD8+,T,0.43395544608866526,consistent,Cytotoxic CD8 T cell,T,0.04339391847535112,db_only
ACGATGTCACGAGGTA-1,Naive BC,B,Naive,B,0.027058510471717527,,Naive,B,0.4111235617644166,consistent,Naive,B,0.4600845054043488,,Naive,B,0.45784214832855485,consistent,Immature B cell,B,0.05674463115904851,db_only
AGGGATGGTCTGGTCG-1,CD8 Naive,T,T-mito,T,0.012291006375385403,,T-mito,T,0.1798482877536522,unknown,T-mito,T,0.299747146256087,,T-mito,T,0.22481035969206525,unknown,Lymphocyte,Other,0.07685693814352072,db_only
AAAGTAGGTAGTGAAT-1,CD8 Naive,T,CD4+CD8+,T,0.018657479026101643,,CD4+CD8+,T,0.12990684069150954,low_confidence,CD4 Tem,T,0.22846444565708948,,CD4 Tem,T,0.23874223830390243,low_confidence,Other,Other,0.028792839175926895,db_only
ACGATACAGGCCCTCA-1,cDC,DC,cDC2,DC,0.02413260549787512,,cDC2,DC,0.387725775806695,unknown,cDC2,DC,0.5686644711831526,,cDC2,DC,0.4394225459142542,unknown,Immature B cell,B,0.0836315172392265,db_only
AACCATGCATGCCCGA-1,CD4 Naive,T,CD4 Naive,T,0.07292026240325174,,CD4 Naive,T,0.3743185753321141,unknown,CD4 Tcm,T,0.5470465727079689,,CD4 Tcm,T,0.27352328635398443,unknown,Lymphocyte,Other,0.05019175558386975,db_only
AAGGCAGGTACTCAAC-1,CD14,Mono,CD14,Mono,0.038120134266526925,,CD14,Mono,0.4439719913556078,consistent,CD14,Mono,0.5327663896267294,,CD14,Mono,0.4892939844365317,consistent,Other,Other,0.0952172499814737,db_only
CAACCAACAGGCTGAA-2,T-mito,T,T-mito,T,0.006096655000219012,,T-mito,T,0.3859250988930896,unknown,T-mito,T,0.42880566543676624,,T-mito,T,0.4020053113469684,unknown,Other,Other,0.04893713817655056,db_only
CAACTAGAGGAGTTGC-2,ASC,B,ASC,B,0.005703525369379806,,ASC,B,0.32452490270058315,unknown,ASC,B,0.47596985729418856,,ASC,B,0.3966415477451571,unknown,Other,Other,0.022354470268977408,db_only
AGTCTTTGTCCTCTTG-1,Memory BC,B,ABC,B,0.11365625684113492,,ABC,B,0.15614050312483202,low_confidence,T-mito,T,0.34731659010056537,,T-mito,T,0.2467288830496399,unknown,Immature B cell,B,0.0856961356912829,db_only
AGAATAGCAAGTTAAG-1,Naive BC,B,Naive,B,0.09839966173441943,,Naive,B,0.3692540089259249,consistent,Naive,B,0.5510843258828024,,Naive,B,0.476143327299219,consistent,Immature B cell,B,0.045779069264659286,db_only
CACAAACGTGTTCTTT-1,CD4 Tcm,T,T-mito,T,0.004371702556470599,,T-mito,T,0.19429120898981045,low_confidence,T-mito,T,0.25905494531974727,,T-mito,T,0.22667307715477886,low_confidence,Effector memory CD8 T cell,T,0.045049061969969766,db_only
AAGGCAGGTACCGGCT-1,CD4 Naive,T,CD4+CD8+,T,0.018179291555703202,,CD4+CD8+,T,0.052734314231299456,unknown,CD4 Naive,T,0.1832128728968723,,CD4 Naive,T,0.1347686923237807,unknown,Lymphocyte,Other,0.038478356112001115,db_only
ACTTTCAAGTGTTGAA-1,CD8 Naive,T,CD4+CD8+,T,0.0222643522983782,,CD4+CD8+,T,0.11156497734269064,low_confidence,CD4+CD8+,T,0.22312995468538127,,CD4 Tem,T,0.20584175987285344,low_confidence,Other,Other,0.03603986776585746,db_only
AAGGTTCAGAGAACAG-1,CD8 Naive,T,CD4 Naive,T,0.024346102875657687,,CD4 Naive,T,0.4787635170726581,consistent,CD4 Naive,T,0.6383513560968774,,CD4 Naive,T,0.5585574365847678,consistent,Other,Other,0.03112647596832006,db_only
AAAGTAGCATGACATC-1,CD4 Tem,T,T-mito,T,0.008983530087289257,,T-mito,T,0.19289994014314002,unknown,T-mito,T,0.29014149169025927,,T-mito,T,0.27822106751414427,unknown,Other,Other,0.02861850157094635,db_only
AGTTGGTAGTATCGAA-1,Naive BC,B,Naive,B,0.06263037259194229,,Naive,B,0.3798779948212546,consistent,Naive,B,0.5598202028944804,,Naive,B,0.5037528975779617,consistent,Immature B cell,B,0.0691502524873384,db_only
CACACTCGTCATTAGC-1,CD16,Mono,CD16,Mono,0.03132962718247257,,CD16,Mono,0.4634112635844182,unknown,cDC2,DC,0.42422012416429533,,CD16,Mono,0.5255118595352354,unknown,Immature B cell,B,0.016383955382388224,db_only
ACGCCGAAGGTTACCT-1,CD4-CD8,T,CD8 CTL,T,0.17039804806328834,,CD8 CTL,T,0.16279036525937415,low_confidence,CD4+CD8+,T,0.38601535220617866,,CD4-CD8-,T,0.3744492951692417,consistent,Cytotoxic CD8 T cell,T,0.0482133446916275,db_only
CCTCAGTGTGCCTGGT-1,CD4 Tcm,T,T-mito,T,0.009450092608950248,,T-mito,T,0.2214184683906622,low_confidence,cDC1,DC,0.2491635435035961,,T-mito,T,0.29983750927902175,low_confidence,Other,Other,0.047121939802433996,db_only
AAATGCCAGGAGTTTA-2,CD4 Tcm,T,CD4+CD8+,T,0.01099190864970864,,CD4+CD8+,T,0.25866273428205844,low_confidence,CD4+CD8+,T,0.3448836457094112,,CD4+CD8+,T,0.3017731899957348,consistent,Other,Other,0.03356561325597342,db_only
ACTGATGAGTGAAGTT-1,NK2,NK,CD4+CD8+,T,0.015733418890413874,,CD4+CD8+,T,0.22121463275247136,low_confidence,CD4+CD8+,T,0.35394341240395416,,CD4+CD8+,T,0.2654575593029656,low_confidence,Cytotoxic CD8 T cell,T,0.056806735362582655,db_only
CACAGGCCAATGACCT-1,T-mito,T,T-mito,T,0.0018621122473378305,,T-mito,T,0.38141780298073535,unknown,T-mito,T,0.44872682703615924,,T-mito,T,0.3926359736566393,unknown,Other,Other,0.07035750059595873,db_only
TCTTTCCGTGTTGGGA-1,ASC,B,ASC,B,0.0043438388726178044,,ASC,B,0.4120504741893489,consistent,ASC,B,0.4532555216082838,,ASC,B,0.3777129346735698,consistent,Other,Other,0.027565587501867238,db_only
CGCTGGAAGGCTATCT-1,MEG,Other,CD4+CD8+,T,0.01082060675925253,,CD4+CD8+,T,0.08752599906989719,unknown,cDC1,DC,0.24362335825147333,,ASC,B,0.17524911715299502,unknown,Lymphocyte,Other,0.04114806063435807,db_only
AAACCTGAGGGCACTA-1,CD4 Naive,T,CD4 Naive,T,0.03689973676158089,,CD4 Naive,T,0.3504383727262622,unknown,CD4 Naive,T,0.4672511636350163,,CD4 Naive,T,0.40884476818063925,unknown,Lymphocyte,Other,0.0752569171836411,db_only
AAGGAGCAGCAGGTCA-1,CD4 Naive,T,T-mito,T,0.01287407562156327,,T-mito,T,0.058151456058770236,unknown,cDC1,DC,0.22695589991611873,,cDC1,DC,0.11347794995805936,unknown,Lymphocyte,Other,0.055838518570110324,db_only
ACTGAACAGCTCAACT-2,ASC,B,ASC,B,0.004375534007039093,,ASC,B,0.4117509251836515,consistent,ASC,B,0.5032511307800185,,ASC,B,0.419375942316682,consistent,Other,Other,0.015026893915968039,db_only
AACTGGTTCCCACTTG-1,NK2,NK,CD4+CD8+,T,0.02863957196438774,,CD4+CD8+,T,0.23217091938885231,low_confidence,CD4+CD8+,T,0.30894086648906754,,CD4+CD8+,T,0.27075750973184903,low_confidence,Cytotoxic CD8 T cell,T,0.023672735556956988,db_only
ACTGAACTCTGCCCTA-1,CD4 Naive,T,T-mito,T,0.005210707232971301,,T-mito,T,0.16660292135098745,low_confidence,T-mito,T,0.2776715355849791,,T-mito,T,0.2256081226627955,low_confidence,Other,Other,0.028052867031051126,db_only
ATCTACTAGAATAGGG-1,cDC,DC,cDC2,DC,0.04126229381318361,,cDC2,DC,0.3864990664863555,unknown,cDC2,DC,0.6073556759071301,,cDC2,DC,0.3864990664863555,unknown,Immature B cell,B,0.045530664160124745,db_only
ACCCACTAGGCTAGCA-1,CD14,Mono,Intermed,Other,0.04864997545469453,,Intermed,Other,0.16243060914606444,unknown,CD16,Mono,0.39780382444597906,,CD14,Mono,0.40120292558047516,consistent,Other,Other,0.13290762551713128,db_only
ACTGATGCAAGCCGTC-1,Naive BC,B,Memory,B,0.03625088843886515,,Memory,B,0.18657854240968552,unknown,Memory,B,0.29292305342846425,,Memory,B,0.2998231154070201,unknown,Lymphocyte,Other,0.060311098493181725,db_only
AAACGGGGTCGACTAT-1,RBC,Other,CD4 Tcm,T,0.096422312788153,,CD4 Tcm,T,0.0734039635805896,unknown,cDC1,DC,0.19480778635791693,,cDC1,DC,0.09740389317895846,unknown,Other,Other,0.5765936379175552,db_only
TGAAAGAGTGAGGGTT-1,pDC,DC,pDC,DC,0.0011531247320285464,,pDC,DC,0.2979108742950993,unknown,pDC,DC,0.4205800578283755,,pDC,DC,0.32499368104919923,unknown,Cytotoxic CD8 T cell,T,0.10411356064053173,db_only
ACATACGAGTATTGGA-1,MEG,Other,CD4+CD8+,T,0.019975484610466828,,CD4+CD8+,T,0.10826577639032517,low_confidence,cDC1,DC,0.17094082463797206,,CD4 Naive,T,0.1849193668554326,low_confidence,Other,Other,0.03788958557002877,db_only
AGAGCTTGTGTGCCTG-1,NK1,NK,CD4+CD8+,T,0.024736206266332602,,CD4+CD8+,T,0.25508304897953804,low_confidence,NK_CD56bright,NK,0.38100061490506953,,NK_CD56bright,NK,0.20955033819778826,unknown,Effector memory CD8 T cell,T,0.0793143263779457,db_only
ATGTGTGGTGAAATCA-1,NK1,NK,CD4+CD8+,T,0.027867255432423174,,CD4+CD8+,T,0.297513609332939,low_confidence,CD4+CD8+,T,0.4760217749327025,,CD4+CD8+,T,0.35701633119952686,consistent,Cytotoxic CD8 T cell,T,0.024039961843389485,db_only
AACTCTTCATTATCTC-1,NK3,NK,NK3,NK,0.044210067516357705,,CD4+CD8+,T,0.4251615542510482,consistent,NK3,NK,0.4913238222138167,,CD4+CD8+,T,0.4858989191440551,consistent,Activated CD8+ T cell,T,0.04203746730879481,db_only
TTGACTTAGCGATTCT-1,T-mito,T,T-mito,T,0.0077771998172419254,,T-mito,T,0.40087981724078114,unknown,T-mito,T,0.42197875499029597,,T-mito,T,0.39560508280340245,unknown,Other,Other,0.050281279780721916,db_only
AGTAGTCGTAACGACG-2,pDC,DC,pDC,DC,0.04647072578597028,,pDC,DC,0.31819940546277636,unknown,ASDC,DC,0.4415637722144975,,ASDC,DC,0.2609240472176576,unknown,Immature B cell,B,0.04643376840918512,db_only
AAAGCAATCTGCCAGG-1,CD8 Tem,T,CD8 Tex,T,0.05940039862832022,,CD4+CD8+,T,0.11613243961643194,low_confidence,CD4+CD8+,T,0.45344394769423146,,CD8 Tex,T,0.3264834908863157,consistent,Effector memory CD8 T cell,T,0.06310820974739505,db_only
ACGAGCCAGGCCCGTT-1,CD4 Naive,T,T-mito,T,0.025241780863231627,,T-mito,T,0.1808373501617571,unknown,T-mito,T,0.2711535639207352,,T-mito,T,0.22604668770219633,unknown,Lymphocyte,Other,0.10562533487578789,db_only
TACACGACATCGTCGG-1,RBC,Other,CD4 Tcm,T,0.037618120236258906,,CD4 Tcm,T,0.07570492382426493,unknown,T-mito,T,0.15822686249344442,,NK3,NK,0.09664399622881215,unknown,Other,Other,0.5936162133661816,db_only
AGACGTTAGAGCAATT-1,CD4 Naive,T,CD4+CD8+,T,0.0159226585290085,,CD4+CD8+,T,0.07769754371594433,unknown,CD4 Naive,T,0.18245423978899586,,CD4 Naive,T,0.15303152778151466,unknown,Other,Other,0.04391384240618961,db_only
ACGAGGATCAAAGTAG-1,CD4 Tem,T,T-mito,T,0.003966769210765481,,T-mito,T,0.25695776372705814,unknown,T-mito,T,0.3670825196100831,,T-mito,T,0.32119720465882273,unknown,Lymphocyte,Other,0.1141312553355049,db_only
AATCCAGAGATATGCA-1,CD4 Tem,T,CD4+CD8+,T,0.00768177337098833,,CD4+CD8+,T,0.2229717574127712,unknown,CD4+CD8+,T,0.25482486561459566,,CD4+CD8+,T,0.25482486561459566,unknown,Lymphocyte,Other,0.07280265357307118,db_only
GGACAGATCACATACG-2,pDC,DC,pDC,DC,0.006039119498300799,,pDC,DC,0.4176333053301572,unknown,pDC,DC,0.45559996945108056,,pDC,DC,0.4348908799305769,unknown,Cytotoxic CD8 T cell,T,0.08012181111272108,db_only
ACTGTCCCACCGCTAG-1,CD8 Tem,T,CD8 Tex,T,0.06630808951714295,,CD4+CD8+,T,0.3212308383134154,consistent,CD8 TEM,T,0.30971450779252613,,CD4+CD8+,T,0.44972317363878156,consistent,Other,Other,0.0486508724752336,db_only
AGAGTGGAGTTGTCGT-1,CD4 Tem,T,CD4 Tem,T,0.04932611944797115,,CD4 Tem,T,0.2774544863026407,low_confidence,CD4 Tem,T,0.43159586758188556,,CD4 Tem,T,0.3452766940655085,consistent,Other,Other,0.027359688864162828,db_only
GAACCTATCGTTGACA-1,cDC,DC,Intermed,Other,0.05120253177344426,,Intermed,Other,0.2588164402190024,unknown,CD14,Mono,0.37740064771580223,,cDC2,DC,0.3087670047846664,unknown,Immature B cell,B,0.07127790928054872,db_only
CCGGTAGAGGGCACTA-1,MEG,Other,CD16,Mono,0.12123112535609731,,CD16,Mono,0.051453896368754505,unknown,Platelet,Other,0.3929942797097065,,Platelet,Other,0.340595042415079,consistent,Other,Other,0.2459893624571078,db_only
AGATTGCAGGATATAC-1,RBC,Other,CD14,Mono,0.025186732642605358,,Intermed,Other,0.07883877830029454,low_confidence,CD14,Mono,0.20102053010306506,,CD14,Mono,0.11233500211641871,unknown,Other,Other,0.6118761518996924,db_only
GCTCTGTAGGATGGAA-1,CD4 Tcm,T,T-mito,T,0.006686148111147399,,T-mito,T,0.30516583084327253,unknown,T-mito,T,0.38145728855409067,,T-mito,T,0.35761620801946,unknown,Lymphocyte,Other,0.04879724974458464,db_only
CATGACACACCAACCG-1,CD16,Mono,CD16,Mono,0.04220038663718584,,CD16,Mono,0.5244340083236786,unknown,cDC1,DC,0.40817418877963435,,cDC2,DC,0.25680932147046837,unknown,Immature B cell,B,0.04114052606877468,db_only
ACCAGTACACAAGTAA-1,CD8 Tem,T,CD4+CD8+,T,0.006306144879595221,,CD4+CD8+,T,0.19037232112749033,low_confidence,CD4+CD8+,T,0.29847799476900577,,CD4+CD8+,T,0.189607606248118,low_confidence,Other,Other,0.03864596074686931,db_only
ACACCCTGTCTCATCC-1,CD4-CD8,T,CD4-CD8-,T,0.06909954518994967,,CD4+CD8+,T,0.3899358246347824,consistent,CD4-CD8-,T,0.2738744694812775,,CD4+CD8+,T,0.3899358246347824,consistent,Cytotoxic CD8 T cell,T,0.024690455682354943,db_only
ACATACGTCCCGACTT-1,CD14,Mono,CD14,Mono,0.07178086248447427,,CD14,Mono,0.3518907608250482,consistent,CD14,Mono,0.32307134158325457,,CD14,Mono,0.32029601050564355,consistent,Other,Other,0.06772917832021276,db_only
CTAGTGAAGTACACCT-1,T-mito,T,T-mito,T,0.02343713583344053,,T-mito,T,0.20571334909468925,unknown,T-mito,T,0.25714168636836154,,T-mito,T,0.24107033097033895,unknown,Immature B cell,B,0.023600082286568395,db_only
AAAGATGGTACCGCTG-1,ASC,B,ASC,B,0.003624674790719509,,ASC,B,0.3254778924211024,consistent,ASC,B,0.42120668430966196,,ASC,B,0.3510055702580516,consistent,Other,Other,0.018071681379284412,db_only
CAAGGCCTCTTATCTG-1,T-mito,T,T-mito,T,0.030517286096706377,,T-mito,T,0.1950863046197454,unknown,ASC,B,0.2726505937681747,,ASC,B,0.18176706251211644,unknown,Other,Other,0.02438866032113366,db_only
ACCGTAACATGCAATC-1,CD8 Naive,T,CD4 Naive,T,0.04594790959172552,,CD4 Naive,T,0.4544778188189606,consistent,CD4 Naive,T,0.55935731546949,,CD4 Naive,T,0.4195179866021175,consistent,Other,Other,0.036430003524242756,db_only
ACTGAACCACGCTTTC-1,Naive BC,B,Naive,B,0.059208081955480794,,Naive,B,0.36332824424532484,unknown,Naive,B,0.5354310967825839,,Naive,B,0.4445569142620137,unknown,Lymphocyte,Other,0.0838358083678719,db_only
CGCGGTAGTAACGACG-1,MEG,Other,Intermed,Other,0.04302601829814877,,cDC2,DC,0.20487318233737073,unknown,CD14,Mono,0.4099691455895745,,cDC2,DC,0.24265090714037826,unknown,Other,Other,0.1109743717842121,db_only
AACCATGCAGTATCTG-1,Memory BC,B,CD4+CD8+,T,0.06145326858407521,,CD4+CD8+,T,0.27060206885254934,unknown,CD4+CD8+,T,0.5022091462294758,,CD4+CD8+,T,0.26168499845950444,unknown,Immature B cell,B,0.03760618228131252,db_only
AACTGGTCACGTCAGC-1,CD8 CTL,T,CD4+CD8+,T,0.02366177401822439,,CD4+CD8+,T,0.2717319577505365,low_confidence,CD4+CD8+,T,0.36230927700071536,,CD4+CD8+,T,0.3170206173756259,consistent,Cytotoxic CD8 T cell,T,0.0924244071877134,db_only
CAAGTTGAGTGTCCCG-1,Naive BC,B,Naive,B,0.023774379722138837,,ABC,B,0.07963096575521804,unknown,B intermediate,B,0.16412919479240123,,B intermediate,B,0.09378811130994355,unknown,Other,Other,0.07357008569531504,db_only
AAGGTTCCAGGACCCT-1,CD4 Tem,T,T-mito,T,0.011197503758609298,,T-mito,T,0.24849712966221743,unknown,T-mito,T,0.3106214120777718,,T-mito,T,0.291207573822911,unknown,Lymphocyte,Other,0.05698285898220291,db_only
GAAACTCAGGGCACTA-1,T-mito,T,T-mito,T,0.007546001950909096,,T-mito,T,0.12255818422653923,low_confidence,T-mito,T,0.1750831203236275,,T-mito,T,0.16414042530340078,low_confidence,Other,Other,0.03084482230046757,db_only
GAAGCAGAGAAGGTGA-2,ASC,B,ASC,B,0.00306392199263079,,ASC,B,0.39644695354623566,consistent,ASC,B,0.4845462765565103,,ASC,B,0.4037885637970919,consistent,Other,Other,0.018749159262951474,db_only
AATCCAGGTATAAACG-1,CD14,Mono,Intermed,Other,0.04112178562252051,,Intermed,Other,0.15213977262358816,unknown,cDC1,DC,0.3933692378965875,,CD14,Mono,0.5869055510711766,consistent,Other,Other,0.18436360428454815,db_only
CAGAATCCAGCCAATT-1,MEG,Other,CD14,Mono,0.03192164318926299,,CD14,Mono,0.4687162616922478,consistent,CD14,Mono,0.516019192087318,,CD14,Mono,0.5001342561703022,consistent,Other,Other,0.1560888820088655,db_only
AAGGCAGGTTTGTTTC-1,CD4 Tem,T,CD4+CD8+,T,0.0074108038015177225,,CD4+CD8+,T,0.13499764165076877,low_confidence,CD4 TCM,T,0.43172049003032,,CD4 TCM,T,0.32379036752274,consistent,Effector memory CD8 T cell,T,0.05630241144558833,db_only
AAGGTTCTCTGGCGTG-1,CD8 Tem,T,CD4+CD8+,T,0.010402375481327204,,CD4+CD8+,T,0.1961525771591208,low_confidence,cDC1,DC,0.23222965022713207,,ASC,B,0.19702788831340035,unknown,Other,Other,0.03158092221870982,db_only
AACACGTCAGACGCTC-1,CD4-CD8,T,CD4+CD8+,T,0.014113687365956806,,CD4+CD8+,T,0.3419517339413587,consistent,CD4+CD8+,T,0.3908019816472671,,CD4+CD8+,T,0.2931014862354503,low_confidence,Effector memory CD8 T cell,T,0.04849890821029254,db_only
ACAGCCGAGTATCGAA-1,CD8 Tem,T,CD4+CD8+,T,0.020541157847728662,,CD4+CD8+,T,0.2501602032692074,low_confidence,CD4+CD8+,T,0.3335469376922765,,CD4+CD8+,T,0.3335469376922765,consistent,Effector memory CD8 T cell,T,0.06668971147079437,db_only
ACATACGGTCTGATTG-1,Memory BC,B,CD4+CD8+,T,0.019518197489206482,,CD4+CD8+,T,0.35931223056026707,unknown,CD4+CD8+,T,0.41064254921173377,,CD4+CD8+,T,0.41064254921173377,unknown,Immature B cell,B,0.036664607570621,db_only
CGTAGCGAGCTACCTA-1,CD4 Tcm,T,T-mito,T,0.004723792777552805,,T-mito,T,0.09013366729368609,unknown,ASC,B,0.23650312062220014,,ASC,B,0.16717264415255864,unknown,Lymphocyte,Other,0.04742288159515233,db_only
AAAGTAGAGTCTCGGC-1,CD8 CTL,T,NK3,NK,0.05146343271740854,,CD4+CD8+,T,0.21608360139337168,low_confidence,NK3,NK,0.39640833378476426,,NK3,NK,0.3468572920616687,unknown,Activated CD8+ T cell,T,0.05629148215222937,db_only
AATCGGTAGGAGCGTT-1,CD8 Tem,T,CD8 Tex,T,0.06895255569383715,,CD4+CD8+,T,0.1420743753170359,low_confidence,CD8 Tex,T,0.21936317732923535,,CD8 Tex,T,0.1974250205430822,low_confidence,Effector memory CD8 T cell,T,0.0814586667991131,db_only
ACTGAACTCGGCGGTT-1,Naive BC,B,Naive,B,0.03391900379873257,,Naive,B,0.44733023501415997,consistent,Naive,B,0.6262623290198239,,Naive,B,0.547979537892346,consistent,Other,Other,0.06012268428406166,db_only
AACACGTTCCGTAGGC-1,NK2,NK,CD4+CD8+,T,0.04491500899778111,,NK3,NK,0.2543489823339593,unknown,CD4+CD8+,T,0.45165797753630044,,CD4+CD8+,T,0.33874348315222536,consistent,Cytotoxic CD8 T cell,T,0.052561051515633214,db_only
CAAGAAACAGTCCTTC-2,T-mito,T,T-mito,T,0.015785093904157117,,T-mito,T,0.22066695289093208,low_confidence,T-mito,T,0.27583369111366507,,T-mito,T,0.27666125395755076,low_confidence,Other,Other,0.028167530345406463,db_only
ACGGGCTTCATAACCG-1,cDC,DC,cDC2,DC,0.0457621865561482,,cDC2,DC,0.2891856580291537,unknown,cDC2,DC,0.49621323681312735,,CD14,Mono,0.3042599275607149,unknown,Immature B cell,B,0.041557260316368694,db_only
CCCTCCTGTGTGTGCC-1,MEG,Other,CD4 Tem,T,0.027921634887548032,,CD4+CD8+,T,0.03589472857286498,unknown,CD4 Tem,T,0.5402361190341941,,CD4 Tem,T,0.21651695568138443,unknown,Lymphocyte,Other,0.03406419587467935,db_only
AAGGCAGTCACGAAGG-1,CD14,Mono,CD16,Mono,0.07975369046105238,,CD16,Mono,0.0,unknown,T-mito,T,0.0928794781033694,,ABC,B,0.04229391080468266,unknown,Other,Other,0.08386319003131125,db_only
CATCAAGCATTGGTAC-1,MEG,Other,CD4+CD8+,T,0.015166124138807009,,CD4+CD8+,T,0.41938991104079987,consistent,CD4+CD8+,T,0.5591865480543998,,CD4+CD8+,T,0.4892882295475999,consistent,Activated CD8+ T cell,T,0.03317454069397959,db_only
GCGCAACCACGGCTAC-1,T-mito,T,T-mito,T,0.021794445417917297,,T-mito,T,0.16532427031605917,unknown,cDC2,DC,0.2371239810503794,,ASC,B,0.18313375716249913,low_confidence,Other,Other,0.021930745099368276,db_only
CTAGCCTGTTCCGTCT-1,RBC,Other,CD14,Mono,0.026439452056870504,,CD14,Mono,0.10815610423546614,unknown,cDC2,DC,0.09722954222798202,,CD14,Mono,0.11607165917934362,unknown,Other,Other,0.5468319729275838,db_only
ACTTGTTTCGCATGAT-1,CD4+CD8,T,CD4+CD8+,T,0.02119517437351652,,CD4+CD8+,T,0.3103189522615683,consistent,CD4+CD8+,T,0.4137586030154244,,CD4+CD8+,T,0.36203877763849635,consistent,Cytotoxic CD8 T cell,T,0.07209962797611039,db_only
AAGCCGCGTAGAGCTG-1,Memory BC,B,Memory,B,0.07825504260481325,,Memory,B,0.2904335963915625,unknown,Memory,B,0.514844204130497,,Memory,B,0.4230288056999583,unknown,Lymphocyte,Other,0.07501405429733016,db_only
GACTACATCGGCTACG-1,cDC,DC,cDC1,DC,0.026345980429740134,,cDC1,DC,0.20219333010730028,unknown,Intermed,Other,0.3314261982172725,,Intermed,Other,0.23251168940061134,unknown,Immature B cell,B,0.09528982134902739,db_only
ACACCGGTCAACACCA-1,CD8 Tem,T,CD4+CD8+,T,0.03148343344254491,,CD4+CD8+,T,0.2211294073374623,low_confidence,CD4+CD8+,T,0.3538070517399397,,CD4+CD8+,T,0.2653552888049548,low_confidence,Effector memory CD8 T cell,T,0.09229812938482791,db_only
TGTCCCAGTCGTGGCT-1,NK1,NK,NK1,NK,0.03412370384898727,,NK1,NK,0.4001668330877125,unknown,NK1,NK,0.5335557774502834,,NK1,NK,0.45733352352881435,unknown,Cytotoxic CD8 T cell,T,0.021932698266045925,db_only
AAGGAGCTCGCATGAT-1,NK2,NK,NK2,NK,0.08395846994375727,,NK2,NK,0.458145027804646,unknown,NK2,NK,0.5787095088058686,,NK3,NK,0.41523313388504285,unknown,Cytotoxic CD8 T cell,T,0.04895342980276937,db_only
AGTAGTCCATGCCCGA-1,CD8 Naive,T,CD4+CD8+,T,0.01243341236209118,,CD4+CD8+,T,0.0745170941686685,unknown,cDC1,DC,0.18948663154914117,,CD4 Tem,T,0.17551046796976116,unknown,Lymphocyte,Other,0.04328790280646056,db_only
ACCCACTTCTATGTGG-1,CD8 Naive,T,T-mito,T,0.0042821322176475,,T-mito,T,0.25626325259404265,unknown,T-mito,T,0.3203290657425533,,T-mito,T,0.28028793252473416,unknown,Lymphocyte,Other,0.03836042940803635,db_only
CGCTATCCAGCGAACA-1,RBC,Other,CD4 Tcm,T,0.02544626062223092,,CD4 Tcm,T,0.10768863717024645,unknown,CD4 Tcm,T,0.2153772743404929,,CD4 Tcm,T,0.07659884044928589,unknown,Other,Other,0.5599375141043106,db_only
AACCGCGTCTCGTTTA-1,CD14,Mono,CD14,Mono,0.01616982567916443,,CD14,Mono,0.3128544393853186,consistent,CD14,Mono,0.42798813340205966,,CD14,Mono,0.36947967728311387,consistent,Other,Other,0.09340434558597557,db_only
CACACTCAGAATTGTG-1,CD4 Tcm,T,T-mito,T,0.004825573284062912,,T-mito,T,0.27420169258592697,low_confidence,T-mito,T,0.35656904160882663,,T-mito,T,0.3199019746835815,consistent,Effector memory CD8 T cell,T,0.04819353354074069,db_only
ACCCACTGTCAGCTAT-1,CD8 CTL,T,CD4+CD8+,T,0.02730936045723862,,CD4+CD8+,T,0.423828763487684,consistent,CD4+CD8+,T,0.4843757297002103,,CD4+CD8+,T,0.423828763487684,consistent,Other,Other,0.031542814829720045,db_only
ACACCGGGTAACGCGA-1,CD8 CTL,T,CD8 CTL,T,0.07538651147579585,,CD4+CD8+,T,0.29582106324611,low_confidence,CD8 CTL,T,0.5248740474254027,,CD4+CD8+,T,0.3944280843281467,consistent,Activated CD8+ T cell,T,0.03326214763338036,db_only
AAGACCTAGAGGGATA-1,CD14,Mono,CD14,Mono,0.04835734380076354,,CD14,Mono,0.5522805170193388,consistent,CD14,Mono,0.6413580197643934,,CD14,Mono,0.6224945485948524,consistent,Other,Other,0.20842260529513545,db_only
AACTCCCAGGTGATTA-1,pDC,DC,pDC,DC,0.00493385153949778,,pDC,DC,0.4385935803824178,unknown,pDC,DC,0.5012498061513346,,pDC,DC,0.4556816419557588,unknown,Cytotoxic CD8 T cell,T,0.11075073413078765,db_only
CAGCTAATCTGGTATG-1,CD4 Tcm,T,CD4+CD8+,T,0.0036680670133712595,,CD4+CD8+,T,0.15959961910927944,unknown,cDC1,DC,0.21588838708244468,,cDC1,DC,0.10908135443985725,unknown,Lymphocyte,Other,0.04033584178240447,db_only
AACTCAGGTTCGTTGA-1,CD8 CTL,T,CD4+CD8+,T,0.04376274356675154,,CD4+CD8+,T,0.41642444058945943,consistent,CD4+CD8+,T,0.47591364638795364,,CD4+CD8+,T,0.41642444058945943,consistent,Activated CD8+ T cell,T,0.05343803670375962,db_only
CGTTAGACACGGATAG-2,pDC,DC,pDC,DC,0.005765597427502117,,pDC,DC,0.3706853892143882,unknown,pDC,DC,0.4848076689936149,,pDC,DC,0.4186975323126674,unknown,Lymphocyte,Other,0.044407989700400934,db_only
ACCGTAAGTCGAGTTT-1,CD4 Naive,T,T-mito,T,0.008294416372945987,,T-mito,T,0.21810990086718873,unknown,T-mito,T,0.3115855726674125,,CD8 TCM,T,0.20177244704418287,unknown,Lymphocyte,Other,0.033670331093695036,db_only
ACACCGGAGAGCTTCT-1,CD8 Tem,T,CD4+CD8+,T,0.02388689252037415,,CD4+CD8+,T,0.1062985142373466,unknown,CD4-CD8-,T,0.2154512546082855,,CD4-CD8-,T,0.11805908953298257,unknown,Lymphocyte,Other,0.052994987727507006,db_only
ATTATCCCATACTCTT-1,CD16,Mono,CD16,Mono,0.026616188440135875,,CD16,Mono,0.47591463061943606,unknown,cDC2,DC,0.42854025306288873,,cDC2,DC,0.24026182546435104,unknown,Other,Other,0.04183386894930296,db_only
ACGGCCATCACCCTCA-1,NK2,NK,NK3,NK,0.07792390735465904,,NK3,NK,0.3422255669175749,consistent,NK3,NK,0.5133383503763623,,NK3,NK,0.36032515004691335,consistent,Other,Other,0.021299221832075603,db_only
CGATGGCTCTAAGCCA-1,MEG,Other,CD4+CD8+,T,0.013741924438475054,,CD4+CD8+,T,0.25512229262366676,low_confidence,CD4+CD8+,T,0.2915683344270477,,CD4+CD8+,T,0.25512229262366676,low_confidence,Other,Other,0.025094117545729055,db_only
CGATGTAGTGACTACT-1,CD4 Tcm,T,CD4+CD8+,T,0.006360267688911948,,CD4+CD8+,T,0.13020435651014745,unknown,ASC,B,0.2760829637198146,,ASC,B,0.251607437853343,unknown,Lymphocyte,Other,0.05182188321455407,db_only
TCAGGTACAATGTAAG-1,T-mito,T,T-mito,T,0.002470890030921968,,T-mito,T,0.37561351663640963,unknown,T-mito,T,0.41734835181823293,,T-mito,T,0.36517980784095383,unknown,Other,Other,0.07591355262155099,db_only
AACGTTGGTCTGATCA-1,NK3,NK,NK3,NK,0.05612849456105145,,CD4+CD8+,T,0.3705234170404907,consistent,NK3,NK,0.4768435916927869,,NK3,NK,0.35763269376959017,unknown,Activated CD8+ T cell,T,0.04268701447551402,db_only
GCATACATCCTCGCAT-1,ASC,B,ASC,B,0.003991022071569828,,ASC,B,0.2948304608500915,low_confidence,ASC,B,0.40539188366887585,,ASC,B,0.33782656972406316,consistent,Other,Other,0.018333922195025106,db_only
ACCCACTTCCTGCAGG-1,Naive BC,B,Naive,B,0.06261320590822836,,Naive,B,0.47286776763588023,consistent,Naive,B,0.5990743497415982,,Naive,B,0.5642172227473571,consistent,Immature B cell,B,0.04986188684680564,db_only
AACACGTTCTCCCTGA-1,CD4 Naive,T,CD4 Naive,T,0.028917248886634547,,CD4 Naive,T,0.38965521594977065,unknown,CD4 Naive,T,0.5195402879330275,,CD4 Naive,T,0.38965521594977065,unknown,Lymphocyte,Other,0.09134097593014391,db_only
ACACCGGGTCTGGAGA-4,ASC,B,ASC,B,0.0025194501354546357,,ASC,B,0.31704798620266783,consistent,ASC,B,0.43594098102866824,,ASC,B,0.2906273206857788,low_confidence,Other,Other,0.014224804797790813,db_only
AGACGTTGTCCGTTAA-1,pDC,DC,cDC1,DC,0.02824805446031609,,cDC1,DC,0.3804317309998921,unknown,cDC1,DC,0.45176268056237184,,cDC1,DC,0.2581501031784982,unknown,Immature B cell,B,0.060253112236476274,db_only
ACATCAGAGTGTACTC-1,NK2,NK,NK3,NK,0.06548587164594644,,NK3,NK,0.3718471864984669,unknown,NK3,NK,0.4462166237981603,,NK2,NK,0.43829668110916453,unknown,Cytotoxic CD8 T cell,T,0.048583804893914354,db_only
ATTGGTGCATGGGAAC-1,cDC,DC,cDC2,DC,0.03314644808514009,,cDC2,DC,0.3185669659841235,unknown,cDC2,DC,0.46723155011004774,,cDC2,DC,0.3185669659841235,unknown,Other,Other,0.12508740406264002,db_only
ACGAGGATCAGCCTAA-1,CD4 Naive,T,CD4 Naive,T,0.02773077085788693,,T-mito,T,0.0880373696294695,low_confidence,CD4 Naive,T,0.6231380722877975,,CD4 Naive,T,0.14193504853321381,low_confidence,Other,Other,0.026415963350959686,db_only
AACCATGAGGAGTTTA-1,CD14,Mono,CD14,Mono,0.0509248998447427,,CD14,Mono,0.4866190135662989,consistent,CD14,Mono,0.6074045103666486,,CD14,Mono,0.5192004707148532,consistent,Other,Other,0.15362362577440525,db_only
AGAGTGGCAAACTGTC-1,CD4-CD8,T,CD4+CD8+,T,0.06136440083692644,,CD4+CD8+,T,0.3081909745346576,consistent,CD4+CD8+,T,0.41092129937954347,,CD4+CD8+,T,0.25682581211221467,low_confidence,Activated CD8+ T cell,T,0.03757276977376884,db_only
AATCCAGAGAGTACAT-1,MEG,Other,CD4+CD8+,T,0.03658067485705664,,CD4+CD8+,T,0.3433059321936157,consistent,CD4+CD8+,T,0.457741242924821,,CD4+CD8+,T,0.40052358755921835,consistent,Activated CD8+ T cell,T,0.042879382157029744,db_only
TCTTTCCCATGCGCAC-1,cDC,DC,cDC2,DC,0.04951505065541008,,cDC2,DC,0.35865833043289264,unknown,cDC1,DC,0.40821388681240917,,cDC1,DC,0.21998433703173367,unknown,Immature B cell,B,0.07020372678102861,db_only
ACGTCAATCTCGTTTA-1,CD4 Tem,T,T-mito,T,0.01882440686516651,,T-mito,T,0.08592116017088877,low_confidence,cDC1,DC,0.2079805903407424,,ASC,B,0.19180952521997774,unknown,Other,Other,0.03583456816979969,db_only
AAGGAGCCATGTTGAC-1,NK3,NK,NK3,NK,0.05700168150086085,,NK3,NK,0.31674560287351705,unknown,CD4+CD8+,T,0.4554115709467615,,NK3,NK,0.386033703502099,unknown,Cytotoxic CD8 T cell,T,0.03885511143264849,db_only
TACTTGTTCGCATGAT-1,RBC,Other,CD4 Tcm,T,0.005434628738190138,,CD4 Tcm,T,0.12249931309289848,unknown,CD4 Tcm,T,0.24499862618579696,,CD4 Tcm,T,0.12249931309289848,unknown,Other,Other,0.5465744039303233,db_only
ACTGTCCAGATGGCGT-1,CD4 Tem,T,T-mito,T,0.004918237437111219,,T-mito,T,0.22244329588981895,unknown,T-mito,T,0.3422204552151061,,T-mito,T,0.2994428983132178,unknown,Lymphocyte,Other,0.07716810607619336,db_only
ACGCAGCGTCGGATCC-1,RBC,Other,CD4 Tcm,T,0.02183412255416853,,CD4 Tcm,T,0.09101459288431556,unknown,CD4 Tcm,T,0.1820291857686311,,CD4 Tcm,T,0.09101459288431556,unknown,Other,Other,0.5146143426298484,db_only
AGCATACGTGCGCTTG-1,NK2,NK,NK2,NK,0.042114897165768495,,CD4+CD8+,T,0.1558104454748741,low_confidence,NK2,NK,0.5604514484299071,,NK2,NK,0.24389537020650223,unknown,Cytotoxic CD8 T cell,T,0.08505578976088041,db_only
CACAGGCGTCACACGC-1,CD16,Mono,CD16,Mono,0.062312066396418994,,CD16,Mono,0.07693433823479665,unknown,cDC1,DC,0.4086270822156705,,cDC2,DC,0.27669363988598356,unknown,Other,Other,0.05166539812266617,db_only
ACTTACTAGGTGCAAC-1,NK1,NK,CD4+CD8+,T,0.0475486116796344,,NK2,NK,0.49849698906280726,unknown,CD4+CD8+,T,0.4095751701733879,,CD4+CD8+,T,0.25598448135836743,low_confidence,Cytotoxic CD8 T cell,T,0.03964532170285895,db_only
ACACTGAGTTACGTCA-1,CD4 Naive,T,CD4 Naive,T,0.04739355344998705,,CD4 Naive,T,0.4951614790390403,unknown,CD4 Naive,T,0.6602153053853871,,CD4 Naive,T,0.41263456586586694,unknown,Lymphocyte,Other,0.06009193667026933,db_only
GACAGAGTCGACGGAA-1,cDC,DC,cDC2,DC,0.028677346903772286,,cDC2,DC,0.2345350472655286,unknown,cDC2,DC,0.3685550742744021,,T-mito,T,0.35845399073232276,unknown,Immature B cell,B,0.08209444715209538,db_only
ACATACGCAGGTCTCG-1,CD14,Mono,CD14,Mono,0.049202562846156636,,CD14,Mono,0.5375736344813244,consistent,CD14,Mono,0.6072417811842454,,CD14,Mono,0.5270724094693244,consistent,Other,Other,0.1896702018441532,db_only
ATGGGAGTCTAGCACA-1,Naive BC,B,Naive,B,0.0775611011645589,,Memory,B,0.3183188342470692,consistent,Naive,B,0.5472037637984999,,Memory,B,0.5008909499800855,consistent,Other,Other,0.0785017719955945,db_only
ACTATCTGTTATCGGT-1,CD4 Naive,T,T-mito,T,0.01481440889809021,,T-mito,T,0.0914551653372504,unknown,CD4 TCM,T,0.38702700117455524,,CD4 Naive,T,0.1801776906746327,unknown,Lymphocyte,Other,0.05579236301580599,db_only
ACACCCTGTTCTGGTA-1,CD14,Mono,CD14,Mono,0.034077339421057576,,CD14,Mono,0.3779673047313888,consistent,CD14,Mono,0.4859579632260713,,CD14,Mono,0.42878643814065115,consistent,Other,Other,0.12294752081817743,db_only
CATCCACGTTACAGAA-3,ASC,B,ASC,B,0.005830104416978345,,ASC,B,0.2638954070016743,unknown,ASC,B,0.38704659693578897,,ASC,B,0.3225388307798241,unknown,Activated CD8+ T cell,T,0.014238103641937361,db_only
ACCCACTAGATCTGAA-1,CD4 Tem,T,T-mito,T,0.007014362935933615,,T-mito,T,0.18783443134540584,unknown,T-mito,T,0.3130573855756764,,T-mito,T,0.27392521237871686,unknown,Lymphocyte,Other,0.07351678182026841,db_only
AACACGTTCAGCGACC-1,NK1,NK,NK2,NK,0.06960009243403292,,NK2,NK,0.2836998054839207,unknown,NK3,NK,0.4485020004845736,,NK2,NK,0.46949851046431124,unknown,Other,Other,0.04546990162665791,db_only
ACGCCGAGTCAAAGCG-1,CD4+CD8,T,CD4+CD8+,T,0.010817426655445378,,CD4+CD8+,T,0.4508555592342625,consistent,CD4+CD8+,T,0.5152634962677286,,CD4+CD8+,T,0.5152634962677286,consistent,Activated CD8+ T cell,T,0.040217921937618646,db_only
AGTTGGTAGCAGGCTA-4,ASC,B,ASC,B,0.004231472335186158,,ASC,B,0.3628264178008827,consistent,ASC,B,0.49888632447621367,,ASC,B,0.415738603730178,consistent,Other,Other,0.11433051426117877,db_only
AGCAGCCAGGAACTGC-1,CD4-CD8,T,CD4+CD8+,T,0.029295278946609733,,CD4+CD8+,T,0.23735456371553676,low_confidence,CD4+CD8+,T,0.3797673019448588,,CD4+CD8+,T,0.23735456371553676,low_confidence,Effector memory CD8 T cell,T,0.06634720325115813,db_only
ATTATCCGTCCGTCAG-1,MEG,Other,CD16,Mono,0.054570334876611754,,cDC1,DC,0.00925718695975013,unknown,Platelet,Other,0.36305183501991056,,Platelet,Other,0.2662380123479344,low_confidence,Other,Other,0.3915691200630011,db_only
ACCAGTAGTCACCTAA-1,NK2,NK,NK2,NK,0.0683724726506215,,NK2,NK,0.4279894555445807,unknown,NK2,NK,0.5406182596352598,,NK2,NK,0.45051521636271646,unknown,Cytotoxic CD8 T cell,T,0.08012473133497863,db_only
ACGGAGAGTAAAGGAG-1,CD16,Mono,CD16,Mono,0.05091917629086465,,CD16,Mono,0.47366638574735725,unknown,CD16,Mono,0.4246815979229558,,CD16,Mono,0.6171027527757621,unknown,Immature B cell,B,0.030854549338487917,db_only
ACTGTCCAGTGCCATT-1,CD4 Naive,T,T-mito,T,0.012403341149368412,,T-mito,T,0.21622245225611658,unknown,T-mito,T,0.28829660300815546,,T-mito,T,0.23424098994412632,unknown,Lymphocyte,Other,0.029490138161419797,db_only
ACACCGGGTGCATCTA-1,CD4-CD8,T,CD4 Tex,T,0.11822130212009231,,CD4 Tex,T,0.4674601352664231,consistent,CD4 Tex,T,0.5353066562603606,,CD4 Tex,T,0.5396052926949748,consistent,Cytotoxic CD8 T cell,T,0.03192033677655114,db_only
CGCGGTACAGATGGCA-1,CD16,Mono,CD16,Mono,0.02656385081871137,,CD16,Mono,0.4393987814840425,unknown,cDC2,DC,0.3736461615809023,,CD16,Mono,0.5165068939268396,unknown,Other,Other,0.03751740300665925,db_only
CAGGTGCCAATCACAC-1,CD16,Mono,CD16,Mono,0.048346128793484405,,CD16,Mono,0.36188605815363317,unknown,CD16,Mono,0.5259888337697453,,CD16,Mono,0.469201879688959,unknown,Lymphocyte,Other,0.03265098064022111,db_only
AACGTTGGTGCAACGA-1,NK3,NK,NK3,NK,0.050407255905045266,,NK3,NK,0.4208088360235969,unknown,NK3,NK,0.5049706032283163,,NK3,NK,0.37872795242123725,unknown,Activated CD8+ T cell,T,0.03883221788476003,db_only
CCTAAAGGTAGGGTAC-1,CD4 Tcm,T,T-mito,T,0.004237599494274786,,T-mito,T,0.3101734731918427,consistent,T-mito,T,0.4431049617026324,,T-mito,T,0.4154109015962179,consistent,Other,Other,0.028266673623532596,db_only
TCTCTAAAGTTAAGTG-1,NK1,NK,T-mito,T,0.01276903099163871,,T-mito,T,0.17352746205067454,low_confidence,cDC1,DC,0.2710512111092253,,cDC1,DC,0.1377146592118613,unknown,Other,Other,0.03307596013024858,db_only
ACGAGGACATTAGCCA-1,CD4 Naive,T,T-mito,T,0.010533417484210156,,T-mito,T,0.1662082551986236,unknown,T-mito,T,0.2374403645694623,,CD8 Naive,T,0.17246272483063266,unknown,Lymphocyte,Other,0.04175899461919562,db_only
ATAGACCTCAGCTCGG-1,MEG,Other,cDC2,DC,0.06642630230483657,,cDC2,DC,0.09104150149402332,unknown,Platelet,Other,0.33552557635291697,,Platelet,Other,0.2684204610823336,low_confidence,Other,Other,0.21058350189033534,db_only
ACTTTCAAGGTGTTAA-1,CD8 Naive,T,CD4 Naive,T,0.06709448220482528,,CD4 Naive,T,0.33811985908517983,consistent,CD4 Naive,T,0.49181070412389793,,CD4 Naive,T,0.4303343661084107,consistent,Other,Other,0.045656784301680096,db_only
AACTCAGAGCGCTCCA-1,CD4 Naive,T,CD4 Naive,T,0.04939313897467602,,CD4 Naive,T,0.4290309741287056,consistent,CD4 Naive,T,0.5427520985628346,,CD4 Naive,T,0.5005361364834899,consistent,Other,Other,0.028826166628105106,db_only
ACCTTTAAGTTACGGG-1,Memory BC,B,T-mito,T,0.05339024637980889,,T-mito,T,0.2804827886053986,unknown,T-mito,T,0.5099687065552702,,T-mito,T,0.47480957390782047,unknown,Other,Other,0.0426143713664208,db_only
AATCGGTGTACTTCTT-1,CD8 Tem,T,CD4+CD8+,T,0.009546856708479995,,CD4+CD8+,T,0.24708589642304774,unknown,CD4+CD8+,T,0.329447861897397,,CD4+CD8+,T,0.24708589642304774,unknown,Lymphocyte,Other,0.04058398773243691,db_only
ATTGGACCAACGATGG-1,T-mito,T,T-mito,T,0.027419175840986815,,T-mito,T,0.1653594305359032,low_confidence,NK Proliferating,NK,0.39364143171096555,,NK Proliferating,NK,0.29523107378322416,unknown,Cytotoxic CD8 T cell,T,0.08944028597415171,db_only
AAAGTAGAGGCATTGG-1,CD8 Tem,T,CD4+CD8+,T,0.03674643948552718,,CD4+CD8+,T,0.2596162277881276,low_confidence,CD4+CD8+,T,0.2967042603292887,,CD8 Naive,T,0.1677406159882958,low_confidence,Other,Other,0.03684271800241313,db_only
AACTCTTTCCCTTGTG-1,CD4-CD8,T,CD4-CD8-,T,0.0582129955939705,,CD4-CD8-,T,0.17113802210913936,low_confidence,CD4-CD8-,T,0.4218612145049991,,CD4-CD8-,T,0.273820835374623,low_confidence,Other,Other,0.03727620975543798,db_only
TACAGTGTCTTCGGTC-1,cDC,DC,cDC2,DC,0.03921801487252099,,cDC2,DC,0.3824609871374434,unknown,cDC2,DC,0.5258838573139847,,cDC2,DC,0.4063647988335336,unknown,Immature B cell,B,0.08994132722973994,db_only
AGAGCTTAGACAGAGA-1,CD4-CD8,T,CD4+CD8+,T,0.06748804978030407,,CD4+CD8+,T,0.35483288076602276,consistent,CD4+CD8+,T,0.405523292304026,,CD4+CD8+,T,0.35483288076602276,consistent,Effector memory CD8 T cell,T,0.04474504582819801,db_only
AAACCTGTCCGCGCAA-1,NK3,NK,NK3,NK,0.03697987408314998,,NK3,NK,0.3519302436060814,unknown,NK3,NK,0.5278953654091221,,CD4+CD8+,T,0.29331071243800216,low_confidence,Activated CD8+ T cell,T,0.047744417454296924,db_only
TGTCCCAGTACCAGTT-1,CD4 Tcm,T,T-mito,T,0.0033734393858157376,,T-mito,T,0.3327891319765089,consistent,T-mito,T,0.4159864149706361,,T-mito,T,0.36398811309930656,consistent,Effector memory CD8 T cell,T,0.06939920079339985,db_only
AGCATACAGTAGGCCA-1,CD4+CD8,T,CD4+CD8+,T,0.007408114467883381,,CD4+CD8+,T,0.2837542185824766,low_confidence,CD4+CD8+,T,0.2837542185824766,,CD4+CD8+,T,0.2837542185824766,low_confidence,Effector memory CD8 T cell,T,0.036545127695422695,db_only
ACAGCTAGTATCGCAT-1,CD14,Mono,cDC2,DC,0.0634025096013753,,cDC2,DC,0.23745238524362713,unknown,cDC2,DC,0.39342163124829166,,T-mito,T,0.41397120186322584,unknown,Other,Other,0.08264006620203916,db_only
ACGCCGATCTTCTGGC-1,CD4-CD8,T,CD4+CD8+,T,0.06651933002524092,,CD4+CD8+,T,0.23217082688882276,low_confidence,CD4+CD8+,T,0.4643416537776455,,CD4+CD8+,T,0.34825624033323416,consistent,Other,Other,0.04017757608644428,db_only
AACTCCCTCCTAGAAC-1,CD8 Tem,T,CD8 Naive,T,0.032509635423344826,,CD4+CD8+,T,0.12007142736724433,low_confidence,CD8 Naive,T,0.4329135360373554,,CD8 Naive,T,0.11601195927417628,low_confidence,Effector memory CD8 T cell,T,0.08730538651757892,db_only
AACACGTAGCCACCTG-1,CD4 Tem,T,T-mito,T,0.012345785344828514,,T-mito,T,0.18990296720266545,unknown,CD4 TCM,T,0.35475165392940206,,CD4 TCM,T,0.22601204051504467,unknown,Lymphocyte,Other,0.07486283776385497,db_only
ACTGTCCCACGACTCG-1,Naive BC,B,Naive,B,0.026701578290372577,,Naive,B,0.5020463481405398,consistent,Naive,B,0.6111868586058746,,Naive,B,0.5729876799430075,consistent,Other,Other,0.05571962177155996,db_only
AAACCTGCAGGGAGAG-1,CD4 Tem,T,T-mito,T,0.011080988097130911,,T-mito,T,0.17928288375059304,unknown,T-mito,T,0.32596887954653275,,T-mito,T,0.2648497146315579,unknown,Lymphocyte,Other,0.103235164210508,db_only
AATCCAGGTCCATCCT-1,CD8 CTL,T,CD4+CD8+,T,0.03079080784964172,,CD4+CD8+,T,0.3471457989783945,consistent,CD4 CTL,T,0.43874175014211664,,CD4 CTL,T,0.32905631260658746,consistent,Activated CD8+ T cell,T,0.03177798816051525,db_only
AAACGGGCACGAGAGT-2,pDC,DC,pDC,DC,0.003178377114687458,,pDC,DC,0.42965511286699987,unknown,pDC,DC,0.4910344147051427,,pDC,DC,0.42407517633625963,unknown,Cytotoxic CD8 T cell,T,0.09899040587995947,db_only
CTGCGGAGTTGACGTT-2,pDC,DC,pDC,DC,0.00368382490328198,,pDC,DC,0.3422946817189851,unknown,pDC,DC,0.4408697731911255,,pDC,DC,0.3607116326109209,unknown,Cytotoxic CD8 T cell,T,0.1552012237874362,db_only
AACTCAGCAGTGGAGT-1,NK3,NK,NK2,NK,0.05937150925383553,,NK3,NK,0.32589151884434864,unknown,CD4+CD8+,T,0.4641425282783251,,CD4+CD8+,T,0.34879250213445534,consistent,Activated CD8+ T cell,T,0.05534119830600552,db_only
AAAGCAAGTAAGGATT-1,CD8 Tem,T,T-mito,T,0.02141227282736189,,T-mito,T,0.2568983543508065,low_confidence,T-mito,T,0.33797939705257757,,T-mito,T,0.29971474674260756,low_confidence,Effector memory CD8 T cell,T,0.06041155697745255,db_only
ACTGAACCATTCCTGC-1,NK2,NK,NK2,NK,0.05029990891601856,,NK3,NK,0.3361595726491958,unknown,NK2,NK,0.3269513806056777,,NK3,NK,0.40969447916620744,unknown,Cytotoxic CD8 T cell,T,0.08334427228881082,db_only
GGGTCTGAGAGCAATT-2,pDC,DC,pDC,DC,0.008506381449605393,,pDC,DC,0.41795731688180815,unknown,pDC,DC,0.5880393321037599,,pDC,DC,0.4811230899030763,unknown,Cytotoxic CD8 T cell,T,0.15322597221164888,db_only
ACACCCTAGCGTGAAC-1,CD8 Tem,T,CD4+CD8+,T,0.03136074324430829,,CD4+CD8+,T,0.2725759455001591,low_confidence,CD4+CD8+,T,0.36343459400021216,,CD4+CD8+,T,0.3180052697501856,consistent,Effector memory CD8 T cell,T,0.057189925648112476,db_only
CCGTGGAGTTCGTTGA-1,cDC,DC,cDC2,DC,0.04195793751516025,,cDC2,DC,0.2971115160942539,unknown,cDC1,DC,0.43219696662553486,,cDC1,DC,0.22057746467167197,unknown,Immature B cell,B,0.061884284480893295,db_only
TAAGCGTTCAAACCAC-1,CD4 Tcm,T,T-mito,T,0.0079962056527341,,T-mito,T,0.2059743632290684,unknown,T-mito,T,0.3432906053817807,,T-mito,T,0.3003792797090581,unknown,Lymphocyte,Other,0.045189302672906766,db_only
CTCTAATGTAAAGTCA-2,pDC,DC,pDC,DC,0.002890135117639856,,pDC,DC,0.4188045009202091,unknown,pDC,DC,0.5317939816843152,,pDC,DC,0.5076215279713918,unknown,Cytotoxic CD8 T cell,T,0.11603085489902344,db_only
ACTGTCCTCAAAGTAG-1,CD4-CD8,T,CD4+CD8+,T,0.03974451362833375,,CD4+CD8+,T,0.4168853202262486,consistent,CD4+CD8+,T,0.5558470936349981,,CD4+CD8+,T,0.4863662069306233,consistent,Other,Other,0.021480375477666264,db_only
ACTATCTGTCATGCCG-1,CD4+CD8,T,CD4+CD8+,T,0.03673450744710122,,CD4+CD8+,T,0.44136815101127047,consistent,CD4+CD8+,T,0.5884908680150273,,CD4+CD8+,T,0.5149295095131489,consistent,Activated CD8+ T cell,T,0.04847560948442503,db_only
ATAGACCGTGCGGTAA-1,CD8 Naive,T,CD4+CD8+,T,0.01633940557340591,,CD4+CD8+,T,0.09415167860072596,unknown,cDC1,DC,0.19383772592609216,,CD4 Treg,T,0.15767280519204258,unknown,Lymphocyte,Other,0.031513357226124264,db_only
AAACCTGCAAAGGTGC-1,Naive BC,B,Naive,B,0.0756427256393467,,Naive,B,0.4089858176673242,consistent,Naive,B,0.5999540236549126,,Naive,B,0.48799444153487553,consistent,Immature B cell,B,0.05920587534504208,db_only
TACTCGCTCTCGATGA-1,pDC,DC,pDC,DC,0.0050348247450215525,,pDC,DC,0.42065472806178567,unknown,pDC,DC,0.48074826064204074,,pDC,DC,0.4370438733109462,unknown,Cytotoxic CD8 T cell,T,0.11044380426471087,db_only
CAGGTGCTCGCCAGCA-3,ASC,B,ASC,B,0.036230579025848975,,ASC,B,0.18927362093699127,unknown,ASC,B,0.29742997575812913,,ASC,B,0.24785831313177425,unknown,Cytotoxic CD8 T cell,T,0.02343281941115424,db_only
ACGCCAGGTGATGATA-1,MEG,Other,CD4+CD8+,T,0.03407264880918544,,CD4+CD8+,T,0.22003097617164105,low_confidence,CD4+CD8+,T,0.4400619523432821,,CD4+CD8+,T,0.38505420830037185,consistent,Cytotoxic CD8 T cell,T,0.04642702964503649,db_only
TCAGCTCTCACCGGGT-1,T-mito,T,T-mito,T,0.00392089123210173,,T-mito,T,0.3421057319543613,consistent,T-mito,T,0.4276321649429516,,T-mito,T,0.3741781443250826,consistent,Effector memory CD8 T cell,T,0.04572334424083738,db_only
CTTCTCTTCCTCAATT-1,CD4 Tcm,T,CD4+CD8+,T,0.008966522400816511,,CD4+CD8+,T,0.0645690895926045,unknown,CD4 Naive,T,0.1831527689829217,,CD4 Naive,T,0.17540613927730472,unknown,Lymphocyte,Other,0.06846564739353493,db_only
ATTATCCCAAGGCTCC-1,Memory BC,B,Memory,B,0.060977722753016356,,Memory,B,0.14873383028632947,low_confidence,Memory,B,0.23797412845812715,,Memory,B,0.2551361930758548,low_confidence,Immature B cell,B,0.03557882289565503,db_only
GACTGCGTCAAACAAG-1,T-mito,T,CD4+CD8+,T,0.02698559936962534,,CD4+CD8+,T,0.14004812237763542,low_confidence,NK3,NK,0.23519442081344916,,NK3,NK,0.2012761534296127,unknown,Other,Other,0.021518658071990278,db_only
ACTTACTTCTGAAAGA-1,CD8 Naive,T,CD4+CD8+,T,0.01128334765913323,,CD4+CD8+,T,0.08565581783711888,low_confidence,CD4 Naive,T,0.21727002311106802,,CD4 Naive,T,0.20805313155976415,low_confidence,Effector memory CD8 T cell,T,0.06123441597206279,db_only
GTTAAGCAGGTGCACA-1,CD4 Tcm,T,T-mito,T,0.0032173774596506275,,T-mito,T,0.33682527153125974,consistent,T-mito,T,0.4811789593303711,,T-mito,T,0.4210315894140747,consistent,Other,Other,0.021150308860756258,db_only
CACCTTGGTGCAACGA-1,RBC,Other,CD4 Tcm,T,0.014304269462229359,,CD4 Tcm,T,0.09463366120999765,unknown,CD4 Naive,T,0.19977322576688597,,Naive,B,0.11365988345715287,unknown,Other,Other,0.6165753461539173,db_only
ACATCAGAGGTTACCT-1,CD4 Naive,T,CD4 Naive,T,0.020321642422183102,,CD4 Naive,T,0.47359072795330426,consistent,CD4 Naive,T,0.631454303937739,,CD4 Naive,T,0.5525225159455217,consistent,Other,Other,0.04094069382672272,db_only
CGAACATAGCCATCGC-1,CD4 Tcm,T,T-mito,T,0.005417338042437343,,T-mito,T,0.2712953230599976,unknown,T-mito,T,0.36172709741333015,,T-mito,T,0.3165112102366639,unknown,Lymphocyte,Other,0.044005534282373596,db_only
AAGACCTAGCCGCCTA-1,RBC,Other,CD4 Tem,T,0.10165046496766846,,CD4 Tem,T,0.0261664889115813,unknown,ASC,B,0.13787354651357175,,ASC,B,0.0919156976757145,unknown,Other,Other,0.602257866635797,db_only
ACGAGCCCACGCCAGT-1,NK2,NK,NK2,NK,0.05622516072734545,,NK2,NK,0.4891111386911993,unknown,NK2,NK,0.6178245962415149,,NK2,NK,0.5148538302012623,unknown,Cytotoxic CD8 T cell,T,0.032914443764228606,db_only
AGAATAGTCGGAAACG-1,NK2,NK,NK2,NK,0.03952837875347383,,NK2,NK,0.35672266099095806,unknown,NK2,NK,0.5174084212503116,,CD4+CD8+,T,0.25034323651161344,low_confidence,Cytotoxic CD8 T cell,T,0.05545497448209385,db_only
AACTGGTCAGACGCAA-1,CD8 CTL,T,CD4+CD8+,T,0.016690272150287053,,CD4+CD8+,T,0.2559295534014234,low_confidence,CD4+CD8+,T,0.29249091817305534,,CD8 Tem,T,0.15695228752722556,low_confidence,Activated CD8+ T cell,T,0.06738087971635452,db_only
CATCCACGTAGCAAAT-1,RBC,Other,CD4 Tcm,T,0.029423632098029638,,CD4 Tcm,T,0.14279989436801732,unknown,CD4 Tcm,T,0.28559978873603464,,CD4 Tcm,T,0.14279989436801732,unknown,Other,Other,0.6254346649099881,db_only
ACCTTTATCCATGAGT-1,CD8 CTL,T,NK3,NK,0.05700241033232865,,CD4+CD8+,T,0.3045818268211874,consistent,NK3,NK,0.39504598401098845,,CD4+CD8+,T,0.3045818268211874,consistent,Cytotoxic CD8 T cell,T,0.0775109689773592,db_only
ACACCCTGTGAGGGAG-1,CD8 CTL,T,CD4+CD8+,T,0.04301695192521463,,CD4+CD8+,T,0.24447856975523163,low_confidence,CD4+CD8+,T,0.3911657116083706,,CD4+CD8+,T,0.29337428370627794,low_confidence,Activated CD8+ T cell,T,0.04641973763140774,db_only
AGCAGCCGTAGTGAAT-1,cDC,DC,cDC2,DC,0.03190680320831161,,cDC2,DC,0.4026445816867808,unknown,cDC2,DC,0.5536362998193236,,cDC2,DC,0.45297515439762837,unknown,Immature B cell,B,0.09365329937416864,db_only
AGAATAGTCGGCGCAT-1,CD4-CD8,T,CD4+CD8+,T,0.059633392815328416,,CD4+CD8+,T,0.3948158067669739,consistent,CD4+CD8+,T,0.5264210756892985,,CD4+CD8+,T,0.3948158067669739,consistent,Effector memory CD8 T cell,T,0.06258343774388575,db_only
ACATCAGGTCAAACTC-1,CD8 CTL,T,CD4+CD8+,T,0.029114826011759572,,CD4+CD8+,T,0.2952742929904789,low_confidence,CD4+CD8+,T,0.39369905732063853,,CD4+CD8+,T,0.3444866751555587,consistent,Activated CD8+ T cell,T,0.044618672456056066,db_only
ACGAGCCGTTCATGGT-1,CD4+CD8,T,CD4+CD8+,T,0.017157493417377892,,CD4+CD8+,T,0.3325448201784667,unknown,CD4+CD8+,T,0.3800512230611048,,CD4+CD8+,T,0.3800512230611048,unknown,Lymphocyte,Other,0.047116757878130654,db_only
CAGCTGGAGGTACTCT-1,MEG,Other,CD4+CD8+,T,0.00647770475376513,,CD4+CD8+,T,0.0929076033856274,unknown,ASC,B,0.19058523264172303,,ASC,B,0.13836898429625252,unknown,Other,Other,0.09742263504550888,db_only
ACACCCTGTTCAGCGC-1,MEG,Other,CD14,Mono,0.04714407093710114,,CD14,Mono,0.38640524506443436,consistent,CD14,Mono,0.4163554335384781,,cDC2,DC,0.21204174906769088,unknown,Other,Other,0.06695766031427862,db_only
GTCGGGTTCTTGCCGT-1,cDC,DC,cDC2,DC,0.030708559041964057,,cDC2,DC,0.24451338565999972,unknown,cDC2,DC,0.41379188342461487,,cDC2,DC,0.24451338565999972,unknown,Immature B cell,B,0.08658161240181854,db_only
AAGCCGCAGTTATCGC-1,NK3,NK,NK3,NK,0.07861932530137278,,NK3,NK,0.29994434210416376,unknown,NK3,NK,0.4499165131562457,,NK3,NK,0.42179673108398036,unknown,Activated CD8+ T cell,T,0.03281819569828472,db_only
CGTTAGAGTGCAGGTA-1,CD16,Mono,CD16,Mono,0.03671150369872286,,CD16,Mono,0.4709480424335159,unknown,cDC2,DC,0.4104523379277205,,cDC2,DC,0.22947227208967397,unknown,Other,Other,0.0612594697681017,db_only
ACTTACTTCCCTTGCA-1,CD8 Naive,T,CD4+CD8+,T,0.019533955225915146,,CD4+CD8+,T,0.08776802948419855,unknown,CD4+CD8+,T,0.30524639847844376,,ASC,B,0.14419073298360435,unknown,Lymphocyte,Other,0.04412915224616564,db_only
AGAGCTTTCAGTACGT-1,CD4 Tem,T,T-mito,T,0.0019225425829050235,,T-mito,T,0.19495522875145366,unknown,T-mito,T,0.32492538125242276,,T-mito,T,0.24369403593931707,unknown,Lymphocyte,Other,0.030371546788038193,db_only
AACTCAGGTCCATGAT-1,CD8 Naive,T,CD4 Naive,T,0.03227007932103452,,CD4 Naive,T,0.49562248593513614,unknown,CD4 Naive,T,0.5570586629284517,,CD4 Naive,T,0.49562248593513614,unknown,Lymphocyte,Other,0.056941934245346326,db_only
CAAGATCGTAGCACGA-1,CD4+CD8,T,CD4+CD8+,T,0.022584108092313433,,CD4+CD8+,T,0.3757755915793859,consistent,CD4+CD8+,T,0.36673752674895865,,CD4+CD8+,T,0.3757755915793859,consistent,Cytotoxic CD8 T cell,T,0.05750689775122627,db_only
ACTGATGGTTAGTGGG-1,NK1,NK,NK1,NK,0.046898970345640514,,NK1,NK,0.2481576128584947,unknown,NK1,NK,0.3970521805735915,,NK2,NK,0.3163175485803872,unknown,Other,Other,0.025301251359597113,db_only
AACTCTTCACGTGAGA-1,CD4-CD8,T,CD4+CD8+,T,0.05308414402345857,,CD4+CD8+,T,0.25140751011355356,low_confidence,CD4+CD8+,T,0.3352100134847381,,CD4+CD8+,T,0.25140751011355356,low_confidence,Effector memory CD8 T cell,T,0.060564016368819654,db_only
AAGGAGCGTACCGAGA-1,NK2,NK,CD4+CD8+,T,0.04185512168551863,,CD4+CD8+,T,0.4789391886327243,consistent,CD4+CD8+,T,0.5473590727231135,,CD4+CD8+,T,0.5473590727231135,consistent,Cytotoxic CD8 T cell,T,0.07128012310952539,db_only
ACGAGCCCAGCCTTGG-1,CD4 Tem,T,T-mito,T,0.014555648675697553,,T-mito,T,0.08579236463019224,unknown,cDC1,DC,0.2118273017672423,,CD4 Tem,T,0.20719443559770148,unknown,Lymphocyte,Other,0.06213623118855167,db_only
AGATCTGGTCTAAAGA-1,NK1,NK,NK2,NK,0.06542596364490715,,NK2,NK,0.43770150155966125,unknown,NK2,NK,0.5528861072332563,,NK2,NK,0.4607384226943802,unknown,Cytotoxic CD8 T cell,T,0.02262664275688951,db_only
CACACCTGTCATCCCT-1,CD4+CD8,T,CD4+CD8+,T,0.01596723399903825,,CD4+CD8+,T,0.25508942435035825,unknown,CD4+CD8+,T,0.4081430789605732,,CD4+CD8+,T,0.4081430789605732,unknown,Lymphocyte,Other,0.04352598054707627,db_only
GGATGTTGTGTCAATC-1,RBC,Other,CD4 Tcm,T,0.0034692551864191,,CD4 Tcm,T,0.1011487166039609,unknown,CD4 Tcm,T,0.2022974332079218,,CD4 Tcm,T,0.1011487166039609,unknown,Other,Other,0.5624785508590685,db_only
CCTTCGACATTACCTT-1,pDC,DC,cDC1,DC,0.029758596713422368,,cDC1,DC,0.3714353855567125,unknown,cDC1,DC,0.4553078919727444,,cDC1,DC,0.26017593827013963,unknown,Immature B cell,B,0.0763373980030233,db_only
AACCGCGCACGAAAGC-1,CD16,Mono,CD16,Mono,0.03631161144645709,,CD16,Mono,0.46889516237483936,unknown,cDC2,DC,0.445774786073479,,CD16,Mono,0.530112030795999,unknown,Other,Other,0.044355761329269244,db_only
ACTTGTTAGCCAGGAT-1,NK2,NK,NK2,NK,0.04086087021511445,,NK2,NK,0.36967982723131,unknown,NK2,NK,0.466963992292181,,NK2,NK,0.4280503262678326,unknown,Other,Other,0.02051214556286552,db_only
GGCAATTGTCTAAACC-1,NK1,NK,CD4+CD8+,T,0.04563600762840999,,CD4+CD8+,T,0.41244724749104983,unknown,CD4+CD8+,T,0.47136828284691407,,CD4+CD8+,T,0.41244724749104983,unknown,Other,Other,0.035446934220245106,db_only
CCTTACGAGGTCATCT-1,NK1,NK,CD4+CD8+,T,0.016078894104530207,,CD4+CD8+,T,0.16116102603215607,unknown,NK_CD56bright,NK,0.36915145712832026,,CD4+CD8+,T,0.2526758675522991,unknown,Lymphocyte,Other,0.09875063689742122,db_only
AACGTTGGTAGAGCTG-1,Memory BC,B,Memory,B,0.0652065949319385,,Memory,B,0.42558230441784795,unknown,Memory,B,0.6595182183454545,,Memory,B,0.6809316870685567,unknown,Lymphocyte,Other,0.08106346958353532,db_only
AACACGTGTAGCCTAT-2,CD4 Tcm,T,T-mito,T,0.0054509130892193515,,T-mito,T,0.20114217829889872,unknown,T-mito,T,0.3094495050752288,,T-mito,T,0.23208712880642157,unknown,Lymphocyte,Other,0.04109384739083408,db_only
ACATCAGCAAATCCGT-1,CD14,Mono,CD14,Mono,0.03732753499242945,,CD14,Mono,0.3383399560311865,consistent,CD14,Mono,0.4585684222712137,,CD14,Mono,0.38294867234361474,consistent,Other,Other,0.1405723604083311,db_only
TGACAACAGAGCTTCT-1,pDC,DC,pDC,DC,0.00447065036734479,,pDC,DC,0.3584939357786442,unknown,pDC,DC,0.47799191437152555,,pDC,DC,0.4345381039741142,unknown,Cytotoxic CD8 T cell,T,0.13221675484731057,db_only
ACAGCTAGTCTAGTCA-1,CD4 Naive,T,T-mito,T,0.00961414111055793,,T-mito,T,0.18593852659038018,low_confidence,CD4 TCM,T,0.46035397913464715,,T-mito,T,0.23242315823797524,low_confidence,Other,Other,0.03375934579883164,db_only
AAATGCCGTCGGCATC-1,CD16,Mono,CD16,Mono,0.033713194912713094,,CD16,Mono,0.4244062920058291,unknown,cDC2,DC,0.42179878656888004,,CD16,Mono,0.5080392966069778,unknown,Other,Other,0.03145359533657174,db_only
AGTGGGAAGTCTCGGC-1,Memory BC,B,Memory,B,0.07531881134902163,,Memory,B,0.4203198323390478,consistent,Memory,B,0.5604264431187304,,Memory,B,0.5812614830424179,consistent,Other,Other,0.06529816791103468,db_only
AACTGGTGTCTAACGT-1,Memory BC,B,Memory,B,0.02110596816643328,,Memory,B,0.1469430065952283,low_confidence,ASC,B,0.20202674911725446,,ASC,B,0.19222611790243602,low_confidence,Other,Other,0.04139498163393464,db_only
AACTCCCGTGCATCTA-1,CD8 Tem,T,CD4+CD8+,T,0.021022893714406413,,CD4+CD8+,T,0.2448709650781626,unknown,CD4+CD8+,T,0.2798525315179001,,CD4+CD8+,T,0.2448709650781626,unknown,Lymphocyte,Other,0.058322630558583624,db_only
AAGACCTGTGCGCTTG-1,CD14,Mono,Intermed,Other,0.04309639388655806,,Intermed,Other,0.20259739425775164,unknown,CD14,Mono,0.4422241066319209,,CD14,Mono,0.5016515005600004,consistent,Other,Other,0.158601953733236,db_only
ACACCGGAGAGTGACC-2,NK1,NK,NK1,NK,0.03928759430987628,,NK1,NK,0.3118479009593795,unknown,NK1,NK,0.49895664153500713,,NK1,NK,0.392037361206077,unknown,Effector memory CD8 T cell,T,0.10934925854631562,db_only
AACCATGGTAATAGCA-1,NK3,NK,CD4+CD8+,T,0.04545282786105514,,CD4+CD8+,T,0.3123686877999907,consistent,CD4+CD8+,T,0.41649158373332096,,CD4+CD8+,T,0.3123686877999907,consistent,Cytotoxic CD8 T cell,T,0.050700578331982465,db_only
AAGCCGCCATTTCAGG-1,CD8 CTL,T,CD4+CD8+,T,0.03907183282125085,,CD4+CD8+,T,0.1669665207403034,low_confidence,CD4 Tex,T,0.2774318852498551,,CD4 Tex,T,0.3364339640542141,consistent,Cytotoxic CD8 T cell,T,0.059601036676645645,db_only
AGCTCCTAGGTCGGAT-1,Naive BC,B,Memory,B,0.03379554473520791,,Memory,B,0.1444425786163383,low_confidence,Memory,B,0.2888851572326766,,Memory,B,0.1444425786163383,low_confidence,Immature B cell,B,0.07591853795299919,db_only
CTACCCAAGGATGCGT-1,CD4 Tcm,T,T-mito,T,0.007803411992246472,,T-mito,T,0.2458336237474323,unknown,T-mito,T,0.30729202968429037,,T-mito,T,0.28808627782902224,unknown,Lymphocyte,Other,0.10245532477816942,db_only
AAGGTTCTCCGTACAA-1,NK2,NK,NK2,NK,0.062371530894660535,,NK2,NK,0.3259779953390751,unknown,NK2,NK,0.46020422871398836,,NK2,NK,0.3835035239283236,unknown,Other,Other,0.030247263032690378,db_only
ACGATGTAGACCTAGG-1,CD4 Naive,T,CD4 Naive,T,0.031205743122599095,,CD4 Naive,T,0.34573311223531666,unknown,CD4 Naive,T,0.3950287185783194,,CD4 Naive,T,0.33735018976750863,unknown,Lymphocyte,Other,0.05308942153564082,db_only
ACGGCCAAGTACTTGC-1,CD8 Tem,T,CD4+CD8+,T,0.04308845616895104,,CD4+CD8+,T,0.20868316298648462,low_confidence,CD4+CD8+,T,0.4212625581176064,,ASC,B,0.17690669073588833,unknown,Effector memory CD8 T cell,T,0.0948205634712848,db_only
ACATACGCACATGTGT-1,CD4-CD8,T,CD4+CD8+,T,0.021293387921168472,,CD4+CD8+,T,0.2337576743024557,low_confidence,CD4+CD8+,T,0.37401227888392913,,CD4+CD8+,T,0.28050920916294686,low_confidence,Effector memory CD8 T cell,T,0.047603637659442984,db_only
ACATCAGTCAAGATCC-1,CD8 Tem,T,CD4+CD8+,T,0.02055071170689602,,CD4+CD8+,T,0.19504599366354491,low_confidence,CD4+CD8+,T,0.3120735898616719,,CD4+CD8+,T,0.2730643911289629,low_confidence,Effector memory CD8 T cell,T,0.06891196027360874,db_only
AGCATACTCACTTATC-1,Naive BC,B,Naive,B,0.04047801382461937,,Naive,B,0.38183930865296173,consistent,Naive,B,0.509119078203949,,Naive,B,0.4454791934284553,consistent,Other,Other,0.07696325262171681,db_only
AGATCTGGTAAATACG-1,CD4+CD8,T,CD4+CD8+,T,0.027864230678356288,,CD4+CD8+,T,0.42350295086959755,consistent,CD4+CD8+,T,0.4840033724223972,,CD4+CD8+,T,0.3630025293167979,consistent,Cytotoxic CD8 T cell,T,0.06319263397083887,db_only
AGGTCCGTCAGGCGAA-1,CD8 Naive,T,CD4+CD8+,T,0.024985008142955414,,CD4+CD8+,T,0.06114945968201958,unknown,CD4 Tem,T,0.2411403992598687,,CD4 Tem,T,0.22407922823919857,unknown,Lymphocyte,Other,0.022005146965843304,db_only
AAGACCTTCCGCGCAA-1,NK3,NK,NK3,NK,0.09589039093678803,,NK3,NK,0.31793902994821815,unknown,NK3,NK,0.40692226861782166,,NK3,NK,0.35605698504059397,unknown,Activated CD8+ T cell,T,0.03422432492080489,db_only
GGGCACTCAGGCTCAC-1,cDC,DC,cDC2,DC,0.0353509721188918,,cDC2,DC,0.2545429792495004,unknown,cDC2,DC,0.39999611024921494,,T-mito,T,0.36856589206227475,unknown,Immature B cell,B,0.08572075422221272,db_only
AAAGCAAGTACCGTTA-1,CD4+CD8,T,CD4+CD8+,T,0.015239587141813954,,CD4+CD8+,T,0.2042386690662425,unknown,CD4+CD8+,T,0.2723182254216567,,CD4 Tex,T,0.24601302541080594,unknown,Lymphocyte,Other,0.03190946143648313,db_only
AGTGGGACAAGCTGAG-1,Naive BC,B,Naive,B,0.11910674035822007,,Naive,B,0.381233197767277,consistent,Naive,B,0.5083109303563693,,Naive,B,0.45034995199554967,consistent,Immature B cell,B,0.07216863494897267,db_only
CACAGTATCTTCATGT-1,NK1,NK,CD4+CD8+,T,0.015280159808056245,,CD4+CD8+,T,0.28842668642194524,low_confidence,CD4+CD8+,T,0.32963049876793743,,CD4+CD8+,T,0.24722287407595306,low_confidence,Effector memory CD8 T cell,T,0.045181832630949846,db_only
CGAACATCATACGCTA-1,pDC,DC,pDC,DC,0.01908206869517584,,pDC,DC,0.3315608838198106,unknown,pDC,DC,0.39787306058377275,,pDC,DC,0.32553250411399587,unknown,Cytotoxic CD8 T cell,T,0.10227461044801561,db_only
AGGCCGTTCAGGTTCA-1,T-mito,T,CD4+CD8+,T,0.045621424777101245,,CD4+CD8+,T,0.3191403893565942,consistent,CD4+CD8+,T,0.3647318735503934,,CD4+CD8+,T,0.3191403893565942,consistent,Cytotoxic CD8 T cell,T,0.05049563289266971,db_only
ACACCCTCAATACGCT-1,CD4 Tem,T,CD4+CD8+,T,0.029919728441345,,CD4+CD8+,T,0.14957441528214113,unknown,CD4 Tem,T,0.2267950929084724,,CD4 Tem,T,0.24692767316138906,unknown,Lymphocyte,Other,0.039421344958868954,db_only
GACCTGGAGCTAGTGG-1,NK1,NK,NK3,NK,0.04626478891406994,,CD4+CD8+,T,0.26533129487837004,low_confidence,NK3,NK,0.4822090995374568,,CD4+CD8+,T,0.371463812829718,consistent,Other,Other,0.028343553605489243,db_only
ACACCAAGTGCATCTA-1,CD8 CTL,T,CD4+CD8+,T,0.032226839647207337,,CD4+CD8+,T,0.2658680879346005,low_confidence,CD4+CD8+,T,0.35449078391280064,,CD4+CD8+,T,0.35449078391280064,consistent,Activated CD8+ T cell,T,0.03977970304676044,db_only
ACGAGCCTCGTTACGA-1,CD4-CD8,T,CD8 CTL,T,0.12240411670137409,,CD8 Tem,T,0.1860990822747121,low_confidence,CD8 CTL,T,0.444946257991207,,CD8 Tem,T,0.1860990822747121,low_confidence,Cytotoxic CD8 T cell,T,0.042092287966672345,db_only
AACTGGTGTGGTCCGT-1,CD8 Naive,T,CD4 Naive,T,0.06024316116552676,,CD4 Naive,T,0.40489317170246897,consistent,CD4 Naive,T,0.4983300574799618,,CD4 Naive,T,0.43603880029496656,consistent,Other,Other,0.03872045620131268,db_only
AAAGCAATCGTACGGC-1,CD14,Mono,CD14,Mono,0.06453464919454405,,CD14,Mono,0.04652909830414148,unknown,T-mito,T,0.1153669270907061,,ASC,B,0.04764706539368932,low_confidence,Other,Other,0.07945453408692697,db_only
CGAATGTCACTGAAGG-1,NK1,NK,NK1,NK,0.037425187921388735,,NK1,NK,0.38488576437681415,unknown,NK1,NK,0.5598338390935479,,NK1,NK,0.4798575763658982,unknown,Effector memory CD8 T cell,T,0.04869137381199591,db_only
ACACCAACAAATCCGT-1,CD4 Tem,T,T-mito,T,0.01069069453576981,,T-mito,T,0.17013245866825608,unknown,T-mito,T,0.30933174303319283,,T-mito,T,0.23199880727489464,unknown,Lymphocyte,Other,0.08037958304181719,db_only
ACTGTCCGTGACCAAG-1,CD8 Naive,T,CD4 Naive,T,0.04102036614861069,,CD4 Naive,T,0.4594769569200031,consistent,CD4 Naive,T,0.5444884181829056,,CD4 Naive,T,0.5360564497400037,consistent,Other,Other,0.03240543537849186,db_only
ATCCGAATCAGGCCCA-1,Naive BC,B,Naive,B,0.06884631345962099,,Naive,B,0.4765098127456109,consistent,Naive,B,0.5912805135347613,,Naive,B,0.5559281148698794,consistent,Immature B cell,B,0.08771712899853862,db_only
CGAGCCAGTTTACTCT-1,cDC,DC,cDC2,DC,0.039193241860213335,,cDC2,DC,0.35970291434323515,unknown,cDC2,DC,0.5652474368250838,,cDC2,DC,0.35970291434323515,unknown,Immature B cell,B,0.062344467551184723,db_only
GTCAAGTTCCGGCACA-1,pDC,DC,pDC,DC,0.009741088350246063,,pDC,DC,0.3781224463993468,unknown,pDC,DC,0.45374693567921615,,pDC,DC,0.3918723535411412,unknown,Cytotoxic CD8 T cell,T,0.10714446985136013,db_only
GTGTTAGCAAGAAAGG-1,pDC,DC,pDC,DC,0.004968415855963066,,pDC,DC,0.3851058482247189,unknown,pDC,DC,0.4401209693996787,,pDC,DC,0.46779234830593897,unknown,Cytotoxic CD8 T cell,T,0.09173344133863717,db_only
CTCTGGTTCCTCAACC-1,T-mito,T,T-mito,T,0.001912904537570638,,T-mito,T,0.38473646393484556,unknown,T-mito,T,0.4526311340409948,,T-mito,T,0.42434168816343265,unknown,Other,Other,0.020222436490535817,db_only
CAAGATCTCGTTGCCT-1,Memory BC,B,ABC,B,0.062238019048417,,ABC,B,0.16051571272475443,low_confidence,ABC,B,0.24291756112173787,,T-mito,T,0.22746749136659597,unknown,Other,Other,0.09181651636448177,db_only
ATGCGATCACAGCGTC-1,Naive BC,B,Naive,B,0.032134678852337596,,Naive,B,0.4279165175369168,unknown,Naive,B,0.6306138153175616,,Naive,B,0.5123737249455188,unknown,Lymphocyte,Other,0.07759898098595391,db_only
ACGGGTCGTCCAACTA-1,CD8 Tem,T,CD4+CD8+,T,0.019154311738093344,,CD4+CD8+,T,0.2549906871611573,low_confidence,CD4+CD8+,T,0.40798509945785166,,CD4+CD8+,T,0.3059888245933887,consistent,Effector memory CD8 T cell,T,0.05708477692839197,db_only
ACTATCTTCACGACTA-2,pDC,DC,pDC,DC,0.028061512895882566,,pDC,DC,0.5426567749669653,unknown,pDC,DC,0.6511881299603585,,pDC,DC,0.5623897486021278,unknown,Cytotoxic CD8 T cell,T,0.05774665067975605,db_only
GTCATTTTCCGGGTGT-1,cDC,DC,cDC2,DC,0.03634496488788733,,cDC2,DC,0.31813555702873997,unknown,cDC2,DC,0.49100473773425,,cDC2,DC,0.334016925130394,unknown,Other,Other,0.16730943400577322,db_only
ATGAGGGTCGACCAGC-1,Memory BC,B,ABC,B,0.08976260067699064,,ABC,B,0.4029406081215805,unknown,ABC,B,0.31903104258461007,,ABC,B,0.4940561403397841,unknown,Lymphocyte,Other,0.153458904400716,db_only
TTCTACAGTTATCACG-1,CD4 Tcm,T,CD4+CD8+,T,0.00817343355390053,,CD4+CD8+,T,0.1420613611824312,unknown,ASC,B,0.24199525522160115,,ASC,B,0.21361188013489826,unknown,Lymphocyte,Other,0.03182462443444016,db_only
AACCGCGGTCGAAAGC-1,NK1,NK,NK1,NK,0.0692686929439135,,NK1,NK,0.20951920360884094,unknown,NK3,NK,0.4007958585215264,,NK3,NK,0.2755471527335494,unknown,Effector memory CD8 T cell,T,0.05148414752916553,db_only
AAATGCCGTCTCACCT-1,CD14,Mono,CD14,Mono,0.04563900497063469,,CD14,Mono,0.4580669963756633,consistent,CD14,Mono,0.5153253709226212,,CD14,Mono,0.49938542686088416,consistent,Other,Other,0.1541274090013232,db_only
ACACCAAGTCACCCAG-1,Memory BC,B,ABC,B,0.08768648924255243,,ABC,B,0.20984539111533376,unknown,ABC,B,0.30311000938881544,,ABC,B,0.2778508419397475,unknown,Lymphocyte,Other,0.12726039837137024,db_only
AAATGCCCAATCACAC-1,CD4 Naive,T,CD4+CD8+,T,0.011447914062458112,,CD4+CD8+,T,0.1268237477180743,unknown,CD4+CD8+,T,0.20291799634891888,,CD4 Tem,T,0.1887011863723505,unknown,Lymphocyte,Other,0.04553080290756156,db_only
ACACCGGAGTCCGTAT-1,NK1,NK,NK1,NK,0.08322153866977748,,NK1,NK,0.297559269478057,unknown,NK1,NK,0.4760948311648912,,NK1,NK,0.3740745102009859,unknown,Effector memory CD8 T cell,T,0.11822237440260602,db_only
AACTGGTCAATCGGTT-1,NK3,NK,CD4+CD8+,T,0.04104873090285001,,CD4+CD8+,T,0.24435530925627502,low_confidence,CD4+CD8+,T,0.3258070790083667,,CD4+CD8+,T,0.20362942438022918,low_confidence,Activated CD8+ T cell,T,0.04868624047991598,db_only
ACTGATGGTTATCGGT-1,Naive BC,B,Naive,B,0.13547182280976247,,Naive,B,0.35561976634755205,consistent,Naive,B,0.5946598255740699,,Naive,B,0.46269190098951346,consistent,Immature B cell,B,0.06205770083164751,db_only
ACTGTCCAGAGACTTA-1,Naive BC,B,Naive,B,0.10199147844145301,,Naive,B,0.3992532400060801,consistent,Naive,B,0.5323376533414401,,Naive,B,0.4657954466737601,consistent,Other,Other,0.07867169887392045,db_only
AAAGATGAGGAGTTTA-1,Naive BC,B,Naive,B,0.034068799318635996,,Naive,B,0.43805507056444104,consistent,Naive,B,0.6132770987902174,,Naive,B,0.5366174614414403,consistent,Immature B cell,B,0.05397969923412459,db_only
AAGTCTGTCAGTTAGC-1,CD8 Tem,T,CD4+CD8+,T,0.0318170914489674,,CD4+CD8+,T,0.08347733713721155,unknown,CD4 Naive,T,0.2300953064733998,,CD4 Naive,T,0.21476671741548276,unknown,Lymphocyte,Other,0.06134230110238448,db_only
GAATGAAAGTAGCGGT-1,pDC,DC,pDC,DC,0.05048968049978828,,pDC,DC,0.37646159103508914,unknown,pDC,DC,0.41068537203827904,,pDC,DC,0.37335033821661734,unknown,Immature B cell,B,0.03594008456501322,db_only
ACCAGTAGTTCTCATT-1,NK2,NK,CD4+CD8+,T,0.039327923409851424,,CD4+CD8+,T,0.47449357187287705,consistent,CD4+CD8+,T,0.5422783678547166,,CD4+CD8+,T,0.47449357187287705,consistent,Cytotoxic CD8 T cell,T,0.06040124172445246,db_only
CGTTAGATCAATACCG-1,NK1,NK,NK2,NK,0.0675841098555733,,NK1,NK,0.2872227832047072,unknown,NK2,NK,0.47826988771301365,,NK2,NK,0.3985582397608447,unknown,Other,Other,0.03069080996153421,db_only
CACATAGCATGAAGTA-1,CD4+CD8,T,CD4+CD8+,T,0.010228382590412925,,CD4+CD8+,T,0.4384450311514903,consistent,CD4+CD8+,T,0.5010800356017032,,CD4+CD8+,T,0.5010800356017032,consistent,Other,Other,0.028140578406282927,db_only
CGAGCCACATCACGTA-1,MEG,Other,CD4+CD8+,T,0.049238333643541375,,CD4+CD8+,T,0.3417064037070168,consistent,CD4+CD8+,T,0.45560853827602243,,CD4+CD8+,T,0.3417064037070168,consistent,Activated CD8+ T cell,T,0.045029502327594846,db_only
AGCGTCGGTGGTAACG-1,Memory BC,B,Naive,B,0.042629297889862444,,CD4+CD8+,T,0.057307377137607154,unknown,ABC,B,0.4284621791321192,,Naive,B,0.4367744413283262,consistent,Immature B cell,B,0.03626355625348564,db_only
AACTCCCAGATGCCAG-1,CD8 CTL,T,CD4+CD8+,T,0.04641043998802663,,CD4+CD8+,T,0.37115912851111743,consistent,CD4+CD8+,T,0.37115912851111743,,CD4+CD8+,T,0.32476423744722777,consistent,Other,Other,0.02604302357070614,db_only
AACGTTGTCGTTGACA-4,ASC,B,ASC,B,0.04032328143933011,,ASC,B,0.37960831822642593,unknown,ASC,B,0.4639657222767429,,ASC,B,0.3866381018972857,unknown,Other,Other,0.020760303809989406,db_only
AATCCAGGTTGCTCCT-1,NK2,NK,NK2,NK,0.058221921993707765,,NK2,NK,0.4245598874750444,unknown,NK2,NK,0.5248025407167137,,NK2,NK,0.4373354505972614,unknown,Cytotoxic CD8 T cell,T,0.04447591303784294,db_only
ACAGCCGAGCTGCAAG-1,CD8 Tem,T,CD4+CD8+,T,0.011288825332521776,,CD4+CD8+,T,0.12495562613209218,unknown,ASC,B,0.2144406469549172,,ASC,B,0.16986401010232677,unknown,Lymphocyte,Other,0.04439550647581405,db_only
GTCATTTGTGGGTCAA-1,RBC,Other,Intermed,Other,0.05716258333006928,,Intermed,Other,0.11859795318440203,low_confidence,Intermed,Other,0.23719590636880405,,Intermed,Other,0.13045774850284225,low_confidence,Other,Other,0.5724431114844121,db_only
AGGCCGTGTATCACCA-4,ASC,B,ASC,B,0.0059328791068490715,,ASC,B,0.3833321502798592,unknown,ASC,B,0.4685170725642724,,ASC,B,0.3904308938035603,unknown,Other,Other,0.02019346292706265,db_only
AACGTTGTCGTACGGC-1,CD4-CD8,T,CD4+CD8+,T,0.02854596465252348,,CD4+CD8+,T,0.27768863281560996,low_confidence,CD4+CD8+,T,0.46440002919755896,,CD4+CD8+,T,0.27768863281560996,low_confidence,Activated CD8+ T cell,T,0.045503637162038243,db_only
ACCCACTGTCAGATAA-1,Memory BC,B,Memory,B,0.04457744077700511,,Memory,B,0.14984658573067614,low_confidence,Memory,B,0.6457948565213627,,Memory,B,0.22476987859601422,low_confidence,Immature B cell,B,0.047955675112072604,db_only
AAGCCGCAGCGATAGC-1,NK3,NK,NK3,NK,0.07139379261913897,,NK3,NK,0.36335355493741184,unknown,CD4+CD8+,T,0.4482451925895499,,CD4+CD8+,T,0.33618389444216246,consistent,Activated CD8+ T cell,T,0.044844620523571625,db_only
AACCATGAGCGTGAGT-1,CD8 Tem,T,CD4+CD8+,T,0.054016497430040174,,CD4+CD8+,T,0.2547074536628266,low_confidence,CD4+CD8+,T,0.40753192586052256,,CD4+CD8+,T,0.35659043512795724,consistent,Effector memory CD8 T cell,T,0.0735042222767331,db_only
CAGTCCTGTGGTTTCA-1,CD4 Tcm,T,T-mito,T,0.004388489165119192,,T-mito,T,0.2500475664233179,unknown,T-mito,T,0.35721080917616843,,T-mito,T,0.31255945802914736,unknown,Lymphocyte,Other,0.045293879648621124,db_only
ACTGATGTCTATCCCG-1,NK2,NK,NK2,NK,0.06495252204161332,,NK2,NK,0.37371293393171695,unknown,NK2,NK,0.5419683120470266,,NK2,NK,0.48362850273516317,unknown,Cytotoxic CD8 T cell,T,0.11908232349079505,db_only
AAAGATGAGAATCTCC-1,NK3,NK,CD4+CD8+,T,0.029890075499889514,,CD4+CD8+,T,0.2495246679961387,low_confidence,CD4+CD8+,T,0.33269955732818496,,CD4+CD8+,T,0.2495246679961387,low_confidence,Activated CD8+ T cell,T,0.04623574385894103,db_only
ATCCGAAGTGACAAAT-1,CD4+CD8,T,CD4+CD8+,T,0.019376459958604823,,CD4+CD8+,T,0.3594685432362589,consistent,CD4+CD8+,T,0.4792913909816785,,CD4+CD8+,T,0.4193799671089687,consistent,Effector memory CD8 T cell,T,0.025331203333158286,db_only
ACATACGGTCTGCCAG-1,CD4 Tem,T,T-mito,T,0.004126245755708316,,T-mito,T,0.19338295445914627,low_confidence,T-mito,T,0.2762613635130661,,T-mito,T,0.24172869307393285,low_confidence,Other,Other,0.037416799702585705,db_only
ACCCACTTCTCATTCA-1,CD8 CTL,T,CD4+CD8+,T,0.03731514599923724,,CD4+CD8+,T,0.32090985774288666,consistent,CD4+CD8+,T,0.3667541231347276,,CD4+CD8+,T,0.32090985774288666,consistent,Activated CD8+ T cell,T,0.057629893041618065,db_only
ACATGGTGTCTGGTCG-1,RBC,Other,CD4 Tcm,T,0.10497360083454957,,CD4 Tcm,T,0.12848086012901963,unknown,CD4 Tcm,T,0.2057067613242195,,NK3,NK,0.10314637695482834,unknown,Other,Other,0.6049968621776195,db_only
TCATTTGGTCAAGCGA-3,ASC,B,ASC,B,0.010538703580450226,,ASC,B,0.3649063527592835,unknown,ASC,B,0.5017462350440148,,ASC,B,0.418121862536679,unknown,Cytotoxic CD8 T cell,T,0.016945243361688216,db_only
CAGCGACGTAGAGCTG-1,Naive BC,B,Naive,B,0.08342862256296932,,Naive,B,0.3414134058933786,consistent,Naive,B,0.46546464415622935,,Naive,B,0.40956191605970904,consistent,Other,Other,0.0942242550242216,db_only
AGCTCTCAGATGTTAG-1,T-mito,T,T-mito,T,0.014209034235176178,,T-mito,T,0.09164697792006063,unknown,T-mito,T,0.12219597056008083,,T-mito,T,0.10692147424007073,unknown,Other,Other,0.028205829116133018,db_only
GAAACTCCATTACCTT-1,ASC,B,ASC,B,0.002209043565722059,,ASC,B,0.3518996385108988,consistent,ASC,B,0.4553995321905749,,ASC,B,0.3794996101588124,consistent,Other,Other,0.015172163373294573,db_only
TGCCAAAGTCCGAGTC-1,CD4 Tcm,T,T-mito,T,0.006865120880688248,,T-mito,T,0.30645730065632515,unknown,T-mito,T,0.3796450895767808,,T-mito,T,0.359129649206631,unknown,Lymphocyte,Other,0.0587013220516896,db_only
ACTGTCCGTGGCCCTA-1,CD4 Naive,T,CD4 Naive,T,0.04041644060897831,,CD4 Naive,T,0.32866686758204805,unknown,CD4 Naive,T,0.47806089830116083,,CD4 Naive,T,0.35854567372587065,unknown,Lymphocyte,Other,0.03921734251550066,db_only
ACTTACTCATTCCTCG-1,CD4 Naive,T,T-mito,T,0.005770703885633975,,T-mito,T,0.08484059153972977,low_confidence,CD4 Tem,T,0.16148856460986388,,CD4 Tem,T,0.13799830100608096,low_confidence,Other,Other,0.02523900433720222,db_only
AAGACCTCATCCGTGG-1,CD8 Naive,T,T-mito,T,0.01289550828158117,,T-mito,T,0.1826384760197771,unknown,T-mito,T,0.28098227079965704,,T-mito,T,0.24585948694969992,unknown,Lymphocyte,Other,0.04826540748449261,db_only
CTCGTCAAGACAAGCC-1,RBC,Other,CD4 Tcm,T,0.09447242570707798,,CD4 Tcm,T,0.10608485892681663,unknown,CD4 Tcm,T,0.22159491625742425,,CD4 Tcm,T,0.11079745812871213,unknown,Other,Other,0.6463771471037434,db_only
CAGAATCCACAGCCCA-1,CD16,Mono,CD16,Mono,0.02736616133476918,,CD16,Mono,0.5018819348210382,unknown,cDC2,DC,0.4172768066306915,,CD16,Mono,0.5811264508454126,unknown,Other,Other,0.03365220740139086,db_only
CGTGTAATCGGAAATA-2,ASC,B,ASC,B,0.0051876036942248415,,ASC,B,0.34270711867640014,unknown,ASC,B,0.4712222881800502,,ASC,B,0.3926852401500418,unknown,Other,Other,0.027821961290766552,db_only
ACACTGATCACGCATA-1,CD8 CTL,T,CD4+CD8+,T,0.02953849602570935,,CD4+CD8+,T,0.18309939658452787,low_confidence,CD4+CD8+,T,0.2929590345352446,,CD4+CD8+,T,0.21971927590143342,low_confidence,Other,Other,0.03085846164948005,db_only
GTTCATTCAAACAACA-1,CD4 Tcm,T,T-mito,T,0.0037130422270803378,,T-mito,T,0.27888843717143025,unknown,T-mito,T,0.371851249561907,,T-mito,T,0.32536984336666863,unknown,Lymphocyte,Other,0.05622869574555216,db_only
TTGGCAACAATAGCAA-1,CD4 Tcm,T,CD4+CD8+,T,0.014108280703525858,,CD4+CD8+,T,0.27675812237083963,low_confidence,CD4+CD8+,T,0.36901082982778616,,CD4+CD8+,T,0.36901082982778616,consistent,Effector memory CD8 T cell,T,0.03982120331258751,db_only
GAATAAGAGGTGTTAA-1,NK1,NK,CD4+CD8+,T,0.045284023447440126,,CD4+CD8+,T,0.2571465422447734,low_confidence,CD4+CD8+,T,0.3428620563263645,,CD4+CD8+,T,0.2571465422447734,low_confidence,Effector memory CD8 T cell,T,0.10445862079072378,db_only
AAAGCAAAGCGTAGTG-1,CD8 CTL,T,CD8 Tem,T,0.11079863097515648,,CD8 Tem,T,0.12195756267153433,low_confidence,CD4+CD8+,T,0.3457256705853656,,CD4+CD8+,T,0.30250996176219486,consistent,Activated CD8+ T cell,T,0.0542785609180194,db_only
AAACGGGCATGAACCT-1,CD4 Tcm,T,T-mito,T,0.0026410197347388783,,T-mito,T,0.3424001666728902,consistent,T-mito,T,0.42800020834111274,,T-mito,T,0.4012501953197932,consistent,Effector memory CD8 T cell,T,0.07801431262659853,db_only
AACTCCCGTTGGACCC-1,CD14,Mono,Intermed,Other,0.04526074559710584,,cDC2,DC,0.39377661930931546,unknown,cDC1,DC,0.40569825277859334,,CD14,Mono,0.46023857283801156,consistent,Other,Other,0.08263593220714723,db_only
AAGACCTAGATCGATA-1,CD4-CD8,T,CD4+CD8+,T,0.01740863074330727,,CD4+CD8+,T,0.2745011780616854,low_confidence,CD4+CD8+,T,0.3137156320704976,,CD4+CD8+,T,0.3137156320704976,consistent,Activated CD8+ T cell,T,0.035087516189400175,db_only
AGATTGCCAGGTCCAC-1,CD4-CD8,T,CD4+CD8+,T,0.032317088125992856,,CD4+CD8+,T,0.2748061272584485,low_confidence,CD4+CD8+,T,0.36640816967793133,,CD4+CD8+,T,0.2748061272584485,low_confidence,Effector memory CD8 T cell,T,0.07971241927580881,db_only
ACCGTAAGTAAGAGAG-1,CD8 Tem,T,CD4+CD8+,T,0.026641357594509866,,CD4+CD8+,T,0.2613957190934958,low_confidence,CD4+CD8+,T,0.4182331505495933,,CD4+CD8+,T,0.2613957190934958,low_confidence,Activated CD8+ T cell,T,0.070844403034972,db_only
CGGAGCTCAATAGCAA-1,cDC,DC,cDC2,DC,0.028910706924155725,,cDC2,DC,0.3287012988277259,consistent,cDC2,DC,0.5165306124435693,,cDC2,DC,0.30522263462574556,consistent,Other,Other,0.05413120579108477,db_only
AACACGTCACTACAGT-1,CD4 Tem,T,T-mito,T,0.013678337191905917,,T-mito,T,0.07156727762951452,unknown,ASC,B,0.19662631082449414,,ASC,B,0.1482235796979574,unknown,Lymphocyte,Other,0.0696346814613017,db_only
ACACCGGTCTCCAGGG-1,CD4 Tem,T,T-mito,T,0.007636150653559087,,T-mito,T,0.24561014176212245,unknown,T-mito,T,0.37786175655711146,,T-mito,T,0.33062903698747254,unknown,Lymphocyte,Other,0.19333143702136565,db_only
ACGGCCAAGGCATGTG-1,CD8 Naive,T,T-mito,T,0.01821682987505814,,T-mito,T,0.07702510793782051,unknown,CD4 Naive,T,0.19758129705781377,,CD4 Naive,T,0.18658212471285665,unknown,Lymphocyte,Other,0.03019587242729747,db_only
ACTGCTCGTCCGTGAC-1,CD4 Tem,T,CD4+CD8+,T,0.005676000760559453,,CD4+CD8+,T,0.16349296827099852,unknown,cDC1,DC,0.24855434321294048,,ASC,B,0.22862905117311944,unknown,Lymphocyte,Other,0.18005080790476108,db_only
CAAGTTGAGTGAAGAG-1,CD4+CD8,T,CD4+CD8+,T,0.007721828486641839,,CD4+CD8+,T,0.24663024728074498,unknown,CD4+CD8+,T,0.32884032970766,,CD4+CD8+,T,0.2877352884942025,unknown,Lymphocyte,Other,0.11629172827912768,db_only
CAAGTTGTCATCATTC-1,Naive BC,B,Naive,B,0.08233127297784153,,Naive,B,0.4280746913222095,consistent,Naive,B,0.5707662550962793,,Naive,B,0.4769882526864887,consistent,Immature B cell,B,0.09747758604916652,db_only
AAAGTAGAGGGTTCCC-1,T-mito,T,T-mito,T,0.03759100589844628,,T-mito,T,0.10813519412458668,unknown,ASC,B,0.2085289702058011,,ASC,B,0.13901931347053406,unknown,Other,Other,0.04538978767488505,db_only
AACCGCGGTTCTGTTT-4,ASC,B,ASC,B,0.0036012342102998934,,ASC,B,0.3515072945051208,unknown,ASC,B,0.45489179288897985,,ASC,B,0.37907649407414984,unknown,Other,Other,0.027529732349566096,db_only
GAGGTGATCTCGAGTA-1,cDC,DC,cDC2,DC,0.0280340292800012,,cDC2,DC,0.36474789934645296,unknown,cDC2,DC,0.6172656758170743,,cDC2,DC,0.36474789934645296,unknown,Immature B cell,B,0.05839807318605392,db_only
AAGGTTCGTAAGGGAA-1,NK1,NK,NK3,NK,0.07917594372474084,,CD4+CD8+,T,0.2969712982211117,low_confidence,NK3,NK,0.4856285348282054,,NK3,NK,0.36422140112115403,unknown,Effector memory CD8 T cell,T,0.04984799350810596,db_only
ACACCAACATCACGTA-1,NK2,NK,CD4+CD8+,T,0.03289237085896986,,CD4+CD8+,T,0.2814259020997965,low_confidence,CD4+CD8+,T,0.32162960239976746,,CD4+CD8+,T,0.2814259020997965,low_confidence,Activated CD8+ T cell,T,0.032073413941628645,db_only
CACACCTAGCAGACTG-1,T-mito,T,T-mito,T,0.024823186335788356,,T-mito,T,0.3193135243611046,consistent,T-mito,T,0.36680336403533187,,T-mito,T,0.32870509860701946,consistent,Cytotoxic CD8 T cell,T,0.06733037565859383,db_only
AAACGGGAGCGATATA-1,Naive BC,B,Naive,B,0.0504632230969303,,Naive,B,0.39410613972828323,consistent,Naive,B,0.5517485956195965,,Naive,B,0.48932785031462595,consistent,Immature B cell,B,0.0591103256539539,db_only
AAATGCCGTGCAGTAG-1,Naive BC,B,Naive,B,0.06804402181928816,,Naive,B,0.3916057734666326,consistent,Naive,B,0.5643311588632955,,Naive,B,0.4242395879221853,consistent,Other,Other,0.08726634041320547,db_only
AAAGCAAAGATAGCAT-1,CD4-CD8,T,CD4+CD8+,T,0.04856863888876839,,CD4+CD8+,T,0.23017611075816885,low_confidence,CD4+CD8+,T,0.36828177721307015,,CD4+CD8+,T,0.2762113329098026,low_confidence,Activated CD8+ T cell,T,0.024473115093311466,db_only
ACATGGTTCTTCCTTC-1,CD8 Tem,T,CD4+CD8+,T,0.015549916474864024,,CD4+CD8+,T,0.24549365990795724,low_confidence,CD4+CD8+,T,0.3927898558527316,,CD4+CD8+,T,0.29459239188954867,low_confidence,Other,Other,0.025608968795502382,db_only
AAAGATGGTGAGGCTA-1,T-mito,T,T-mito,T,0.004953261129838994,,T-mito,T,0.37234376020366045,unknown,T-mito,T,0.41371528911517824,,T-mito,T,0.3878580835454796,unknown,Other,Other,0.061613445049055804,db_only
AACGTTGGTTGCGTTA-1,CD8 Naive,T,T-mito,T,0.005410532779806606,,T-mito,T,0.19718258251183976,low_confidence,T-mito,T,0.28168940358834255,,CD8 TCM,T,0.22316024234172588,low_confidence,Other,Other,0.04844930105916238,db_only
GTCAAGTCAGGACGTA-1,NK1,NK,NK1,NK,0.05907460061632818,,CD4+CD8+,T,0.29847670751289024,low_confidence,NK1,NK,0.41926039649544444,,NK1,NK,0.3294188829607063,unknown,Effector memory CD8 T cell,T,0.06079501985399025,db_only
TACCTTAGTCATCGGC-3,ASC,B,ASC,B,0.0037497879731978345,,ASC,B,0.3248117048126188,consistent,ASC,B,0.4466160941173508,,ASC,B,0.37218007843112566,consistent,Other,Other,0.01527368158612369,db_only
ACGAGGATCGTACGGC-1,MEG,Other,cDC2,DC,0.02970065545710745,,cDC2,DC,0.06368953051035774,unknown,Platelet,Other,0.3024375666672146,,Platelet,Other,0.2419500533337717,low_confidence,Other,Other,0.31909961583113317,db_only
ATAACGCAGAATCTCC-1,CD4+CD8,T,CD4+CD8+,T,0.020020929642104824,,CD4+CD8+,T,0.4907863061921766,consistent,CD4+CD8+,T,0.5608986356482019,,CD4+CD8+,T,0.4907863061921766,consistent,Activated CD8+ T cell,T,0.026330329168514827,db_only
AAGGAGCTCATGCTCC-1,CD14,Mono,CD14,Mono,0.022726589978031966,,CD14,Mono,0.36052753221323786,consistent,CD14,Mono,0.36842420562899036,,CD16,Mono,0.3308498537003553,consistent,Other,Other,0.1243306402504331,db_only
AGCGTCGCAGAAGCAC-1,CD16,Mono,CD16,Mono,0.029989545910837967,,CD16,Mono,0.41395913303797666,unknown,cDC1,DC,0.3880615304057329,,CD16,Mono,0.508926228264336,unknown,Other,Other,0.04317836425974305,db_only
TCGCGTTGTCGTGGCT-2,ASC,B,ASC,B,0.006275502603756632,,ASC,B,0.3549748168870733,consistent,ASC,B,0.459379174795036,,ASC,B,0.3828159789958633,consistent,Other,Other,0.014414974194448408,db_only
AACTTTCAGCCACGTC-1,NK2,NK,NK2,NK,0.039590266001374004,,NK2,NK,0.4170827364737598,unknown,NK2,NK,0.5690225256651974,,NK2,NK,0.463425262748622,unknown,Cytotoxic CD8 T cell,T,0.08353093457567722,db_only
AAGACCTCATCATCCC-1,CD4 Naive,T,T-mito,T,0.009809354121922095,,T-mito,T,0.15005940996933584,low_confidence,T-mito,T,0.27283529085333785,,T-mito,T,0.221678673818337,low_confidence,Other,Other,0.035563658187052934,db_only
GTTACAGCAAACGTGG-1,cDC,DC,cDC2,DC,0.025872752484331595,,cDC2,DC,0.34455416565855623,unknown,cDC2,DC,0.5830916649606336,,cDC2,DC,0.3710583322476759,unknown,Immature B cell,B,0.06042671450439515,db_only
CGACCTTCATAGACTC-3,ASC,B,ASC,B,0.0021736095490063924,,ASC,B,0.2999475263249903,unknown,ASC,B,0.4713461127964133,,ASC,B,0.3927884273303444,unknown,Other,Other,0.01825701881493808,db_only
AGGCCGTAGGTCGGAT-1,Memory BC,B,Memory,B,0.1172013915284901,,Memory,B,0.397888139513805,consistent,Memory,B,0.5399042076493795,,Memory,B,0.53051751935174,consistent,Immature B cell,B,0.0874427732858708,db_only
ACTGATGTCAGTCAGT-1,NK2,NK,NK2,NK,0.05038311631695567,,NK2,NK,0.43472639360054455,unknown,NK2,NK,0.5216716723206535,,NK2,NK,0.49615427158815273,unknown,Cytotoxic CD8 T cell,T,0.035900803443095694,db_only
GGGATGAAGTAGATGT-1,RBC,Other,CD4 Tcm,T,0.0015187289802043149,,CD4 Tcm,T,0.11314978278101767,unknown,CD4 Tcm,T,0.22629956556203534,,CD4 Tcm,T,0.11314978278101767,unknown,Other,Other,0.39301514878351346,db_only
AAGGCAGCAAATTGCC-1,CD8 CTL,T,NK3,NK,0.09001231304255912,,CD4+CD8+,T,0.218346856808472,low_confidence,NK3,NK,0.45758630707207926,,CD4+CD8+,T,0.2784023132166642,low_confidence,Activated CD8+ T cell,T,0.041303130347371736,db_only
CCTCAGTTCTATCGCC-1,cDC,DC,cDC2,DC,0.03558457122605591,,cDC2,DC,0.33479008750888684,unknown,cDC2,DC,0.4910254616797006,,cDC2,DC,0.379428765843405,unknown,Immature B cell,B,0.06628210841107862,db_only
CGTCAGGCAGATTGCT-1,MEG,Other,T-mito,T,0.007743000287865095,,T-mito,T,0.028680479027363943,unknown,cDC2,DC,0.08217259230659861,,Memory,B,0.12176633326593995,unknown,Other,Other,0.21655762611158821,db_only
AAACGGGTCCCTCAGT-1,CD8 CTL,T,CD4+CD8+,T,0.022933221455807926,,CD4+CD8+,T,0.2964056226161036,low_confidence,CD4+CD8+,T,0.3387492829898327,,CD4+CD8+,T,0.2964056226161036,low_confidence,Activated CD8+ T cell,T,0.046140974254575244,db_only
TACTTACCATTAGCCA-1,RBC,Other,Intermed,Other,0.06229817092034667,,Intermed,Other,0.07385549930698716,low_confidence,CD14,Mono,0.2022607499995469,,CD14,Mono,0.1130280661762174,unknown,Other,Other,0.5691738653198354,db_only
AATCGGTAGTCTCAAC-1,Naive BC,B,Naive,B,0.0539880051738659,,Naive,B,0.49294763493018967,unknown,Naive,B,0.6730671602874005,,Naive,B,0.5340266045077054,unknown,Lymphocyte,Other,0.08008264515024695,db_only
CATTATCGTCGCTTTC-1,CD16,Mono,Intermed,Other,0.03704514323713564,,CD16,Mono,0.5012501244120876,unknown,cDC1,DC,0.4087883518329354,,cDC2,DC,0.2463602269709696,unknown,Other,Other,0.03399237121055113,db_only
AAGTCTGAGGAGTAGA-1,CD14,Mono,CD14,Mono,0.04855408920820128,,CD14,Mono,0.4776220320091202,consistent,CD14,Mono,0.5762621228746736,,CD14,Mono,0.6078488668997966,consistent,Other,Other,0.17508706833143825,db_only
CAGGTGCCACCACCAG-1,CD16,Mono,CD16,Mono,0.04429958643434642,,CD16,Mono,0.44980536388712705,unknown,CD16,Mono,0.49506760221874613,,CD16,Mono,0.4852973383268231,unknown,Other,Other,0.05005550550740035,db_only
AGCCTAAGTTGTCTTT-1,CD4-CD8,T,CD4+CD8+,T,0.013284600308411033,,CD4+CD8+,T,0.4764057853810001,consistent,CD4+CD8+,T,0.544463754721143,,CD4+CD8+,T,0.544463754721143,consistent,Cytotoxic CD8 T cell,T,0.06085606161139662,db_only
ACATCAGCAGTTCATG-2,RBC,Other,CD4 Tcm,T,0.11436368340826548,,CD4 Tcm,T,0.11741499045170249,unknown,CD4 Tcm,T,0.23482998090340498,,CD4 Tcm,T,0.11741499045170249,unknown,Other,Other,0.6214100498579113,db_only
ATAACGCAGCGGCTTC-1,T-mito,T,T-mito,T,0.04870570762314602,,T-mito,T,0.18013736591250581,low_confidence,NK Proliferating,NK,0.2853930765945657,,ASC,B,0.1914221362328986,unknown,Cytotoxic CD8 T cell,T,0.044942983902766624,db_only
AACTGGTCAGTAGAGC-1,CD4 Naive,T,T-mito,T,0.018330790201878736,,T-mito,T,0.15746157344269557,unknown,T-mito,T,0.2862937698958101,,T-mito,T,0.2326136880403457,unknown,Lymphocyte,Other,0.05943082683777149,db_only
ACGCCAGCATACTACG-1,CD4+CD8,T,CD4+CD8+,T,0.017776756430481825,,CD4+CD8+,T,0.29737523606215244,low_confidence,CD4+CD8+,T,0.33985741264245994,,CD4+CD8+,T,0.25489305948184493,low_confidence,Effector memory CD8 T cell,T,0.03827179704330443,db_only
AAACGGGTCTGGTATG-1,Memory BC,B,ABC,B,0.0446167604977439,,ABC,B,0.336481328981583,consistent,ABC,B,0.4604481343958504,,ABC,B,0.3445829437734733,consistent,Immature B cell,B,0.1426370366758839,db_only
AACGTTGAGGGAAACA-1,CD4-CD8,T,CD4+CD8+,T,0.025596406529259038,,CD4+CD8+,T,0.39021269192355695,consistent,CD4+CD8+,T,0.5202835892314093,,CD4+CD8+,T,0.3251772432696308,consistent,Other,Other,0.03242430846005856,db_only
TCGGTAATCTGGGCCA-1,cDC,DC,cDC2,DC,0.03540478465502501,,cDC2,DC,0.4435315471291741,unknown,cDC2,DC,0.6505129357894552,,cDC2,DC,0.4435315471291741,unknown,Other,Other,0.066277938471298,db_only
AAAGTAGGTGGTTTCA-1,NK2,NK,NK2,NK,0.09868137702352545,,NK2,NK,0.30561987043291555,unknown,NK2,NK,0.4899401033639075,,NK2,NK,0.3395776338143506,unknown,Cytotoxic CD8 T cell,T,0.04522712068778948,db_only
ACACCAATCTTTACAC-1,Naive BC,B,Naive,B,0.11238219183082337,,Naive,B,0.38961744935742726,unknown,Naive,B,0.6555529642273138,,Naive,B,0.5736088436988995,unknown,Lymphocyte,Other,0.12347470772152015,db_only
CGTAGCGTCCCAGGTG-1,CD16,Mono,CD16,Mono,0.050803515602874036,,CD16,Mono,0.3145238641517587,unknown,cDC1,DC,0.4443272885107063,,cDC2,DC,0.2755084334043921,unknown,Other,Other,0.03276546767070021,db_only
AACTCAGCATTAGCCA-1,NK2,NK,NK2,NK,0.07747775830682614,,NK2,NK,0.4492722033080174,unknown,NK2,NK,0.5675017304943377,,NK2,NK,0.4635114249160909,unknown,Cytotoxic CD8 T cell,T,0.05321489855557483,db_only
CCGTGGACATCCAACA-3,ASC,B,ASC,B,0.0022522072649340794,,ASC,B,0.39767503377592134,unknown,ASC,B,0.4860472635039039,,ASC,B,0.40503938625325325,unknown,Other,Other,0.03469600858394587,db_only
AACTCAGTCCTGCTTG-1,CD16,Mono,CD16,Mono,0.02548768514419856,,CD16,Mono,0.452020311802814,unknown,cDC2,DC,0.4497019347613062,,CD16,Mono,0.5410949026580745,unknown,Other,Other,0.05855603709215886,db_only
AACGTTGGTGTGCCTG-1,NK2,NK,NK2,NK,0.055062742761459414,,NK2,NK,0.3039203721428181,unknown,NK2,NK,0.40522716285709076,,NK3,NK,0.36254682291381,unknown,Cytotoxic CD8 T cell,T,0.03446242101745938,db_only
ACAGCCGGTCCTAGCG-1,CD4 Naive,T,CD4 Naive,T,0.02097685479322447,,CD4 Naive,T,0.42395269727596796,unknown,CD4 Naive,T,0.5652702630346239,,CD4 Naive,T,0.35329391439663993,unknown,Lymphocyte,Other,0.03467321987804869,db_only
TGAGCCGGTGGCCCTA-1,T-mito,T,T-mito,T,0.007811475419282962,,T-mito,T,0.3778912368127551,consistent,T-mito,T,0.4400090280630002,,T-mito,T,0.3890056849543067,consistent,Cytotoxic CD8 T cell,T,0.051167706620387804,db_only
CCGTACTGTGTGTGCC-1,CD4+CD8,T,CD4+CD8+,T,0.008664944774110351,,CD4+CD8+,T,0.27303122591901613,unknown,CD4+CD8+,T,0.31203568676458987,,CD4+CD8+,T,0.31203568676458987,unknown,Lymphocyte,Other,0.022803462088993528,db_only
GTGCATATCTTGCATT-1,RBC,Other,Intermed,Other,0.05330719430483804,,Intermed,Other,0.11088919006068018,low_confidence,Intermed,Other,0.22177838012136036,,Intermed,Other,0.1164336495637142,low_confidence,Other,Other,0.5459531921223517,db_only
AAACGGGTCCGAATGT-1,CD4-CD8,T,NK3,NK,0.06535954749212579,,CD4+CD8+,T,0.3071444494010901,consistent,NK3,NK,0.3841014780710535,,CD4+CD8+,T,0.3583351909679385,consistent,Cytotoxic CD8 T cell,T,0.06250340089705275,db_only
GGCCGATAGTTCGCGC-1,CD4 Tcm,T,T-mito,T,0.0032029271565846736,,T-mito,T,0.28786545830568233,unknown,T-mito,T,0.4112363690081176,,T-mito,T,0.38553409594511023,unknown,Lymphocyte,Other,0.037752089870439834,db_only
ACGCCAGTCCCAACGG-1,CD4 Naive,T,T-mito,T,0.013507811671325887,,T-mito,T,0.1858601659205265,unknown,T-mito,T,0.28593871680081,,T-mito,T,0.16084052820045563,unknown,Lymphocyte,Other,0.08185324274273359,db_only
ATCATGGAGACAATAC-1,CD4+CD8,T,CD4+CD8+,T,0.022407127795626203,,CD4+CD8+,T,0.4800070376715782,consistent,CD4+CD8+,T,0.4800070376715782,,CD4+CD8+,T,0.4200061579626309,consistent,Cytotoxic CD8 T cell,T,0.05708752571826747,db_only
AAAGCAAAGCCGCCTA-1,NK3,NK,NK3,NK,0.09249302070140385,,NK3,NK,0.3058773764810952,unknown,NK3,NK,0.3670528517773143,,NK3,NK,0.29823044206906785,unknown,Activated CD8+ T cell,T,0.04462893033070536,db_only
AACGTTGCATGCCTAA-1,CD4-CD8,T,NK3,NK,0.07859554605296781,,CD4+CD8+,T,0.25208009044105323,low_confidence,CD4+CD8+,T,0.3126899071829491,,CD4+CD8+,T,0.25208009044105323,low_confidence,Other,Other,0.026123289470976398,db_only
ACTTGTTGTATAATGG-1,NK2,NK,CD4+CD8+,T,0.022931709257921522,,CD4+CD8+,T,0.28241500529882935,low_confidence,CD4+CD8+,T,0.32276000605580496,,CD4+CD8+,T,0.24207000454185373,low_confidence,Cytotoxic CD8 T cell,T,0.07942863259668803,db_only
GGGACCTGTCTCATCC-1,cDC,DC,cDC2,DC,0.033327619478425566,,cDC2,DC,0.29686962859689187,unknown,cDC2,DC,0.49281308911196614,,cDC2,DC,0.29223716977009623,unknown,Immature B cell,B,0.0513507407110244,db_only
CAACCAACACTCTGTC-1,CD16,Mono,CD16,Mono,0.08020320874119145,,CD16,Mono,0.4924504830293303,unknown,cDC2,DC,0.39117694877312487,,cDC2,DC,0.22533614945095942,unknown,Other,Other,0.05145315719784163,db_only
ACATGGTTCCAAGCCG-1,CD14,Mono,CD14,Mono,0.016280309468637504,,CD14,Mono,0.15444318441886157,low_confidence,CD14,Mono,0.2417371582208268,,CD16,Mono,0.09091246775048668,low_confidence,Other,Other,0.028740357259914265,db_only
TTATGCTCAGTTAACC-1,T-mito,T,CD4+CD8+,T,0.008983730069906675,,CD4+CD8+,T,0.19516482604854524,unknown,NK Proliferating,NK,0.3953522308382952,,NK Proliferating,NK,0.2965141731287214,unknown,Other,Other,0.05560896626872404,db_only
ACACCAAGTACAGTGG-1,CD4 Naive,T,T-mito,T,0.010350608737419437,,T-mito,T,0.18045648159232072,unknown,T-mito,T,0.3007608026538679,,CD8 Naive,T,0.16439467044434844,unknown,Lymphocyte,Other,0.07743663119246194,db_only
TTTCCTCAGGAACTGC-1,NK1,NK,CD4+CD8+,T,0.02242859330125775,,CD4+CD8+,T,0.2965786737331343,low_confidence,CD4+CD8+,T,0.395438231644179,,CD4+CD8+,T,0.395438231644179,consistent,Cytotoxic CD8 T cell,T,0.028831144360246346,db_only
ACGAGCCAGACCACGA-1,CD4 Naive,T,T-mito,T,0.016034621915675555,,T-mito,T,0.18660243982002248,unknown,T-mito,T,0.28691573927120534,,T-mito,T,0.2511667280247928,unknown,Other,Other,0.037539201040746636,db_only
ACACCCTTCAGTTGAC-1,CD8 Naive,T,T-mito,T,0.01168843836656343,,T-mito,T,0.20317828197107288,low_confidence,T-mito,T,0.28580848884655236,,T-mito,T,0.25319476751921954,low_confidence,Other,Other,0.0316287496221113,db_only
TCCACACCATGGTAGG-1,CD4 Tcm,T,T-mito,T,0.002343978483169764,,T-mito,T,0.3318799801289603,consistent,T-mito,T,0.4425066401719471,,T-mito,T,0.38719331015045366,consistent,Effector memory CD8 T cell,T,0.05713214070234425,db_only
AACGTTGGTTTACTCT-1,NK3,NK,CD4+CD8+,T,0.031540190847245714,,CD4+CD8+,T,0.20616108844253178,low_confidence,CD4+CD8+,T,0.3266521744948382,,CD4+CD8+,T,0.29049543791058524,low_confidence,Cytotoxic CD8 T cell,T,0.05416067889600107,db_only
AACTGGTCATGCTGGC-1,pDC,DC,pDC,DC,0.026107634789992562,,pDC,DC,0.541611651056919,unknown,pDC,DC,0.6499339812683028,,pDC,DC,0.5613066201862615,unknown,Cytotoxic CD8 T cell,T,0.04297784402582158,db_only
AACTGGTGTCTCCCTA-1,NK2,NK,NK3,NK,0.08187022842849496,,NK3,NK,0.21159766192854412,unknown,NK3,NK,0.42319532385708825,,NK3,NK,0.3606972817109275,unknown,Cytotoxic CD8 T cell,T,0.053047751410117215,db_only
ACTTACTTCTTCGAGA-1,CD4 Naive,T,T-mito,T,0.01532856889952114,,T-mito,T,0.08642473212707028,unknown,CD4 Naive,T,0.20726928304543502,,CD4 Naive,T,0.16387167811793008,unknown,Lymphocyte,Other,0.05130034555005896,db_only
ACCGTAATCTACTCAT-1,CD8 Tem,T,CD4+CD8+,T,0.01319400296294777,,CD4+CD8+,T,0.225104456341197,low_confidence,CD4+CD8+,T,0.300139275121596,,CD4+CD8+,T,0.225104456341197,low_confidence,Effector memory CD8 T cell,T,0.04111970996464629,db_only
ACAGCTACAGACGCCT-1,CD4 Naive,T,T-mito,T,0.014413721769786109,,T-mito,T,0.07034209958388812,unknown,CD4 Naive,T,0.20709312589415363,,CD4 Naive,T,0.16947963351102693,unknown,Lymphocyte,Other,0.05215533384939475,db_only
AACTCAGGTAATTGGA-1,NK3,NK,CD4+CD8+,T,0.029894229964176715,,CD4+CD8+,T,0.41247463949082647,consistent,CD4+CD8+,T,0.471399587989516,,CD4+CD8+,T,0.41247463949082647,consistent,Cytotoxic CD8 T cell,T,0.07509780998025024,db_only
AGGCCGTCAGTGGAGT-1,CD4 Tcm,T,T-mito,T,0.0017417813291942484,,T-mito,T,0.3598282925634841,consistent,T-mito,T,0.42332740301586363,,T-mito,T,0.39686944032737215,consistent,Effector memory CD8 T cell,T,0.08476117884127997,db_only
AGAGCTTGTGGTCCGT-1,CD4 Tem,T,CD4+CD8+,T,0.02360334065226928,,CD4+CD8+,T,0.10453577245660534,unknown,CD4 Tem,T,0.2164904046999606,,CD4 Tem,T,0.22812535007382898,unknown,Lymphocyte,Other,0.09747339425487518,db_only
AACTCAGGTTCCACAA-1,NK3,NK,CD4+CD8+,T,0.03285481624843243,,CD4+CD8+,T,0.3658239840860822,consistent,CD4+CD8+,T,0.48776531211477625,,CD4+CD8+,T,0.4267946481004292,consistent,Activated CD8+ T cell,T,0.04666863182644354,db_only
ACGAGCCAGATGCCAG-1,CD4 Tem,T,T-mito,T,0.018654318277745406,,T-mito,T,0.0627608079589924,low_confidence,CD4 Tem,T,0.2074084173711261,,CD4 Tem,T,0.19927303715720365,low_confidence,Other,Other,0.041161371311151884,db_only
CATATGGCACCCATGG-1,RBC,Other,CD4 Tcm,T,0.04545169608991228,,CD4 Tcm,T,0.003153687840861767,unknown,Intermed,Other,0.15889636997561096,,Intermed,Other,0.08342059423719576,low_confidence,Other,Other,0.6320674686724899,db_only
AAAGTAGTCTGCAGTA-1,NK2,NK,NK3,NK,0.09251796944231881,,NK3,NK,0.29498636384208765,unknown,NK3,NK,0.44247954576313153,,NK3,NK,0.3595146309325444,unknown,Cytotoxic CD8 T cell,T,0.12067937204719582,db_only
CACAGGCAGGTACTCT-1,Naive BC,B,Naive,B,0.054547101584240115,,Naive,B,0.4482972221787368,unknown,Naive,B,0.5638655728703863,,Naive,B,0.5349000946450837,unknown,Lymphocyte,Other,0.05467148555966056,db_only
ACCGTAACACGTCAGC-1,CD8 Tem,T,CD4+CD8+,T,0.02876399597244701,,CD4+CD8+,T,0.2994393899919804,low_confidence,CD4+CD8+,T,0.3992525199893072,,CD4+CD8+,T,0.2994393899919804,low_confidence,Effector memory CD8 T cell,T,0.061850876364033844,db_only
TCTATTGTCTACGAGT-1,CD4 Tcm,T,T-mito,T,0.006759499719148231,,T-mito,T,0.3063500796494576,unknown,T-mito,T,0.379528867198173,,T-mito,T,0.33507039961659424,unknown,Lymphocyte,Other,0.0268128706239977,db_only
ACTGAACAGTTCGATC-1,Naive BC,B,Naive,B,0.04686404429717985,,Naive,B,0.4420312325152908,unknown,Naive,B,0.5893749766870544,,Naive,B,0.5525390406441135,unknown,Lymphocyte,Other,0.0819272619050351,db_only
ACTGTCCGTGGTAACG-1,Memory BC,B,Memory,B,0.0818926462172432,,Memory,B,0.36573149072340383,unknown,T-mito,T,0.24003613191602144,,Memory,B,0.45232261487726816,unknown,Lymphocyte,Other,0.09236318657915094,db_only
CATTATCCATGTCTCC-1,CD4+CD8,T,CD4+CD8+,T,0.01081304545775617,,CD4+CD8+,T,0.3152314575971266,consistent,CD4+CD8+,T,0.3602645229681447,,CD4+CD8+,T,0.3152314575971266,consistent,Cytotoxic CD8 T cell,T,0.04612002218160871,db_only
CATATGGTCGGCCGAT-1,T-mito,T,T-mito,T,0.002663655162132949,,T-mito,T,0.3352977841356882,unknown,T-mito,T,0.3944679813361038,,T-mito,T,0.3698137325025973,unknown,Lymphocyte,Other,0.0730130157680283,db_only
AGTGGGAAGACTTGAA-2,T-mito,T,T-mito,T,0.0036962580515084173,,T-mito,T,0.3493283123628261,unknown,T-mito,T,0.43666039045353255,,T-mito,T,0.4093691160501868,unknown,Other,Other,0.020099364738389656,db_only
AGAGCTTGTACCGTTA-1,CD16,Mono,CD16,Mono,0.039201759525830514,,CD16,Mono,0.4796163852684774,unknown,cDC2,DC,0.4420003817668591,,CD16,Mono,0.6206800279945002,unknown,Other,Other,0.04467440252027038,db_only
GTCTTCGGTCGGCTCA-1,NK1,NK,NK1,NK,0.08132099870933807,,NK1,NK,0.2914832552228944,unknown,CD4+CD8+,T,0.44580167616778904,,CD4+CD8+,T,0.333793761947772,consistent,Other,Other,0.022216505898802863,db_only
ACGTCAATCAACACGT-1,CD4 Naive,T,T-mito,T,0.014223923995182764,,T-mito,T,0.16744396574860593,low_confidence,T-mito,T,0.2576061011517014,,T-mito,T,0.19320457586377604,low_confidence,Other,Other,0.028839712577843773,db_only
ACATACGTCGCGATCG-1,CD14,Mono,CD14,Mono,0.13991796962128203,,CD14,Mono,0.34028263279217774,consistent,CD14,Mono,0.43750624216137135,,CD14,Mono,0.2757083452619821,low_confidence,Other,Other,0.048645707268789994,db_only
ACTTGTTAGGGCTCTC-1,CD8 Tem,T,CD4+CD8+,T,0.026274554171500136,,CD4+CD8+,T,0.22272731617614008,unknown,CD4+CD8+,T,0.2969697549015201,,CD4+CD8+,T,0.2598485355388301,unknown,Lymphocyte,Other,0.036319565848721806,db_only
ACTGCTCAGCCCAATT-1,CD8 Naive,T,CD4+CD8+,T,0.027074568148871117,,CD4+CD8+,T,0.06528147067316896,unknown,CD4 Treg,T,0.1936071376180589,,CD4 Treg,T,0.2196573107296458,unknown,Lymphocyte,Other,0.11258849408486261,db_only
AAGACCTGTTGGTGGA-1,CD8 CTL,T,CD4+CD8+,T,0.040315943358247903,,CD4+CD8+,T,0.2438828859923607,low_confidence,CD4+CD8+,T,0.3251771813231476,,CD4+CD8+,T,0.28453003365775414,low_confidence,Activated CD8+ T cell,T,0.028327188473197307,db_only
TACCTTACAGCTTAAC-2,ASC,B,ASC,B,0.0059039090346729595,,ASC,B,0.4124616966058724,unknown,ASC,B,0.4537078662664596,,ASC,B,0.37808988855538295,unknown,Other,Other,0.030596823545170126,db_only
TCTGAGAAGAGACGAA-3,ASC,B,ASC,B,0.007978480919465004,,ASC,B,0.35008741617287426,consistent,ASC,B,0.45305430328254315,,ASC,B,0.3775452527354526,consistent,Immature B cell,B,0.019029142299528942,db_only
AGTGGGAGTTTACTCT-1,Memory BC,B,Memory,B,0.0883208034414157,,Memory,B,0.2681678669526788,unknown,Memory,B,0.268629362843181,,Memory,B,0.20147202213238574,unknown,Lymphocyte,Other,0.06663815664024626,db_only
ACACTGAAGTGGAGAA-1,CD4 Tem,T,T-mito,T,0.0065998033242979995,,T-mito,T,0.1275850830425684,unknown,T-mito,T,0.21264180507094738,,T-mito,T,0.18606157943707896,unknown,Lymphocyte,Other,0.17450991059491863,db_only
CGCGTTTAGTCGAGTG-1,RBC,Other,ASC,B,0.029655490651561974,,ASC,B,0.08645595831967205,unknown,ASC,B,0.1729119166393441,,ASC,B,0.11826309318246071,unknown,Other,Other,0.6263586067838798,db_only
AATCCAGCAGCCTTGG-1,CD8 CTL,T,CD4+CD8+,T,0.04092496841910096,,CD4+CD8+,T,0.336894689992307,consistent,CD4+CD8+,T,0.336894689992307,,CD4+CD8+,T,0.2947828537432686,low_confidence,Activated CD8+ T cell,T,0.027133875198565485,db_only
CCACCTATCCGTTGCT-1,MEG,Other,CD8 Naive,T,0.04713677194873239,,CD8 Naive,T,0.09175347755547725,unknown,Platelet,Other,0.3450306407713863,,Platelet,Other,0.27602451261710903,low_confidence,Other,Other,0.18360953375164762,db_only
CTTTGCGCAAGCGTAG-1,RBC,Other,CD4 Tcm,T,0.06183145963361534,,CD4 Tcm,T,0.10373612008847768,unknown,CD4 Tcm,T,0.20747224017695537,,CD4 Tcm,T,0.10373612008847768,unknown,Other,Other,0.625826897117001,db_only
CGGACGTTCTATCCTA-1,CD16,Mono,CD16,Mono,0.03494474781600377,,CD16,Mono,0.4824226852741789,unknown,cDC2,DC,0.43648887591643937,,CD16,Mono,0.603337979088052,unknown,Other,Other,0.036359447441825,db_only
GAATGAAGTTGTGGAG-1,CD4 Tcm,T,CD4+CD8+,T,0.009325290141245942,,CD4+CD8+,T,0.12945581381957813,unknown,cDC1,DC,0.24054874623322234,,cDC1,DC,0.12357942888092553,unknown,Lymphocyte,Other,0.04438767301469,db_only
TTAGGACTCCTAGTGA-1,T-mito,T,T-mito,T,0.018385049094110584,,T-mito,T,0.1651867550229667,unknown,cDC2,DC,0.22186409367198637,,cDC2,DC,0.13391004551448038,unknown,Other,Other,0.015742719908903725,db_only
CCTACCAAGCTCTCGG-1,T-mito,T,T-mito,T,0.0033259164477857594,,T-mito,T,0.40036634332552345,unknown,T-mito,T,0.44485149258391493,,T-mito,T,0.38924505601092557,unknown,Other,Other,0.036129491812434564,db_only
AAATGCCCAAGTCATC-1,CD14,Mono,cDC2,DC,0.04703446764989631,,cDC2,DC,0.30235133179613966,unknown,CD16,Mono,0.4025380599284952,,CD14,Mono,0.5929074708903769,consistent,Other,Other,0.10562888579538054,db_only
AGGGATGGTAACGCGA-1,CD8 Naive,T,CD4 Naive,T,0.04603550849604513,,CD4 Naive,T,0.4208291892824739,consistent,CD4 Naive,T,0.48420041458322016,,CD4 Naive,T,0.45320066538112574,consistent,Other,Other,0.036935943598547086,db_only
ATCACGATCTTACCGC-1,CD4 Tcm,T,CD4+CD8+,T,0.010562651497203394,,CD4+CD8+,T,0.081738634465686,low_confidence,cDC1,DC,0.2557646291252462,,ASC,B,0.18694404503485618,unknown,Other,Other,0.027664395180022203,db_only
AGCTCTCAGTGAATTG-1,CD8 Naive,T,T-mito,T,0.007459202790905125,,T-mito,T,0.1420956592791461,low_confidence,T-mito,T,0.258355744143902,,T-mito,T,0.22606127612591426,low_confidence,Other,Other,0.033704150672487034,db_only
ACACCGGCATAGTAAG-1,CD4+CD8,T,CD4+CD8+,T,0.0361338311380482,,CD4+CD8+,T,0.30626436136292545,consistent,CD4+CD8+,T,0.30626436136292545,,NK3,NK,0.2563723307121826,unknown,Activated CD8+ T cell,T,0.02615810904937464,db_only
CGATGGCGTTTAAGCC-1,MEG,Other,CD4 Naive,T,0.03370850592174803,,CD4 Naive,T,0.5567402687428697,consistent,CD4 Naive,T,0.5633044489299109,,CD4 Naive,T,0.599566443261552,consistent,Other,Other,0.04371482275675583,db_only
AAGTCTGGTGGCCCTA-1,CD4 Naive,T,CD4+CD8+,T,0.028622445215527613,,CD4+CD8+,T,0.10705012031495748,unknown,CD4 Tem,T,0.19751088110657516,,CD4 Tem,T,0.21016496819900515,unknown,Lymphocyte,Other,0.04372851729211926,db_only
ACGGGTCGTCACCCAG-1,Memory BC,B,T-mito,T,0.028677433852734163,,T-mito,T,0.22120356954633097,unknown,T-mito,T,0.502309009961195,,T-mito,T,0.4611229003132147,unknown,Other,Other,0.03799161511912438,db_only
AGCTCTCTCTATGTGG-2,ASC,B,ASC,B,0.004094405990443445,,ASC,B,0.3932372998027093,consistent,ASC,B,0.4806233664255336,,ASC,B,0.40051947202127797,consistent,Other,Other,0.017229694523208116,db_only
AACTTTCCAAGGACAC-1,CD4 Tem,T,T-mito,T,0.011965635485117487,,T-mito,T,0.11345682466240857,unknown,ASC,B,0.23045980134503438,,ASC,B,0.1620527447447274,low_confidence,Other,Other,0.017514290338928325,db_only
AACTTTCTCACGGTTA-1,CD8 Naive,T,CD4+CD8+,T,0.008854163966438419,,CD4+CD8+,T,0.12192503189888514,low_confidence,CD4 Treg,T,0.2068173435897117,,CD4 Treg,T,0.1867379634761981,low_confidence,Effector memory CD8 T cell,T,0.040195117828790795,db_only
TCACAAGGTAGCGATG-1,NK1,NK,NK1,NK,0.060761688204213744,,NK1,NK,0.22216640400986787,unknown,NK3,NK,0.39589009847772133,,NK1,NK,0.4088517119578591,unknown,Other,Other,0.03452571707807088,db_only
AGATTGCGTCTAAAGA-1,CD4 Tem,T,T-mito,T,0.0024374680391394425,,T-mito,T,0.24677144163845172,unknown,T-mito,T,0.32902858885126895,,T-mito,T,0.30846430204806463,unknown,Other,Other,0.04712420838507164,db_only
GAGCAGAAGAGGTTAT-2,pDC,DC,pDC,DC,0.016294816732621956,,pDC,DC,0.28698881537309795,unknown,pDC,DC,0.4339731104606085,,pDC,DC,0.3550689085586797,unknown,Lymphocyte,Other,0.0735172326370369,db_only
ACAGCTATCGGAGGTA-1,CD4-CD8,T,CD4+CD8+,T,0.027231575636440256,,CD4+CD8+,T,0.24194365318951905,low_confidence,CD4+CD8+,T,0.3225915375860254,,CD4+CD8+,T,0.3225915375860254,consistent,Other,Other,0.021771309680143475,db_only
AACGTTGCACCAGATT-1,CD8 CTL,T,CD4+CD8+,T,0.017061902015590828,,CD4+CD8+,T,0.274492165005893,low_confidence,CD4+CD8+,T,0.3659895533411907,,CD4+CD8+,T,0.3202408591735419,consistent,Activated CD8+ T cell,T,0.02973085594943507,db_only
AAGGTTCTCGCCTGTT-1,CD8 Naive,T,CD4+CD8+,T,0.013256933756342558,,CD4+CD8+,T,0.08358403004264325,unknown,CD4 Treg,T,0.2174992316671841,,CD4 Treg,T,0.17768091267449898,unknown,Lymphocyte,Other,0.03462078381628483,db_only
AGGCCACCACGAAATA-1,CD8 Naive,T,CD4 Naive,T,0.04050035691250227,,CD4 Naive,T,0.44148074469382337,consistent,CD4 Naive,T,0.614513860554036,,CD4 Naive,T,0.5618845841557752,consistent,Other,Other,0.036896226441199935,db_only
ACGGGTCAGGCCATAG-1,Memory BC,B,T-mito,T,0.023566590941109414,,T-mito,T,0.24548221470624285,unknown,T-mito,T,0.2888026055367563,,T-mito,T,0.21660195415256722,unknown,Immature B cell,B,0.02390469584348075,db_only
AACTTTCCACATGACT-1,CD14,Mono,Intermed,Other,0.04688713669305906,,CD16,Mono,0.21990738551235944,low_confidence,CD14,Mono,0.3957471812643839,,CD14,Mono,0.4408511572605264,consistent,Other,Other,0.09184746346862255,db_only
AACGTTGGTCGTCTTC-1,CD8 CTL,T,CD4+CD8+,T,0.0792301206439031,,CD4+CD8+,T,0.2259548644169093,low_confidence,CD4+CD8+,T,0.3588386360417624,,CD4+CD8+,T,0.2259548644169093,low_confidence,Activated CD8+ T cell,T,0.057182719707766,db_only
TACACGACATTCGACA-2,ASC,B,ASC,B,0.0021472578953225276,,ASC,B,0.37210495013607997,consistent,ASC,B,0.48154758252904467,,ASC,B,0.4012896521075372,consistent,Other,Other,0.017266394518751622,db_only
ACGGGCTAGAAACCAT-1,Memory BC,B,Memory,B,0.0424219930037835,,Memory,B,0.18442228867154348,unknown,Memory,B,0.24426332303112516,,Memory,B,0.24589638489539128,unknown,Lymphocyte,Other,0.06090447450485205,db_only
AAGGCAGCAAACAACA-1,CD4 Naive,T,T-mito,T,0.012468479238445906,,T-mito,T,0.1759085232912999,unknown,T-mito,T,0.2706284973712306,,T-mito,T,0.2198856541141249,unknown,Lymphocyte,Other,0.10271880790216298,db_only
CACCTTGTCATGTCTT-1,T-mito,T,CD4+CD8+,T,0.010760606947743058,,CD4+CD8+,T,0.14458214249379725,unknown,CD4+CD8+,T,0.2313314279900756,,NK_CD56bright,NK,0.130496032286841,unknown,Lymphocyte,Other,0.038856896651935126,db_only
CATGACAGTTCCGTCT-1,CD4+CD8,T,CD4+CD8+,T,0.008900634016859602,,CD4+CD8+,T,0.3553297617045407,consistent,CD4+CD8+,T,0.4737730156060543,,CD4+CD8+,T,0.4145513886552975,consistent,Activated CD8+ T cell,T,0.03407197361031346,db_only
ACGGGCTTCCGCATAA-1,CD4 Naive,T,T-mito,T,0.004468009800172297,,T-mito,T,0.218230389285067,unknown,T-mito,T,0.2909738523800893,,T-mito,T,0.218230389285067,unknown,Lymphocyte,Other,0.07776480835635975,db_only
CGACTTCCATATGGTC-1,CD16,Mono,CD16,Mono,0.017408280686896517,,CD16,Mono,0.4335280461951821,unknown,cDC2,DC,0.38778889262990224,,CD16,Mono,0.4996254072452596,unknown,Other,Other,0.03292439687116071,db_only
CTTCTCTAGCCACGCT-2,ASC,B,ASC,B,0.004217268180247928,,ASC,B,0.39548416652977664,consistent,ASC,B,0.48336953686972706,,ASC,B,0.40280794739143916,consistent,Other,Other,0.016647799412712185,db_only
AATCGGTGTCTGGAGA-1,CD4 Naive,T,CD4 Tem,T,0.06683794884234832,,CD4 Tem,T,0.1606118117235847,low_confidence,T-mito,T,0.3746890730071253,,T-mito,T,0.28101680475534396,low_confidence,Other,Other,0.025302109802915765,db_only
TGGCGCAAGTAGGTGC-1,CD4 Tcm,T,T-mito,T,0.0035589559440223698,,T-mito,T,0.10415318382327717,low_confidence,ASC,B,0.2583070509055999,,ASC,B,0.18406732451736213,unknown,Effector memory CD8 T cell,T,0.06475205295637301,db_only
AAACCTGGTGCATCTA-1,CD8 CTL,T,CD4+CD8+,T,0.02917036011798056,,CD4+CD8+,T,0.22555980385866026,low_confidence,CD4+CD8+,T,0.3007464051448803,,CD4+CD8+,T,0.26315310450177026,low_confidence,Activated CD8+ T cell,T,0.02982418983023702,db_only
AACTTTCAGCCGTCGT-1,CD14,Mono,Intermed,Other,0.012048272178594104,,Intermed,Other,0.008860794603634236,unknown,CD14,Mono,0.08942834587024513,,CD14,Mono,0.05370477908826097,unknown,Other,Other,0.00936982012310924,db_only
CTACATTCACCGCTAG-2,pDC,DC,pDC,DC,0.005028829205020039,,pDC,DC,0.390012030607238,unknown,pDC,DC,0.5202943976749784,,pDC,DC,0.4256954162795278,unknown,Cytotoxic CD8 T cell,T,0.12560860194738754,db_only
CATATGGAGGTACTCT-1,CD4+CD8,T,CD4+CD8+,T,0.025457340626980417,,CD4+CD8+,T,0.39694667018664537,consistent,CD4+CD8+,T,0.5292622269155272,,CD4+CD8+,T,0.3307888918222045,consistent,Activated CD8+ T cell,T,0.018276847001912556,db_only
CGAGCACGTGAGTATA-1,cDC,DC,cDC2,DC,0.031146862573278974,,cDC2,DC,0.3006300641363028,unknown,cDC2,DC,0.50875857007682,,cDC2,DC,0.3006300641363028,unknown,Immature B cell,B,0.053835056385276636,db_only
AAATGCCTCTGGAGCC-1,CD4 Tem,T,T-mito,T,0.002174829037579872,,T-mito,T,0.16128076463861235,unknown,T-mito,T,0.2932377538883861,,T-mito,T,0.21992831541628954,unknown,Other,Other,0.03944857229422406,db_only
TATTACCAGCTGCGAA-3,ASC,B,ASC,B,0.0027056726779133644,,ASC,B,0.361951747995959,consistent,ASC,B,0.49768365349444355,,ASC,B,0.41473637791203627,consistent,Other,Other,0.01749163846608593,db_only
TCTTTCCAGAAAGTGG-1,pDC,DC,pDC,DC,0.0014116187533633863,,pDC,DC,0.315986181216729,unknown,pDC,DC,0.421314908288972,,pDC,DC,0.34471219769097705,unknown,Cytotoxic CD8 T cell,T,0.08746805740585424,db_only
ACTTGTTTCCCTCTTT-1,CD4 Naive,T,CD4+CD8+,T,0.024931531071196788,,CD4+CD8+,T,0.12513127472991376,unknown,CD4 TCM,T,0.26446458583417864,,CD4 Tex,T,0.14760718829658093,unknown,Lymphocyte,Other,0.0692866868835534,db_only
AACTCTTCAGGGATTG-1,CD4+CD8,T,CD4+CD8+,T,0.01337830083286983,,CD4+CD8+,T,0.3338107561882189,unknown,CD4+CD8+,T,0.3814980070722502,,CD4+CD8+,T,0.3814980070722502,unknown,Lymphocyte,Other,0.024719984622356538,db_only
TGAGCCGGTACGCACC-1,NK1,NK,CD4+CD8+,T,0.04309491083759763,,CD4+CD8+,T,0.22129289919090034,low_confidence,CD4+CD8+,T,0.35406863870544053,,CD4+CD8+,T,0.22129289919090034,low_confidence,Cytotoxic CD8 T cell,T,0.03927293488482595,db_only
AAGGAGCAGCCGATTT-1,CD8 Tem,T,CD4+CD8+,T,0.024392133001809937,,CD4+CD8+,T,0.1664227341267997,low_confidence,CD4+CD8+,T,0.3328454682535994,,NK_CD56bright,NK,0.18515204060850457,unknown,Effector memory CD8 T cell,T,0.08227466863840543,db_only
ACCTTTAGTAGGACAC-1,CD8 CTL,T,CD4+CD8+,T,0.030550632909831954,,CD4+CD8+,T,0.38747564949912716,consistent,CD4+CD8+,T,0.38747564949912716,,CD4+CD8+,T,0.38747564949912716,consistent,Cytotoxic CD8 T cell,T,0.05454670342370368,db_only
AGGCCACAGATGGGTC-1,Naive BC,B,Naive,B,0.08937080653263306,,Naive,B,0.476332262572175,consistent,Naive,B,0.56195438984117,,Naive,B,0.5056914448822416,consistent,Immature B cell,B,0.07674050422234735,db_only
CCTTCGAGTCTGCAAT-1,MEG,Other,cDC1,DC,0.1114799734748082,,cDC1,DC,0.08175711604120846,unknown,CD4 Tex,T,0.20623846601572207,,CD8 Naive,T,0.08729544682513375,unknown,Other,Other,0.2796751419288949,db_only
AAGACCTTCGTCGTTC-1,CD16,Mono,CD16,Mono,0.03454768668691016,,CD16,Mono,0.23960156728972354,unknown,cDC2,DC,0.41332976141603955,,cDC2,DC,0.2288381701606885,unknown,Other,Other,0.04739728590991165,db_only
CCGTACTAGTGTGGCA-1,MEG,Other,CD4+CD8+,T,0.02941376455213256,,CD4+CD8+,T,0.12558622198084876,low_confidence,CD4+CD8+,T,0.2511724439616975,,CD4-CD8-,T,0.18903835472357783,low_confidence,Other,Other,0.03035299152532789,db_only
GGAATAATCAGCTGGC-3,ASC,B,ASC,B,0.08706235333025658,,ASC,B,0.20786556495167016,unknown,ASC,B,0.35582646442202776,,ASC,B,0.4138502358411514,unknown,Other,Other,0.04845922952434047,db_only
ATCTACTTCACTTATC-1,cDC,DC,cDC2,DC,0.02522481113112221,,cDC2,DC,0.17132996383026833,unknown,Intermed,Other,0.2973662104559869,,T-mito,T,0.2854583760805496,unknown,Immature B cell,B,0.0996150714090501,db_only
CATCGGGTCGCGTAGC-1,pDC,DC,pDC,DC,0.006199312855051584,,pDC,DC,0.36592764945826267,unknown,pDC,DC,0.4622243993157002,,pDC,DC,0.4412141993468047,unknown,Cytotoxic CD8 T cell,T,0.0691342091218606,db_only
ACTTTCAAGTGGTAAT-1,CD4-CD8,T,CD4+CD8+,T,0.0639118904114548,,CD4+CD8+,T,0.2458498591451918,low_confidence,CD4+CD8+,T,0.32779981219358906,,CD4+CD8+,T,0.28682483566939043,low_confidence,Effector memory CD8 T cell,T,0.04111585016164398,db_only
AGTTGGTCATGTAGTC-1,MEG,Other,CD4 Naive,T,0.046035076981363506,,CD4 Naive,T,0.4249620900307748,consistent,CD4 Naive,T,0.566616120041033,,CD4 Naive,T,0.4957891050359039,consistent,Other,Other,0.03757746257506613,db_only
AAATGCCAGGTGGGTT-2,NK1,NK,NK1,NK,0.040608432046132945,,NK1,NK,0.04911806843666165,unknown,T-mito,T,0.3218942884459705,,NK_CD56bright,NK,0.16768149034748336,unknown,Lymphocyte,Other,0.16140029589417365,db_only
ACATCAGCATCGGGTC-1,CD4 Tem,T,CD4+CD8+,T,0.008827163369018896,,CD4+CD8+,T,0.09203537114362446,unknown,cDC1,DC,0.21908374201235573,,ASC,B,0.1947903034823928,unknown,Lymphocyte,Other,0.07752000437113726,db_only
GTCACAAAGATGGCGT-2,pDC,DC,pDC,DC,0.0009879785269208457,,pDC,DC,0.26103887266756265,unknown,pDC,DC,0.34805183022341685,,pDC,DC,0.26894914153627664,unknown,Cytotoxic CD8 T cell,T,0.09198836572122904,db_only
ACCAGTACAATCAGAA-1,CD4-CD8,T,CD4+CD8+,T,0.0188551390782776,,CD4+CD8+,T,0.34367872054159593,consistent,CD4+CD8+,T,0.5498859528665535,,CD4+CD8+,T,0.41241446464991516,consistent,Effector memory CD8 T cell,T,0.07568202189465409,db_only
AATCCAGAGAGACTTA-1,CD8 Naive,T,CD4 Naive,T,0.031055161483935806,,CD4 Naive,T,0.558643294644326,consistent,CD4 Naive,T,0.6321847329511545,,CD4 Naive,T,0.6016158557708127,consistent,Other,Other,0.032525452816903846,db_only
ACGGAGAAGACTTTCG-1,NK2,NK,CD4+CD8+,T,0.03440876122270485,,CD4+CD8+,T,0.3506348996052428,consistent,CD4+CD8+,T,0.34326917690839975,,CD4+CD8+,T,0.3506348996052428,consistent,Other,Other,0.04346545104017081,db_only
ATCTGCCAGAGTCTGG-1,Memory BC,B,cDC1,DC,0.05634928151276086,,cDC1,DC,0.31912871057091097,unknown,cDC1,DC,0.24132475337899975,,ASC,B,0.22566837181683697,low_confidence,Other,Other,0.04756199146276082,db_only
CAGCCGATCGACCAGC-1,CD16,Mono,CD16,Mono,0.04185539079260191,,CD16,Mono,0.4499831614388885,unknown,CD16,Mono,0.5463053171784638,,CD16,Mono,0.5386563138400813,unknown,Other,Other,0.038467637953187354,db_only
CAAGATCAGGCGACAT-1,RBC,Other,cDC1,DC,0.0077592629572018085,,cDC1,DC,0.05819589211713479,unknown,cDC1,DC,0.11639178423426957,,cDC1,DC,0.05819589211713479,unknown,Other,Other,0.5762455626010207,db_only
AGCGTATAGCACCGCT-1,CD16,Mono,Intermed,Other,0.0356703938587409,,Intermed,Other,0.07733610180753427,low_confidence,cDC2,DC,0.37146534223333977,,cDC2,DC,0.2200422430124132,unknown,Other,Other,0.03511887988249724,db_only
ATCCACCTCTTTAGGG-1,ASC,B,ASC,B,0.005655732285765309,,ASC,B,0.3824150016935989,consistent,ASC,B,0.46739611318106533,,ASC,B,0.3894967609842211,consistent,Other,Other,0.024906893019123813,db_only
CGTCCATGTGCCTGTG-1,MEG,Other,CD4+CD8+,T,0.022558717532702464,,CD4+CD8+,T,0.1846862592918319,unknown,CD4+CD8+,T,0.29549801486693106,,CD4+CD8+,T,0.2216235111501983,unknown,Other,Other,0.046046669550584916,db_only
AGAGTGGTCAACACAC-1,Naive BC,B,Memory,B,0.03474086645003535,,Memory,B,0.1362699438379662,low_confidence,Memory,B,0.26629626906129156,,Memory,B,0.2044049157569493,low_confidence,Other,Other,0.0490074238161411,db_only
AACTCTTCAATAGAGT-1,NK3,NK,CD4+CD8+,T,0.03889982286671743,,CD4+CD8+,T,0.39744022630918385,consistent,CD4+CD8+,T,0.45421740149621015,,CD4+CD8+,T,0.39744022630918385,consistent,Cytotoxic CD8 T cell,T,0.04883804041135998,db_only
AACTCTTCATGAACCT-1,CD14,Mono,CD14,Mono,0.04743813461095201,,CD14,Mono,0.414567355117971,consistent,CD14,Mono,0.5146353373878261,,CD14,Mono,0.48436267048265985,consistent,Other,Other,0.1769687721647806,db_only
AAACGGGGTCCGTCAG-1,CD4 Tem,T,T-mito,T,0.005577251178820795,,T-mito,T,0.2493557141457464,unknown,T-mito,T,0.3836241756088406,,CD4 TCM,T,0.1912565929746037,unknown,Lymphocyte,Other,0.031611582685538986,db_only
TCAGCAATCACTATTC-1,RBC,Other,T-mito,T,0.06084699845329209,,T-mito,T,0.08869235836215345,unknown,ASC,B,0.1786292054127316,,ASC,B,0.0893146027063658,unknown,Other,Other,0.6336813178540988,db_only
ACGCCGAAGTGTACCT-1,NK2,NK,NK2,NK,0.0731930557487823,,NK2,NK,0.17595654198796185,unknown,NK2,NK,0.24840923574771082,,CD4 Tex,T,0.3749062298598397,consistent,Activated CD8+ T cell,T,0.027143552327910322,db_only
AAGGAGCGTACAGTGG-1,Memory BC,B,Memory,B,0.055624624511774065,,Memory,B,0.3437941840297257,unknown,Memory,B,0.2602945807365904,,Memory,B,0.5458648408770573,unknown,Other,Other,0.2055056685731718,db_only
CAAGTTGAGAACTGTA-1,RBC,Other,CD14,Mono,0.04256340997029779,,Intermed,Other,0.12728212190770952,low_confidence,CD16,Mono,0.12571856394281103,,CD16,Mono,0.06914521016854608,unknown,Other,Other,0.5617405000921095,db_only
AGTTGGTCAAACTGTC-1,RBC,Other,CD4 Tcm,T,0.013306078666296562,,CD4 Tcm,T,0.12502656487357433,unknown,CD4 Tcm,T,0.25005312974714866,,CD4 Tcm,T,0.12502656487357433,unknown,Other,Other,0.6270337591839582,db_only
CAGAATCGTCTCCATC-1,T-mito,T,T-mito,T,0.01952756406644481,,T-mito,T,0.1432509883976937,unknown,T-mito,T,0.34095114922025826,,T-mito,T,0.25571336191519367,unknown,Other,Other,0.021366522815167,db_only
ACCCACTAGCTAGCCC-1,CD8 Naive,T,T-mito,T,0.005519901328436115,,T-mito,T,0.19639431457012144,unknown,T-mito,T,0.30214509933864836,,T-mito,T,0.2454928932126518,unknown,Lymphocyte,Other,0.03568466095581448,db_only
CGTGTAAAGCCCAACC-1,T-mito,T,T-mito,T,0.04262497648679802,,T-mito,T,0.29491661674245173,unknown,T-mito,T,0.3932221556566023,,T-mito,T,0.36864577092806466,unknown,Other,Other,0.03126000627086568,db_only
AAATGCCAGTGTACGG-1,CD8 Tem,T,CD4+CD8+,T,0.020192255877223987,,CD4+CD8+,T,0.27040950028694893,low_confidence,CD4+CD8+,T,0.3605460003825986,,CD4+CD8+,T,0.31547775033477377,consistent,Effector memory CD8 T cell,T,0.06151998357044101,db_only
AGACGTTGTATGAAAC-1,CD4+CD8,T,CD4+CD8+,T,0.015655861481044458,,CD4+CD8+,T,0.35634285293130524,consistent,CD4+CD8+,T,0.47512380390840697,,CD4+CD8+,T,0.47512380390840697,consistent,Activated CD8+ T cell,T,0.021504843797515456,db_only
ACTTACTGTGCACTTA-1,CD8 Tem,T,CD4+CD8+,T,0.0282831999633821,,CD4+CD8+,T,0.21733451532453113,low_confidence,CD4+CD8+,T,0.3477352245192498,,CD4+CD8+,T,0.21733451532453113,low_confidence,Other,Other,0.03235200532208608,db_only
CCACGGAAGTACGTTC-1,CD4+CD8,T,CD4+CD8+,T,0.04317998800141076,,CD4+CD8+,T,0.3583602864409016,unknown,CD4+CD8+,T,0.40955461307531615,,CD4+CD8+,T,0.3583602864409016,unknown,Lymphocyte,Other,0.02663702561661762,db_only
AAAGTAGGTACCGTTA-1,NK2,NK,NK2,NK,0.04863753047047495,,NK2,NK,0.38767940158496283,unknown,NK2,NK,0.5169058687799505,,CD4+CD8+,T,0.32333872850922263,consistent,Other,Other,0.029494393547736933,db_only
GAATAAGGTCAATGTC-2,pDC,DC,pDC,DC,0.008622478212615546,,pDC,DC,0.3570504440507944,unknown,pDC,DC,0.408057650343765,,pDC,DC,0.35241342529688796,unknown,Cytotoxic CD8 T cell,T,0.086322310518767,db_only
ACAGCCGCAACCGCCA-1,CD14,Mono,Intermed,Other,0.03652824694300103,,CD14,Mono,0.49567315442152643,consistent,CD14,Mono,0.4110667942146108,,CD14,Mono,0.5576322987242173,consistent,Other,Other,0.15445864980715632,db_only
ACATGGTTCGCCTGTT-1,CD4-CD8,T,CD4+CD8+,T,0.026992694245103213,,CD4+CD8+,T,0.3085185597122489,consistent,CD4+CD8+,T,0.41135807961633186,,CD4+CD8+,T,0.3085185597122489,consistent,Other,Other,0.024262005199178066,db_only
CCATGTCTCATGTGGT-1,MEG,Other,CD14,Mono,0.054579801846675845,,CD14,Mono,0.4496571835117389,consistent,CD14,Mono,0.5190265686981959,,CD14,Mono,0.5033217962838914,consistent,Other,Other,0.24536643179580075,db_only
TAGGCATGTCTAGAGG-1,cDC,DC,cDC2,DC,0.033066408527986084,,cDC2,DC,0.2919796853658799,unknown,cDC2,DC,0.49411946754225833,,cDC2,DC,0.3368996369606307,unknown,Other,Other,0.08314528336809025,db_only
ACACTGACATACTACG-1,CD8 CTL,T,CD4+CD8+,T,0.06467764596704666,,CD4+CD8+,T,0.30080953805467586,consistent,CD4+CD8+,T,0.40107938407290117,,CD4+CD8+,T,0.30080953805467586,consistent,Activated CD8+ T cell,T,0.04619782985086505,db_only
GGGAGATAGCCCAACC-3,ASC,B,ASC,B,0.002274204865001118,,ASC,B,0.36295752081907284,consistent,ASC,B,0.46970973282468254,,ASC,B,0.3914247773539021,consistent,Immature B cell,B,0.01574772013011934,db_only
CCGGGATCATATGGTC-2,pDC,DC,pDC,DC,0.0061670561113505796,,pDC,DC,0.31165006288131647,unknown,pDC,DC,0.35617150043579027,,pDC,DC,0.30760265946727344,unknown,Cytotoxic CD8 T cell,T,0.024791085605882838,db_only
CATCAAGGTCAACATC-1,pDC,DC,pDC,DC,0.0019858859593494247,,pDC,DC,0.3810994597679595,unknown,pDC,DC,0.45731935172155147,,pDC,DC,0.39495762194133993,unknown,Cytotoxic CD8 T cell,T,0.06623350261391779,db_only
CTCGAGGAGACTCGGA-1,CD16,Mono,CD16,Mono,0.02650050942855911,,CD16,Mono,0.46070372970201934,unknown,cDC2,DC,0.43391255656938565,,CD16,Mono,0.5330020005553145,unknown,Other,Other,0.04600516884067526,db_only
CAGCGACAGATGTGTA-2,pDC,DC,pDC,DC,0.003670597527004586,,pDC,DC,0.38074857023089004,unknown,pDC,DC,0.4809455623969137,,pDC,DC,0.4153620766155164,unknown,Cytotoxic CD8 T cell,T,0.1430986502039062,db_only
ACACTGAAGCAAATCA-2,RBC,Other,CD4 Tcm,T,0.13294842708957474,,CD4 Tcm,T,0.13814137744799668,unknown,CD8 Tem,T,0.23234237962572257,,CD4 Tcm,T,0.13814137744799668,unknown,Other,Other,0.5895443201574514,db_only
ATTGGACGTTATCCGA-1,NK1,NK,NK1,NK,0.06893305466280364,,NK1,NK,0.23668436349395872,unknown,NK3,NK,0.4553098197428947,,CD4+CD8+,T,0.31581371324644747,consistent,Effector memory CD8 T cell,T,0.04695378878845972,db_only
AAGGAGCCAACTTGAC-1,CD16,Mono,Intermed,Other,0.06368495819243186,,CD16,Mono,0.42741960048340155,unknown,T-mito,T,0.3403615212700219,,CD16,Mono,0.47307037451669975,unknown,Other,Other,0.047792116013613654,db_only
GCATGATAGTCGTTTG-1,CD4 Tcm,T,T-mito,T,0.007508568191957901,,T-mito,T,0.23400272911143552,unknown,T-mito,T,0.3342896130163365,,T-mito,T,0.2925034113892944,unknown,Lymphocyte,Other,0.03788017965857161,db_only
AAAGCAAAGGGTCGAT-1,CD8 Naive,T,T-mito,T,0.023839600647769348,,T-mito,T,0.07527561064511447,unknown,CD8 TCM,T,0.46433054680521285,,CD8 TCM,T,0.23598844013202752,unknown,Lymphocyte,Other,0.05005192902333243,db_only
AACTGGTTCGGTCTAA-1,NK3,NK,CD4+CD8+,T,0.014092265433093637,,CD4+CD8+,T,0.3178506314555862,consistent,CD4+CD8+,T,0.36325786452066994,,CD4+CD8+,T,0.3178506314555862,consistent,Other,Other,0.021599478588339643,db_only
AGAGCTTCAAAGCAAT-1,NK2,NK,NK3,NK,0.0945590776663631,,NK3,NK,0.29527372150883197,unknown,NK3,NK,0.442910582263248,,NK2,NK,0.43789933994664443,unknown,Cytotoxic CD8 T cell,T,0.08718721199147697,db_only
CGAATGTCACCACCAG-1,cDC,DC,cDC2,DC,0.0282525436206329,,cDC2,DC,0.347068529659257,unknown,cDC2,DC,0.4772192282814784,,cDC2,DC,0.36876031276296056,unknown,Immature B cell,B,0.06570929100886316,db_only
ACGGGCTAGTCGAGTG-3,ASC,B,ASC,B,0.0035571272126560475,,ASC,B,0.3925408458116107,consistent,ASC,B,0.5079940357562021,,ASC,B,0.42332836313016836,consistent,Other,Other,0.01540029438516884,db_only
ACGAGGAAGAGACTTA-1,CD8 Naive,T,CD4 Naive,T,0.03046189281482075,,CD4+CD8+,T,0.09548744425950526,low_confidence,CD4 Naive,T,0.45680987175222143,,CD4 Naive,T,0.1379883303825643,low_confidence,Other,Other,0.015968642424873825,db_only
AACTTTCCAGCTTAAC-1,CD8 CTL,T,CD4+CD8+,T,0.021580699787423076,,CD4+CD8+,T,0.41476182703995557,consistent,CD4+CD8+,T,0.41476182703995557,,CD4+CD8+,T,0.41476182703995557,consistent,Activated CD8+ T cell,T,0.05546417986470391,db_only
ACCTTTACAAGCGATG-1,CD4 Naive,T,CD4 Tem,T,0.02786166774155418,,CD4 Tem,T,0.44122605494157086,consistent,CD4 Tem,T,0.6177164769181992,,CD4 Tem,T,0.5559448292263793,consistent,Other,Other,0.029739754600594775,db_only
AGATCTGGTTGTGGCC-1,pDC,DC,cDC2,DC,0.037776790633178965,,cDC1,DC,0.3664722742757103,unknown,ASDC,DC,0.49169583803952455,,ASDC,DC,0.29054754065971905,unknown,Immature B cell,B,0.04331493517710988,db_only
CAAGTTGTCTAAGCCA-1,Naive BC,B,Naive,B,0.05846286150085055,,Naive,B,0.3546817651412862,consistent,Naive,B,0.5517271902197786,,Naive,B,0.48276129144230623,consistent,Immature B cell,B,0.07133016797976408,db_only
ACGGGTCGTTCTCATT-1,CD4 Tem,T,T-mito,T,0.012366264220365596,,T-mito,T,0.05967001516000203,low_confidence,CD4 TCM,T,0.40206328449556916,,CD4 TCM,T,0.30154746337167687,consistent,Other,Other,0.0376919163152369,db_only
GTGCGGTAGAAGGTTT-1,RBC,Other,CD4 Tcm,T,0.08758733341812434,,CD4 Tcm,T,0.15946945614849295,unknown,CD4 Tcm,T,0.3189389122969859,,CD4 Tcm,T,0.15946945614849295,unknown,Other,Other,0.5810808897103729,db_only
ACGGGCTCATGCATGT-1,RBC,Other,Intermed,Other,0.03570954284701977,,Intermed,Other,0.051046131034294236,low_confidence,cDC1,DC,0.15546447724956253,,cDC1,DC,0.07773223862478126,unknown,Other,Other,0.5538554619525539,db_only
ACTGAACCACCCTATC-1,NK1,NK,NK1,NK,0.07059229794566407,,NK1,NK,0.3344086289517831,unknown,NK3,NK,0.5067657457679805,,NK1,NK,0.4586175482767311,unknown,Effector memory CD8 T cell,T,0.040502364821121586,db_only
AACCATGAGACTCGGA-2,RBC,Other,CD4 Tcm,T,0.03422760682140484,,CD4 Tcm,T,0.10320974619601228,unknown,CD4 Tcm,T,0.20641949239202456,,CD4 Tcm,T,0.10320974619601228,unknown,Other,Other,0.6129646057000293,db_only
AAATGCCCACTGTGTA-1,NK3,NK,NK3,NK,0.09135869681153602,,CD4+CD8+,T,0.3729851836505396,consistent,NK3,NK,0.429730625494891,,NK3,NK,0.4108891395270081,unknown,Activated CD8+ T cell,T,0.04699827553551841,db_only
AAGCCGCTCTGCTTGC-1,CD8 CTL,T,CD4+CD8+,T,0.01562049612161066,,CD4+CD8+,T,0.12526547857580975,low_confidence,CD4+CD8+,T,0.20042476572129558,,CD4+CD8+,T,0.17537167000613363,low_confidence,Activated CD8+ T cell,T,0.028426034192813168,db_only
ACCAGTACACGTGAGA-1,CD8 Tem,T,CD4+CD8+,T,0.012419094143401317,,CD4+CD8+,T,0.1547870008574501,low_confidence,CD4+CD8+,T,0.3095740017149002,,CD4+CD8+,T,0.19348375107181262,low_confidence,Effector memory CD8 T cell,T,0.08284280999896064,db_only
AAGGCAGCAATGCCAT-1,Memory BC,B,ABC,B,0.017167825000526778,,ABC,B,0.2691341525702579,low_confidence,ABC,B,0.31806763485575934,,ABC,B,0.31806763485575934,consistent,Immature B cell,B,0.10078652617476178,db_only
AACTCAGAGCTCCTCT-1,NK3,NK,NK3,NK,0.08631243882258177,,NK3,NK,0.46412804235709476,unknown,NK3,NK,0.5569536508285138,,NK3,NK,0.45252484129816745,unknown,Cytotoxic CD8 T cell,T,0.07089202405115194,db_only
AACTTTCTCGGAAACG-1,CD8 Naive,T,T-mito,T,0.007961078127155541,,T-mito,T,0.08843101779891323,unknown,ASC,B,0.2336039963576813,,ASC,B,0.20660706626400713,unknown,Lymphocyte,Other,0.08026568711766661,db_only
ACTATCTGTCCGAACC-1,CD4 Tem,T,cDC2,DC,0.04993879096622752,,T-mito,T,0.24541975427363932,unknown,cDC2,DC,0.4161541448373961,,T-mito,T,0.32308686278727544,unknown,Other,Other,0.04191519454298412,db_only
TCCCGATTCAGAGCTT-1,cDC,DC,cDC2,DC,0.03732825955932052,,cDC2,DC,0.3476391575264863,unknown,cDC2,DC,0.4780038415989186,,CD16,Mono,0.44267028043985684,unknown,Immature B cell,B,0.08011778171747248,db_only
ATGGGAGGTCACACGC-1,Naive BC,B,Naive,B,0.04155774767382447,,Naive,B,0.3356647064252341,unknown,Naive,B,0.5221450988836975,,Naive,B,0.4895110302034664,unknown,Lymphocyte,Other,0.08169450370784578,db_only
ACCGTAAAGGCTAGAC-1,CD14,Mono,Intermed,Other,0.040902397491260005,,Intermed,Other,0.05812939547088715,unknown,cDC1,DC,0.14945199189171887,,cDC1,DC,0.07472599594585944,unknown,Other,Other,0.0888823916459101,db_only
CCTATTACACATAACC-1,pDC,DC,pDC,DC,0.006502615391980355,,pDC,DC,0.36321822078817995,unknown,pDC,DC,0.5726198146317584,,pDC,DC,0.4685071210623477,unknown,Cytotoxic CD8 T cell,T,0.10581825778077844,db_only
AAGGCAGTCGGATGGA-1,T-mito,T,T-mito,T,0.0038596768274827336,,T-mito,T,0.3879411939024668,unknown,T-mito,T,0.4564014045911374,,T-mito,T,0.42787631680419136,unknown,Other,Other,0.041082158190092435,db_only
ACACCCTAGCGATTCT-1,CD14,Mono,CD14,Mono,0.0314848519567547,,CD14,Mono,0.36570260934943416,consistent,CD14,Mono,0.4711306810597193,,CD14,Mono,0.37250770173787084,consistent,Other,Other,0.17736760061321863,db_only
CCTACCAAGAGACTAT-1,NK1,NK,NK2,NK,0.061491069014039904,,NK2,NK,0.30860818265531115,unknown,NK2,NK,0.38982086230144564,,NK2,NK,0.3478907572662539,unknown,Cytotoxic CD8 T cell,T,0.06740434451847596,db_only
TGCTGCTAGGAGTTGC-1,T-mito,T,T-mito,T,0.003738504518077407,,T-mito,T,0.41604916826399563,unknown,T-mito,T,0.4379464929094691,,T-mito,T,0.41057483710262727,unknown,Other,Other,0.08251209457397789,db_only
ACCTTTAGTGCGGTAA-1,CD8 CTL,T,CD4+CD8+,T,0.04392597534652085,,CD4+CD8+,T,0.2915473044360637,low_confidence,CD4+CD8+,T,0.3331969193555014,,CD4+CD8+,T,0.2915473044360637,low_confidence,Cytotoxic CD8 T cell,T,0.039081488774692766,db_only
GGCTGGTGTTAAGTAG-1,cDC,DC,cDC2,DC,0.034843864300996674,,cDC2,DC,0.30712682763698274,consistent,cDC2,DC,0.4826278720009729,,cDC2,DC,0.32906445818248153,consistent,Other,Other,0.04314559146327428,db_only
AGCGTATAGCTCAACT-1,Memory BC,B,Memory,B,0.09177089434125991,,T-mito,T,0.29708539994827343,unknown,Memory,B,0.5706906469605203,,T-mito,T,0.32523755619140693,unknown,Lymphocyte,Other,0.08368949005043064,db_only
AACCGCGAGGGTGTTG-1,CD8 Tem,T,CD4+CD8+,T,0.03308309333695013,,CD4+CD8+,T,0.3103908651152958,consistent,CD4+CD8+,T,0.4966253841844732,,CD4+CD8+,T,0.3724690381383549,consistent,Other,Other,0.06057155652154723,db_only
GGAAAGCAGAGGACGG-1,T-mito,T,T-mito,T,0.008968702594833846,,T-mito,T,0.21313841891916407,low_confidence,T-mito,T,0.2507510810813695,,T-mito,T,0.20373525337861273,low_confidence,Other,Other,0.032462715268865884,db_only
ACGCCAGTCTGGTATG-1,CD4 Naive,T,CD4 Naive,T,0.024052534542412383,,CD4 Naive,T,0.3764817917685859,consistent,CD4 Naive,T,0.547609878936125,,CD4 Naive,T,0.41070740920209375,consistent,Other,Other,0.035995970095265575,db_only
AAAGATGAGATAGGAG-1,NK3,NK,NK3,NK,0.08336850595232162,,CD4+CD8+,T,0.25783871510487044,low_confidence,NK3,NK,0.4449232973443837,,CD4+CD8+,T,0.3094064581258445,consistent,Cytotoxic CD8 T cell,T,0.07687645021235975,db_only
CAGAATCGTGACCAAG-1,cDC,DC,cDC2,DC,0.02709476192022921,,cDC2,DC,0.31916034891100237,unknown,cDC2,DC,0.5015376911458609,,cDC2,DC,0.29636318113164506,unknown,Immature B cell,B,0.05715906845613577,db_only
GGAGCAAAGTTGTAGA-1,cDC,DC,CD14,Mono,0.031047380884943587,,CD14,Mono,0.47814101207084536,consistent,CD14,Mono,0.5900995461000959,,CD14,Mono,0.5900995461000959,consistent,Other,Other,0.12435836193511045,db_only
GTATTCTAGGAGCGAG-1,RBC,Other,CD4 Tcm,T,0.11180591708815087,,CD4 Tcm,T,0.09902727112204919,unknown,CD4 Tcm,T,0.19805454224409838,,CD4 Tcm,T,0.09902727112204919,unknown,Other,Other,0.632841799142732,db_only
ACGGCCAAGTCCCACG-1,MEG,Other,CD4+CD8+,T,0.017988496640273317,,CD4+CD8+,T,0.3633213238293282,consistent,CD4+CD8+,T,0.41522437009066077,,CD4+CD8+,T,0.3633213238293282,consistent,Activated CD8+ T cell,T,0.061710224363717786,db_only
ACTGCTCAGTGACATA-1,CD4-CD8,T,CD4+CD8+,T,0.019191492500960156,,CD4+CD8+,T,0.30160009870477783,consistent,CD4+CD8+,T,0.4825601579276445,,CD4+CD8+,T,0.42224013818668893,consistent,Effector memory CD8 T cell,T,0.062276797920845284,db_only
GTCTCGTCACGGACAA-2,pDC,DC,pDC,DC,0.005310167707189168,,pDC,DC,0.4262735370432759,unknown,pDC,DC,0.4650256767744828,,pDC,DC,0.42275061524952984,unknown,Cytotoxic CD8 T cell,T,0.10021891896578917,db_only
CAAGGCCGTTAAGGGC-1,Memory BC,B,CD4+CD8+,T,0.021771272624814306,,CD4+CD8+,T,0.3314751239331887,consistent,CD4+CD8+,T,0.37882871306650134,,CD4+CD8+,T,0.3314751239331887,consistent,Cytotoxic CD8 T cell,T,0.022822912109311908,db_only
GACCTGGTCTCCGGTT-1,NK1,NK,NK1,NK,0.04894364798238877,,NK1,NK,0.29293703380520464,unknown,NK2,NK,0.40157837186776557,,NK1,NK,0.3347851814916625,unknown,Other,Other,0.04477843114359564,db_only
GATCAGTTCGCTGATA-1,T-mito,T,T-mito,T,0.002650527316409667,,T-mito,T,0.3622048630356814,unknown,T-mito,T,0.42612336827727226,,T-mito,T,0.39949065775994275,unknown,Other,Other,0.025628590656194,db_only
GGTGCGTCATCGACGC-1,RBC,Other,CD4 Tcm,T,0.07302467737320273,,CD4 Tcm,T,0.13123250866749833,unknown,CD4 Tcm,T,0.22515195528271312,,CD4 Tcm,T,0.11257597764135656,unknown,Other,Other,0.5853198496677082,db_only
AAAGCAAAGCAGCGTA-1,Memory BC,B,Memory,B,0.03345865759288879,,Memory,B,0.2245778984823368,unknown,Memory,B,0.2994371979764491,,Memory,B,0.2245778984823368,unknown,Lymphocyte,Other,0.10069218778023238,db_only
ACTGTCCCAATCGGTT-1,CD4 Tem,T,T-mito,T,0.008636061989184752,,T-mito,T,0.11000861589584676,unknown,CD4 Tem,T,0.21051057068449675,,CD4 Tem,T,0.22194229660966894,unknown,Lymphocyte,Other,0.1329324310433169,db_only
AACTCCCGTCGTGGCT-1,CD14,Mono,CD14,Mono,0.055939895120205474,,CD14,Mono,0.3806671214987526,consistent,CD14,Mono,0.4894291562126819,,CD14,Mono,0.4269631167360627,consistent,Other,Other,0.13815894331702785,db_only
AAAGCAACATCGATTG-1,CD14,Mono,CD14,Mono,0.036401341063482945,,CD14,Mono,0.2629138741233386,unknown,CD14,Mono,0.17761397799216702,,CD14,Mono,0.2783793961305938,unknown,Other,Other,0.16443659826693885,db_only
AACTCCCCACAACGTT-1,NK3,NK,NK3,NK,0.06325527126662321,,NK3,NK,0.3525237095614609,unknown,NK3,NK,0.5287855643421914,,NK3,NK,0.39658917325664356,unknown,Cytotoxic CD8 T cell,T,0.09011673658206863,db_only
ACACCCTCATGTCGAT-1,CD8 Tem,T,CD4+CD8+,T,0.005121479765735701,,CD4+CD8+,T,0.126126688415658,unknown,CD4+CD8+,T,0.252253376831316,,ASC,B,0.1768030021195458,unknown,Lymphocyte,Other,0.07834534606667959,db_only
AAAGATGAGTCGATAA-1,CD8 Tem,T,CD4+CD8+,T,0.02332817331762614,,CD4+CD8+,T,0.30303438592625587,consistent,CD4+CD8+,T,0.4040458479016745,,CD4+CD8+,T,0.4040458479016745,consistent,Effector memory CD8 T cell,T,0.11173701890950934,db_only
ACATCAGCAGTATAAG-1,CD8 Tem,T,CD4+CD8+,T,0.008480263700214142,,CD4+CD8+,T,0.15477133043614585,low_confidence,CD4+CD8+,T,0.20636177391486113,,ASC,B,0.17954798418708035,unknown,Effector memory CD8 T cell,T,0.08139273089566251,db_only
CATCCACCAATCAGAA-1,CD4+CD8,T,CD4+CD8+,T,0.027273891155402734,,CD4+CD8+,T,0.5946849182301325,consistent,CD4+CD8+,T,0.5946849182301325,,CD4+CD8+,T,0.5203493034513659,consistent,Cytotoxic CD8 T cell,T,0.038532953810700314,db_only
ACGATGTAGGCTAGGT-1,CD8 Tem,T,CD4+CD8+,T,0.013485297298483362,,CD4+CD8+,T,0.32046360483973324,consistent,CD4+CD8+,T,0.4272848064529776,,CD4+CD8+,T,0.37387420564635543,consistent,Effector memory CD8 T cell,T,0.07821505640644857,db_only
AAGGCAGTCACCCGAG-1,CD4-CD8,T,CD4+CD8+,T,0.044149781594367034,,CD4+CD8+,T,0.2756254580048241,low_confidence,CD4+CD8+,T,0.36750061067309875,,CD4+CD8+,T,0.36750061067309875,consistent,Activated CD8+ T cell,T,0.03384608525616737,db_only
CACACAATCATCACCC-1,MEG,Other,CD8 CTL,T,0.09731626785509342,,CD8 CTL,T,0.16548587960722655,unknown,CD4+CD8+,T,0.33858078026797306,,CD4+CD8+,T,0.16929039013398653,unknown,Other,Other,0.07047988453002746,db_only
CCGGGATCATACGCCG-1,MEG,Other,CD4+CD8+,T,0.016066873103898642,,CD4+CD8+,T,0.37173610273874386,consistent,CD4+CD8+,T,0.4956481369849918,,CD4+CD8+,T,0.37173610273874386,consistent,Activated CD8+ T cell,T,0.05813159010536838,db_only
TATCTCAAGTTACGGG-1,cDC,DC,cDC2,DC,0.03530330918900285,,cDC2,DC,0.35397914793666735,unknown,cDC2,DC,0.5990416349697447,,cDC2,DC,0.3812083131625648,unknown,Immature B cell,B,0.07047457625693522,db_only
AGAGCGACAAGTCTAC-1,CD4 Tem,T,T-mito,T,0.006705241381947272,,T-mito,T,0.25859421344272515,unknown,T-mito,T,0.36942030491817884,,T-mito,T,0.3463315358607927,unknown,Lymphocyte,Other,0.04588179546592057,db_only
CACACTCTCTTGTTTG-2,ASC,B,ASC,B,0.00470525472794067,,ASC,B,0.39985666522300845,consistent,ASC,B,0.4887137019392326,,ASC,B,0.4072614182826938,consistent,Other,Other,0.017786728906687598,db_only
CGGAGTCTCACTATTC-1,MEG,Other,CD14,Mono,0.045480055975991494,,CD14,Mono,0.44628840617401333,consistent,CD14,Mono,0.49119462204529857,,CD14,Mono,0.43300930350600897,consistent,Other,Other,0.11863340697604335,db_only
ACAGCCGAGTGAACGC-1,CD4 Naive,T,T-mito,T,0.009923540549797128,,T-mito,T,0.20391781954702679,unknown,CD4 TCM,T,0.4460573559876314,,CD4 TCM,T,0.2230286779938157,unknown,Lymphocyte,Other,0.06321859382745378,db_only
CGGAGTCTCGGAATCT-1,NK1,NK,CD4+CD8+,T,0.03365262695947119,,CD4+CD8+,T,0.33784098426747944,consistent,CD4+CD8+,T,0.45045464568997257,,CD4+CD8+,T,0.394147814978726,consistent,Cytotoxic CD8 T cell,T,0.09040325018426426,db_only
CGCGTTTAGAGCTGGT-1,cDC,DC,cDC2,DC,0.033202176185289645,,cDC2,DC,0.3074234817740733,unknown,cDC2,DC,0.4830940427878295,,cDC2,DC,0.3074234817740733,unknown,Other,Other,0.09751988865458758,db_only
AACTCTTGTCGTCTTC-1,CD14,Mono,CD14,Mono,0.023695020822170364,,CD14,Mono,0.37684643702889054,consistent,CD14,Mono,0.5285877564172131,,CD14,Mono,0.4040717030206731,consistent,Other,Other,0.17850993996803885,db_only
AGAGTGGAGCCAGAAC-1,CD8 Naive,T,CD8 Naive,T,0.05221692699295595,,CD4+CD8+,T,0.18402884726815216,unknown,CD4+CD8+,T,0.36527039171146897,,CD4 Tem,T,0.24956824243696651,unknown,Lymphocyte,Other,0.053564109819208214,db_only
AAGGCAGGTAATCGTC-1,NK3,NK,NK3,NK,0.09400102829535636,,NK3,NK,0.34131885867908607,unknown,NK3,NK,0.5119782880186291,,NK3,NK,0.38398371601397185,unknown,Activated CD8+ T cell,T,0.03207182465519803,db_only
CGCCAAGAGGGCTCTC-1,RBC,Other,CD4 Tcm,T,0.09787594725315121,,CD4 Tcm,T,0.1460283982504563,unknown,CD4 Tcm,T,0.2920567965009126,,CD4 Tcm,T,0.1460283982504563,unknown,Other,Other,0.6351375894806879,db_only
AAACGGGTCGGTCCGA-1,NK3,NK,CD4+CD8+,T,0.024537442515834187,,CD4+CD8+,T,0.31370310912458066,consistent,CD4+CD8+,T,0.3572522796024002,,CD4+CD8+,T,0.3585178389995207,consistent,Other,Other,0.027202483445135286,db_only
GCTCTGTAGAGCTTCT-1,pDC,DC,pDC,DC,0.004636184768931822,,pDC,DC,0.39948146951119023,unknown,pDC,DC,0.43579796673948024,,pDC,DC,0.3763709712750057,unknown,Cytotoxic CD8 T cell,T,0.08044917075348162,db_only
GATCAGTAGGCTCTTA-2,ASC,B,ASC,B,0.005393021494626741,,ASC,B,0.3193138398636158,unknown,ASC,B,0.46832696513330313,,ASC,B,0.39027247094441925,unknown,Other,Other,0.024434542884433794,db_only
AAGACCTGTCCGCTGA-1,CD4 Naive,T,CD4 Treg,T,0.029000537023555945,,CD4 Treg,T,0.27210399986861,unknown,CD4 Treg,T,0.54420799973722,,CD4 Treg,T,0.408155999802915,unknown,Lymphocyte,Other,0.06335590558509993,db_only
AAGACCTGTATAGGTA-1,CD4-CD8,T,CD4+CD8+,T,0.025770956947485078,,CD4+CD8+,T,0.22303194111105862,low_confidence,CD4+CD8+,T,0.2973759214814115,,CD4+CD8+,T,0.22303194111105862,low_confidence,Activated CD8+ T cell,T,0.045871138010521735,db_only
ACGCCAGCATGGTTGT-1,CD4 Tem,T,T-mito,T,0.007702224439804954,,T-mito,T,0.19474777564802762,unknown,T-mito,T,0.3204466702419975,,T-mito,T,0.2637209461900374,unknown,Lymphocyte,Other,0.085720212730371,db_only
AAGGTTCTCCCAGGTG-1,CD14,Mono,CD14,Mono,0.02531821245637584,,CD14,Mono,0.245819019923724,low_confidence,CD14,Mono,0.415328029471994,,Intermed,Other,0.24259582487100262,unknown,Other,Other,0.1985590920791057,db_only
AGCTCTCTCAGTTCGA-1,CD8 Naive,T,CD4 Naive,T,0.06125046018419934,,CD4 Tem,T,0.2660714883496668,unknown,CD4 Naive,T,0.5062523783811335,,CD4+CD8+,T,0.26504665345281275,unknown,Lymphocyte,Other,0.04806939684201403,db_only
AACTCAGGTACGAAAT-1,CD4-CD8,T,CD4+CD8+,T,0.02074969555757123,,CD4+CD8+,T,0.5232440199544003,consistent,CD4+CD8+,T,0.5979931656621718,,CD4+CD8+,T,0.5232440199544003,consistent,Other,Other,0.028559323106111135,db_only
