,ABC,ASC,CD14,CD16,CD4 Naive,CD4 Tcm,CD4 Tem,CD4 Tex,CD4 Treg,CD4+CD8+,CD4-CD8-,CD8 CTL,CD8 Naive,CD8 Tem,CD8 Tex,Intermed,Memory,NK1,NK2,NK3,Naive,T-mito,cDC1,cDC2,pDC
AAAGATGAGTCTCCTC-1,0.09756983102767346,0.22786747848876554,0.05475221953384766,0.12908241745964702,0.13146025997626437,0.09204274770595505,0.1615643187769694,0.2281500701931756,0.14902460929168862,0.6122063340052151,0.21515482348943774,0.20496846806971503,0.19134176550629736,0.20373102503062113,0.18902578396422193,0.0934926784069918,0.1398117024305452,0.21645830395277182,0.25843997592800433,0.2721429824037261,0.013641640979717276,-0.27369137855121956,0.2393426564628489,0.15824313597089784,0.0975461311696675
AGGGAGTCACCCAGTG-1,0.2704073834763178,0.20586963611027642,0.09308488091788483,0.14989252948195664,0.11737839980702844,0.057952218529396235,0.08008113949068617,0.0321380054945475,0.14390752349570526,0.22979883728813294,0.023046235113083374,0.012148736466670097,0.02220146709719122,-0.012010321569945645,-0.0007773952974815065,0.16514637266497562,0.5994034974025042,0.056979196157730894,0.02557075312540246,0.03847459641270063,0.22367746842152686,0.32265087734604336,0.19496875976545694,0.2755199847099482,0.24292671737289354
ACACCCTCACGAAGCA-1,0.48172896869607423,0.1767652617272316,0.07028873212583908,0.1355472177654038,0.0650906483801405,0.009289219165005719,0.05561881977495824,0.01803848390475953,0.0861870287336336,0.15791603960191,-0.004698761232867614,0.0014257324215663056,0.05266191776213203,0.01059002625948616,-0.013088686762442963,0.11945459153040829,0.42527287795373214,0.03033677241473735,0.023000528458522115,0.03169059463795968,0.5795629462393775,0.23006268315787604,0.24915914025633323,0.1925543453343686,0.1758975585891476
AACCGCGAGTGACATA-1,0.023104200101278803,0.14418271688242865,0.03597791933115132,0.09052197436660618,0.09037854113984993,0.08476804796351343,0.12377236399451484,0.28296191987680586,0.12918922956275855,0.3535491376642354,0.25419475108891354,0.25615798246828714,0.24694101737870744,0.2774431035059001,0.24053886955051917,0.06965629955419043,0.048252157375917454,0.2484614074914106,0.31695332789552877,0.5180040275194523,0.009561642849808634,0.11085036926750894,0.15025289214540422,0.08653765985112691,0.12794626096498504
AGGTCCGGTGCAGGTA-1,0.02915223681880807,0.22996705364849268,0.05084595402400696,0.11530229938753102,0.09918627604875996,0.01712345258933732,0.08279036562618466,0.20141891770081485,0.06755383173834423,0.19090473168862962,0.20878091800347334,0.21841151277852364,0.15482412235607887,0.19892457676816025,0.1611841948783091,0.11302855064778386,0.08107284130100038,0.23976127996947044,0.2750777683568939,0.29660074385701013,0.0036086184611130345,0.14324539435621167,0.23993302227967575,0.188485827181746,0.1442810516658304
ATGGGAGCACCTCGTT-1,0.15936234101075988,0.28473052932520937,0.314573745916278,0.35697152355949247,0.047589485231065105,0.01508943619754938,0.026919011411181203,0.03983217305367029,0.019730396287871477,0.19393776815145874,0.02154682348857615,0.016575725573596156,0.014704360745478448,0.0034851902932588694,-0.0035027891739929165,0.36972790794820676,0.1394172621041066,0.05763645126400749,0.059112882668230296,0.06042042689771729,0.05385499848973468,0.3284645454282451,-0.0991567082345109,0.5656417960564167,0.2767677848425374
AGCGTCGGTAAAGTCA-1,0.005131460750701642,0.1487124687123554,0.03221793832832018,0.09202543126370402,0.16347139335256458,0.16309585417601993,0.17061809998135527,0.3403898794543761,0.14230700338042268,0.31701539211836416,0.3581481881452929,0.3230411990853369,0.2497895957915785,0.3346837884335339,0.2899872577523831,0.0653369848079583,0.061661234978281826,0.2653059626923451,0.38748229715042176,0.29032750868077434,0.014803334466542814,0.313568578458554,0.1269626990472414,0.09809388814201507,0.07401909990548138
ACGCAGCGTGGCTCCA-1,0.47380740907588176,0.14535440323326565,0.044786857133045616,0.11698823730799071,0.09627369794711951,0.04954330373972702,0.0760840983029842,0.0563263455415677,0.11853460287192633,0.19811354987011962,0.03501616273072916,0.011345812634356245,0.033765897809328996,0.03078405200149472,0.031938759623886835,0.08919609410620429,0.4740944137976799,0.04780891721859124,0.02209642584171541,0.03974653422814466,0.537622355070204,0.26356626454957444,0.17520981338677133,0.17561148329668425,0.19924470529865043
AAAGATGGTCTCCATC-2,0.15582836443068468,0.5016623635515863,0.10457856438800395,0.16972945774493237,0.04420336178074753,0.008549205486361584,0.023527370053836094,0.01940341205636308,0.0841406735066391,0.21674234043879706,0.004723065621778793,0.000172223824774751,0.008007968201700294,0.002217907303440287,0.003453604460792957,0.15789809537333813,0.19645913532176654,0.033404778142123615,0.027353622159028947,0.03558471857752081,0.08643042098987257,0.3500619794616561,0.340329796969158,0.2483412125783215,0.22517391330358763
AGAGCGAAGGTAGCTG-1,0.07159330636550923,0.2021636923099695,0.07997457608210067,0.1583053558653027,0.13389812115289668,0.10397481717401766,0.14126664963272428,0.24237209324293682,0.14508688335593592,0.3028807186432529,0.24978535861450477,0.2474034280607888,0.2059281843686581,0.2406518002128316,0.21061350284690683,0.13235511316975135,0.11709735364236576,0.4231240096802792,0.4139648574480384,0.2876171856364709,0.048671967308368494,0.34765495579376793,0.24736482624311185,0.20164703220818767,0.14410646704474192
TATCTCATCTGAGTGT-1,0.13868140441128765,0.2622872782071423,0.3822842536935229,0.4317480613454911,0.03280432804417492,0.044435297172994596,0.044076476205152114,0.04518473711537903,0.039154390696857916,0.20846578366549012,0.020251171552814792,0.02531710397232837,0.03926312253370244,0.02732074384390006,0.004819067071955803,0.4480195363806641,0.1529907436954831,0.09152979604234303,0.06463834125223408,0.09074408330517769,0.060457081068385675,0.3102599406116756,0.4232634742600232,0.5121923943899831,0.2317414085026281
CCGTGGACACGAGAGT-2,0.14170413742374952,0.31794781203098144,0.15098690901185416,0.1691596220889082,0.1436345763721367,0.09018834944651218,0.1326790169010632,0.1420082416236267,0.12312314978077193,0.2888342352067573,0.12460659081717158,0.11546696408112693,0.15018638054511663,0.14243015175511534,0.12674701596609111,0.17265799206368856,0.16800665678929175,0.10724012692563112,0.10712156138862268,0.1286972317051238,0.06900783939363815,0.10809111774709589,0.04041125730224853,0.29136208116213547,0.586372145281184
GCAGTTACAAGGTTCT-1,0.1505382010397477,0.2735359769157228,0.36292662814172777,0.40591167717605176,0.004812572902518865,0.013250782423536783,0.03162678639898576,0.03489927113555803,0.026862568650231313,0.16080346417589209,-0.003562368618658552,0.014355105125592547,-0.0037665249487425175,0.009854231664370775,-0.005762930149190408,0.42503797040740726,0.13993851043585334,0.06623432542937271,0.04680550679921302,0.054612230576770227,0.04799664504743683,0.2712744002499285,0.44877276043126246,0.502138306031343,0.24382659753082406
AGTGTCATCCAGTATG-1,0.0633381852439873,0.2544027890677829,0.07247872428617215,0.1404904569959029,0.21965138359432299,0.12664581263477473,0.19037538713147556,0.23603317852077768,0.1938680675500311,0.3663661606870571,0.1983663088880844,0.20701437095583958,0.22098517801776357,0.20649131222454156,0.19328927737114643,0.13101199218042467,0.1409129545429403,0.14193955409951936,0.1466283844103664,0.1870860344799152,0.014155782527901426,0.0411914557825773,0.27010935187513674,0.1977253415022566,0.14125469367338125
AACACGTCACCGCTAG-1,0.32287769358288454,0.2348244361954077,0.07468306826378059,0.12243255984941498,0.08020851060124398,0.04730197831214779,0.026395208874169632,-0.0034135548065990914,0.10030952259789891,0.11508635444061457,-0.0045174584037796384,-0.020981969676873248,0.012373577304184459,-0.011132126492067821,-0.010636781324451743,0.09889786716828147,0.10173976552503863,0.013596992287018623,0.005029462197721533,0.016331403155351996,0.21896817837901614,0.20323909967300802,0.2669980780570035,0.19075678066786433,0.17945709503933513
AACTCCCTCCGCAAGC-1,0.01659665943093127,0.1683176692335367,0.04558700056602495,0.10066018014233112,0.16343885149102788,0.12537547254616355,0.16122508970267527,0.161067730739655,0.13670043122847825,0.2222178042934723,0.14093852936778495,0.13751226062863414,0.16261581503238612,0.14511104697978858,0.12970772714700607,0.08539633984772153,0.07714338651206351,0.049962309994540814,0.06990779106999961,0.1111919067246769,0.012311574334378477,0.29082551162767967,0.1810608319301924,0.11960548706014155,0.0669917240313712
AAACCTGCACGGTTTA-1,0.4645506988754556,0.23275615363036364,0.07175017819672985,0.1142895138478531,0.06747615297671146,0.010281619971904833,0.03177521051366938,-0.0015873291103968494,0.048249491261059964,0.10149971012066437,-0.013252311594387505,-0.008325114537895879,0.003610698909428885,0.001498479486658332,-0.009906805119316074,0.09746582160170969,0.4611168837528031,0.025567928475023653,0.007361785924800837,0.020218712460907007,0.5210127415405807,0.21139107052882336,0.09653727531999534,0.20289764879880026,0.20318825983835173
ACGCCAGAGCTGCAAG-1,0.052256320333103894,0.14837345162261031,0.05665437001757785,0.12638513027404413,0.14144468133896423,0.13282594536452788,0.1610191874307858,0.23750429054743022,0.12831083875009847,0.4289387475476952,0.2888378892534715,0.2896482792178326,0.20695073970109015,0.2820447191320346,0.26387044482056177,0.1155635329111277,0.07530878477817052,0.4856121393958451,0.3056319797465621,0.3130859345911146,0.035000495691595586,0.1672153077420749,0.18612434175723827,0.14659322555325263,0.1012829549509049
ACGCAGCGTTCCCTTG-1,0.02433925451399419,0.15579378033996516,0.012812023197908286,0.034108352714063164,0.2127494065820395,0.16720281107298635,0.6229390200412409,0.11952077420129928,0.1817938528215233,0.20907658360021264,0.09115217939254004,0.09590479544931187,0.1833435548331425,0.11638795449980222,0.11876393042975801,0.03472768284524395,0.07045915604520386,0.0714963815480656,0.04131659214156966,0.06274673574217757,0.03717286762272691,0.2488239703668702,0.17718822174184767,0.11913723988198933,0.06253397620927796
AACTGGTTCAGTTAGC-1,0.06520793945899454,0.184705405167215,0.02946579993157661,0.1242328159771271,0.08051982180578433,0.0193471328971917,0.06426668587245567,0.20879310610690652,0.10072690700204483,0.4406797710014913,0.20509259183332215,0.18304012240340622,0.11575620644689136,0.188259229839876,0.14031833662998797,0.09653876564986191,0.06428615205291399,0.2778646681144819,0.5439727306074121,0.4087589954755291,0.0038476207018405153,0.33054285068027284,0.23633042923048184,0.17286446402024505,0.12269408695868314
CACCACTAGCTATGCT-1,0.09489145116818903,0.22935391914660436,0.03733586921150988,0.11292637741020325,0.24218731775053767,0.15023157668359113,0.2155779363017495,0.2528106518512357,0.2009716402777586,0.4751360485391653,0.20230789384788578,0.23733961828633082,0.26714342159452453,0.26613118678370495,0.25535187287717226,0.10306674900316147,0.15794888409807076,0.16488701665887692,0.1864573908283254,0.22266822040278353,0.03991004530107441,-0.10909897786483448,0.2408397167129676,0.1557786174645719,0.10163534839525709
ACGCCAGGTGCACTTA-1,0.08129430799081264,0.23173807259263016,0.06316905793904502,0.14291308665356944,0.18450627491969665,0.12107857357099351,0.1850896839105844,0.25895068809818883,0.18075975182276563,0.5424688703633882,0.24520669115457758,0.23940972010741535,0.2051157187246924,0.2362925814183482,0.2250302730595043,0.12104442512050326,0.1489189482063503,0.21404714831084604,0.25501070997022307,0.2805412320158473,0.017805557405121405,-0.1558492674616138,0.22418676081379507,0.15679321692100007,0.12158997556481184
ACTTACTTCGTCCAGG-1,0.04958204394601916,0.20542935000868007,0.04273399824769754,0.10258207739399686,0.16832172967543718,0.1216476582969665,0.16604378897768884,0.265052108096608,0.1316863443219127,0.5805271885218037,0.22791005060533828,0.26937425041466706,0.2524170374557064,0.26892899761270433,0.24389508843567204,0.0933122401796151,0.11994855800475891,0.1619782332831216,0.2088006836083019,0.23436547577031627,0.017515169845784297,-0.18657745279562793,0.19379376350392097,0.1214739345892817,0.08442301528060821
ACCAGTATCTGTTTGT-1,0.08625910498741415,0.2519982921407141,0.04962571838472982,0.16218148181121145,0.12340170548916626,0.06926165289839752,0.130216338103711,0.22853625901126845,0.13657605060139374,0.5533952333924067,0.20706481441172708,0.22372794575054178,0.18428646209913868,0.20658246999255372,0.18152527275483304,0.12833127479574724,0.14624796086260233,0.2600302894356989,0.29830670802792764,0.31320409992327725,0.013980149106621693,-0.18382777444471546,0.2675713860261035,0.20929567697880985,0.12203111195644055
ACCAGTAAGCTGCGAA-1,0.15623638764428557,0.25469372575989974,0.39022176450715373,0.38768515549509264,0.07119345312639278,0.05773582453536712,0.06798990912450574,0.060245302353243,0.06306082919730432,0.17048756804611792,0.027452132116701892,0.025365865656014917,0.023551656313299082,0.027454566278444368,0.012548408762192034,0.4014124548905503,0.13578682629806357,0.064303481869012,0.06583960486285545,0.07306805414817,0.05805023005618244,0.313048380721042,0.3896549773407954,0.47057766074546525,0.2586879966087563
ACACCCTTCCAGTATG-1,0.03931497172305938,0.20593526059985662,0.05599230785886463,0.16224601977469677,0.13251185914865768,0.12335453874122469,0.18655919587112185,0.2663948421435931,0.16992540793786906,0.31428512050824914,0.19223153695537587,0.2413276758463966,0.20255386452932084,0.23447133818755317,0.22637703936923487,0.13224824799450235,0.08349060912744102,0.16024685268453756,0.20333802709078974,0.2606907903735925,0.02382831288676004,0.042848910040916,0.20362520682519838,0.16082491199437107,0.07891279665515709
AGAGTGGCATCCTAGA-1,0.08819965618552757,0.17339903601177883,0.07112661816139201,0.12590005121554804,0.14458245446172602,0.17507771581490522,0.23663567403856853,0.24463915147294185,0.1809416978200599,0.38836837495502635,0.29017450696107877,0.23557523966064883,0.2066696328869327,0.24249237262682444,0.24827031204776595,0.12590283434765986,0.16758271488110463,0.21827438875654678,0.19342647806005017,0.2128762824324714,0.026089307064045573,0.028903588162842924,0.23561251176664555,0.1804069094224379,0.12412396179938914
ATCACGAGTCTCACCT-1,0.21087928908623954,0.20636567504093237,0.4379970704091636,0.5622187346758639,0.010971041570573116,0.025898095110552775,0.058620338425499234,0.05549489697583251,0.0489714420731564,0.1392395237536536,0.004282029423905029,0.0351957300634816,0.043954298607693496,0.029899877161049217,0.030120843771226497,0.4937864086497868,0.14922234342499568,0.06698104364017671,0.07824866262113048,0.07368368862266812,0.06590131870977642,0.21340592318773072,0.36560737246364317,0.44700460622296506,0.2091737708418569
AACCGCGTCAGCTCTC-1,0.1996142786317041,0.26827493955375276,0.567184651883144,0.3086316288371557,0.06715716257264562,0.04634648017657986,0.059873178595165444,0.046157704794476825,0.05196232239202053,0.17203871038662324,0.03320527151703864,0.03424567241564037,0.0330750446061715,0.03035389408499605,0.030694138855128294,0.44549190809629463,0.14559079032066066,0.08795134772968233,0.06552586004356753,0.0767929642837661,0.04519001373358403,0.2616527598741959,0.4733789779203582,0.4092025906737737,0.2901286705178134
AATCCAGTCCTTGACC-1,0.15538271210825136,0.26949653783940564,0.400167493892555,0.39294815529691796,0.07450935551467518,0.05055819711759135,0.06119235341436937,0.03922817945916114,0.04514218241032098,0.15500127253188095,0.03665261933002288,0.01311095561085519,0.030674871131210226,0.026892428492228514,0.01950492421917382,0.4117397595637318,0.13368713417604186,0.08161473832546358,0.053802874747735034,0.07704515426490005,0.06918472569746756,0.2877893737000449,0.4084648661853679,0.46733908131647894,0.24020252965212033
TTAGTTCAGACATAAC-1,-0.006357535171334481,0.040960137525496695,0.03366546143306287,0.04784040579067495,0.02877919513363702,0.03700268118978635,0.05361940374442244,-0.004070422660570098,-0.0034191976821943224,0.014643228401643962,0.04461489673941869,-0.0035927810557638148,0.051647683279949765,0.04911424975337815,0.04979499665961576,0.04118054848619309,0.09309044554121264,-0.004266070734675466,-0.004169355332309348,0.038824557567446745,0.07760919864696851,0.02823311143086053,0.0289005710007985,0.08454969536726699,0.01747905742407476
CGAGCACCATAGACTC-1,0.15588022792953907,0.25955456375940794,0.316926807520941,0.5100248167586622,0.037073117515383336,0.016289038697975815,0.029375912784099206,0.045165249101195494,0.04402090793965561,0.21640469794487457,0.024792323157194956,0.029054410437853773,0.02740760572437607,0.0323932980691632,0.024235272830053212,0.44840018057361114,0.1403108464347947,0.06870149754431147,0.08101279345902948,0.10764453348740563,0.03420773970998103,0.29876430306265445,0.4260060244501274,0.4190197896680957,0.21767823309704798
AACTCAGGTCGCGTGT-1,-0.009557498429224162,0.02796651679756261,0.0999575010937171,0.05488468316282475,0.02932393197154628,0.05736028510511184,0.03071187835748269,0.21071788797805305,-0.005414359841409842,0.06150937889049885,0.20455018079417672,0.1805827700051305,0.19867596633297743,0.12196956510187741,0.1221246233965268,0.06584936165678551,0.019572737376653142,0.0453614922441485,0.2153414797520711,0.20668100660525596,0.039123259397906396,0.03415820731147334,0.05296672195341784,0.06331364438904286,0.02260082597964583
AAAGATGGTGATAAAC-1,0.05139364566898764,0.18946908347728983,0.05633601392001168,0.13393144908477064,0.15720244840477002,0.13419194870270587,0.18711487825208242,0.29972431923053766,0.143960400033466,0.42246295266886547,0.19886770675976062,0.26018097302883164,0.2923367793018703,0.28835720478602933,0.2467424489937767,0.12753985374477533,0.08162949056630746,0.20935425083075096,0.15821205515322756,0.24151804235418065,-0.008237804999136514,-0.015572575882276878,0.18425774008283088,0.1563319340196533,0.06938455509571038
CTGAAGTTCCTAGAAC-1,0.15633980590669763,0.48113106842756126,0.08780632752887303,0.154217590920972,0.048325236816870676,0.006496626608629108,0.04977976513766292,0.03460730001312738,0.08696915137888298,0.22209636870274563,0.024737485255701245,0.01780482075928059,0.016925913458445283,0.005789116028484145,0.006123139878606345,0.14674949941918664,0.18333262341954132,0.033399903655123554,0.016888481432797833,0.049416910761756534,0.0834701620302788,0.3631324035374035,0.33511129901288034,0.24284325373107427,0.21134778138700358
AACCGCGAGTAGGCCA-1,0.0065169024666357775,0.16272453758365205,0.01585350505207886,0.07927289270497528,0.14192298305831358,0.13227995042242147,0.18610221145166142,0.2883327798126101,0.15532613535504744,0.39575679722776036,0.19759279530563598,0.24742635599809817,0.21784245714635803,0.2289030349491375,0.20916117952745325,0.08836339467961492,0.1181653227472559,0.11792017892258305,0.18968045399874384,0.19369973385876493,0.0032934942369107698,-0.1366456399824102,0.17706178196462105,0.11867441145620196,0.07616996180075478
ATAACGCGTACCGTAT-1,0.15757963175861087,0.27583354924247155,0.3836513289102452,0.565700292359753,0.024968553501972086,0.0299374715961016,0.07165685962945971,0.02643596255636169,0.05863959602704611,0.19899861163725144,0.006146370857364668,0.01748640939805216,0.0076060555873128976,0.01302409947284483,0.004819168528565758,0.49766434866896764,0.16013781124235874,0.048629502574543314,0.05031151481680212,0.07313432447449378,0.07348529384600233,0.32992293332419254,0.43547231515570056,0.47871622827261634,0.21087519441575586
AACTCAGTCCTTTCGG-1,0.04620724328896778,0.1832439636479522,0.01913777852263545,0.11414547549855136,0.09206168912340935,0.07767909901444045,0.10449057994677756,0.22660806759752838,0.0990012624643994,0.3522057655514061,0.20520309780217103,0.24296372472481995,0.20523568703097986,0.22646797652720688,0.1887392727791157,0.08988126931757709,0.06718779172466799,0.21544908522885442,0.26792438872084245,0.30174212998567207,0.0014321467625586256,0.29000795814906566,0.17295290320271664,0.13725650459560765,0.060537047360788306
ATAACGCAGGTTCCTA-1,0.0430312613708174,0.1542111191093487,0.02266019786897554,0.08794501595593057,0.15023687903341046,0.09680698571023519,0.15427092189321878,0.22293827049820053,0.154782368588184,0.4563659259930433,0.20952543908575627,0.18642684390847297,0.1901346404887111,0.18949393162892772,0.19130424421412204,0.07347955537645617,0.09131064915024081,0.18210781519991887,0.17340174924526922,0.1987277122744578,0.01757780189473343,-0.22727279479612666,0.1712561589813743,0.11630375882795244,0.11124587975775699
ACTTACTGTTCAACCA-1,0.19442066401018468,0.2281501167091599,0.0654548832601413,0.09459958317475022,0.10382931456123291,0.02764312481143455,0.035815375081444674,0.012668110210541428,0.07716562700564333,0.1277037647646958,0.013206041683031773,-0.013025250041226743,-0.0023286886741596563,-0.01517806017456355,-0.014659529099243063,0.09619916907309488,0.2842145934489336,0.0006416669573305259,-0.007831819099981157,-0.0044769746426645005,0.5732691799724751,0.2353422278994547,0.22338742681304638,0.2001358788443042,0.17759556587048808
ACCTTTACATCACGAT-1,0.057754563554176526,0.15817556958428686,0.04736600564699541,0.10691971782103991,0.07730508557447122,0.07522142137943703,0.08213711928736224,0.2204788769232619,0.10651643183930244,0.32516660484617094,0.18133936391206976,0.24661995063975048,0.19041791986907447,0.2195623589729132,0.20181895554637058,0.08334841923361853,0.07764865321120507,0.17963678230910649,0.2455082384590331,0.25635862512216956,0.0004652932869994318,0.27171444547464424,0.18046202517232057,0.11454156870527114,0.09091555793112249
CCAATCCGTGAGGCTA-2,0.1470238424972197,0.4736241911307827,0.08489254095042986,0.14965327786995042,0.0667714290050487,0.0006529360934156157,0.018930715734324904,0.040618672420875086,0.08425786162192377,0.20237348413699868,0.009780098526718838,0.0009769291421364882,0.0179590831658534,-0.0024109750111149623,0.014891103275728929,0.14076187850351932,0.16470111412499877,0.0067576487364746935,0.02320514011666124,0.02872711356247127,0.09345819893758982,0.3380132476977116,0.305941133381541,0.21395969954226265,0.22948424901782144
CGCTATCTCACGCATA-1,0.20695325103931772,0.2252477650519937,0.20118345194244974,0.004983278197088645,0.21831625888258238,0.2672323913853977,0.18847778113388386,-0.005762214081718973,0.19990361084554711,0.21344975270684657,0.20346249127206453,-0.0050860501030022915,0.1950118145812712,0.1996781440252126,0.19592751042177867,0.19857760464425162,0.21487021896331168,-0.007477134172450397,-0.007307621268185579,0.21315213767532182,0.24322988063758288,-0.0008566945566155482,0.19455431866418302,0.20076255403772852,-0.01329532553248527
TGGCGCAGTCCTCCAT-1,0.15440816657696538,0.2527156988623356,0.1709209327654603,0.1761078186555586,0.04676048012330006,0.031307619088458985,0.030007610286529228,0.0293270475432052,0.03332990375333282,0.12525298289971779,0.01999970096930071,0.013393706358247843,0.0003455253538385483,0.00897800605683862,-0.007580368878309547,0.18831919293219204,0.16603818308473606,0.04837199050213069,0.06893442060016869,0.061856417961013065,0.0777486668042242,0.2341953403697785,0.3199230675379617,0.2852883024586876,0.41964776971367146
AAGTCTGAGCTGAACG-1,0.05679308738086041,0.22212563481920244,0.044456619319380865,0.09484397236164736,0.23042609364670744,0.1383974762716765,0.22086378806701631,0.1335548737280269,0.2071539807711285,0.2827801452844368,0.0977438355465042,0.09131421494967294,0.17459831324672323,0.11126184214590111,0.11219326643539236,0.07626626009498151,0.1411052684852924,0.09058661494646862,0.0680481165497192,0.07836504093798512,0.06882065311762785,0.33486983231575124,0.22075719169921149,0.13648366678896712,0.08003802404973724
ACTTGTTGTTGCGTTA-1,0.014991072483631917,0.1376005978516902,0.012757251885403357,0.039097849314065264,0.21194651469704148,0.20209486098068807,0.22099253258587118,0.13475761489737134,0.19844941023919618,0.0307830679688815,0.1330926074837052,0.07565153738364501,0.14275530701122593,0.12067415953217923,0.11065330516171883,0.039738049848276176,0.0746266018988621,0.05387447576753486,0.06668076243640911,0.08660447152826302,0.036769414156315086,0.17580996814010347,0.14359721294259917,0.07435927993603256,0.03350605047646443
CCACTACAGTAAGTAC-1,0.04224341763096047,0.19772612846524407,0.07276337756725944,0.10290338445874544,0.2471132064130371,0.16266027486880386,0.24336649422631662,0.2689327121337629,0.23231917583890727,0.4221402322063912,0.24510801181336125,0.2711567121675966,0.26252613673940284,0.26232564247471574,0.232554400279305,0.08524628816467439,0.10300578847398,0.19165149149726038,0.2553301056966559,0.2834186820160985,0.0202547471038677,-0.015978688421703573,0.18456313532521199,0.15951685293555198,0.10864934643513942
AAAGCAAGTAAGTTCC-1,0.0009046076194951284,0.15888399526482463,0.009231015878041685,0.024686339857093106,0.5499852734538512,0.17131221540936623,0.19714775905738705,0.09823812812125067,0.21943102430190664,0.31708069106347814,0.10923019521964407,0.10101743072635204,0.1444249137805744,0.09310283910324632,0.10982402866238515,0.025437995863043912,0.10452034744853321,0.06645704949188759,0.03529516894023939,0.06814401068258072,0.01249601390442125,0.29906055042520446,0.1635706605744825,0.08510579415525883,0.06710328600928053
AGAGCTTAGCCAGAAC-1,0.05673631087727536,0.22290357673032904,0.06968645392052111,0.11509675172432604,0.1632570938326515,0.12081947389486863,0.1623135238428498,0.14444101389128314,0.1381758422657034,0.27264871014423664,0.09113504335714588,0.11147981870164878,0.12885687952481562,0.11042936055463007,0.10555993850681326,0.11335051441386465,0.10450104445574288,0.1009370996830622,0.08583760513442179,0.11814085140340302,0.008557775883979699,0.3352063063153192,0.25521762818486243,0.170363895681903,0.12544834622646248
AACTCTTGTGCCTGGT-1,0.04067868375952579,0.20198189471319994,0.025336846903962422,0.06806978727860301,0.2188385544282452,0.13958031589570405,0.13773109360220726,0.13787198001736536,0.1883879441935323,0.06953194999599868,0.10750761225106893,0.07573038483298143,0.14898852425273226,0.09885560199509004,0.09079902958491674,0.04713658834417283,0.10106812472387096,0.04490570779065002,0.06348645270823412,0.07750460155375853,0.02599042975334018,0.1099424983689577,0.18201755181238863,0.13403577384259407,0.06934650257066696
AATCCAGAGAGATGAG-1,0.0383902532916681,0.1879175601185991,0.04309719646067517,0.08470593994208574,0.2449629358738232,0.1491701643956847,0.23154942339972817,0.13115577514547117,0.20668255534298055,0.20729996915400284,0.08418394362704744,0.09281228535976603,0.150204284606656,0.11362394045356627,0.1060043138424679,0.07355608576962669,0.12408054592662342,0.07816139117297766,0.03777993388127738,0.06860143720196363,0.036315708908947,0.3007655948563363,0.16750831634031846,0.1386949849970531,0.08121873992006025
AACTCAGGTTCCGTCT-1,0.0639578774372941,0.17709889980439716,0.03828956152902389,0.16055641262202738,0.10335690608569528,0.06213316950552293,0.06556164119858854,0.168209756727778,0.12427758163722845,0.4845455529850099,0.18543773468704305,0.17804822285856656,0.17047138328754916,0.1848713006240356,0.1757060490351511,0.11341617100951842,0.08429821545137288,0.19843064767286722,0.2615632012679748,0.2791998394080676,0.022229867073368985,-0.09235631986356381,0.19203197984710535,0.17675914408350765,0.0901240248066489
TCTCATATCCTCTAGC-1,0.1355769047195347,0.48590255882220024,0.06609152354449332,0.12033107850515766,0.04568599965609523,0.0011360941386197002,0.056707286671398634,0.04355521586576371,0.08748499136395382,0.21413826004785844,0.017299678089805492,0.019652264316887377,0.027939132104131792,0.006332525217560133,0.01597864512954369,0.11234159773674916,0.17297439998540615,0.0448783782596428,0.01560466363466902,0.05705702602089993,0.07368048428440313,0.317288306288089,0.3136793150113135,0.19270898197852518,0.19934337456146378
ATGAGGGAGTCTCGGC-1,0.20167451737694655,0.26900775284784845,0.03802985286701615,0.12085197065939453,0.16302553967121083,0.11455139502995262,0.12371168539485626,0.16108111145331075,0.12886686140665116,0.30697529197130174,0.17694414951490195,0.1365222102867648,0.12868451837340572,0.12178355771685044,0.11573026769949636,0.12185016650274698,0.2227328129809477,0.1207970427326784,0.14045177708069026,0.16907631406953072,0.16056721442404281,-0.10610639810941858,0.2851354202271688,0.18533195805284966,0.16983513060676828
ACTGCTCGTCCAGTAT-1,0.08222911343773116,0.15959349502119116,0.06131466955781751,0.09365379811370156,0.16666325066910112,0.17228111601631677,0.20972765125949325,0.1567060661495744,0.19292988791943008,0.26880001260630787,0.14344425427375157,0.12284987186078172,0.21615452501700133,0.1462703033313981,0.13958491636177472,0.09335830886140975,0.12185360941344735,0.08902627391122006,0.0714613576145282,0.12109702496289988,0.03975757341852839,-0.014437462154129459,0.18818859609112037,0.15677308662277387,0.0684405362988087
AAATGCCAGAGTTGGC-1,0.0582681342650885,0.19611701706341045,0.03608321680199341,0.11631324074704638,0.09632468974779512,0.08082233807905949,0.099804911862364,0.1794149285119942,0.1145170989547674,0.3443626745547915,0.1781932162136907,0.20934547718826016,0.18285550245891039,0.20552752709262523,0.16747531397408852,0.09093942955370551,0.07932951941045065,0.19452299352375266,0.24503143475851494,0.27478866179573375,-0.007849064811264586,0.2913750770012899,0.18295216738561665,0.141276272672536,0.08458480767733197
AGAGCTTGTCCCTTGT-1,0.04671130106183502,0.22060980254659524,0.025810001547371696,0.093321592687007,0.16312643278857447,0.12076363581369147,0.18151842086201814,0.22187643415187072,0.1653904933442259,0.39887054920463105,0.2479643295294591,0.2462484711134826,0.23149798637741636,0.24082205524592767,0.2338334872224794,0.096004183773264,0.1286858073501769,0.19012763609541614,0.21468230230720448,0.2666194709187778,0.02809009973641962,0.32195114846091644,0.21711457060212325,0.14239000601535687,0.06611501159012476
CCGTTCATCCTAGTGA-1,0.1530575259981494,0.2641774638162893,0.33475406742447833,0.3436709026467749,0.026061488664144872,0.026097619047126992,0.05549173236826738,0.03851563926149016,0.05806461164704401,0.1739535294794051,0.015432044755635475,0.02751684466434233,0.018525027595375238,0.022232121779305603,0.023440401946431284,0.35790279119908486,0.14079975007863926,0.0634221391514334,0.03835586826963943,0.051752699448680696,0.04825680184032892,0.2915689136509976,-0.14873943068833304,0.6249204618282999,0.23592944392191595
AGCTCCTAGCAGGTCA-1,0.03883855410456406,0.19887621038056913,0.0885334556493308,0.13176162788038165,0.15957618762989095,0.13848919374112958,0.16941913492003063,0.2663154142179677,0.17710944399253462,0.5341627587012368,0.2534867952244517,0.2825073172121573,0.23610897637709718,0.26148700445308337,0.23821046839920731,0.13802887514422751,0.10086468836598274,0.18569505897066535,0.23396608664084456,0.2569794981581771,0.015282256652366842,-0.10864091136004485,0.21642715043831845,0.1990866387044585,0.10061489091688515
AGTTGGTCAGTGACAG-1,0.03781829265374464,0.15090241369109075,0.03187150794525048,0.06705205551971175,0.2215381168195558,0.1543044028784239,0.20164011236978677,0.1568006312002134,0.19611894395520899,0.2444373257560049,0.12348507854926426,0.10948654036133668,0.2009166713500867,0.12850742171997254,0.1403237898931083,0.053289396621017456,0.10769055787486329,0.0978397846741528,0.07751851625133226,0.09976201485410068,0.029356471050176625,0.29764174242296043,0.17629628970446828,0.11960173279524096,0.08991049743972557
AGGCCACGTCTAGGTT-1,0.11053089398617455,0.3037293909968995,0.33583777875314824,0.35809344251430136,0.032763594799729005,0.016083130585699167,0.03736459571026922,0.039564284378276374,0.012272038607487214,0.19334006246598218,0.021283938334249408,0.025796600251528932,0.008111467009199064,0.029214588694088026,0.013853731248178607,0.3814324765844861,0.1388532734416349,0.0807012968178162,0.08106356692331411,0.0945434460610409,0.0538433847064358,0.33563936352637935,0.4676604388600193,0.5196892746322533,0.2838271401546804
AATCGGTGTCTCCATC-1,0.09049934903601936,0.19899446368845652,0.14028773869104136,0.18349969661363139,0.1329128381431251,0.08359687821042729,0.1294851154112741,0.24131904287803943,0.13347170069847336,0.5138833208016753,0.2147483942857697,0.20473066623809894,0.20521389390413253,0.21779416123739437,0.1809364761422745,0.16811280824383362,0.12691302310606856,0.2339287100505679,0.28935743785863005,0.306952311597146,0.08461461657842013,-0.17233785071655755,0.25022484450661375,0.243968354278802,0.1298175948302873
CCTAGCTCACGAGAGT-1,0.061367063158784554,0.24855178145788723,0.07408018503727994,0.17960661235983968,0.10988422550778514,0.06371676231884435,0.13588982743484493,0.23015354430748544,0.1477662826005529,0.5146865672614332,0.22742301613485824,0.2327813813702117,0.17423993048589323,0.23662426052869817,0.18217221675757597,0.14614030200038328,0.1146550936453527,0.2583276616355215,0.33203158697952734,0.34022955968876856,-0.016074727752391355,-0.16486531612745306,0.2843238371066139,0.22240901040758126,0.15035073332969195
TGCTACCGTTAAGACA-2,0.11100612127111463,0.3934469913544766,0.07014796687105468,0.11912259429426918,0.06374038204493952,0.017782420994951406,0.02218965601259152,0.02842666287746133,0.06288697108707095,0.17352246005243596,0.01104232516954216,-0.006241925363594573,0.027567366165543363,-0.0009748394539956425,0.008674392189336239,0.1176244141572291,0.17173960255601786,0.03967790663432576,0.0025333686366899593,0.03153107920560206,0.05680167921528886,0.26100579473210767,0.2720024354506869,0.1769825171580775,0.1810913981081142
ATTATCCGTGGCAAAC-2,0.10080582921884804,0.3171584049305943,0.26990035688097164,0.3074987055770759,0.11420519086509799,0.09413806249608676,0.1547520708757564,0.17053104204682643,0.13457343531462562,0.34108547699012204,0.1358007978551677,0.1371149738050819,0.17335967813470612,0.15290235898702834,0.1421835429534203,0.31670898365588895,0.15269372348835236,0.1277737734278952,0.11603454727682262,0.1470844467971924,0.032060470916772936,0.4543396786909982,0.39694233784927413,0.37911400555979075,0.21954380867488402
ATGAGGGGTTACGCGC-1,0.5414358100427942,0.08987354873359121,0.09423309022217657,0.16290609368796416,0.04735552280783337,0.04038795851454582,0.05937672173544629,0.03503104475697434,0.064945497785509,0.16862794552689594,0.01580049127049036,0.005204938627338527,0.004304805286080698,0.011183014726058598,-0.007376142000755924,0.16637953451470305,0.29110519917536637,0.0035707264224859106,0.0047870149396749976,0.01416478662276743,0.2300520703518222,0.28925340900714586,0.11976181710585007,0.266774668427867,0.24464529775715477
GACAGAGGTTTGGGCC-1,0.16636537356766695,0.4614828791750198,0.09873198542832211,0.15877926120314917,0.060183376619639635,0.002841134050199417,0.032413672919332615,0.03430017482527941,0.08618496187742725,0.21304084393504927,0.007667359494551141,-0.003085159926640053,0.008189597470938587,0.0036809866898472117,0.0110077592072738,0.15495967914295342,0.17789619185487227,0.016668180823839893,0.014081350796274735,0.03721735383661215,0.07624410144496871,0.34653646343147243,0.32965492991739465,0.23794196441768195,0.20108252366643672
AAGGCAGCAACGCACC-1,0.12154433687606137,0.2449973452717456,0.5565142352497618,0.500815199589622,0.04426699916240396,0.04761335141088999,0.08464055360047305,0.035306193653221914,0.07540229556737231,0.1614008918814251,0.011219966077847908,0.02284702876229372,0.009528494351278446,0.01752028148854097,0.006675059056950593,0.49621289654136963,0.1348837962057477,0.0711548644088364,0.06456469544184873,0.053182709843276936,0.05029639253887006,0.31220281123057064,0.42609283943938375,0.4894070852372473,0.23173001851760255
ACAGCCGCAGCCTATA-1,0.22625367933190862,0.1746390007801431,0.07723288059279347,0.1067423521318977,0.08420006813876907,0.03463636957746123,0.07482488746185045,0.011030913092363145,0.05158910476528828,0.10860991406581828,0.010900516485291598,0.005465493834845733,-0.008229631417788713,0.0024758405490683025,-0.009294245757948355,0.11670192927351362,0.4105673987769411,0.05129754511416626,0.0308311049157743,0.033091811033793654,0.6117566191934796,0.168921535740076,0.19332824154043565,0.15999218682904026,0.1836273920016454
CACACAAGTTCACCTC-1,0.24913225857673868,0.06549991823961393,0.11707774367089598,0.15113377439677878,0.10126652212700896,0.02592288783884643,0.057241654769507266,0.029489461841556423,0.09987363279840623,0.15262269237564507,-0.0010286710371037054,0.005950615392673085,0.03045110508250105,-0.008770477682826796,-0.019038389383824916,0.15191306311505715,0.18164571518734973,-0.0032798942893909055,-0.027110151268348003,-0.015353806612236995,0.2213410597007652,0.2790133783378939,0.10761920318499847,0.24258270379313876,0.22817482575455378
TTCTACATCCTAAGTG-2,0.15093303929929566,0.7136554603645635,0.1009768512458516,0.17063363587614766,0.18006296344853667,0.11984021396117289,0.1367319459838216,0.11897115344866145,0.1751996161831345,0.3265721477991462,0.08607465967210581,0.07840328585968512,0.12412844246592915,0.09061304675272873,0.10218917501467882,0.16255037073363335,0.2136387974878472,0.08038390838876795,0.07858797505164983,0.10424669808647635,0.0963909062222511,0.11767666973193361,0.3333454444684398,0.27794516063578933,0.2268477279952556
GGATTACTCTCCAACC-3,0.14114420822473572,0.47418841151604113,0.07744885421013524,0.14298046813203882,0.051559136110774534,0.006503342715736728,0.027738365847831844,0.02837261703398943,0.0544602872842204,0.1986152261045618,0.013996499934632091,0.012146663858861059,0.0021548490740894047,0.012623929398438673,0.0068533077834042905,0.1313259936838064,0.15539263273435602,0.03375535965245958,0.012526712132796798,0.031188329813878493,0.08408272479550405,0.3387800960195205,0.3388585488791269,0.25511441999254736,0.21475334913025013
GGAACTTAGGGATACC-1,0.06716280683849217,0.18374110545416297,0.04464665653169967,0.10022523472579953,0.10814112234400977,0.1023958448637652,0.0950899972667603,0.17074599152982367,0.1277549015905537,0.3175658955376691,0.2039259458361853,0.17329399653355582,0.15675324820456016,0.18711567647581578,0.1620350522872166,0.09369651883887058,0.10686583712926294,0.2601764793282924,0.2426481600578244,0.25731120247473943,0.028144023986375406,0.26647284944458577,0.18599806758196077,0.15270145920625705,0.07491537065470294
AACTCTTTCTAGCACA-1,0.15737908752963906,0.2829380760035551,0.3594160159907047,0.5426575453959398,0.12236401420708201,0.08021909468527615,0.12214217568638112,0.20488246185150935,0.11881791999781037,0.35577011290529376,0.16094687658868068,0.2089131335625718,0.15766357818372806,0.21492734642716477,0.16684034978850706,0.4589776614724391,0.16262070505731843,0.18433593625037376,0.21048276822029152,0.2412124818995927,0.04832257114505676,0.41846854587558613,0.05982382180548078,0.3730451388190547,0.27595861735393007
AAGCCGCCATCGTCGG-1,0.43802460457825076,0.004072126093681823,0.10330481599490016,0.18788528260465104,0.10800762353725661,0.050496973945905556,0.03992104190013084,0.027083017676193387,0.09291991327085103,0.1970768097065037,-0.004203547176734743,0.0013266480349834965,0.048731951676750616,-0.012373305865665242,-0.000822904950451995,0.18074712946507568,0.5687118595423521,0.03399749356453563,0.024892097489105456,0.026429670080216197,0.23245555729575204,0.2217204474054689,0.18642078737214418,0.2276716576214491,0.19252137092801896
CATTCGCGTCCCTTGT-1,0.08998646689613654,0.28507742284139576,0.09848486607382301,0.16209191017545346,0.18689321228755557,0.12958396098166264,0.20789525035375997,0.2816951557349256,0.19160823009234618,0.4503639275143157,0.26322576040001877,0.2623775749245254,0.2428491472821916,0.261781508858365,0.262963855695487,0.17034887821287117,0.15383391074192812,0.23476657669299725,0.24178354087713289,0.28092804172061725,0.04569274659711337,-0.0406727772511059,0.3013059327793913,0.22502824965307555,0.16250383281895542
ACTGCTCAGGATGGAA-1,0.20185097098857702,0.3124095002542105,0.43940523121916886,0.35873252778063425,0.047684383595451366,0.07030516703182921,0.05132927606328397,0.05581974527423499,0.07666410612044809,0.2137313414081505,0.01662127322946031,0.039883933293388386,0.037142957661902884,0.034541586834638434,0.02483517759820856,-0.1362935592753693,0.2026900412034747,0.06744013524357018,0.0707165534636357,0.06480267133886185,0.11061326232427775,0.3469106026645976,0.48527166313358333,0.5548851397448177,0.2659115785523647
CCACCTACAATACGCT-3,0.1435408346757744,0.468584884074272,0.0927050092167194,0.1585748490921329,0.06761889863810887,0.007027404815691784,0.025903843844638508,0.03817162354988816,0.08046957459284375,0.21077815078377082,0.023984243629185758,0.017559343211449998,0.016436601013938432,0.004288688969270723,0.02517816153897159,0.1474421606513959,0.18071412454652835,0.049213866136407595,0.028871622371281363,0.040853390364051896,0.07737654810107707,0.3544156028862539,0.34514237191288943,0.2443795300916816,0.2121687947949017
CAGCTAATCGGAGGTA-1,-0.01177626039235941,0.09542013640556907,0.12121914829429696,0.11728887744244183,0.02343642224777368,0.04829520965788238,0.02468479895678347,-0.007523553348980435,-0.006319863640179394,0.00902774929382718,0.0190053461424201,-0.006640705940954902,0.023460624776043534,0.021864012307244333,0.02230578105116037,-0.019656721172006227,0.014662771949144289,-0.007885178871906068,-0.00770641525199548,0.015174060677110603,0.033532718644427174,0.04545853765704811,0.07346736235242292,0.07882702752706458,-0.001345784411838901
ACATCAGAGAGTGACC-1,0.07283318596746807,0.17042232006084884,0.01062488286561353,0.06413846044029149,0.18133989458158925,0.15829738168032634,0.1991945662136469,0.10873729073742898,0.18441259825758374,0.010032125060141995,0.0982657567833572,0.09711718884523653,0.1509998995244534,0.1295135155514321,0.13335214321853958,0.06614106072923558,0.1521506917570341,0.08707295806725958,0.08022376098478828,0.09996748645202866,0.0454190492607928,0.10735209489076573,0.1976651537853002,0.13756227058353201,0.0742594475614283
ACGCCGAGTGACAAAT-1,0.07703672943829579,0.16453959012661035,0.08203695406599255,0.16793509209133156,0.08264628116654876,0.033400747844084436,0.07241515246590048,0.26954581523509885,0.0896119507987828,0.3394196137051658,0.24179596815758214,0.24356431194112946,0.19499315895598826,0.22626673757378518,0.20213073829127054,0.13579415355276048,0.08452109117821074,0.2564917168673582,0.48844866796818903,0.4649728752889107,0.017361044885990242,0.1508376118808777,0.18311524493186507,0.1845833712999498,0.12684987908868883
CTACATTGTTTAGGAA-1,0.07206505696936166,0.319486331882437,0.08334316336425401,0.17009355082735692,0.13579314481466306,0.07988897636685015,0.14848064410667094,0.17509162501434752,0.1533839590577324,0.3617869050035317,0.1506142658184493,0.165179047817597,0.15549965658833345,0.16988266930237467,0.16067420716390413,0.16447384016121983,0.13470350879969512,0.15187073696923675,0.16256503857382196,0.19379333232095347,0.017519035390671945,0.45043968133273826,0.32326407930572987,0.23549184696577236,0.16533502472727188
CGGGTCAAGGGCTTGA-2,0.14815256968681736,0.3088825030588781,0.16325516360850617,0.14894847193307187,0.02904316944348812,0.03338970990144036,0.050017055827550255,0.038394368618355365,0.04407024865915885,0.17344018436904596,0.029579144551655594,0.023048892018005463,0.019484958882102336,0.018450451387995073,0.018517716206149067,0.18094751403425377,0.1612050024912309,0.05756101384514976,0.07079834823761072,0.06402011005629903,0.0819159532553124,0.2703851991421137,0.34589194200051554,0.275463603688861,0.42833939394617054
ACGCCGAGTAGCGTCC-3,0.18503067222721659,0.48400080013858093,0.07839080242316589,0.14822367365589237,0.06650631695189525,0.004741525845675653,0.059997576119083476,0.05416828262632284,0.05317485219188094,0.21944659274113004,0.010097635693075258,0.00877490348940647,0.036270030519967196,0.004269722922724491,0.014113019530666767,0.12866898131372087,0.17624064280484494,0.04883499742480922,0.042768505545927496,0.06293656745602148,0.08950550541234652,0.2839741586647619,0.27798014365072765,0.2094658023608105,0.21606656622259054
ATCTGCCCAAGCGTAG-1,0.05037801880098487,0.22304450904243764,0.03292969569148667,0.07135242618052022,0.22320383153885986,0.12668532256606643,0.18017952880606236,0.16456443015160893,0.19827821955785532,0.2950631157414673,0.12331874500912113,0.12095341680367624,0.16171604924925287,0.1363272892090874,0.13878413237827839,0.07626079785412967,0.13081211960975142,0.09179363104767363,0.06373488655924006,0.12156234800728402,0.035966904105462286,0.3786660101418603,0.21052924594998246,0.1234884515179729,0.08842264820486917
CAGCATAAGACTGGGT-1,0.19038973305159382,0.30625453778006545,0.4666669909531063,0.3204517740050806,0.034678115000535976,0.03181277311460666,0.05814437842299023,0.03606903850420993,0.07383753998328406,0.1915603048506331,0.013673609375798817,0.037297454375962075,0.016423214382855895,0.022480053385289397,0.013994769941086092,0.4197442720865989,0.18944719007588068,0.05564910022308068,0.06437111701466944,0.07025712816649689,0.06449980737534713,0.36725323575169516,0.4917625541442347,0.08297858220964789,0.2746279166343802
ATAAGAGAGGGTTTCT-1,0.6722291929222921,-0.0005886957326380455,0.09655332742925361,0.20194208394112803,0.07514037107362975,0.00013136747174319298,0.011558153972124776,0.0574663566929409,0.06485167115573101,0.21575111484851076,0.03260566020476391,0.02618382874025509,0.05431272643124279,0.030905769469883087,0.02346355091718863,0.1905570898228963,0.28032135265328956,0.0338456123284652,0.057851826377927636,0.03889804562349637,0.18299472455016974,0.30089322958100523,0.1273482178431016,0.26535708695774424,0.20910557560167933
AACTTTCAGCGTGTCC-1,0.013198077100126816,0.15075254391948062,0.0034610028391364152,0.05574559346448962,0.12530787098081617,0.11483824040351542,0.16901047466489405,0.3619668741799957,0.17678338031534546,0.44715279607171143,0.4400235631606785,0.25664855090866895,0.44871986425847,0.25088097413722005,0.265400546810034,0.051603518720473904,0.06945337756047705,0.2289434920666164,0.22762852323745825,0.2569895641966097,-0.004898013103394983,0.2648899640474323,0.15732318809854742,0.07955377974942435,0.09364544384184716
ACTTGTTTCTTGAGGT-1,0.044851207986812504,0.20116497773812578,0.08857925678558252,0.09901958493401318,0.14680100485928255,0.1080039169044324,0.15190537868303647,0.2420871098144289,0.1255053177809235,0.35695787646426014,0.22511028748580242,0.25062613168286396,0.21641013869328937,0.2456647249879374,0.21096654194491843,0.08000863620840694,0.1006921704370801,0.21141725628448604,0.2120044366608659,0.26408995382299866,0.034630698906479365,0.2998660300520617,0.19374948230316524,0.12807785181720624,0.07892627953258001
AACTCCCGTGGTAACG-1,0.12661343246745108,0.230677084441742,0.43996159754496617,0.20910209260821222,0.050578900101986096,0.03610124631141263,0.07261244244737972,0.05852719878095387,0.03709059030905152,0.1968731335444341,0.03050010795753156,0.03459087767556299,0.032496732320303395,0.028801290839480864,0.011593875958590525,0.3988306643291182,0.1356282576669626,0.08298545398442794,0.0698957452112129,0.0924658237964777,0.039307970007021464,0.2925460024152906,0.41596157697008873,0.16747115075462904,0.2154538774501939
AATCGGTCACATAACC-1,0.19159328852154842,0.2710256195929101,0.39165308396812265,0.3991682703577617,0.04535568908704561,0.039075273529319714,0.04374360329229845,0.020445159065132616,0.05291974730892226,0.1666956468953767,-0.008872378914742596,0.016643182887052896,0.021727007166008117,0.004521321841439403,-0.00297930048732954,0.4007662723567879,0.1687911525664413,0.054857400039748885,0.037867380029429853,0.04398930315814675,0.12701915651438378,0.2749393843046698,-0.2623343401344327,0.5909730328375762,0.2738700209599386
AGCTCCTCACAGCGTC-1,0.06987734683791694,0.24902787649165828,0.06511188504953894,0.1372884065017476,0.16963949297202285,0.14203919532443984,0.21875882813146272,0.2694787354511908,0.1943586125241731,0.46515904991309204,0.24871248538792717,0.2422862101604227,0.22563383474653462,0.24265173791228548,0.20736714168007414,0.13494944906331452,0.13194293133330348,0.17693135775001173,0.2484144556282704,0.28193176776557455,0.01179562451238106,-0.05771105885521269,0.21746171312000548,0.16329067037839226,0.0998195990178283
CCCAGTTCAGCTTAAC-1,0.20902965811559684,0.2866904275986653,0.4833903283302981,0.559013057263433,0.04564455292638397,0.039346266872719,0.04824330362536018,0.036392576086355204,0.06251587484494908,0.20076731799192873,0.022616496900233717,0.01634766775482359,0.014243665983031695,0.020779616704032423,0.011164946851428558,0.5319922853859508,0.1830411316711442,0.0530103810906117,0.055759748224196624,0.10238856604003929,0.09887693129512079,0.31256365232921546,0.5300396985076091,0.6131936447200295,0.31582396379072547
AGCTCCTCAACGATCT-1,0.04584518095086772,0.19099696689258605,0.029613678271862315,0.11067130463217764,0.09013038166298812,0.11353278644921351,0.14765499364423668,0.2827941839540823,0.14282813255995264,0.48859923873380434,0.24367657756654099,0.24414579225601118,0.23648694797098485,0.22627836395104428,0.20878782613009284,0.09690704491661874,0.07209610350198267,0.1691259085584538,0.21739955623413185,0.2526517904019814,-0.011849614323154423,-0.13321019262254943,0.20760433748841983,0.15630845713366537,0.10025489778573411
ATAAGAGGTCGCATCG-1,0.06977204071452223,0.2534660390195364,0.027538335101044097,0.1347175056771075,0.21934347589446218,0.11226208058876659,0.21465569851975821,0.24926890108224234,0.18238549992805572,0.43203432744879294,0.21239133819191178,0.26185536621018185,0.20959456692112788,0.2331125581980967,0.19578777353232107,0.09837301402352978,0.1398079012983656,0.20928438525812973,0.2717138971196263,0.2771056281392655,0.03261985746704271,-0.08205342148843477,0.2443215174840575,0.1944796289655567,0.11441320606001473
GCGCGATCAGCTCCGA-1,0.018456213000042212,0.10133535497123573,0.17424383820316638,0.05331855314251217,0.09199288519840731,0.05497292244213773,0.029141216265181288,0.053640701463128,-0.0056278888745660135,0.10282228816029791,0.023028916060765108,0.16890720715275664,0.027818259056317178,0.1498344980447497,0.02657153662952069,0.16085217146032776,0.048038623171147835,0.021995395423523332,0.02272145215409322,0.1490428166062882,0.03912217672787501,0.18939115173686133,0.1531176478617873,0.13694680463161807,0.0021297382465017382
ACCAGTACAGTGACAG-1,0.06052162430903107,0.22817076306964268,0.06641968335386497,0.12776763583640435,0.19048680386163477,0.11833571098139602,0.19235577229356632,0.13944363219461,0.18085529264956102,0.29673866678800104,0.09722155646030575,0.11105345550736082,0.15692762697977597,0.12265293656414321,0.12720356504531363,0.11807440353815654,0.10452631703893565,0.10408213669925734,0.0729097803823608,0.11129048194898655,0.012613772980529772,0.3864698319633051,0.28182938714518097,0.1691523483817745,0.1296549302988956
TGCTGCTAGGCTATCT-1,0.07800432109226127,0.282740113268741,0.0664043106497364,0.12119579694448644,0.16321641882616572,0.09006755846551805,0.15810159246808805,0.1898649626581206,0.1815167515118398,0.36814142876810624,0.15330931483677046,0.14925100803946606,0.17191708039697715,0.1563347452919467,0.15461059592869464,0.10762004358971979,0.1383844916101858,0.11167183981212804,0.11764561292277685,0.15400068491154065,0.05086477729897866,0.41917432665958,0.2643737361078128,0.18219500545886555,0.10512531025935178
AACCGCGCACTGAAGG-1,0.06317185827989487,0.19469094839384962,0.04539604797008712,0.08693316102441984,0.19647292850344983,0.1470043176742314,0.19586988570779418,0.29319139638953706,0.20086575581901553,0.3707158597734494,0.2040374158789886,0.25409499843828665,0.27349367381159,0.23722207072315696,0.24064481589808284,0.07519056122232931,0.12135516769389007,0.14904513750264206,0.19081416705422535,0.24827854821229514,0.033739086789809365,0.06618221324290073,0.20639705192964627,0.1442243221054608,0.06121061501723836
CATGGCGGTGTGACGA-1,0.020584965701946404,0.028468433987852815,0.039363974780718174,0.21377779722324028,0.21343564168301832,0.03595755187680664,0.22201793636274625,0.15719202235464283,0.0420030496746105,0.21819958622937108,0.009662961967325733,0.11081111682370177,0.20980208579651016,0.1435822884851359,0.19278107755294935,0.22192864625732964,0.217199627815809,0.20893197325471033,0.10527097653779285,0.13844198338542332,-0.010875441640155862,0.15130164453237085,0.22302018749041658,0.21808563360996597,0.03863604946415641
ATAGACCGTTCCAACA-1,0.06410298625819617,0.17315175191186874,0.06184360388052735,0.09851113810259833,0.09887806103823389,0.07198828426359126,0.08961729175918669,0.1520140242093688,0.09327569456093592,0.252826788470557,0.22869308699968044,0.17900821442243028,0.14837677632485222,0.17808387522557567,0.19200471115304635,0.0882405854910465,0.057071133997353765,0.5371464594950132,0.425412489213014,0.27043855688868296,0.01730505734543473,0.2791091351050864,0.1992520281774641,0.18080719025378783,0.0986634816881301
AAGACCTCATTGAGCT-1,0.038761853618758134,0.2424964587535957,0.06168586678889524,0.1386743743028568,0.11746026395891385,0.0994293790308907,0.0824302228920625,0.2899342953312435,0.12620008419023776,0.37889510714180624,0.2651432019619149,0.2841322603343555,0.2346491882530344,0.2888290115384025,0.22905531602142457,0.13249534223850162,0.12794324457653986,0.2843364837977152,0.3763864000172715,0.45783807563581597,0.015477933953668423,0.09284410138450527,0.23370030364363398,0.17388675764039355,0.11142104712967957
GTACTCCGTGGTACAG-1,0.05325229897033584,0.20607381755823562,0.04826262249251394,0.11962511021844394,0.12819078446196722,0.03557650403947004,0.10579089683463133,0.2144337964475654,0.08955453725970428,0.47637458196977533,0.21268496396030773,0.20148892605311447,0.15523932030334495,0.20577982787139,0.1974196918577571,0.12148686284716426,0.07272906896428123,0.2807381548409492,0.2793688827618826,0.2844240130402786,0.015515344436333064,-0.18408838546049275,0.2124631876874919,0.17634580330052257,0.15048901623845443
AACACGTTCATGTAGC-1,0.08494980299082842,0.2639670017770071,0.05457873413940157,0.09145901365643337,0.19804199199172157,0.13124461296918938,0.19912879247521953,0.21319529860982278,0.20411086224200786,0.27175982744103205,0.17980387162213995,0.1750341837916467,0.2265823847506989,0.19381372725103865,0.16462261611637463,0.08498441037953018,0.1578566233010551,0.13917860176083033,0.16670616074044559,0.1728918843731614,0.02999149253678098,-0.03633174576491641,0.2682634372800482,0.18088161561275562,0.10364290742071332
AACTCAGAGAAGGTTT-1,0.04520309951902492,0.2128325126076442,0.05811863019397022,0.12262192881883939,0.1162575916088057,0.08072929001675491,0.15363150357842667,0.2522135457447179,0.14910654090310602,0.4124297884883053,0.20855813049659017,0.2836874865593982,0.21944656134956506,0.27137404167646584,0.2319850619539422,0.109098986360155,0.07477920262096625,0.1860994814006704,0.291466632002029,0.29794243930777853,-0.0012418644732436277,-0.007100393462828634,0.17466363956116443,0.13995945298001378,0.09775078603290949
ACACCAAGTCTGGAGA-2,-0.009688383892607224,0.14783833652863373,0.14394393610343792,0.03250496933522471,0.029323910610880004,0.12366165658153938,0.03071185598578353,-0.006445581386496829,-0.005414355897384403,0.01525176978822036,0.02443719072797773,-0.005689228031063056,0.02935205949628564,0.027587626575868253,0.02807102410651867,0.08577301528390195,0.019840776845368613,-0.00675539333722454,-0.006602242903163405,0.020271836851020072,0.13572069982727744,0.033092127294688654,0.1354182302346446,0.08825035350319516,0.0036613284669578055
ACTGCTCGTTCCATGA-1,0.07023791678998584,0.20392967811813853,0.04185695765416333,0.07456401003113494,0.6566893943516826,0.1283517894494919,0.19265209108948347,0.06748009827494592,0.1974442159275755,0.19344159619826148,0.05695307611509012,0.04807956674125166,0.10427746619540185,0.05474981905640973,0.056245542065342664,0.0751345863772015,0.1026335564858878,0.04979689799517243,0.033173384587737054,0.05107619736108846,0.041711989905146636,0.09864515592527406,0.17176967468108614,0.11483704439752383,0.06329780794215721
ACACCAATCAGGTAAA-1,0.07087198698513743,0.15424289828787885,0.034720990993089444,0.1013557967967958,0.10084390819841131,0.0789722662369477,0.1209821940161468,0.2691168522979749,0.13912657543903506,0.25897422727748487,0.2058246644884331,0.2001636845264956,0.2193505414283207,0.20586173700197233,0.19820012552535382,0.07020650226771274,0.051378748259096524,0.124220833038346,0.18955633169192385,0.19643056976014595,-0.012964859000479771,0.11534081259289296,0.20114459924646463,0.1400309353587973,0.10064436380985989
GTGAAGGCAGGACCCT-1,0.1876688294113487,0.35009063348705943,0.26920367139010787,0.3594084368411865,0.1470668993506501,0.13539324763933172,0.15196167576451775,0.18563758517791618,0.15833355567320354,0.36947330656789956,0.18856155835849187,0.13899633519722104,0.15498704305262503,0.15127764182033304,0.162203865578064,0.3297520590270345,0.19461761833294114,0.15077886393970455,0.1357327938624875,0.15442291270255562,0.08416550241648749,0.16371646038797744,0.27628792120180795,0.5184600561884181,0.32406302233635215
AAGCCGCTCGTCTGAA-1,0.0616781100167305,0.22223833439527688,0.07078652872518865,0.11876284091825984,0.1827709781657515,0.14764130361030917,0.20872952545503473,0.271571869142738,0.1739868187023044,0.4782260942369418,0.2609116737174994,0.25557076814152824,0.257738652807864,0.25474894029785533,0.2201954665302275,0.11888702661872858,0.1134691731338943,0.20007413175140037,0.2555718934335131,0.28713102470150764,0.01978862687908073,-0.09740577728536126,0.2554610898216158,0.19791707444737586,0.09978542019584087
AGAGCTTCAGCGAACA-1,0.46666344434753815,0.2991334896830458,0.06690193904469872,0.1643935573827218,0.08642045267969593,0.04516496865572478,0.06702142100979666,0.04130979419665522,0.09786853000184847,0.19943356026284678,0.018700874196337983,0.01890966724490024,0.05262001733667673,0.02490905908507821,0.015312424593506773,0.14365407912054062,0.3813991335406764,0.005098365508654003,-0.00977035325649194,0.023256856666028506,0.2236521751105619,0.3032918624810358,0.00962149159675236,0.23803087512055693,0.24538628762696163
TTCTTAGGTGACTCAT-1,0.057002902067489335,0.03739104453670073,0.12462673116646988,0.14746781096755499,0.057055819700247895,0.14710538275912777,0.12387297730562122,0.04941867601258841,0.02656394994589975,0.1453146564305316,0.13337567951710114,0.058353246467095846,0.21734480837397746,0.13617920686797497,0.13436951191850688,0.13012779655932866,0.010369927803182508,0.014339505375026772,0.038395926794562024,0.05399981357246088,0.02828461404345454,0.10006443205059597,0.1456912547212668,0.1464036507591016,0.046521572131605245
TGGGAAGGTACCGTAT-1,0.08186234203646445,0.2793010267931207,0.04944979110259742,0.13544485918783972,0.1859188186932711,0.1296018467249366,0.1947028472040832,0.14322052980371475,0.17751221121880306,0.3129722268288916,0.11698669376098698,0.09625764173899275,0.13496204300542378,0.1079104180780804,0.11061618229337163,0.13909195340730596,0.16854991090372218,0.06135179637003545,0.06306813364049059,0.09543124897109448,0.04491256928012669,0.39591154185815713,0.24526471804819855,0.19543015538940584,0.1081202122292274
AAGACCTAGACCGGAT-4,0.15905454448632472,0.46919128873329796,0.10931285177145683,0.17149014072696722,0.06331789602516427,0.0074592925176185385,0.05591012503870659,0.04047321202443983,0.07954996828300769,0.24950277432453544,0.018854997323310845,0.024540567905222195,0.031062193367106535,0.02446537692297675,0.026977268362701527,0.18749725458368258,0.19615167923442609,0.03325250561696754,0.041101783097535226,0.06383460467483636,0.10221479135761402,0.3763629503131404,0.34787279921284564,0.2752122365922101,0.20398642293068267
ACAGCCGAGCGTGAAC-1,0.07752839208921214,0.2012426165001796,0.08204782988150365,0.12761841419756717,0.14462219632192833,0.09744071632909045,0.16321723968612867,0.2834523270476432,0.18114517508968742,0.35599200778052353,0.2204388014760821,0.23061302041301837,0.2254789487902297,0.2244604640554216,0.21826792782413743,0.09455195043504677,0.08434779972550742,0.1620426259318543,0.20153611139380562,0.24214196324113307,0.02118946371418792,0.06827603567653986,0.20409585040921627,0.15951521409814662,0.10036113482285063
TCTCATAAGTCGATAA-1,0.055580790442720254,0.1823917811505992,0.10021746667404353,0.1387363996100942,0.1475886387985875,0.13630307756165094,0.16637578756129778,0.22017045412586586,0.13177415081585944,0.3577205501816532,0.2523068126589627,0.20591030484721648,0.18896819712946156,0.2258767181127102,0.21739378217675068,0.10715397569107327,0.101804820053935,0.492914952740638,0.2821509592667293,0.41074219728243583,0.04816975398715677,0.13292577260219274,0.21322342884304657,0.16977735775895975,0.12491158800744931
AGCGTATGTCCGTTAA-3,0.1574825853536747,0.4780793763061025,0.10136292816379934,0.15117808744571826,0.08498700571084412,0.02088721619399833,0.058872430576690116,0.04642856441842736,0.10353258801545451,0.19351096039189988,0.018718940467388357,0.029362665535306372,0.03604837621568549,0.014502022100632747,0.006222593403896168,0.14951929749687518,0.19010573198694505,0.032571986467849076,0.009571603848646795,0.05766408324330858,0.10023404883412036,0.3266533602423706,0.28895001233494544,0.23296269241430453,0.19907849006827857
AAGCCGCAGTTCGCGC-1,0.025821097255867727,0.18682553733443083,0.05404110222082124,0.11250164040131197,0.12395666105553386,0.116288086321234,0.1848707371312568,0.2560917501334148,0.15721315923862722,0.3093454957645646,0.2325967164057257,0.2757897151774884,0.2681112261683026,0.28849251826196143,0.24979575354054184,0.10134963905137544,0.07985486555649383,0.17160544182574258,0.23992707001858243,0.25821376136889007,0.02966420360464352,0.03341470304014651,0.19238624638323193,0.1729974761551713,0.10894007136940344
ATGCGATGTCATCCCT-1,0.2040286741922833,0.19102946483810607,0.06403801967079367,0.06845489362109235,0.08317327392723262,0.029546701881534878,0.03976478230746813,0.007891741432330505,0.06685303174726843,0.1002712298630672,0.018199537977539707,-0.008155669596726773,-0.008752396355457426,-0.020756192699456912,-0.02046383069518774,0.0704703456112801,0.32550980597338397,0.006669062732189762,-0.002535305496500714,-0.0070191115797114565,0.5653853597865915,0.15489778788635297,0.18193108083962087,0.13259390616793193,0.13479127206284972
GCTGCAGCATGAAGTA-1,-0.004216451587338402,0.020771001096695562,-0.004826107297118783,0.05748883212727339,0.06841956594157705,0.18028360431163673,0.07096091027590103,-0.003151673554423741,-0.002647438806959053,0.023438908318699794,0.059651099918803456,-0.002781842079932677,0.06847669841787034,0.06529414501606891,0.06614426926987636,0.024487620517757498,0.04912810294438418,-0.003303161228444664,-0.003228275792370551,0.05244920349820061,0.01830430581371856,0.017495065080166097,0.01755609063763683,0.0208958839944557,0.02638469525253417
AACTTTCGTCAATGTC-1,0.18103777737495774,0.10687671197079633,0.03238783171577507,0.12075364913887046,0.010172707025521149,0.032088313205682506,0.03530681040233898,0.02721701478984312,0.03683547259202559,0.20764937833561417,0.006465016222742821,0.01120473252331315,0.033300410110578715,0.009137724893952754,0.009631301216474155,0.06493888568219075,0.05075457991177387,0.037500922632162974,0.005100018542532586,0.017418057049025402,0.014846673595517983,0.12788288987660265,0.06966150390232691,0.04384690676849923,0.039525175476020656
AAATGCCGTCGTCTTC-1,0.031232664261983876,0.12472864960495982,0.050989569963296955,0.10750353415796633,0.12718922080193823,0.10591450350534755,0.11846329008949942,0.23512725790049013,0.11055077051005485,0.35807781651497994,0.2304719127256894,0.2865246314842322,0.21183786968140078,0.25432378761993707,0.21746932399278282,0.10182949397759762,0.1101865027219826,0.26252135950875366,0.4009281013400054,0.4116983930241213,0.008476257942548922,0.28489007177847636,0.14266367385029224,0.09338791571978992,0.062077203752994914
AAGGTTCTCTGAAAGA-1,0.06438524455959821,0.1983109200047971,0.05723411268253361,0.11230927014521772,0.12906140441961045,0.1599856423099204,0.1897668689683284,0.31412330814680517,0.15317604361950132,0.33506005349243356,0.23925917700154886,0.2725133645415225,0.254659061908396,0.2636492356113527,0.2579446973925671,0.08485352937967086,0.08542983572250057,0.19120005233658452,0.23414133932048603,0.27692594477363236,0.04279376533196753,0.06688462503012058,0.21173527462536745,0.15470413960433443,0.0957032885133042
AATCCAGGTTCTGAAC-1,0.07426093965814899,0.12737007036459905,0.04296668174042188,0.11665379741780973,0.08162684480992721,0.041958370791853314,0.08573777204933686,0.18640074420277924,0.0791231176963369,0.19066062775159334,0.23299601689283425,0.1743868968108945,0.1591926870539605,0.19264757363866547,0.1843865544113351,0.09846639797549452,0.09613647493439849,0.2847094602639448,0.5013225053947191,0.4172282713718039,0.022517986394011126,0.2824984781150729,0.1845441891563646,0.12513058291213858,0.08948444628116226
ACGCCGATCCGCTGTT-1,0.059775637783881716,0.20535270242047157,0.0897552254625184,0.10791042451129892,0.12329589351901832,0.09499384920239155,0.1295260023539455,0.21313785844518796,0.1275266497511807,0.3123151206015524,0.1939018815327861,0.22146014063492153,0.18985969838547118,0.23045807764539372,0.17265627209053747,0.10538709130674068,0.098634370815334,0.17756532630548777,0.19905821273342517,0.23601899049676667,0.023957772045832895,0.3657699508087567,0.23383646371765074,0.18275140017206232,0.1195795943978166
AAAGATGGTGCACCAC-1,0.04550272132684183,0.19676582079616078,0.051517802601954744,0.13576740787595945,0.09277948664657107,0.04727689975081258,0.07487103449229135,0.23126498501670506,0.07733017730894448,0.41712492614072194,0.20652247090186723,0.23361900469973212,0.15508832863721628,0.20437881849564443,0.17194098142070882,0.09338475399211456,0.07533727040237387,0.26742175912407945,0.44775693201236993,0.468134508528264,0.0031605099175011464,0.1379756053986212,0.18251894716136283,0.14041497113659543,0.12078569226557961
ATTGGTGGTGAGTATA-1,-0.005378260805238464,0.03785417844685657,-0.005683510207563659,0.017159372281754633,0.18199265158363176,0.2322366091391477,0.20168288266397486,-0.0038611553497276863,-0.0032434109485161055,0.041153684252378926,0.04744752806682996,-0.0034080701073730267,0.18319287355899028,0.191934886980746,0.1669251917041635,0.01736827728200022,0.04001107339632026,-0.0040467448255611495,-0.00395500172554738,0.04139979888103767,0.19305577094131915,-0.010040969967085664,0.010815024671863429,0.03668658464434914,-0.007744348807647901
ACGATACAGCTCCTCT-1,0.043017202476018944,0.19014516385740912,0.0361700404858341,0.07384328447363846,0.19130310365258224,0.18508405159810135,0.18406089816504623,0.1023670392519793,0.16165225291100388,0.18220742226234538,0.08778791627587278,0.06510815535391629,0.1334469316663379,0.07216944155537962,0.07320075929222529,0.08981109715013197,0.12980711506107714,0.062343366094646295,0.053131794080336095,0.06338632962992707,0.024372122206645416,0.24254219094003845,0.0031074539438261145,0.1374244780020516,0.08093144629460984
AAACCTGCACTGTTAG-1,0.05600856210892936,0.24597991750339035,0.05793941850101042,0.1611334658356359,0.20374471259229526,0.11736571251917054,0.20786605097734517,0.2623781786875435,0.17165492358403603,0.35299098538377177,0.1956143221191687,0.22845922979172678,0.24070048319936485,0.23580752658260123,0.19414877573499198,0.10997470233399984,0.12461612255515098,0.22670115709299188,0.26738776633224465,0.2900890680139466,0.01343863544077464,0.024226821106852835,0.26765513950215586,0.18709974064339133,0.10959882374393977
CTCTACGAGATAGGAG-1,0.06401243321547402,0.31523004661089943,0.07031274532100881,0.1552711636142825,0.07601770545688775,0.07905821859553121,0.11462336983457858,0.21127416913018712,0.14319755179969545,0.3805555760134747,0.18517842816826877,0.19103634028021,0.172649899368898,0.19218690079942027,0.19400391816855556,0.13905832570237958,0.1331905805243487,0.14137137370660122,0.1532285538734856,0.19282391087621073,0.02168867863384071,0.4536036589589194,0.31985852997241576,0.24652133871581886,0.14194811105911312
AGAATAGAGTACGTAA-1,0.05603734496962819,0.1747519276700019,0.015221055638543392,0.05647676598084921,0.18592669969569017,0.13375464881901716,0.17164300000092303,0.10590947030930666,0.16757050502081391,0.19079044537482723,0.07773143817856779,0.0630355293925171,0.1634554479141755,0.08689220832985142,0.0889246765647091,0.05808915607726568,0.11432575809767492,0.019931154064629277,0.02951423053675215,0.06954615237263477,0.04961369015875195,0.27595963661142237,0.15867090510520884,0.12379722793416202,0.061544215125065006
ACGAGCCTCTAACGGT-1,0.4190645546559106,-0.04629506104211556,0.08567354247092765,0.12425667685395538,0.04455188916585227,0.03414496120495875,0.020529919644683377,0.012180996128404616,0.0650464563112474,0.12166157918821685,0.023613974578497666,-0.007289649891312222,0.018161370205441795,-0.022377194587896755,-0.02206199991060847,0.11350749248548885,0.2102992997824247,0.007743106789752045,0.009366537831713559,0.003495581214707027,0.20772462854850154,0.19611766695130725,0.23376510743058457,0.20426399246745877,0.20499643451035782
AACTCTTTCAGAAATG-1,0.07651744442978335,0.04028307893818027,0.27182857068672966,0.21889194037177537,-0.010402161109218919,-0.005992473133596809,-0.01007999707460005,0.03292123355848332,-0.009747461447431348,0.05903383284358562,0.032398703764491804,0.040140531097990276,0.03927549260541367,0.03672807524466494,0.03749423834157152,0.25313569645615697,0.02108625748948293,0.06478289821557866,0.06670675390249513,0.04067086713602511,-0.009910154700596094,0.04958321553474345,0.24998060191667137,0.33113061116138537,0.17911700085201804
AGCTCCTGTGCATCTA-2,0.13560042163813096,0.2731013725802735,0.17937951083692885,0.1746211127265174,0.01973043017316036,0.012553382166508047,0.04761146097415108,0.029375445639483026,0.01730244422881366,0.1286484164841046,0.020122200347989828,0.014775465431114262,0.010843542005257776,0.034613798186456844,0.01913506196093749,0.19989652492364363,0.143632565866336,0.032692478147184185,0.05839093841028122,0.06344233713922985,0.10592435626755765,0.24812707503316878,0.33151001125794777,0.27234279336130424,0.43110424446114015
ACGAGGAAGACAATAC-1,0.02171897034436323,0.15245437360345312,0.053352220096797576,0.05271374891655485,0.5318331012308369,0.21089322481769943,0.22840609718365368,0.16531850223994646,0.2063504566626124,0.3406460334475002,0.1261446185216743,0.13663774015176186,0.21918412537532164,0.15451249987650764,0.1700315986692225,0.06685868470326191,0.08100881405793811,0.08016452486394304,0.061416925527731495,0.0885751837701219,0.04739791553344348,0.3617019215650271,0.19035519609451987,0.1040501703352459,0.08437007569009485
CATGGCGCACCACCAG-3,0.09375492560260881,0.3114511885977834,0.032384627986963246,0.06526663631191473,0.02465633162800761,-0.00896781580318471,-0.015084849785116459,0.03095587938173133,0.043008688920692865,0.13243694395095654,0.02972786847636684,0.025899486772912466,-0.0019309478455000627,0.009082597723187905,0.00966349592012511,0.054764580425002894,0.12189391614091184,0.027974977155306013,0.04098028305636975,0.054886339528683374,0.07595407601026946,0.1278264771826975,0.15248964553911873,0.10377558622763669,0.17500499864251284
AACACGTAGCGATGAC-1,0.07729707961999817,0.19910213294392257,0.05268499314580177,0.13244142276258716,0.11592474216401559,0.08118362322306516,0.13238044039343044,0.2568331885174041,0.14760015187220155,0.47210952880720164,0.2230966008075856,0.2746330339515673,0.22619860751820003,0.25619045367589766,0.2389114920969499,0.12893826548346313,0.10468055904427202,0.19956377771546888,0.251608813027215,0.27024485500038037,-0.010345778629676606,-0.24961159624032184,0.21078766365654072,0.1757779332156653,0.12989235139451197
ACGATACGTTCTCATT-1,0.05609591483895823,0.22928210217262787,0.046985605270017404,0.12451032124662714,0.13338967811963576,0.12848435332196292,0.16323937214808762,0.23804766072896227,0.16568617789699097,0.5474805881774099,0.2844761864742222,0.21269455605074042,0.18957502359926462,0.21764247845061496,0.2229146339598793,0.10756897256646844,0.11798639719481323,0.1698908701915983,0.24159285056412175,0.24242332245549147,0.012748854751529853,-0.11094072073831338,0.2652648918473646,0.16430436413993518,0.11056675277159884
ACAGCCGAGCACGCCT-1,0.04643464753899622,0.15948830262876035,0.08121117672531236,0.12901487784371846,0.14729114207268576,0.08051472129020032,0.131887033670294,0.18607173347928918,0.1250851339864912,0.5113783891525752,0.21680285011723982,0.17653389307449982,0.1933066205102508,0.1835336529429145,0.17700730988878624,0.1141098984591818,0.1270124449670819,0.28966030240746643,0.2593835121310581,0.2585664826021685,0.009859758037217873,-0.1748284224242196,0.20764514275781,0.16227052334435063,0.11476209744923802
GCATGCGCACATGGGA-1,0.09025627265026745,0.3143744620234195,0.07119044337600257,0.15285395660843765,0.15620845544443737,0.10826432698011833,0.18044264012503516,0.1765782176236121,0.18931848937925622,0.33060388388102985,0.1168012231158169,0.12346310464408175,0.13705194976036972,0.12609144974004,0.11218399226625161,0.14085705142893173,0.16235341775343856,0.09112588150388391,0.06970788043217799,0.12009226738433211,0.04083062981788819,0.45512812645272127,0.31530712142185346,0.2188964093174846,0.13253820524851515
GCACTCTGTCTAAACC-1,0.02128793156598639,0.08311653753872347,0.1927086220889133,0.03544884815753684,0.03672962542498855,0.03499604681649187,0.03856652650898912,0.030448780118373524,-0.00971408672870021,0.19880942329066698,0.16807012920939393,0.03725799640313948,0.036832634195548566,0.17248849200674393,0.17491550706244138,0.20309544909201022,0.041548972951916556,0.025552646526442117,0.02663973710108293,0.2006571632053629,0.16681273169787292,0.00019253555625635041,-0.043641146715562684,0.036541590738776546,0.019283029215909936
AACTGGTGTGAGGGAG-1,0.07975789430897035,0.15951232246600514,0.06237405326010619,0.14128433580406166,0.13623965967083101,0.16552565567920435,0.20096966072432462,0.28671269167993985,0.19762369955589734,0.2604811175675542,0.24844100950042242,0.22595657435118743,0.2554467937754714,0.2326170549852727,0.23598515304421538,0.1407447485509039,0.10653415948039176,0.17131144179507213,0.19616149782726527,0.21305535853117147,0.03224397252413584,0.09131760317950968,0.18532687402581488,0.16330435139691815,0.12353185058205642
CTCATTAAGAAGGACA-1,0.1572309827205876,0.19230182722910327,0.36140679479340115,0.34312887531823005,0.03949757928922738,0.029700518317679114,0.04275476733093817,0.052496576080093844,0.019602420903426513,0.12151205275938126,0.029842712513301103,0.0175870028654612,0.0280577565452612,0.04703129645838644,0.02613633822419904,0.3743289893747982,0.0979843501996039,0.05824507213152635,0.050169213723208594,0.06747625499242264,0.06217961278661034,0.19517743956786343,-0.03867072096441362,0.5600471533990402,0.2602916682998415
GAAACTCTCAACCATG-1,0.14575110898064847,0.29822651270987854,0.33579399131095,0.35948030853171703,0.04132668207216382,0.03007352300690281,0.062000671833934505,0.03849912144308097,0.05497104200066825,0.1730916038022924,0.01330910609923138,0.02577429116210923,0.015287634310527102,0.01963295739359097,0.012705873427588062,0.3449273264360948,0.13828207294082806,0.060018204786035076,0.04112204117649105,0.051059145036404956,0.04327677264157978,0.3339779023244397,-0.03974990203321284,0.5891267781631793,0.28249138020075076
AAGTCTGAGCCCTAAT-1,0.1526729459466675,0.25527305662745653,0.43059030724031455,0.5305176041918017,0.03628989378453768,0.05047089044231907,0.059261041378111015,0.037777548710254696,0.06485216740191112,0.1892662974614636,0.008500851868730135,0.040014457800835776,0.02836237557445913,0.01516201764644286,0.0063921195344261855,0.5076490614505595,0.1800048893227291,0.07131173855666603,0.05167805691776995,0.06692164604008995,0.06377676444553895,0.33276499858371805,0.5257938393432232,0.5866335326635742,0.2857217859490721
CGTTAGATCCGCGGTA-2,0.12512357627143367,0.27450101433152113,0.1416660813807974,0.1874914167296127,0.1349843326297766,0.08940219373646892,0.15620293191750423,0.09402408861833308,0.10449980385077937,0.20067710138304837,0.10368283571999881,0.07448903665400097,0.07984566096598313,0.08975467916586997,0.0768332157412888,0.19587825962529543,0.15969831906901719,0.06633038887695235,0.10436431804656966,0.11392529180235629,0.10185118704837712,0.33591725645992715,0.3258403486877242,0.2592273427200078,0.4029726934144834
AATCGGTCATCACCCT-1,0.10072657725590198,0.18949883873144988,0.06639906322211156,0.14769586008178007,0.06449040959733823,0.02435532990105989,0.04560531847333069,0.2157945195188908,0.03573289286722863,0.20232082753419725,0.2319175329528621,0.20329089182193422,0.13881498616939983,0.210399698012805,0.17833492508726523,0.11222087272057293,0.12006536096491896,0.23369126479650587,0.5156501334542617,0.4232681278143568,0.011646687214328951,0.27024561912784517,0.21138029078063791,0.1665785741666873,0.1184801614954395
AGCAGCCAGGCAAAGA-1,0.3431368503603349,0.22666692675678432,0.08117838531363164,0.12247799693587873,0.05383583893798612,0.04418602498170194,0.05603704221053143,0.023403033854124115,0.06121218688293996,0.14502110686668981,0.013884968692946344,0.0002640578001936463,0.019898479730439966,0.008236376198530385,0.009031653101815836,0.11198354025788891,0.1566525782682715,0.028025412736600634,0.030617346466937673,0.029654283272505178,0.2688814752149159,0.16809020311971745,0.23479698005104827,0.18863476045935673,0.1807617002277894
ATGAGGGAGATCCCAT-4,0.11455318215540879,0.48261372359473226,0.11053561347335059,0.18040376678767414,0.030954902720719175,0.0026259882339833363,0.03139384343231692,0.039033486256719326,0.06517927225006635,0.2076515209286623,0.021977748301010482,0.022830197702573662,0.020891248055264676,0.017475211227410026,0.026877974252683262,0.16791035952852507,0.1347070984707009,0.041403729362446136,0.043405076307791314,0.07660003768923533,0.06902149421896157,0.33249580207387314,0.3121461367332433,0.2519622545628094,0.2106172261087734
CTACATTTCTAACCGA-1,0.08180107489434867,0.13116365077678138,0.07360601693907029,0.07407143851275644,0.0717795729908833,0.0892776120463638,0.07485749948122626,0.03738829874866228,0.04835148728734704,0.15037565353277466,0.08570618081354757,0.04521440768245849,0.2272378606531139,0.0680785088786142,0.06929879549048604,0.08090926362930179,0.06270630949763044,0.028200737552790064,0.009694731681607506,0.060296235380866994,0.02086113146514588,0.16940775499056826,0.11518944607093015,0.08742129434711388,0.03601419666735198
ATGGGAGGTGTTGAGG-1,0.17526499726706135,0.2669835198610317,0.4119453783958534,0.5820445435268592,0.024775579430567785,0.032902545859223975,0.045574399100383224,0.059356291928067226,0.04074800404678039,0.20714493954400226,0.014601877992548052,0.02722345130898844,0.03510503078767813,0.039378883851263445,0.013142986880600402,0.4934855294763606,0.1587243405218637,0.06756168512191874,0.07183209348606824,0.0971325865426185,0.05415787592323127,0.3146282093656815,0.49583933076048126,0.5281355181387862,0.2683437293277985
AGTGGGAGTGGAAAGA-2,0.14910145508032516,0.2984695943426689,0.1151426636628922,0.13480787003940115,0.038690680367912865,0.02357754506057189,0.05091863392272347,0.020314317209627366,0.05420387429238703,0.11460908418232725,0.03800547839777965,0.019434115173503082,-0.002226616864366134,0.014981336259790168,0.01585349588059459,0.12466774095688983,0.1342490319851398,0.051238036254049234,0.03527646814311562,0.049219538090048955,0.1054220334107204,0.245621612985592,0.29257746621959557,0.2416873630204104,0.35387571645836463
AAAGATGGTCTAGTCA-1,0.03487980101119632,0.17539637347584794,0.07235915739237532,0.11587288855319916,0.10929257126786658,0.07911856300485545,0.11464019451298943,0.27565084963882147,0.11901606512152378,0.35371811407430787,0.22462034247361584,0.2793719657254859,0.21969893360893927,0.27312119526144774,0.2121625159119818,0.09807871079013157,0.08405759207746591,0.15425075035975494,0.19064116665834782,0.2525487689182333,0.03144254520773903,0.00012086497188012202,0.1923307871774346,0.14015568447187876,0.09407505335284844
TGCTACCGTGCCTGTG-1,0.06539338513586382,0.17592525741364545,0.014995234585306638,0.06438112744148955,0.21154461003167746,0.13343392916699903,0.20048508499659903,0.11867928624332137,0.18060188765173263,0.2621326628683895,0.08659974189949941,0.06664952578491584,0.1497870317835994,0.09982768966344231,0.06897307494401547,0.052210192559699456,0.13271697910161673,0.06665376128136839,0.05472059080761171,0.088262627486386,0.048874035790914844,0.32138354184086043,0.1913342462029445,0.12554438101788531,0.07877498938346145
CAGGTGCTCGATAGAA-1,0.057999307220486525,0.20920152540970968,0.04386659077806262,0.14250791216571296,0.12326754780714623,0.08640387411797353,0.11498709887733151,0.2522529954098961,0.15793816591977983,0.5522575806222009,0.2152332871788723,0.23514413529337605,0.19232405130083086,0.22572246205356097,0.20879535942906952,0.13131290808778154,0.10083522897166022,0.22246047154913992,0.25205884735741985,0.2747321875341942,0.008738076413681167,-0.19063316793842983,0.2235982014989639,0.16027379172573203,0.1201936361640967
AAGCCGCCAGTCCTTC-1,0.0495469124331065,0.18474046242221087,0.06919339937851787,0.11767013754990176,0.2386876314959273,0.12800281256763824,0.261052222718855,0.19505003370505766,0.19538283309419968,0.15177652932668512,0.13280722123183367,0.13551714129584116,0.21342483885043675,0.14562458363656797,0.1173663741501537,0.10458955026808671,0.1274053963489688,0.07994478248531295,0.07473615747417725,0.10724613488412486,0.010587931608846203,0.17542827027368416,0.2190655987360326,0.15102694651161114,0.07385151682126385
TGCCCTATCACCGTAA-1,0.06101974650003264,0.29271023913223404,0.057628931788816846,0.11479598460693402,0.18965743609294022,0.11313666284683908,0.18178585750275797,0.13058595308185364,0.16502164869620353,0.3058524531497623,0.09656668479264946,0.09442655152006867,0.14164504405263834,0.09282110840977947,0.08387649741259742,0.11323128085880149,0.1455231384587823,0.07053855255909162,0.0699842512167945,0.11088300545884874,0.03182593908062014,0.43143969688734385,0.26721939993835075,0.19247051196548542,0.1272309426939616
CCTTCGAGTCTAGCCG-1,0.03388556516012181,0.21962957623667623,0.03001031331931063,0.10042855956370753,0.1888327325257119,0.12665584795588258,0.17336567816514145,0.13876036533629307,0.1774936472361048,0.2924659656001111,0.10074477239571787,0.10965355691613973,0.14859219845934168,0.12160632584045795,0.10365624355349409,0.08891186324461887,0.13214147016730515,0.10033312460044491,0.07539404428315814,0.1289945341995115,0.024302528472213026,0.36413260206303916,0.23233222270715767,0.14564310896248536,0.06655658297011349
ATTTCTGGTTCCCGAG-1,0.1920301702757877,0.26925802127822,0.4069607006735014,0.4682973120482644,0.05995817879963769,0.06470325246222154,0.0825219565966951,0.05757520904777143,0.0914979760955755,0.24705655566852755,0.030500882898646806,0.026459086033529332,0.032544043080419874,0.037441552493022216,0.012438756296721122,0.30330850362035616,0.19616992999896413,0.06893704556745858,0.07194031942489307,0.09638615625815626,0.07340416881060284,0.3929393453686829,0.5435760613605929,-0.016170667148950105,0.2598740303964885
AAGACCTTCGATCCCT-1,0.06724652777314283,0.13806168834317353,0.045545184096485954,0.0818353267033056,0.10703004802928225,0.08811282947971247,0.12321742808060819,0.2556084994131391,0.1282159586374777,0.34503471194542684,0.23096965515140816,0.2726203433358828,0.21661180306317268,0.24159226546704676,0.22170287987710166,0.08630536148118757,0.08914964487123944,0.2319153330434573,0.3962244172656884,0.4998222352732482,0.015066265110428016,0.24449780617452385,0.15642419972514046,0.13457230895961386,0.0879177984573568
AAACGGGGTCAGATAA-1,0.039614359264315106,0.1773728754936712,0.06760602732947638,0.1023052973365885,0.23931254537703667,0.18541841231858547,0.27137913302683386,0.17478986252563483,0.21895277510818906,0.14586509254440086,0.12304728912586094,0.1130693410908269,0.2126907925621077,0.14803019552071595,0.12899590115096737,0.1042914243610825,0.1083123703481693,0.09445458284649491,0.06241368057238217,0.09168270334954245,0.02542145616057891,0.024253886730339822,0.20773367021249012,0.17349516494103967,0.0824209163010369
AACTCAGTCGCGGATC-1,0.06316081439169971,0.1984963011966604,0.04538483064249688,0.11335236772935252,0.1322160295529051,0.13195786357002678,0.18625228976463432,0.31100056039120505,0.13129953999225252,0.39991422043309854,0.23199586587051566,0.27164664732110466,0.26759267540410964,0.26598710868054265,0.22376404447134324,0.11108150831021342,0.07853613089847764,0.15669479868988093,0.16941553790255096,0.22478271047358828,-0.008336430013584261,0.01100684857209535,0.19236980139236273,0.14689609005767926,0.10191763579886169
ACGAGCCAGGACGAAA-1,0.04516649272460555,0.2257536404213097,0.022588335352321326,0.08538726894901294,0.15766885889159088,0.09965438164979476,0.12012506780687036,0.19511345852935597,0.12474951214350322,0.483428786253165,0.2697113665686498,0.1964516933141457,0.20260690035236747,0.20210267190326717,0.20575991394133877,0.06113680739201786,0.12373475640064001,0.19543571800209736,0.2112622454265262,0.23492709607774326,0.034472649808270334,-0.1344263473434535,0.22761490391140551,0.15290858051355402,0.08502578857809849
AAGACCTTCGGCCGAT-1,0.07879837507525377,0.20482043726274596,0.05925229222307784,0.1418115865084525,0.10454630785803867,0.09853467688430405,0.0891879629534723,0.23401556591918923,0.13843212217432488,0.3757410131124142,0.20233424328972008,0.24969662389092703,0.21337176130920787,0.24262680536941247,0.21578635509205082,0.12982509482486634,0.10746872358410078,0.18342575928790777,0.24328217150970002,0.27328065677857344,0.014467813032585649,0.30646179155725034,0.19976724824367545,0.14484889085952546,0.07214967234326713
CCGGTAGCAAGTCTGT-1,0.05202686873233632,0.23192691216671452,0.08653908970305109,0.15437429035524214,0.17952295827202727,0.11218913462401009,0.18803268085582814,0.27993170426998776,0.15516312588774922,0.4547194036269528,0.22625677757438364,0.24176941755650727,0.24311998965727427,0.25180716768862,0.2264592600709671,0.14455088185953685,0.10193873620627258,0.20426367665596554,0.2468123855142411,0.2613422261330814,0.019755156375133566,-0.047330911137170605,0.2574058914181556,0.19172772330231472,0.14465395304553194
AACACGTAGACTGTAA-1,0.04651635240764556,0.20672672784338153,0.040040889754584516,0.09076220888930708,0.14504021527233563,0.10680582214339251,0.1399261900088281,0.30667539368354574,0.15757847013336107,0.3874891753560436,0.24127928733095172,0.2988340213401097,0.25604305607948025,0.28971552815100987,0.260866021512089,0.07411584690061486,0.07240620018159441,0.245818026099846,0.2355386422207353,0.29597892464455744,-0.023353761457141676,0.023546280173724468,0.23960031851284752,0.17748810115525865,0.08529983825275846
AACTCCCGTCTAGAGG-1,0.02593620945793954,0.17627415762429327,0.02895641542878351,0.068973762226805,0.21093259933788752,0.19181736280342498,0.23367415111642176,0.3196901144792624,0.2289123004349601,0.20752867330153466,0.2469932817001663,0.2017526498138225,0.21476565455827504,0.24371881320224612,0.2623820407800906,0.07826236811747232,0.10617600464440742,0.1707514423817997,0.16240107873001888,0.1735551777335558,0.009897549315466325,0.2366656337453869,0.13856242722986337,0.12548193499261498,0.0638992335842343
ACTGTCCAGGACAGCT-1,0.0014397888697695828,0.13805531763453935,0.009501494164406977,0.04834109458644211,0.46360781496678494,0.20768503671184974,0.4007746363872046,0.18711794686755143,0.3755142949228722,0.35121330559638236,0.1424776347995846,0.13720933002047278,0.2298169697950254,0.15787508759083055,0.1598987417365687,0.030808227779653658,0.10970762742939733,0.061444951932043274,0.0642831747495034,0.07602242320366542,0.0541544551220807,0.334135296482827,0.18460324089490174,0.09700074923666895,0.06566401378698326
AACCGCGCAATCCAAC-1,0.08911794535808601,0.1425689044882165,0.04470830967196355,0.12055023927579964,0.08021265436180366,0.0860933500234821,0.09563440205854432,0.2540777743815286,0.08779796288545447,0.24257100538124315,0.1909054970858973,0.23796141158446718,0.17334735292870834,0.25306246615493594,0.20112892539681973,0.10983535543087954,0.09685845604821712,0.20222621271242372,0.4652381633218292,0.29209940380861005,0.0035941425821318504,0.26128900051644416,0.16333222351051194,0.13441321256457658,0.0638668641937019
CCATGTCAGATCTGCT-1,0.2348711532182287,0.30684718885096157,0.4347748091341298,0.35588468856423244,0.04981411631259815,0.05267432146986163,0.0641520974263144,0.07529653251262332,0.07694952127539474,0.2256946220766814,0.062399065885174965,0.042878380066356504,0.040885008634641215,0.055454970669995586,0.03720090779492813,0.4625075256203365,0.210366899091672,0.09359665725769942,0.0975400453447472,0.09691641639854039,0.08530158261061553,0.34964733991196295,0.4878854742388391,0.033461070604362354,0.29053444816219676
AAACGGGTCTGATTCT-1,0.16436229682367579,0.2686337726887147,0.5326335163853037,0.1385719571218862,0.05068492321286968,0.05516229269406169,0.05672534482784134,0.0656314270129513,0.06649971020632388,0.17938890377952774,0.03565812493250613,0.03203489749343769,0.05998234917041127,0.05464062537045889,0.03614823964809951,0.39450958654047696,0.16677110046024207,0.06429951605734188,0.033867996321419715,0.07995270976778462,0.069628076365504,0.33661705271489484,0.48460754004381007,0.2809851075991078,0.2831505252595827
TAGCCGGGTCCGAATT-1,0.16057634578202878,0.2556961975537958,0.13267604931647337,0.14487760416484943,0.015032267231951602,0.009260384443737613,0.00518397420363235,0.040410849280475274,0.019005028222538363,0.14524107647426207,0.02911591597211038,0.02738435300024227,0.01556675467275697,0.024078352812949917,0.024762017497682386,0.17736967271886858,0.12804775434027882,0.06679734010434406,0.0888798150271324,0.057579222758719684,0.12338965198321948,0.2147482598708509,0.29619055837439034,0.2461364176973747,0.4531284717231748
TAGTTGGCAGATGGGT-1,0.0288644794182384,0.2312182229243597,0.05547563194287658,0.08111842446001834,0.19579958698587702,0.12236149084413783,0.17324829640434464,0.1118650220389859,0.17573442465678568,0.2847125634366925,0.09549647497887362,0.07915364341592217,0.1645664355799555,0.11517004048562286,0.10391566034373201,0.07308813546626203,0.11532255972876895,0.060836894062798165,0.06184070961239513,0.09751606022795184,0.03139291297719599,0.36036376220549177,0.23846639711195947,0.16746941178605493,0.08024728010305836
GACCTGGAGTGAAGTT-1,0.06134618328216307,0.28189050560217915,0.09263413804602293,0.12138472938506487,0.19188240209602012,0.11634261484907335,0.1841943494308828,0.12516077984713603,0.16268516880424425,0.3071137830805728,0.09801118334286792,0.09070675752865345,0.1386062481369288,0.08914753625429228,0.0903806269455878,0.13070776905155027,0.1302269413317864,0.08865318224146866,0.07411160685841425,0.12467685126793669,0.02867761213207094,0.3835596483898294,0.2767832286793173,0.20492372846013818,0.13005064838332836
AGTGAGGGTATAGGGC-1,0.39690715157090684,0.11704425943899191,0.06641564615674037,0.12023919013784777,0.08034666904876847,0.0469392950635301,0.059509957634356875,0.053232401299289,0.11369079292353794,0.18303879301429524,0.02218688748539555,-0.0019916488655808257,0.042901079155330646,0.005976732924423751,0.006838018224126313,0.11567129616818657,0.5384791569285696,0.02687458535941998,-6.98843703101651e-05,0.019584009079615928,0.5833865923046723,0.23065796347961323,0.2143582345780542,0.1942019434348067,0.1839004937679071
TGCTGCTCAAGTAGTA-1,0.042877639367897125,0.2010283101887052,0.035207446778975415,0.07596480010748774,0.1976186123951794,0.14207018916352868,0.19391715760299413,0.16201530194141758,0.1826877912702212,0.051128416314677884,0.13392471062254632,0.10161398470812724,0.1566397909062319,0.10154655395848372,0.09601262749949768,0.07301986899626518,0.12213882183666275,0.09487905916685095,0.06912725889302758,0.0970638766215788,0.005311443623383934,0.0727833691780776,0.20511625668222927,0.12323361024433875,0.08066399119248978
ACGCCAGCATACCATG-1,0.024016934579347348,0.20556721164234656,0.0793015627212187,0.09741254496204743,0.1310584247312679,0.1546963021028188,0.19851632134104516,0.24121439203586625,0.16974853157241374,0.344626676905481,0.23789293055779034,0.20674158269984458,0.239606081017507,0.20316756933876784,0.24244051773940564,0.08652443453732143,0.12330739228636378,0.1988345895626509,0.1676910572185574,0.19556097750704918,0.03440423111090046,0.026255189779805697,0.1890690809548997,0.14431417406038471,0.06240479804494768
CGTTAGAGTGCGGTAA-1,0.1344318361967695,0.2559732548317719,0.46330696056878223,0.07627931159330695,0.060370711849754725,0.05623369181751365,0.08513802422478318,0.04989387877968122,0.08157057361095589,0.23036529203676145,0.037088712021830283,0.033066665083797235,0.04085451186343781,0.036693743053578885,0.0071454657147706265,-0.0022770353805237928,0.16182554393986467,0.0726254827431418,0.06017903187949789,0.08084224544809876,0.04394491190346112,0.4070641255446645,0.5289312923990509,0.5630531929675713,0.26108557357029666
AAACCTGGTCTGCGGT-1,0.0582349642103906,0.18190584757291828,0.04104946414051251,0.09260014682568399,0.18786943396798075,0.1038968749799282,0.15141851081608051,0.10289908902519176,0.14499883274576494,0.046359934160852066,0.07369603333802113,0.06800844695861206,0.17669541922923496,0.10419996784276428,0.08485564339022494,0.07172382827107404,0.11211629494681301,0.08168638109312906,0.06698648034158816,0.08790898655673586,0.01603956095702159,0.09303287835550955,0.17899470950719798,0.10806774693937789,0.05538520104798364
AAAGCAATCTTAGCCC-1,0.18412836880681285,0.21654804205811887,0.35895030043194576,0.3439571155479515,0.014945489490460208,0.02952978907073113,0.028785948938297567,0.041119104137000255,0.05631933789542158,0.15422243980178513,0.02807788755373792,0.027344953868874266,0.04963282799888314,0.022939985680598306,0.012642004569315567,0.31535256239977694,0.12520606702211323,0.044236189849662315,0.017170107607615778,0.054024527959915865,0.0451456564486399,0.268377634854709,0.40735115301701713,0.35854445705936666,0.21519543063806384
AAGGTTCGTCGCGAAA-1,0.1580315493066237,0.25898263021900947,0.4594835783484099,0.6524258013877842,0.05325279160266575,0.049661415905395793,0.0795707733724116,0.06207478572309716,0.07247716538450433,0.23817621351831014,0.03226161374093013,0.03956387270890886,0.03683944766757386,0.03355824521440912,0.024924775711168346,0.55937319762444,0.15566558104660244,0.06985656448587395,0.06621225588637016,0.0982963244697845,0.0700034037427077,0.3578802030499128,0.4922137004331281,0.5603886241517587,0.2801673453881227
AGACGTTTCTGTGCAA-1,0.09526288855835337,0.22495050619171447,0.0435047572796659,0.08513976124196203,0.2132344186721399,0.1566817386009143,0.19972281386504567,0.1393087221746654,0.17360934594360672,0.2847338216522122,0.12680226687282023,0.09926980256594878,0.18110409825000912,0.12141543351354628,0.10262206876455844,0.07796720084829215,0.13428229917887402,0.08383721711852159,0.07748278194554678,0.12292857734767965,0.027423742463488582,0.3405010766032976,0.21181373475426105,0.13091281499783164,0.09462355624616779
ACGCCGAGTATGCTTG-1,0.0672446110746082,0.2998416118312129,0.034542742041387665,0.15030011317595293,0.15892694754795636,0.10597328743276974,0.1660111923579979,0.2919222540643072,0.16209809651662235,0.3749261431686915,0.21468008233357025,0.2589522340728672,0.2724033110996429,0.2775935630990088,0.23308639093747333,0.12517086964793125,0.11667948010800053,0.15454606943654303,0.20901789046835406,0.23350379859809783,-0.008989695957710387,0.07051256803047298,0.28866578828640743,0.21257053103295342,0.13475803684707893
AGGCCGTTCGGCGCTA-1,0.16333018528229465,0.31151749817443974,0.15190858723237427,0.1701691744486083,0.030969919363802136,0.013807827248701,0.024459058945770044,0.040473341505783265,0.03625150122923905,0.16784966246531577,0.03845775973539848,0.026444327389700373,0.021759382628090292,0.029982657655152206,0.021796218516503072,0.19667963986578502,0.18473048568494763,0.07050042467831848,0.0846820066261737,0.07530114765843494,0.10883595443511572,0.24732034634536978,0.3588918865308428,0.26914758908552483,0.4718750189006045
AAAGATGTCACAATGC-1,0.04350569947978364,0.21874400041742098,0.06935033735012555,0.10952309312180453,0.11710556388131074,0.07301928199027706,0.14523259021255155,0.24569688245842924,0.11776475083296319,0.43276031077333627,0.18802469808436043,0.24443807471978626,0.2379580692266954,0.26675683354969865,0.24207426500497342,0.1042105388210395,0.058444455632502924,0.21864830313725492,0.2158838330953983,0.2738322250487929,-0.023410115715892632,-0.08474184355131362,0.19232464124566734,0.1431174713755019,0.10706608332772131
ACGCCGATCGCCAAAT-1,0.03797656158209669,0.17911185480142422,0.04794813248622906,0.061707756420070696,0.22596733560332102,0.14480046319248807,0.21167767980334323,0.09695989113746172,0.19429848535148198,0.12512009161452545,0.09574692544942662,0.09333981342691879,0.18083604480017704,0.0974629041200937,0.10999137321710445,0.06732124219242355,0.13598405425117924,0.03931753859710598,0.050273709213067404,0.07477318908951232,0.05175123869430355,0.016921714829035796,0.16132030974343717,0.11986006621141944,0.08266283595814013
AGGTCATTCTCTGCTG-1,0.2943004778908289,0.2196408670997257,0.09853016885231991,0.12298815454938572,0.09485069699472098,0.04455091983988662,0.07626571946942111,0.02662779653779406,0.08000374169358947,0.21838470120929346,0.01593000718040078,0.027429139243838403,0.025986965680668432,0.0006247096917524098,0.0015668911949221385,0.12397973218505005,0.6106583674350269,0.04510114408881512,0.020753135396207403,0.042580882162953915,0.19752994527831932,0.34662918767957246,0.30870259981122267,0.2896384093163212,0.2048731158097762
GAACCTATCGAGGTAG-1,0.05945046739670503,0.2502006205060719,0.06909206639953155,0.1107068179308141,0.1924238552392649,0.12092378828412875,0.17594026199358018,0.12732318888099406,0.19002502052658607,-0.044631900297033074,0.0941078890860559,0.08350027935150768,0.14045233414512223,0.08202671259005988,0.08433502582899043,0.11908389627617756,0.10133628935589976,0.08156068025913095,0.05045507117695004,0.07655848738300348,0.02853911850699588,0.21718297129642242,0.2142030380012663,0.1618964734598814,0.08757158411719955
AATCCAGGTCAAGCGA-1,0.18625549478641998,0.32271149381947206,0.0868563437861215,0.17285458483406535,0.17538387340290593,0.14179536036426435,0.1533008344232931,0.23133576981580944,0.18075108751600494,0.19741767283998746,0.21595800799352016,0.2350008787818508,0.23279328963242513,0.2411607857362594,0.23361497349594176,0.18448293570745428,0.18672573399901923,0.1379018569998656,0.17444289034973268,0.21692084301339168,0.14770316040876408,0.14066429374627593,0.29849713535968553,0.25719794639332516,0.19729762028376568
AACACGTTCATCGATG-1,0.07820984427425894,0.247021283884649,0.07263500373146947,0.1404875259390937,0.09761278659602618,0.09097074808284762,0.12046119036355839,0.22921165550027364,0.1149819715478697,0.39949396213402477,0.20012438820140765,0.22545315932898305,0.19787714315173385,0.20817533910867203,0.16444664769467982,0.1356482259707045,0.1269213912203306,0.2167804401578149,0.27751488391009477,0.2834700846502174,0.04379039893546955,0.34642673057320655,0.25077324335993073,0.18888253417767648,0.1335618649723245
AGCGTCGGTGAAGGCT-1,0.21403004508477871,0.1460069110042451,0.038674195627287244,0.039740647860853996,0.04837134309364273,0.063013557003273,0.07131612433442122,0.04004686209230748,0.05323004418134803,0.07224874350102449,0.03937958918787157,0.028395823068062237,0.007616455754932289,0.006170179940713852,0.0066370930811362645,0.039566308392508485,0.36269707426736175,0.03576978065853534,0.03709621057326656,0.030510696132586664,0.39166470034365025,0.12499515022540271,0.11196287019010456,0.10504147457183254,0.14157674895817007
CATCAAGAGTTTCCTT-2,0.1344142471884282,0.49546370851619,0.08507823763836643,0.1615396075045282,0.07036104084243533,0.018849968248143476,0.042296866952868634,0.044388029621761395,0.09604372819004796,0.21887307987127466,0.011123298820598862,0.0068991263183155686,0.01974847291791396,0.014909426357321056,0.009671495322563678,0.14206268896621002,0.16581707380547012,0.014445678213742404,0.0037780806046974575,0.02974832831982649,0.06938496648999157,0.3763223164140115,0.3436202715256221,0.2553597084879398,0.22447043511019
ACTTGTTAGAGCCCAA-1,0.06114195535673604,0.23839802744045463,0.07782792379795922,0.15566642006084436,0.08642351816818723,0.020321510644775224,0.0900803804471769,0.24029994849648192,0.08345296750325562,0.4415726415240997,0.2275980798955873,0.21813884085659155,0.17641005204140875,0.22962944997606477,0.1709267620251331,0.1626766296543224,0.10155073009185082,0.29971654031937034,0.6020079081458801,0.47939966585008864,-0.003802217952870614,0.18376520795191084,0.24482854026112955,0.18110928789813469,0.12773580000140805
CCTAGCTTCGTTGCCT-1,-0.0063576275897473215,0.009570373271751384,0.030498861472997595,0.16141022672868147,0.04647047677690654,0.2021543139568244,0.048332549081197766,0.040827271469429306,-0.003746293341908828,0.19015130777071632,0.040001175560347525,0.047002232206636956,0.1715561034474854,0.2664242732542847,0.044798678392858476,0.059005323276067646,0.1711658252960363,0.03886472261385254,0.03982124541208276,0.19659893026614567,0.05844402927598607,0.04407081999818181,0.0280181893610303,0.05586177197447376,0.016012639089323738
ACTGCTCAGAACAACT-1,0.09762707597247108,0.1810563728846976,0.07709039485639102,0.12292557325362176,0.08068321711864367,0.04810358563108549,0.05828495018478324,0.13226142843907038,0.08021009064474846,0.22158044003327623,0.17263989302804456,0.14972232756368842,0.09616275844422585,0.14616448537008475,0.13053414740705285,0.10700566477644044,0.09928130686738655,0.23122154562405237,0.23288585729986414,0.6292499173385139,0.004305922736084338,0.24412803901392316,0.20256350654961272,0.1628185049788133,0.0981314157852694
ACTGTCCGTCTTCAAG-1,0.03261879829050929,0.19216854587103022,0.038728793977451215,0.0993026099511577,0.17189312999776926,0.15692871720268178,0.2456031161367592,0.21691615540832251,0.18423838422263908,0.11790903287022347,0.15571563086698806,0.1447488842024151,0.2049598781349819,0.17347002849221554,0.14608441300871977,0.08252951202087658,0.11802490664591617,0.11742297506785505,0.11154989073138329,0.16941274869587986,0.012995179693843914,0.08380963692354224,0.18460203490927574,0.11250343519083648,0.09544194110753293
AGAGTGGTCGAGAGCA-1,0.22555282065293922,0.22596075656251424,0.07162508042621692,0.10346901895329907,0.0952831383187421,0.06775597136787376,0.051377331685808866,0.02826329952152236,0.09217253660003988,0.14487790605006523,0.01843776230385451,0.0031702008513336674,0.02570304241696823,0.0007397351166809707,0.012193029133912556,0.09622509757480459,0.42320406428067747,0.02496442470499079,-0.0030754069364263004,0.01042335819708081,0.6471042965048804,0.1962123669529294,0.21418913244738463,0.16485547813996224,0.17036003378844913
CCATGTCTCTGTGCAA-1,0.07150976672761954,0.17493551887101566,0.09923249759430226,0.11994064780710458,0.10963294821075117,0.11545436944107519,0.10166173131673815,0.2196155683444847,0.13135426944373327,0.29822023750655,0.26279482955031686,0.2308421486726661,0.18780993175448227,0.22844317452520568,0.20694271942266665,0.116425037121709,0.1261143944536204,0.4548434121752422,0.315566343260532,0.366766862541107,0.024473400908124353,0.13645756102376252,0.1841189655999754,0.15244881902228166,0.07157168882498616
CGTAGGCGTTACCGAT-1,0.14994755630866222,0.3223218313226853,0.33210879620683437,0.39178380222971965,0.10365130947465859,0.08526660717536426,0.13219336417419744,0.20894120664612786,0.13529005773139008,0.3609344445752435,0.17085857337312624,0.22072783717550043,0.14780605993252127,0.20092103019446786,0.16752772527936866,0.3556189553805946,0.1748508296182169,0.19794042410462068,0.2237453456724718,0.2335096331540698,0.07378425068822192,0.4767857376972011,-0.01717800509346082,0.5322205530616513,0.31746748582935475
AGATTGCTCCTAGAAC-1,0.45647999844260795,-0.15439583135210647,0.09892716879878038,0.14471738588433267,0.0913830505098954,0.046257400440161696,0.04912881157666811,0.013684065988683852,0.08783214980728966,0.17483872192649866,0.013545431475156446,-0.023584507655675088,-0.00144813170129628,-0.02502517869133251,-0.013764245376282984,0.1297479082263209,0.39596876288179866,0.028443166765667122,0.002099604662742022,0.004701282314091526,0.2014103327907407,0.18823878550296297,0.2402243587916472,0.19157517721844997,0.17914092910075635
GCTTGAAAGGCTAGGT-1,0.20769059945913546,0.29862066249528646,0.3307874238172788,0.3727197351710384,0.03488570509445366,0.016369625371238976,0.0473615167813482,0.04832113151790118,0.04059472323979308,0.19660658121749955,0.02303832890263399,0.02678093695826874,0.01701599625400216,0.03806312574516656,0.031178939348754126,0.37235510945770217,0.1924796081978312,0.05792397833504276,0.07369959628911285,0.07935390982394716,0.09341056603708338,0.33155108621309143,-0.0024684323450257146,0.5461635341110426,0.2915738377482946
GTCACGGAGCAGATCG-1,0.054311329673912744,0.23748251890008654,0.06727055417767451,0.13467072255862708,0.10901385024309418,0.08292949904098929,0.08031014110336554,0.26142973264799424,0.13333334107108255,0.2873277978691095,0.2387860869026493,0.26978796745127676,0.18112579049208943,0.23035221434727526,0.2101326076794598,0.10991402934736637,0.10472343648257199,0.23342923948771344,0.2932129057610417,0.33776443682479,0.012012237001498336,0.0676968100312888,0.22841321410282445,0.17083087470286065,0.12462830902157282
CCTAGCTTCGGGAGTA-1,0.16496985190958738,0.2792717304100712,0.3384298913239561,0.3621014933488852,0.025023742342687418,0.04441252029958942,0.028600405866025073,0.04073735582430028,0.04807455013001007,0.1630420708959388,0.03848013715926342,0.026280075417997883,0.016274203525919736,0.021361889057725725,0.03091724169218324,0.3674431959909493,0.1354883579505877,0.08731744501610965,0.0610589770464061,0.075219218327766,0.08154782748364765,0.28509505674835417,0.41751696008564093,0.5062393241751808,0.2244655483576619
AGTGTCACACCAGCAC-1,0.18500833754123772,0.267462213662429,0.41465302164548673,0.6059244123801203,0.06836971937550493,0.0314340569290001,0.056471187106671976,0.043753452624607975,0.07925246254958662,0.19843718970280091,0.015145451647324684,0.02798485029164372,0.01773429205110345,0.03201168971622617,0.014408995240226931,0.547007001910506,0.171104729732247,0.06451609137427032,0.07413692516618269,0.07449438420120182,0.05330388993273413,0.3161777837803432,0.44957931005515045,0.4775067462657805,0.24543094493250014
AAGACCTGTGCCTGTG-1,0.0519600304507976,0.13842046146535755,0.07139547487276791,0.1241090107875328,0.10055944747835956,0.04569360592753384,0.09389121985259269,0.22321296627146617,0.08659142213708443,0.31452469322962334,0.22026282378527812,0.23611988133179546,0.16175071636012184,0.20968299978961524,0.1782141903924198,0.10150877872850164,0.08035105584664057,0.37596226886790796,0.5228572572322101,0.44419630167280344,0.012655510413704232,0.23619930523871668,0.15334932595964973,0.1153835177221955,0.07467217903344585
AAGGCAGTCTCCAACC-1,0.07874396834458629,0.1957472735759823,0.05754862135106758,0.09505034695597503,0.22532473121069777,0.1921864420096068,0.23716573035384594,0.2247243213440645,0.2577671626467663,0.18035219875246064,0.17152731552826336,0.1574696758033938,0.22679944560919152,0.14605607283438843,0.1774543942182893,0.09671129891808233,0.1154507726705645,0.09153519974532183,0.07363455174380248,0.10937566370396565,0.02365356608456965,0.032997256804889706,0.14742277775406953,0.13094194870177092,0.06844627964044399
AAATGCCAGTACGCCC-1,0.062425741530779205,0.17733935448310129,0.07757441825340708,0.1092959243489475,0.1826233065408017,0.1253543640165174,0.1658238716962839,0.09752789749947725,0.15948232091385953,-0.06166244822903513,0.06691728387519329,0.05949406891873199,0.13604969195976296,0.07572777813133176,0.06634032491716509,0.10957407106662267,0.10936662319555725,0.08063959740511274,0.05474305084060483,0.07055878747147958,0.029078891013358827,0.23255770552085944,0.19355677035260993,0.15423087294121787,0.09543996194152178
ACAGCTAGTTCCCTTG-1,0.02515870073209033,0.1915774401794087,0.01926741748159122,0.08176500590948173,0.18245292910486716,0.1312138862190867,0.20013888974205948,0.13234528452329664,0.1446127057798855,0.20457357421319372,0.12099293230563175,0.09351362451655684,0.15215714443290693,0.14296609358984164,0.1272415012444841,0.06882400336627631,0.08961784578815345,0.07059988202433345,0.0825382024081272,0.09331075008449131,0.03552545378308739,0.2675807480900345,0.16737831193569488,0.10649649372215948,0.05585190121883586
AAGGCAGCACATCCGG-1,0.03684617276366881,0.12540002866735553,0.05398674535173048,0.115122084398874,0.1560944582016295,0.08394622141648767,0.14884933636081232,0.26668469272019835,0.16987084571026473,0.4368235374825708,0.24907540792196683,0.4542201632293286,0.21596971496244588,0.2874267450726552,0.23625238989959255,0.10903996391635097,0.0635082023163272,0.2265972786409991,0.4384251712868764,0.3815252120882418,-0.006355411068306195,0.27921652932840024,0.16694459262383704,0.14065058105141467,0.05159648704037146
ATGAGGGAGATGTGGC-2,0.09673876494710817,0.3091405450885954,0.07966612674104032,0.13733348580440385,0.1034157822875712,0.0832418268858287,0.13836971366118803,0.1225365931823583,0.17781036528490474,0.2938690320978578,0.07487229749152131,0.06913928027498342,0.1095961491477894,0.0728482910505423,0.06367178441524492,0.13012654995657527,0.15000229245613708,0.046496186457003916,0.049329688628494205,0.08267015528826854,0.03990958347918364,0.45202426357847153,0.28647443504839987,0.22309685735069487,0.1698011956584917
AACCATGTCTCGGACG-1,0.028471477931774427,0.1694030682705361,0.039791278769533575,0.07487963211645199,0.15293638750914348,0.13999188879420738,0.21031731195377512,0.2324200501610748,0.17488429510415177,0.3427036109007559,0.22112064590590771,0.21875744734025146,0.23332308666312732,0.24082631599821505,0.24479031389921319,0.06781216282170274,0.063649051310415,0.19480569419099258,0.20920046353230556,0.22874637658519686,0.021142956388435722,0.28403038277842496,0.17462497162561164,0.10099420153057777,0.06254680379166752
CAAGATCTCTCTTGAT-1,0.05249214771686632,0.18270314089399334,0.06552013476358502,0.10459479012335854,0.1284442635549093,0.07732281491408297,0.14598979863380968,0.22714043174044543,0.10838324572957045,0.40865656174518605,0.20726561501032859,0.22395844548061603,0.2059391431999483,0.218108604148528,0.1705210644152304,0.09959132882680363,0.06897970136599797,0.23790648488438426,0.38368567592068775,0.3405595081169736,-0.0007848192864205788,0.13606258690091722,0.16995570011266553,0.1193582453390154,0.10005132344577151
GTCGTAATCCTGCAGG-2,0.05643091929749856,0.0976448570722839,0.04103662028766309,0.03416551780678021,0.004672567961759929,-0.010495369494668545,0.006511367309165479,-0.010090159828895348,0.007366553418615673,0.04365522754710611,-0.010454008939535549,-0.017938647872998214,-0.018218608769887772,-0.008103623975197488,-0.018766328652097514,0.04082691438852794,0.056269590477109756,-0.011516687433150178,-0.010818913112461272,-0.00509929109285318,0.060734606678682856,0.0845781393058663,0.11391239226395941,0.07254561787138311,0.20238077339332325
CATGCCTAGTAACCCT-1,0.009641856130520788,0.14189176122198144,0.019975629277085953,0.03900283390888297,0.5376210604313368,0.18769099164522884,0.45227613339000505,0.17877288986811676,0.208334197126869,0.32818375175264225,0.13204204388157914,0.1315456791096538,0.2055141190623313,0.15752217107601774,0.137481096410551,0.03039182872808465,0.09770478336896106,0.0826254740029045,0.06486443616798011,0.10761015992398956,0.05523933212845099,0.3018276253228413,0.15530175194303986,0.08164710893029285,0.07105759704231022
ACGAGCCCAGTTCATG-1,0.07140082332973537,0.18905281152698883,0.08292280191968784,0.15901360641976922,0.092513087092382,0.08691918908491168,0.09631070207679322,0.2712154588770892,0.06311640797637867,0.3063387998988297,0.22613742329916386,0.26531906065457883,0.17616158117853498,0.27015661503656685,0.2036462006560606,0.12610560230380902,0.07803877526736686,0.3013094398730919,0.5582466365977354,0.48685117219995067,-0.009567111839067421,0.29859747308522216,0.22901684119844304,0.17810044950055476,0.11045413969008618
AACTTTCTCCACGTTC-1,0.07494363484303156,0.16863166300178192,0.032316080587964126,0.08860450297997,0.15384926220646228,0.1075804316057786,0.16158321441770498,0.13128692738671097,0.16521893600418944,0.1950797829173859,0.08676367043737634,0.08651110421381372,0.14486130588310703,0.09829169077982704,0.0913800016811172,0.07351901021479076,0.12376588175878463,0.04002078553136304,0.049675682460682866,0.05482068426231489,0.04263635626858554,0.2615270990567129,0.18313807985620903,0.11780759445015077,0.08720893337463893
CAGCATAAGACTAGAT-1,0.19716734672562275,0.28087612258885547,0.4444371434413681,0.6287813772405213,0.02922749295180049,0.03733573415562292,0.06334603847616364,0.06772725633545841,0.0813245482088316,0.29048913966688084,0.02708009969526261,0.04266968693865357,0.05030609974350037,0.0456139353158913,0.026225204632330548,0.5739704320985332,0.20000561444499998,0.07339794581067839,0.07587251534361317,0.09521674106780383,0.06944573174530465,0.3552065423715732,0.5286396196429051,0.5760262655879151,0.29538474215508304
TGGCCAGTCCAGAAGG-1,0.008237731908378764,0.1642517936108318,0.18082255425823152,0.028485502673781807,0.17680143719146463,0.1878289265412575,0.15967210357358935,0.019053770389722714,0.026458541088542554,0.03337753846114974,0.018610253776968032,0.0242306412305854,0.14543683209442984,0.1774972207549941,0.15418676485823124,0.16825639148330115,0.02852612583008821,0.1574899873774022,0.01396714452765624,0.15338359123133657,0.028684005130159878,0.15604356866646266,0.18633138781355546,-0.11215760185822696,0.007217700089534263
ACCGTAACAGACAAGC-1,0.10832661111270495,0.2440495018215271,0.08833739060172437,0.1443508501995744,0.11139906720835531,0.08033152541054714,0.09688011824828818,0.20282579624583896,0.10972888983840232,0.4724135488915294,0.19262918109573152,0.2218151311793835,0.15570545041561143,0.18577343498190677,0.16831925256142785,0.13489187833176117,0.14191137174025606,0.288333216831734,0.3080017731278141,0.31412831331034075,0.03352601254026439,-0.14092191932828455,0.2544747564330983,0.19213053670620678,0.12688847347848298
ACGCCGAAGCCCGAAA-2,0.15032210485892583,0.27813171645201257,0.18865975997483997,0.2039183490959711,0.06363844032168564,0.017271495623350543,0.0229763222964554,0.04770043644198371,0.034574083287996535,0.14164982571534063,0.030236591028284833,0.02301008898600592,0.012289964456979366,0.027679609137875313,0.020177502039329717,0.2447074736829898,0.15479742833323476,0.04333086213722334,0.06413048934888135,0.051078160307677735,0.13187049802035058,0.25032570748538313,0.36546194169277013,0.3027700563198446,0.49924835918846855
ACCGTAAGTTTGACTG-1,0.028157405232443082,0.24156066086264233,0.06101323141402606,0.1030626770961055,0.19101745772462309,0.12491460230253683,0.2005965218858241,0.15012982602427682,0.16361239984383943,0.28292969182731553,0.10976640897662332,0.08972925211809415,0.1410456046897962,0.10670475288582369,0.09173134660828211,0.10171321982753198,0.08301275683943814,0.05880876065966518,0.061554411905099644,0.0892916032414588,0.004680436350723579,0.34492803934758703,0.22110170915647062,0.14537828897499963,0.08728790067993313
GGCTCGAAGAATTGTG-1,0.1448912338812959,0.47413267180925006,0.08663609844480742,0.16495258045919323,0.14238374318375902,0.10638522552746675,0.14213449108962187,0.0842844469078077,0.12861479335364387,0.27374108091539545,0.07286934300066536,0.06130222407123203,0.07609358566784861,0.06346209194186699,0.07767450759426757,0.1591721134656797,0.19110107071439272,0.06809432052424387,0.05588639666212277,0.0875439246421673,0.08049688457954968,0.40513685070032895,0.36217182472334586,0.2645282613154099,0.20938144378179868
CATGCCTGTCTCTCGT-1,0.049148482901948544,0.22685628281228615,0.06500839354938169,0.14458758065377608,0.06939534026292656,0.07065033250302159,0.090756034574577,0.2219559892099383,0.06959649834406231,0.2698465330312433,0.17776933687342447,0.20943770918330573,0.14176460692701123,0.20045590886276834,0.1777067444043693,0.1425669288270185,0.09811933897176506,0.19442355922574456,0.24846638906283797,0.2570821511771852,-0.0006414346457678246,0.1531178239449282,0.24145402518807144,0.193264166128798,0.14242943889150575
ATGCGATAGCGACGTA-1,0.1110209652517895,0.1540542064651656,0.05877767714865582,0.12394647639909948,0.09538252103180674,0.028809222734741465,0.06253079226295945,0.016232087666657707,0.10411694979115754,0.1768076705872612,-0.006503609779782207,-0.011524639496337941,0.035583368211765116,-0.0035448976269576954,-0.0021861524057619885,0.1063024134744303,0.17507187103697985,0.0014080988879153014,-0.007004760604723084,0.014246434358005248,0.18760033629379558,0.25800046548494915,0.18898303389640045,0.21657688331696706,0.1957818388890401
CAGCCGACACCTTGTC-1,0.21029407945650475,0.282169576994371,0.40613676298650686,0.5997527762359582,0.035541287954874975,0.04713104751107768,0.02992289315202262,0.03499729090544069,0.06084622779859938,0.20231635686819185,0.006812232980111938,0.026870196145276703,0.015878559240617488,0.02199019817998825,0.004188396599886891,0.5180899240646635,0.16661037397249978,0.057597735776773455,0.05146771865404106,0.06117133327940604,0.06887830476222497,0.2943430668473533,0.4762156294317223,0.5367114748636841,0.2663003340684799
CCTTCGACACGTTGGC-1,0.17743346522208317,0.2886444032138961,0.394808286134695,0.4539247331765454,0.028475612773626053,0.0260687156178006,0.02999196332887985,0.04820359354239175,0.048443102228678564,0.19982736735271495,0.022440381731791144,0.030242842355118874,0.03623866143386009,0.016185705114664252,0.007837985690874226,0.47055681266514826,0.16119107509179997,0.06034060898920806,0.055529534690205135,0.0684133307048811,0.06461976662248164,0.3217872467192917,0.4767953165210689,0.5313238425015611,0.27570300711617246
AGTGTCAAGGAGTCTG-2,0.16242202456735566,0.28515965303834356,0.15728198033931237,0.20226918122070733,0.04387730565632217,0.016404425367737775,0.055791782386671894,0.026657837504970586,0.03046301062470798,0.15991034037479707,0.03436315189135781,0.011144027713002115,0.017214712467407682,0.024238340678393522,0.024333745042933216,0.21361042815290787,0.16215621898316007,0.06861973502741289,0.08862606325664492,0.07272502621170736,0.09605713101549528,0.26862860159852187,0.34389215658625855,0.3037825465265763,0.4604658715649611
ACTGATGCAGCCTATA-1,0.27428160350212516,0.3431062689967489,0.1073893621926218,0.20207896943977222,0.17363579875240792,0.14326060304028948,0.1806157340153283,0.2365688170490852,0.19171632122167498,0.3899055002416592,0.25716498471060933,0.2514376884232363,0.22408812578684445,0.24743001276039558,0.20848931290069916,0.19857409909881527,0.2667951822574709,0.18308873642232015,0.22405596426703833,0.2577891450958617,0.17771947395869608,-0.06560580365510818,0.3184131284927937,0.2679222088871962,0.22438212197910376
AGCAGCCGTCCCTACT-1,0.2680127934024024,0.2083427124943925,0.11845081475163348,0.17725749208962965,0.09329124675071843,0.055656123901837475,0.048117462631618445,0.05067506954336162,0.10219232207503266,0.18421185563185358,0.03224176946275423,0.014714278421137546,0.012942564154423257,0.01069119353307798,0.011598421194525704,0.16829053186501117,0.2674173837715472,0.044174196065296,0.029831916810218188,0.05083360292195949,0.18407598515807488,0.27893122337282406,0.3178080299516688,0.2599962390327252,0.24569079442278052
CTTCTCTTCGGAGCAA-1,0.027678730485674964,0.23854456283774061,0.025432196383981594,0.07263780249142551,0.26362959920681167,0.16778046274280198,0.24108814934842931,0.19645883479857698,0.2092130409200926,0.12836945227640725,0.18965156181365758,0.14434853367979494,0.20144101801573974,0.17870523151502513,0.17518227078232051,0.06466913375598426,0.130192246687169,0.1322787325647235,0.1028911293185796,0.15727989911000193,0.03459035099357006,-0.011170513306242058,0.23040808242840424,0.1383160208524135,0.06981314148034634
CCTTCCCTCGCCGTGA-1,0.1731136705757436,0.2798005731299003,0.37421179193553755,0.4079005340735353,0.03939711340263074,0.02584602808574032,0.04546354227195382,0.025080755466499172,0.04027331721098018,0.17110667520473613,0.00791317387506659,0.01146136705106747,0.01831893808250642,0.0061929733157136445,0.00011964440005452943,0.4470289736533243,0.15844784242477036,0.048606420775589035,0.0413324604060937,0.05590917589424612,0.06102737275958443,0.3010953133784795,0.4435475951884334,0.5090810585062424,0.244526411339713
AATCCAGCATTCCTCG-2,0.1510091386201332,0.3025857292954326,0.1374869978072086,0.17167346715656667,0.04454348972664342,0.001485807684763778,0.028749273304433363,0.044043967755679904,0.05019358658009837,0.14876695385048086,0.027850423706239778,0.012126276691053239,0.008567939881394534,0.025802429020940397,0.017790172600362305,0.1762631011525224,0.1437074303667341,0.04160957068162152,0.07709042596449311,0.05529086782116585,0.07913501246240463,0.25454554637435,0.32772282051559903,0.27066698424551766,0.48680518420205665
AGAGCGATCCTTCAAT-1,0.009206989482453591,0.19299924973255525,0.05157602960878808,0.08450651636209641,0.1484929877431086,0.17844241953704562,0.22795236503153854,0.1904618893682836,0.13384892475542862,-0.03735083395906289,0.14569479281077105,0.1139659923673253,0.1592987129351951,0.11520051595606018,0.14172216719826997,0.0833068135454517,0.08415409202184267,0.08552081316284718,0.08794917672687602,0.10979436916060328,0.0057096480922403615,0.21408752036057158,0.18684343774122983,0.1168663873552173,0.08969834347874348
AAGACCTCAAGGTTCT-1,0.03705737176528671,0.22913505618164992,0.03421456293332184,0.10066125446314012,0.20985923018178484,0.11885451430701248,0.1986731403433497,0.21233251676525813,0.18920558284110214,0.2621003607188554,0.17119523071122095,0.18548529454694346,0.24402116553761838,0.22162479723510695,0.18407889417888937,0.09097341460924577,0.07720025150232399,0.15283141626669736,0.1499505407833058,0.1750402877780638,0.0037594749936527188,0.045605212153253416,0.24032373346435792,0.1432100815356847,0.08417160619400155
ATCATGGGTGAAATCA-1,0.15964532001476175,0.06444030478866006,0.016769775590728373,0.03893274343513038,0.03363129644166292,0.01987090530638409,0.03552118805524332,0.01317888494734877,0.02107589570314406,0.07354814513691744,0.012895903962205885,0.018583487776393473,0.002348888583801178,0.0011036565463277061,0.001506549087110391,0.03304456990711681,0.18232024123649945,0.011158240218071208,0.039243935207257344,0.032223017675475286,0.2481237680748471,0.06160170359966885,0.07390537453435513,0.05298256507828456,0.07132632090961281
TTTGTCATCTAACTCT-1,0.05641765757583694,0.2372813355518683,0.03244873170223733,0.09461115956964887,0.20240539106026573,0.1268760127877541,0.16252307020450005,0.143086647720935,0.1433595628102132,0.14785023670752584,0.11831167343876295,0.10437323355425407,0.1880609291337793,0.1258346179753518,0.13724371464960122,0.0978339484427827,0.14368378459200615,0.10078769756857917,0.06372169987775132,0.08076932827679749,0.026662307803948865,0.015383711262748291,0.2343665106202947,0.15910194227831612,0.11011091330718403
AAAGTAGTCGTCACGG-1,0.027964147833489876,0.1478023640495653,0.02277309863745012,0.07326156748072525,0.22461181290287763,0.1548485566269774,0.18937921193477103,0.12838413985204367,0.16091506232043493,0.23045803379165664,0.10838612347192235,0.10814331127065907,0.17060288074265345,0.13101396813489216,0.12312427677340816,0.05749089946183788,0.1086127366022514,0.09154045539462172,0.06803163099038974,0.10584171254865994,0.02651087454725713,0.2829733104038773,0.17104372355769923,0.12353126314720297,0.05116851692009956
CAAGTTGGTTGGAGGT-1,0.3758816333121468,0.3399095286205081,0.07361422581369306,0.11818394333225984,0.05344588083047199,0.03975574314594754,0.05589332646067081,0.042156800624133926,0.10643066091564045,0.20587827283839938,0.01565811759655578,0.008987906939169664,0.037456263407619095,0.006071935817430891,0.03508402091469505,0.1249245773104006,0.42681451766590744,0.01159209378490729,-0.009940111603125044,0.017248845839008674,0.5203379509760924,0.41634231721106385,0.355256118281696,0.3113691815764776,0.1858279492060415
ACGGAGAAGCGATATA-1,0.05424718926365248,0.18826564128842135,0.06395795116419371,0.07489332063798676,0.17107286704149413,0.13544426626201508,0.22612850041861304,0.17791226303865165,0.20957602965722885,0.1617522397368119,0.15386632494600472,0.13586295504745682,0.21872641354093061,0.15979312286681463,0.16363911651919755,0.09111727383636682,0.1096594557335076,0.08475411434698708,0.0956448435349427,0.11530052724229535,0.01711923020697663,0.06448466748169877,0.2188073066359174,0.15266366468442077,0.08748545898166943
CATCAGAAGTGCCAGA-1,0.06056688655014483,0.12864040068335536,0.04700028692857735,0.1310068215671431,0.0476254499984331,0.07501911018088045,0.07260263797206847,0.21904155768347697,0.05452367879429181,0.22189219037563543,0.19704031088178206,0.2119837376670998,0.1626023651283829,0.1969780430696642,0.18840932294633309,0.11184790732658788,0.06689901164082017,0.24847443426952764,0.4552837969064917,0.4002008703363522,0.0005223235796807367,0.27710107084031543,0.16514693611733303,0.12290077937263628,0.08384243195419888
TACCTTAGTCCAGTTA-1,0.07047400590611619,0.1336956652540477,0.03082478555666683,0.05486727967025975,0.15815897954142336,0.1358020666676401,0.47109608410751797,0.12725402857592305,0.1604621027141071,0.32261361839705405,0.07100899768207432,0.0639537311051685,0.13425646073302797,0.08073356092485197,0.07054722026861242,0.07023401598808907,0.1005877907850963,0.04056390720280254,0.02359050006280034,0.06644241450418496,0.041586240220364244,0.30968237587464076,0.1489186619632243,0.11906281988436711,0.06924005609097873
AAACGGGAGCCCAATT-1,0.06577039963295592,0.19957071421147746,0.07228617924642293,0.18190956862151547,0.12957915036863338,0.10775211500155371,0.10722857144272954,0.30133123251988375,0.09601731034756252,0.35676809044176633,0.26228791022539966,0.2920216252807009,0.2445919430281449,0.29880626541404287,0.26193917159543006,0.15699373476090375,0.11852136622733485,0.31033223070374794,0.3431832654293787,0.48279482057351103,0.0221926271048054,0.10829614245886476,0.2483867373295914,0.21960542762249907,0.14930336457325133
CCACGGATCCCTAACC-1,0.04432163352697056,0.2530044551254568,0.09495883828163168,0.153193729262184,0.05388141916520359,0.03758107813138935,0.09986158754284984,0.23383769128704218,0.07113112764981089,0.31420695251900477,0.20486848839126431,0.22270065416750615,0.17456967955769204,0.23728186264833376,0.18729087728460161,0.12978316615350544,0.08968714087871588,0.2208614039219451,0.28631008368229116,0.308616263275268,0.0032742017752612827,0.057582378155755114,0.2697805824728544,0.23985595780743693,0.14348887500904778
AATCGGTAGAAGCCCA-1,0.13094382808070648,0.12637330319689866,0.043010332624893774,0.09689470822434214,0.03826703900462683,0.014353611616309103,0.039899234003707866,0.00421708520586889,0.043133680005791555,0.0974016706449584,-0.008209797457129011,-0.018268018999622365,0.023054370711951447,-0.006136797861814761,-0.005663671149443853,0.10242066787362993,0.2127047962971028,-0.019501513213099057,-0.008156654747132343,-0.011376524600444835,0.1541237672527519,0.1696184572646534,0.20116974757064593,0.17525715219432755,0.16877663939863177
ACGTCAAAGTGGGTTG-1,0.07529996779288395,0.21747595633157388,0.03836920423563554,0.08256028686662122,0.20519968306961003,0.15789124146182063,0.23695070525995066,0.1516921435210736,0.19843588139381912,0.2426039382811659,0.11119480608728007,0.11101994704540111,0.15308822663135585,0.10375711908942294,0.11528470855232426,0.07506772974156152,0.11460440448606457,0.060646270200075264,0.06131712978793738,0.08490239180503471,0.028888226660053702,0.3132944275917427,0.2363614397964095,0.1433392773573824,0.07427237409884323
AAGACCTCAAGTCTAC-1,0.037258307310814566,0.22306275563690886,0.02831478105608367,0.10179584551959892,0.1632966657640631,0.10726147280785696,0.16969627309080898,0.15644811984307927,0.1621336862725993,0.19098291083411467,0.16384445128306432,0.1358286794904971,0.14444981929328563,0.15366667033035392,0.16788135474839536,0.09621745918596163,0.13739030853522924,0.13451551686437818,0.15534683073319855,0.1722203805528908,0.049861964246026076,0.056274901155093156,0.2044900548286714,0.14558091553053273,0.08801577700093724
CACCTTGGTCTCGTTC-1,0.22922976305564094,0.23265777894814962,0.06552597525003488,0.09631274354473914,0.09372950159541582,0.027823566591914047,0.07258499982131096,-0.009073503831835066,0.07804937135000505,0.11642382858697414,-0.008075595462867423,-0.014624278447175188,0.019604352644953558,-0.016909518750905912,-0.005110804887432501,0.10390661041295471,0.46267872106485197,-3.289176407261454e-05,-0.017309890550117987,-0.005153485763099634,0.5662061949726654,0.1934307695207381,0.24961419617803196,0.17689753660419086,0.20246091743195962
TGCTGCTAGCTGTTCA-1,0.04228181088203463,0.19627511562668098,0.04122643321480115,0.07527888679131957,0.17711445723209066,0.12343782124009488,0.19819854454441813,0.1324719542795135,0.19167837388660522,0.25667245856337895,0.1114012123637498,0.08780743709927333,0.16596651075826732,0.11610146287505756,0.1112642005534304,0.06355252252132064,0.11435394315402846,0.08152706097725455,0.07161370179896087,0.09932590577863246,0.0249401817660817,0.3266081510292481,0.21791719549067864,0.14655693923509724,0.07939231572724867
ACCTTTACAGTAAGAT-1,0.035985463748486324,0.25970774338690533,0.05310753899300243,0.13338786139641845,0.19474993798603082,0.12397433814492856,0.1947328290180002,0.19447521097235382,0.18329608003195505,0.24045671721121795,0.2013030010384727,0.15656473792270695,0.18609697153249452,0.1670006650279846,0.17182466830197382,0.10650226734614035,0.12093047019566519,0.16949335767768028,0.14353661826236447,0.18321684582321954,0.012478340507585861,0.0034427901074180426,0.26619467996120644,0.18739518594680213,0.11244770380456798
AACCATGCAATGAATG-1,0.05036256405932218,0.2000569333898301,0.05417298402680958,0.1247790386257892,0.1528045248820203,0.09787511216548193,0.10620022550747692,0.25939981722567695,0.12275821467008105,0.4186820759804953,0.2554704872825593,0.24773579369797194,0.22090561640036305,0.2811704755211408,0.24463163228933443,0.10903037775848932,0.09473642477023324,0.23317234104427947,0.2567728740013021,0.2904880041963086,0.017640190361663522,-0.09720380374095604,0.21074388583793174,0.1580554711340726,0.09198642806192997
CCACCTAAGTACGACG-1,0.05106191111827716,0.1963109201081658,0.048517777779691684,0.08844966972214216,0.10800782236583675,0.08380144818425547,0.12476549033493761,0.2339960032630449,0.1642055767134922,0.4343415550762383,0.20149386274064254,0.25963418196112453,0.17698315640794288,0.23141553296804113,0.18167102533093868,0.08462292700873877,0.10141873033553726,0.18448656180859163,0.23866064276104557,0.26040128358066883,0.00317908095862936,-0.0259570320037985,0.1859595383154135,0.14218462213290706,0.09002048084069121
ACGGCCAGTCGTGGCT-1,0.06759339397082413,0.14292541138279047,0.03662763725671972,0.13218461426622302,0.06912152972446417,0.06754072366557747,0.10709284003111631,0.25251038448198493,0.09952834759621093,0.3798534781917933,0.2326411148844267,0.24740793506253633,0.1853622717994716,0.2307032516057519,0.16811263458510836,0.0869990081769479,0.08233328870038556,0.17395253714261102,0.2441296066160519,0.24044881350206881,0.016049807413508022,0.010064559552174461,0.14108709680456688,0.1051934779140499,0.09966824167087564
CAACTAGGTACCGCTG-1,0.23372619015784482,0.2884260601308313,0.08638648607037969,0.12362156550851713,0.04071504247710265,0.0248995661804671,0.043497801142813104,0.021656868346505556,0.057719868277299816,0.15561785006733497,0.0030700379596954063,0.009431462199062504,0.019867247436117348,-0.012653475815678194,-0.012200396091017843,0.11700744548338145,0.23313800370605287,0.019417306283380228,0.011147519177018898,0.012854839919664508,0.2091475148525688,0.22094683757779468,0.2253179832955243,0.16934989061865335,0.2012200289124591
AATCCAGAGAACTCGG-1,0.19556273693557813,0.313880765349906,0.37983374506322626,0.5657160585288682,0.04596514455510341,0.04343985544869766,0.07789559991572013,0.05367988132656268,0.09940825988087025,0.22971943039120607,0.027098493933754925,0.04168528445630338,0.02391667969270573,0.028754974475646237,0.012305734492253646,0.4923474055083667,0.18010363201580556,0.059550526950921404,0.06993896961483191,0.09005784970368483,0.06557361069504077,0.33012669299579067,0.465049392523711,0.5082842429875174,0.23912518896234625
ACGCCGAGTGTGGTTT-1,0.06546496427926919,0.2212006933379749,0.05996101470891355,0.10854685401705332,0.1886646962470527,0.1293197112936176,0.2173982598490192,0.16478859447003216,0.17541771139540926,0.30658928206618746,0.1622323823769654,0.13959138941577812,0.21911163701336273,0.17230668071509098,0.17500635325676966,0.10536805493358674,0.13227719671922308,0.11844967920689002,0.09939608826871853,0.13752600344089513,0.00045106401100511754,-0.060155659554038614,0.2299704410345936,0.16876288265901052,0.1043864975771846
AGCGTATTCATGCAAC-1,0.062192776085343675,0.23959458480133813,0.05566445063000768,0.11027159661326524,0.16540383352761484,0.12772931077138222,0.19451059791840158,0.14677549368759368,0.18677951489697098,0.2901735049862531,0.13261005720962013,0.11737323899625378,0.1633349006729871,0.11517162994609899,0.1172433899505401,0.09046981097820989,0.15272251832824194,0.09572743711682079,0.09748860474686274,0.12483032302321362,0.03455667212803513,0.38132791046519243,0.24803896162803693,0.16416573118393615,0.10314940993096458
ACTGAACGTGCCTGGT-1,0.03435373125307816,0.16543667600968434,0.059540253794878456,0.08540585985817507,0.12575639936906977,0.05298911005623906,0.13251255084344324,0.13222986135138007,0.09925642596713789,0.1914812478920214,0.07632544233592846,0.06883436570212381,0.12686318096033775,0.08641591541797808,0.07628713826929429,0.1080732523330873,0.09365294890899938,0.07127794308342345,0.04284690031320392,0.082043470274631,0.023820186776942642,0.26836701781448613,0.20462783143859636,0.12461460725005188,0.08544339747443787
ACACCAAAGAGTCTGG-1,0.03421002618431246,0.1996920145472022,0.057709497835852226,0.12010328921411625,0.13599171892328257,0.12615618800104306,0.16549268689467486,0.2628992053320212,0.15991101632965307,0.40684632946905364,0.2191353274776073,0.24622522176563075,0.24156238740724145,0.2075431239010722,0.2019521971739261,0.10687741417438242,0.05609155109642403,0.15691014703149073,0.18147159841308913,0.21060272749210887,-0.008503434928552203,0.00850918473239718,0.16829125774186315,0.1386891650699259,0.06295506311244872
CACCTTGAGTTACGGG-1,0.03409678321508709,0.14588450758252505,0.05675529210661226,0.1243892800128763,0.06934709469934298,0.09045859654483145,0.10243391383875085,0.2413988461192502,0.0919928005062636,0.36201562630266837,0.19917241537793,0.36643391852852836,0.17199600235465395,0.20510563341322208,0.19353614054208482,0.09860059350244099,0.07254039173784267,0.19967126619138784,0.2677207591506458,0.4377892800417705,-0.015409736881972407,0.27128484889751636,0.15675773343363866,0.09455398740148185,0.06669655493565607
AAACCTGTCCATGCTC-1,0.40642446001488824,0.2179664884962625,0.06815321133808781,0.11698052815747628,0.08797522796228938,0.051109364674687956,0.06496394074537441,0.007399487635074058,0.07041705152187612,0.14900136018773674,-0.003776150870589103,-0.02264554325062771,0.001205635904171008,-0.01274770922147588,-0.012225057594492938,0.10142971065731254,0.4765379723710582,0.01335837329504054,0.014542552615387307,0.00785227284145241,0.5455730802927055,0.221400466152721,0.1696085352924462,0.1789178910005936,0.2201434143489348
ACACTGAGTGATGCCC-1,0.036143104678127216,0.21404034607836805,0.06304489082831118,0.07227452073150277,0.5114869127359708,0.22415933541154187,0.2320651427172742,0.19115442663493729,0.22474146986747962,0.2724973694081442,0.18819482548651648,0.09997057643725614,0.19422489392860343,0.142755056496809,0.14623505264698064,0.07717837802360572,0.10634838683183999,0.07239517320850437,0.07515645360509395,0.0909591963014738,0.033568076709099094,0.19806728092674616,0.201984183479458,0.14237611768729694,0.09503958221774897
AAACGGGGTTCCACTC-1,-0.009730359365698184,0.0003820288972083254,0.11855404486337391,0.11158613884653659,0.1543414535392928,0.10955346516959603,0.14347037801399634,-0.00590510370525858,-0.004960348982360803,0.019354688891094315,0.027764112116735025,-0.005212172418871676,0.13952860284477084,0.03111273863454605,0.03162477286662183,0.12743774291340812,0.02554759916860883,-0.006188937170151017,-0.006048628772598086,0.02336591677856928,0.11367477277990547,0.10660479294448026,0.14125398386476787,0.10740071693182467,0.006923269070289859
AACTCTTTCTTAACCT-1,0.29343188775845164,0.20570733116505407,0.08513213212353823,0.1548421235376705,0.11599344543980684,0.04389697663173058,0.08726502514339753,0.018724613558433505,0.13779568032600337,0.19292077226222878,0.007753251120510944,-0.005134215197033016,0.03864467185124698,-0.007978308910496565,0.013853871685639237,0.1497746575000604,0.619829516395495,0.014416335483926398,-0.011268837504693098,-0.008457989800134975,0.23814462031184785,0.31643898866698705,0.2874610517566808,0.21544268993543114,0.23050564322709322
ACTTTCACAGTTCCCT-1,0.02840046291953213,0.2247421824861092,0.05332513200521651,0.10423719973019085,0.16132674914748454,0.1185250440968014,0.18632212848320526,0.19609149127686232,0.17577286261800235,0.31544699108643454,0.18286274454309018,0.15367018258866516,0.17342974182046156,0.1503421108584751,0.16077098626042854,0.09305924473772538,0.11636709472732032,0.16049066447675142,0.12269703623903343,0.17008995800148732,0.02077538916678702,0.3747774094204773,0.23477352422836328,0.13972513686567026,0.09018233412173643
ATGAGGGGTAAATACG-1,0.07018368767130803,0.20253107907303491,0.05350942499231961,0.14111852688471038,0.09900182592691821,0.07085836789867962,0.11423212945158108,0.23053641225793123,0.13092719183266835,0.5580469583953305,0.21652433304795132,0.2332739358763288,0.19335358967409996,0.22595500708334865,0.2014274418618058,0.12637102363820837,0.11164871407854943,0.23708917619799988,0.269456880187643,0.2909426335748224,0.003222926674465906,-0.18246471319216653,0.22348950011610788,0.16414393886192938,0.1036348555775613
CTCACACGTAGGCTGA-1,0.18872479104248335,0.28076360448730314,0.3386399798777092,0.6256106309304331,0.03523090765456711,0.048654034615880554,0.03962908003194501,0.043456978647013755,0.06169854327823898,0.211402573027658,0.009376938147640606,0.028498325961312923,0.018409388216159228,0.02325557345138774,0.006592393020691935,0.4546269485753005,0.1731166912931162,0.05969289067618127,0.07035937996276206,0.07185190820375997,0.07528090121870137,0.3217324705374906,0.42610803185345436,0.018047033456689645,0.2583756784007439
AAACCTGCACGACGAA-1,0.046884597977126054,0.27365300293013545,0.06861498941742931,0.1790932695532173,0.051714312990915265,0.02255990458754704,0.08166935807314316,0.19510130079535806,0.09486290583422277,0.33490817485120766,0.18722243001492164,0.19899154315011353,0.134429445769648,0.18458452182056612,0.1773731942582138,0.14720906644522683,0.10089923908465155,0.25936557517329484,0.2647970680976486,0.2763856618915612,-0.0077696231225903665,0.0652296276064378,0.2801194281268078,0.2346951430132865,0.15280058026017088
TACCTATTCCTTAATC-1,0.050705900643628544,0.22522531779310398,0.07424877298635865,0.11475783411483408,0.19615239474421237,0.12641574754334028,0.17197858546776884,0.19261070147766363,0.15339421403387493,0.27765956980902357,0.15794522261075872,0.15461892227771937,0.17252861648219175,0.16723112615751196,0.14874626974925056,0.12879435871565245,0.11462723496919318,0.1133664380772919,0.11601215831563252,0.14678244437304114,0.05310972472289993,-0.03195646825339564,0.2654471719963903,0.16423559069392674,0.08652210461675595
AACTGGTCATCGGACC-2,0.05680701018653647,0.1513038483558939,0.04741409990270447,0.07055367469261681,0.1501553241566655,0.1268309360604509,0.15572546954714953,0.20227496197961636,0.12413009508900515,0.4254440910054162,0.2325265491220015,0.2007197638356908,0.19834250055715252,0.19707252837017622,0.20240836296733952,0.08457567699288829,0.13045734995152003,0.5741580870363938,0.2361692961879418,0.24958590025603605,0.05906432513730771,0.15439122896958793,0.25370527586107267,0.1434784852872899,0.09945309836703507
ATTGGACGTCCTGCTT-1,0.17466059170786252,0.16246099318755944,0.029517927201912805,0.03443186771046413,0.008949040567434495,0.029653185043428874,0.19641661054931833,0.1408560209487367,0.03399660150025103,0.18288163635741517,0.024555953419569135,0.031776496746633784,0.13250126808857643,0.1426222824992241,0.19859439167447598,0.034488737043331774,0.031340281182785125,0.18388122619465716,0.0375366676201603,0.18270582975091862,0.013760098760799457,0.16458724535996075,0.18358899339935936,0.19394064346829487,0.19852109635528228
ACACTGATCTTTCCTC-1,0.18529174633938209,0.05686176555337982,0.21102171374486967,0.07491243797299511,0.012608587702978078,0.03446454786836588,0.03813749910763112,0.05176751762137661,0.04025180306170798,0.19645357352729964,0.009096648634003631,0.01372421686860323,0.0601890277213823,0.03419283191840605,0.03504268319102362,0.14794946371174172,0.15339141257094013,0.042762302112376686,0.025943657638130918,0.03746804050229422,0.018000403219735853,0.05079881989502599,0.18444118567441295,0.17078647071892114,0.027547201905266314
CCATTCGTCGTTTAGG-1,0.05147235999930752,0.04246796771849903,0.20621723499771763,0.18409645143827805,0.04767706247575894,0.044132681110550374,0.0500157611590261,0.041235072682503454,0.021714012429741383,0.12198997589270284,0.01506599826727955,0.020167897995423234,0.04821629118523114,0.017925297975448402,0.01845864011107241,0.11310676065438856,0.05129096192372149,0.053706437635716746,0.0339905742297053,0.028595445526699563,-0.009462740672030739,0.09537280624549778,0.12890223743402182,0.12787112560882105,0.05143570107806959
CTGTGCTGTCTAGTGT-1,0.06593484774635805,0.06555276083763423,0.05180859446910798,0.03162101935730799,0.039141076318971804,0.07299640966911872,0.04079128416284765,0.034036581632249714,-0.004327579858997418,0.06425967439036333,0.033383000585115834,0.03985081065619637,0.08274306008846623,0.03709231142791134,0.03765689294499746,0.04779776395024725,0.09346320444738695,0.03191686741585271,-0.0052770327539313,0.06384608523193576,0.052636840977297365,0.050943205494034395,0.06488536398315005,0.05831298608638797,0.009683230916013837
AAAGTAGGTATATGGA-1,0.056546447465335554,0.14150546972018568,0.06106432190736305,0.12029986726482378,0.09800033956499363,0.09575871705492321,0.14684841052389253,0.27864708095447055,0.1305909352474744,0.36723849908368744,0.23760854308903878,0.2800632413328393,0.20903895855649654,0.2598891664936642,0.24504882639772743,0.10629061249569884,0.07537076962960834,0.22636089357650613,0.29685569516409593,0.3151574905485683,-0.003685948728380495,0.31489267181640324,0.17459566134905524,0.12229068828250567,0.12363723991143426
ACACTGAGTTGCGTTA-1,0.05895098253300818,0.18844478783437973,0.0427317285436528,0.07483773395280019,0.22373406269648716,0.17405878628499422,0.19984246180965953,0.12755522113484385,0.19432207877964347,0.23579320758890826,0.09842942606345452,0.07633994490731799,0.1274080791185461,0.06056849898606415,0.10146542071103941,0.08088220857664853,0.1547861424397238,0.08227095902170771,0.049643266648117516,0.06499990566914034,0.050662680595200085,0.29224920777992924,0.16888851937088997,0.11747566938551032,0.03763595964482922
AGGGATGGTTCAGACT-1,0.08040384083303936,0.2037785269277395,0.04133976906372485,0.1093313744784285,0.20853091686198902,0.1658788327669821,0.21529642514025218,0.2691724192134585,0.20309551545798307,0.32073571074360596,0.18846427858049478,0.19640949895392362,0.26700551976541903,0.20346730312427336,0.18522508582181593,0.09596005816929352,0.12463568035747656,0.10882683748210945,0.1368468656385085,0.16050776118908328,0.021154011352931032,0.031257716793324015,0.2126384642659613,0.15475875708977777,0.11930438619039388
CTAATGGGTGTAAGTA-1,0.1381681909555939,0.4317944379347923,0.09139076253694159,0.13621775273973363,0.044339610299113964,0.008054747462400346,0.030632277125392775,0.04001727933017401,0.07477530105590337,0.19282902146877243,0.004880827620334172,-0.008113808898809713,0.02212960072898871,0.01110105464185965,0.011216029905861272,0.11461571593360949,0.14265491340197137,0.02747304185531795,0.0038754442231505957,0.02425379986769163,0.04921464192285718,0.2943067028556219,0.30295843317968185,0.2038115750042959,0.18542030707675244
CGTAGCGGTAAACACA-1,0.08204641964741473,0.2844310379777989,0.04566710908248158,0.13355983813131508,0.1852937251755767,0.10728307739090091,0.19583062704044465,0.1423270759067285,0.19638148891731555,0.3293551009115437,0.12470505403579085,0.10011578789886524,0.15163114608029513,0.11196902693691685,0.11479322041816979,0.13846214120636915,0.16051381700579254,0.0674757699627501,0.08475873096758292,0.12892012558153707,0.05081449204417842,0.45446559964748595,0.24691130502223563,0.210102983393344,0.11414387619797672
ATTTCTGCACGGATAG-1,0.03210034758349072,-0.055715626733211156,0.04932340865458388,0.0603822471638624,0.023288865878472,0.013414531841064925,0.009974766561290978,-0.010358243696164853,0.044010319408007786,0.12562272118022794,0.002260182617535839,-0.005845098353143679,0.02314346631110837,-0.007970141782246082,-0.007458016664743913,0.07135824902699127,0.15688796845574665,0.011114720649102095,0.022842242905669163,0.02595420553558598,0.028416652232921814,0.12112071838355748,0.011515827507309616,0.08794686084586271,0.1074336682716611
ACACCCTGTGACGCCT-1,0.1619066715402606,0.3339229116039076,0.3740029095835626,0.40344435963467307,0.09514865150159058,0.08096386651671698,0.10981422960470603,0.20262832853826734,0.15069697858934356,0.3769072705065105,0.14636236985058798,0.18284945064862568,0.14295825866721326,0.17290034267200644,0.15169244923944844,0.20896988246567388,0.16701826459277452,0.1720333470787224,0.20492131806240232,0.21461610109728516,0.04273192090118769,0.4031420918465045,0.07294135020069631,0.24334474034616688,0.2753755382446416
AAACCTGTCTTTACGT-1,0.05926087133476421,0.1438511060484061,0.05817645295044149,0.10281836538445857,0.09399289747724479,0.07348422323427156,0.11150790987484854,0.2701657896965424,0.13828913523894043,0.2072449729394366,0.22224433737372293,0.25060316691394346,0.18293109972587934,0.23361046529091523,0.21792615938500864,0.0802829763267595,0.0723198900198047,0.22420494878057734,0.23751618443882183,0.3202861166536417,-0.0023067429034042235,0.1593018822475856,0.1660390730103635,0.12455507288511836,0.08927881290485547
ACTTACTGTAAACGCG-1,0.04919833654308317,0.22081395598157583,0.039836643396974514,0.08996341365476736,0.18722442588132918,0.15106925537403632,0.19783013516954545,0.23124391439886766,0.21372239048759945,0.30919719255832345,0.20192996488823708,0.1745869983204211,0.24912510563670887,0.206936737879904,0.22861084516334781,0.07678817155155741,0.12766055871476079,0.14737663349996838,0.12767142151312516,0.1644978590637158,0.04438400885864679,-0.010125841607610896,0.20165340584550553,0.1317033402337791,0.10288078684504924
AAAGTAGGTATCTGCA-1,0.01791109959834643,0.1552081899531988,0.043857857558485695,0.0900008976420758,0.1031504163886129,0.08911382012622449,0.14504267352943342,0.24717666406076624,0.08928843001975673,0.4969482879956694,0.15159758026169307,0.23965864257066685,0.23338784237054344,0.22230258285538945,0.18127945546243246,0.08152036032666804,0.05440452884198555,0.1639798671730678,0.159888842915894,0.19590795959767437,-0.02107441556643833,-0.15777247512555645,0.13772629240753212,0.1100103536696929,0.06916857808040779
AAGCCGCAGGTGCAAC-1,0.12261127349453428,0.20587754700641556,0.12451452212541118,0.1802815396513674,0.12814999459942886,0.07380564636068221,0.1200624309853614,0.23014424334326364,0.13874864678798382,0.3554022526769107,0.23843997194484462,0.22914219021281412,0.1974921976530248,0.2501990018691121,0.22688359843853723,0.14228430609566473,0.10479224018765163,0.31004240272146494,0.4206593125039358,0.42895007537099444,0.04138534422075068,0.1476266671127603,0.22065117132658496,0.20549159248261106,0.13639461851782336
AAATGCCGTCTTCAAG-1,0.04159098718732881,0.17764368307638306,0.03022156587848558,0.08097890478718192,0.18030814530373818,0.16428815427024945,0.16334298288237425,0.10633154033016994,0.19574519564979578,0.048036667805691026,0.08360283695914184,0.06922496793893702,0.16993074795950447,0.08438117531077918,0.09841707801266786,0.06369930536363475,0.10729321808865948,0.034787077799521844,0.03678918425571349,0.05976650523963038,0.03532932460980058,0.11209147166493223,0.18321289890933795,0.11470768151416241,0.07471563304665543
CTGAAGTCAGGTCGTC-1,0.058562659432246915,0.3008771234286083,0.07011060412368397,0.12132131202084362,0.16703141003060804,0.11308634868495834,0.18995463402095072,0.14057833024773603,0.17683044010299245,0.30413518131429496,0.10898947559713462,0.09492400321314207,0.12600646759856626,0.09368051385365796,0.09484357049725844,0.12605527265771593,0.11546737821772818,0.05344333419414962,0.07080521182392574,0.1024399128854149,0.02622290192208597,0.45000340452414156,0.25166349913255937,0.1997169268090493,0.11009249610926083
AATCCAGAGGGCTCTC-1,0.02556077103350671,0.2094652214977334,0.042214801894640046,0.12452906620173343,0.16104848801678587,0.1361161829326048,0.1926208262515907,0.33086421147404516,0.19785171508555288,0.2782439363764258,0.22513545667440504,0.2790233254485178,0.2741563753360745,0.2717323642208219,0.22837917475686437,0.10096599462518223,0.09181413809543403,0.16806654990701803,0.22856438658753045,0.2697849483619364,0.013161737710805574,0.045572709209292475,0.1888879396138493,0.1403029474961407,0.09475381614748069
AGCTTGATCCAAAGTC-1,0.06715073017443565,0.25499638725008505,0.04537627082063026,0.11276558763572053,0.22924829640800146,0.1416864688881371,0.21372444278639788,0.22532135373679482,0.20524140890643897,0.3058389315497228,0.19625719511058515,0.20719986647717667,0.225684809222896,0.20244542088518383,0.1895085833999909,0.10742951725763232,0.12926367186049317,0.14721613488748844,0.16601243300775265,0.1880463280031454,0.05028000532252812,0.03903931884073355,0.2335257047199597,0.1770489258162838,0.12700060515436992
GTACTCCGTTCGTGAT-1,0.015429243701206116,0.2108492030271703,0.03046712504884784,0.06960435077334366,0.1872780975664552,0.11664590692343231,0.1850604456878244,0.11137570893558646,0.1420499037006119,0.2388691799243481,0.0864855176280431,0.0683675599122565,0.11258503539112426,0.104643776520021,0.06419639036194609,0.04822082670343594,0.10500706458582253,0.0730062058322666,0.06763436763247523,0.09768588380606362,0.01802958813165278,0.31652424683183,0.2046363319211695,0.1204639629049851,0.06364809535712876
AACACGTCAGGAACGT-1,0.039840432193258425,0.14471484452842992,0.07106738561263697,0.16098400557499326,0.08221172605911078,0.02633183250923148,0.09874782345947175,0.24863066630441394,0.10284550094334105,0.10257674314759083,0.2463284064188072,0.25113438358393453,0.19573046397460966,0.2463653704142878,0.2116140452273332,0.11455197634058674,0.07534903214626984,0.2892250478346736,0.5363848463579939,0.3458542802620759,0.000958507033699707,0.3147377567036291,0.1916954972329383,0.187787018302798,0.08357909193050517
AAAGTAGTCGTCGTTC-1,0.06128048843975529,0.15426766235414055,0.04494825904829553,0.10630499650165316,0.12613781996486004,0.0819371488766097,0.10385386353845052,0.2870685480906376,0.1817675705448553,0.2515200837447095,0.2568324904449105,0.31689095569236037,0.21314195829426114,0.2823151187762378,0.24777181748753188,0.0734141824453124,0.10994601798725724,0.23827697569313352,0.34451711314914374,0.3192585613826185,0.03186637862376717,0.3198505966882841,0.19840127047117204,0.14612501004778283,0.15205688030976372
ACGAGGAGTAGCGTAG-1,0.3766997016162112,0.11888267508541964,0.061080266048196205,0.1168246577556054,0.04301499541430033,0.032902092260327746,0.0727574897732763,0.008363126668445629,0.03580298675563901,0.1485497548706804,-0.014854799959492794,-0.010349374220640556,0.028066914261102718,-0.012651398474914815,-0.024753258186816462,0.12516607085465623,0.42700999894009406,0.013617612629043888,-0.013086458927742553,0.00037930406090131796,0.2070276357537207,0.22328930183924683,0.12416146227534058,0.185383291761229,0.23945408632840148
AACCATGTCCATGAAC-1,0.06406218926742326,0.20455443085274802,0.045998141088818396,0.11347209520026119,0.2007656805857364,0.16184635851559112,0.18556637745462704,0.21441107777166668,0.20424520634516496,0.22936879985856953,0.1718509136303368,0.1702041237008,0.179033082861284,0.1565893953298443,0.1705531451895647,0.08848623760239578,0.15353601934127936,0.1270215560735108,0.11193911143011705,0.13772414867166607,0.060110354441964664,0.09462567786905637,0.19973073044880157,0.15270687011905767,0.0897880073515139
CTGATCCTCTTCCTTC-1,0.03258190936288273,0.05083913833424672,0.026230964777644278,0.03730803041970427,0.2222403484541616,0.08890419235332511,0.0812407587501825,-0.0042695224450036645,0.05227912271936171,0.05828408479930057,0.08901512545200209,-0.003768517580780946,0.10169288698298233,0.0966760872397894,0.09795554076547586,0.03735567959159237,0.033090904875107914,0.04101367344440659,0.04204077201206822,0.0785032116243206,0.056484683654374965,0.06596105314770756,0.026778509645985556,0.05413513703947205,-0.008761725861780296
ACTGCTCAGCAGCGTA-1,0.04789054872181222,0.15133371566974385,0.019764947204099763,0.06085882338164366,0.18505020026611252,0.14990290405803708,0.1929362612358555,0.13161166272281674,0.1870337181034017,0.2155114029132355,0.1113138447723442,0.09288949510087945,0.14326964546426885,0.12368838944876297,0.08733644812261736,0.05324448994237232,0.1129859154405949,0.053436699249854634,0.07225438039164538,0.09339874427302851,0.0591832992000953,0.27584671176805275,0.1902799307429048,0.12705064293959986,0.04826543385473304
ACTGAGTGTCTGCAAT-1,0.027966603278001132,0.17660549676660722,0.03726852178667411,0.04953215416027793,0.17434268536857786,0.10982426980686268,0.12297699145159811,0.07107065109425896,0.12755658423507935,0.17375620151010868,0.05030298004465447,0.02790708029587396,0.08321846048394764,0.04572003251507678,0.058229606218025455,0.06041953130736708,0.09225353853738102,0.036304406241970545,0.028576566294985603,0.056936984599801094,0.03338586854954325,0.236206028539183,0.14779541603212704,0.11332722171509725,0.0847273153067643
ACAGCCGTCGTGACAT-1,-0.009326995582880674,0.09140504929948877,0.07865359846750249,0.10021101709043254,0.0901917967513306,0.09466152769772343,0.10926160562209486,0.15943566632430584,0.09765186531736672,0.21471723214838923,0.18378277934361625,0.18397336228733552,0.15004918566118475,0.15746921793507784,0.14550233089062892,0.08820482715364672,0.032559113678981566,0.30551470375456413,0.23429046611370874,0.24250901711560127,0.00411527748391598,0.21626214394007948,0.1405273259306997,0.14087596844637018,0.05736750735615157
AACTTTCAGAGACTAT-1,0.0363883788292228,0.2206454366913682,0.03729918860189914,0.07463916662400223,0.2242126379432576,0.14964667310717428,0.16886421828056664,0.14053991571105734,0.19532991645490858,0.2668170235084433,0.08945643104579136,0.0996082508478626,0.16162073378775993,0.09909502369108229,0.08522081469145007,0.06430170041695121,0.16334231911288288,0.07331164534577261,0.06018325614054301,0.0780742489726365,0.03792987961342397,0.3320236307024652,0.20320624711969412,0.12943459699482218,0.08060480062231294
ACTGAACCAACGATCT-1,0.047287130449866106,0.13036896790988498,0.06268791274176574,0.07342340729795158,0.451173043282575,0.16145104647484093,0.18487394785817032,0.16324697013369077,0.17943740716283885,0.3834631857271622,0.14183770618282865,0.12415001821141121,0.1554013455585219,0.11447795515267786,0.12812083622180911,0.09447552057123812,0.09052973115502763,0.11283301435992632,0.09002300318104789,0.09213420405647028,0.013461492204101843,0.3908285044826373,0.15528827266718498,0.1218080373557577,0.06450576896967622
AGGGTGACATCGATTG-1,0.16658220174055696,0.2912234745539359,0.3554968406812202,0.3871153901409404,0.06261317586964668,0.052373511338086084,0.0613798828353305,0.06575806408977626,0.03903311268592837,0.22420717599049914,0.04853266028889137,0.041760160238680975,0.03408574395353552,0.04273285526627083,0.044207199196178715,0.39960279831407847,0.16799328296120233,0.08032005477494136,0.08153604872315572,0.09630486737354671,0.0629359106383483,0.3518354855623133,-0.12190851896107716,0.6145259129423568,0.284217011930018
AAGACCTCAATCTGCA-1,0.07418639932293199,0.2550355491668641,0.07010722197851194,0.14765318707566943,0.10402023585088166,0.06421351264958317,0.10657745409567648,0.23832219312339414,0.1321878118874647,0.5543940209174866,0.23465276321871356,0.2060280549856906,0.18297468385479662,0.21620061111932534,0.1980708850856024,0.1288413527882771,0.13480570467161118,0.2517848925235164,0.27284855154753085,0.2741319699022491,0.013739377441336688,-0.13334249641327095,0.24224591559600964,0.18223300448868981,0.12197042637560587
AGAGTGGCACAACTGT-1,0.18238481857880612,0.2703530808094356,0.4026797164022363,0.6004525470202858,0.019164592758010048,0.001478888120403181,0.012916695677272324,0.04596677435638627,0.03459740684373353,0.1993667119434225,0.018442949161179466,0.02066074875578914,0.019749834538958583,0.015792469920588133,-0.0018258966888330165,0.5303662416111112,0.17378569902130753,0.05576896337137353,0.0715719840269984,0.08632029116913653,0.06551977501249319,0.2975918701463774,0.4764745306472546,0.5056170339257,0.24204939992430496
ACCTTTATCTTACCTA-1,0.05329892607817154,0.2307164819134378,0.033406703417659285,0.10284465009583806,0.15712545908592812,0.1256955901104436,0.189621682569715,0.3220290865443531,0.19749223511344505,0.4505195780747014,0.2426627462601951,0.2646971924066658,0.28130624899125445,0.26852286335212044,0.24835223533709083,0.09311882755136833,0.09984636665225652,0.1389059126462343,0.19059118024050298,0.24712817692119884,0.008330646262739843,-0.09228578062279387,0.22903272244965478,0.14049860435942735,0.09773586357737747
AAGCCGCGTGGCCCTA-1,0.16409508361116798,0.2843565900975771,0.5763924663624019,0.4873734632482047,0.05797588054828724,0.05614221257563645,0.0746379980276349,0.03749037700635948,0.06395455709178348,0.17698565813904005,0.00043113155923052475,0.021288804710533665,0.0067311131722162425,0.01695298143631411,-0.0077551111724826855,0.47284056544079994,0.20331758855112492,0.07356828925700838,0.055151995780563914,0.054792397164564875,0.0907358920910087,0.2913074363472671,0.43700458924993074,0.4259589122754598,0.23190934666023189
CCTTACGGTTCACCTC-1,0.1332885905948115,0.35045927436024843,0.18567305333648854,0.21925546251362374,0.06998216916260228,0.030632053568165764,0.06423983823938917,0.13123438493990203,0.07671852225470482,0.30020779569771416,0.10175734850820041,0.10983226375691789,0.10784957352331559,0.11354619354555873,0.10449167460321959,0.20321090368251996,0.14370894610168577,0.13498572327318714,0.12746334540549417,0.12816064158741197,0.06233877481640053,0.38569772168225996,-0.08485941073931011,0.33600212668184976,0.5279705827349291
CGGACTGTCGGTTCGG-1,0.12587906334926732,0.0898597279896625,0.0712604971166454,0.10992498619594641,0.008731955730533182,0.02938590858466915,0.031958596943774766,0.02463900892952702,0.03353623915264905,0.11442641960222821,0.005356921770152569,0.009884265412709158,0.03038888573230403,0.02844493716804227,0.029251447083355964,0.14882371492462534,0.04799882923066001,0.03569529881651561,0.053762737086257235,0.04573329369115745,0.013595612257182827,0.10720610558493053,0.14664672063321055,0.09604773240754057,0.06409142813194303
CAGCTAAGTTCCCTTG-1,0.1306901055377747,0.16146396818913053,0.3846980409590943,0.301747371354922,0.024492601907565432,0.014730971061485621,0.01324853443761239,0.06784320197301714,0.028717438695600114,0.11074875533597041,0.018458221713243135,0.0403007595386986,0.025486682172112127,0.03569921658508064,0.010565193030102239,0.32487336297337477,0.07379951538718135,0.06381734053244059,0.05416611620379117,0.05604970380599602,0.016207303570768893,0.1590326390079917,0.26202246867688467,0.31256669745005844,0.14527093941798452
GCACTCTTCAGTTGAC-1,0.08228057182805026,0.3601280382028301,0.0748542412861743,0.14063608694549065,0.16466463711597823,0.10049410533466875,0.16768245124537265,0.11206958709516164,0.1680753018219168,0.3106889863146358,0.07811385303037409,0.08215142004435146,0.11012200097238965,0.08683812471200754,0.08740784624142932,0.13725296409154425,0.1528033437648454,0.053487326239842196,0.04931426076834634,0.08478904214698597,0.0315355137454092,0.4680873742964338,0.31568196912440116,0.22363227436482389,0.14384933703244832
AAACGGGCATCGGTTA-1,0.0337070459075976,0.18534013656147705,0.05369704379405549,0.06875594806243876,0.6181737150824534,0.16980906333560755,0.2422112807909801,0.15363868134561565,0.21285757911645808,0.3839218714497687,0.11002171614796162,0.11932184966720923,0.18805300449851275,0.13304736305776865,0.10254932519250998,0.06445877491759895,0.07252837126618189,0.08412241100823256,0.08657475697315269,0.10067945488170219,0.006184699202534883,0.36094709524329355,0.17908657007783102,0.11930648124626242,0.058433123563953596
CACTCCATCTACTATC-1,0.061660202062374415,0.26813292060534494,0.12028228657933762,0.14599274086799557,0.18463840099418788,0.11308474104814056,0.15932055412424545,0.12956014833869356,0.17275782582015092,0.2684245176024167,0.09536005912865739,0.09576465131095407,0.12370428745926727,0.09285335682588514,0.08889434608869563,0.13463128653616208,0.11862374718447288,0.08045023492815424,0.07080905649051097,0.10300635375927636,0.044069849684999975,0.35426074469095914,0.2591881434423104,0.20565798619030004,0.10118507889591034
TCACAAGCAACAACCT-1,-0.010314697402133224,0.05847465564197071,0.13232771103895133,0.14227994021581547,0.061245228546978635,0.05497297722184922,0.12980570609332417,0.145383313062649,0.03029568482335531,0.07191872459754584,0.09376907256076879,0.07522531383698705,0.1221837374299692,0.0685801583945721,0.05272487679209415,0.1276908336822632,0.018806240260701112,0.051105462169553806,0.05242391808058574,0.13416832982002827,0.03862641282206199,0.15852602425854329,0.12816352081134677,0.15670481565365882,-0.013437821669317306
CTAGAGTTCTTGGGTA-2,0.13977613880097636,0.2734807075615007,0.14666950483940508,0.14657906113120325,0.06922254139015413,0.030610614533619462,0.03710400789978009,0.04124977735850764,0.04011214620057669,0.13736753392996254,0.05585878303226776,0.010596383321767188,0.031199070496058183,0.03908559741293916,0.023513072240699897,0.17469694029140967,0.13204286147918756,0.05240409723761077,0.07943764416926095,0.06406948977839338,0.10565461848291005,0.24324684391953727,0.31275554483913665,0.26380397685603707,0.46550105256769225
CCGTACTAGTATTGGA-2,0.12668520930803884,0.2900275335469958,0.16790355571000315,0.1636806238346793,0.0035345047392289696,0.012070784146924484,0.029776206487032116,0.028287507810182716,0.03188560265989325,0.15315478515053663,0.012647527962145836,0.02320963401944206,-0.004483036675851321,0.003051870766307313,0.002790454767010503,0.18250326387317178,0.10621673488505042,0.031372930146465014,0.05067570658718277,0.05007167946949583,0.06710742829627542,0.25321222953010686,0.33317722990835696,0.279507367313868,0.45634983080172775
ACCGTAAAGAGTTGGC-1,0.06401631647318427,0.1729874251716629,0.0595799650210434,0.07812830384574203,0.15756178879580252,0.15358200667954053,0.20113287550011996,0.22402138607994604,0.18431074079744922,0.22690394405678135,0.1781246986769316,0.1755897302055678,0.21867446120632414,0.17297345941467387,0.1768842466174364,0.09074607840217046,0.11875404108540709,0.13893223686593686,0.12298357021230677,0.17702883643614034,0.02943006935704845,0.10486166412946492,0.16619513403249822,0.12362253991140552,0.12159491732175891
AAAGCAATCTACCTGC-1,0.18488088160304308,0.2583604879274507,0.3360202007472515,0.3838178454466545,-0.0008765721788326296,0.000304780327295259,0.020682230992826033,0.017271138213814277,0.0032389373457868834,0.1650052916226907,0.006292637305858532,0.01760387882625428,-0.0001102801874308813,0.012296346040545652,0.012558062591829153,0.3996232697931779,0.1403846032108568,0.07177997862015895,0.043641253020636886,0.05274523640433591,0.05382366811873127,0.306677466064227,0.04487001510453499,0.49302338851151417,0.28055914930958875
CACAGGCTCCGAACGC-1,0.15241128787159552,0.23231812176147645,0.3991518248689916,0.17610114495915538,0.016620283528898615,0.041307347727755524,0.029584232041853103,0.048780208735789816,0.04331192140968485,0.19042373577154548,-0.0017860252211322712,0.02915821270508476,0.047521616425519796,0.01369186190118203,0.003587381090415761,-0.058571479605020925,0.14062464533153074,0.0478287248284298,0.03296804533222493,0.061772875042195856,0.04705617132594571,0.2678161394460988,0.4025752682750006,0.4174659114802769,0.19880076924711373
CACCTTGTCCGGCACA-1,0.044079014778001906,0.24972286509070332,0.06295794868857486,0.11308811164744954,0.09378164263882455,0.0674252695692652,0.10177769292849054,0.2424199626290675,0.13370249711162369,0.31642705390987497,0.20162820646595075,0.2227677387507828,0.19827107201623992,0.22517059069507148,0.17974243866270373,0.09720409985132915,0.08518085401726914,0.22064777080565318,0.2542991002541318,0.2901610245553085,0.03727545731916855,0.06710116802872525,0.24578200741430092,0.16914616321099857,0.10292906627123576
AGACGTTAGGCATGTG-1,0.05595413099568684,0.13174988389532674,0.06369328977741566,0.11948680646295148,0.15087043133733924,0.10833609348257185,0.10933774852293379,0.2122507099942871,0.07545183880246482,0.2814787769229018,0.2503957559843935,0.2732065677949813,0.19138181558677367,0.27602149329243914,0.24278273927369934,0.10582144510679749,0.10819594663952722,0.2231800936330604,0.4524649141128908,0.46386227342185293,0.023311909180759652,0.308152130107666,0.167507408577505,0.14476733489662486,0.09729514515190488
ATGCGATGTACATCCA-1,0.289341036419015,0.2401781271522742,0.08531881928529877,0.15588543178337302,0.06943426175388863,0.04862770812599565,0.05996908698260771,0.012560980860825532,0.08977074330920355,0.20882818054260507,0.022121560683554833,-0.0023405425175708396,0.021131930384125343,-0.00538723826018693,-0.004666496168628716,0.1369735351021334,0.6194283927278447,-0.00037464747279966284,0.018233210058080252,0.03581069611007112,0.23248642504898578,0.3957141432880829,0.34686032795509636,0.2643308261151617,0.19847749702812154
GCCAAATTCAAAGTAG-1,0.05641957304884535,0.12887677487171567,0.07907778292228744,0.12511455319224152,0.054134621420607765,0.00958077065733002,0.03709917900861975,0.02318879502683531,0.031186679987384253,0.15921031015119289,0.022148480567320543,0.018607778646982247,0.006333506654128842,0.038704991532685,0.01414469935930101,0.10845652901487586,0.09909653825510514,0.049214042280142235,0.037987578784189055,0.033099384016828305,0.034922260020946456,0.18248629172314534,0.11353084787894796,0.22231659540645823,0.1668468680387729
GCGCCAAAGAGATGAG-2,0.18108194526683896,0.27077773636570124,0.1649046901472648,0.15723275525832786,0.04964124504078358,0.033623785666488125,0.042628691926714576,0.05908962099957752,0.04640173657603236,0.15485344234942858,0.04837351328346388,0.03448241171871225,0.02192721689447388,0.0377749024642516,0.03004298335365468,0.1808390505069908,0.16471998945055014,0.06111114208954419,0.08219159304329346,0.07526800384305196,0.1034790316202583,0.24431435484640912,0.3237335857085242,0.26637660830903476,0.49302207566992207
CGGGTCACATTAGCCA-1,-0.01073434195371008,0.040816750373636766,0.04441122247110463,0.010370644439209462,0.06254649827104046,0.24997642979861817,0.06514742982852975,0.02249109322991935,0.029906348398926533,0.055092792594645376,0.05330788282130863,0.02768195279743607,0.19422203186015016,0.05918418467029624,0.060181950860875466,0.03563684136218406,0.012035632472416914,0.04166963289517122,0.017604910303371257,0.037505337444795284,0.028501867139957487,0.03956955309436076,0.04223559112625328,0.02902312288137423,-0.015530657636155661
AAATGCCGTCTAGCCG-1,0.07909736639094084,0.22617646994471444,0.03480701937426505,0.14105304688496462,0.13313944180476628,0.13261688647005682,0.1889135204561983,0.3372303686498527,0.18442693190672482,0.2327561025525874,0.22284361118456533,0.24217176164420165,0.22388526224541738,0.258989024605659,0.249301184459975,0.10261973594467426,0.11759174552103063,0.13530749387276078,0.15908982742430597,0.19034692808297332,0.011848714123137313,-0.023694388721884087,0.24539641377629132,0.16364208405087666,0.13184967395582758
ACTGCTCTCCGTCAAA-1,0.05980218197408346,0.19634740481099244,0.03552605490872431,0.13313281249807954,0.12753658263354642,0.07597671147960967,0.15318979866744944,0.16632304101446332,0.09594759886956654,0.3405597329940425,0.2093956711505071,0.16518949078591066,0.18140016165805203,0.1712910613430023,0.1856233712180764,0.10912567151892379,0.1413276960767495,0.13984270746826521,0.16107065530433587,0.18546222019911984,0.01927080711166605,0.050163036330554266,0.23284718792468256,0.16260528526819784,0.10267559468172399
ACCTTTATCCTAGAAC-1,0.2845173894420806,0.18247415544284049,0.06461296361000296,0.12001537507698276,0.10120122784800217,0.02750193724537088,0.024985052882997034,0.034430883591439136,0.11065298632343532,0.1584917131617401,0.00416351082991194,-0.011221268970194763,0.03357078657958232,0.007765390662156207,-0.0020942034942588706,0.11661108347909542,0.4721717410681481,0.020240700794226237,-0.006442469880461059,0.022777959943840128,0.5034983507928215,0.2484737152745718,0.24761479073085338,0.19782562030196216,0.1859243661411582
AAGTCTGTCACATGCA-1,0.20603515293430227,0.2770648947539065,0.05246731225615269,0.13113788174336247,0.15032640880698253,0.10331693544916513,0.12838776218985262,0.09470333949010551,0.15937388517778256,0.2559119812488217,0.07181068223927016,0.07789705054381771,0.10613072373274576,0.07547453601941213,0.07072724045321989,0.13263091570276928,0.2405555372000461,0.04850414522452698,0.04779935136218971,0.07535172997663268,0.16038100462601124,0.35886108763659347,0.2868325025163622,0.2055671978537506,0.17049415310287655
ACGAGCCAGTGTGAAT-1,0.08449829596736984,0.13846713113754452,0.07863983927556213,0.11426967974542529,0.11296570138441164,0.07241472079480925,0.11729354956598832,0.1987771336194428,0.14740659706319284,0.24030270824898425,0.21874641498036734,0.19509246150829687,0.17707145430772653,0.18119888198817,0.1489493244527059,0.10211151327151322,0.10756742334566878,0.27753103708404364,0.40230899861562835,0.28305176653781033,0.006007508416722934,0.2822250641098843,0.1900061153132798,0.1556669348808532,0.10129245508639804
AAACGGGCAAGCGAGT-1,0.05772091671809284,0.1610323573583835,0.03822671115057197,0.09431169332620808,0.5647447723497069,0.20371541135423893,0.2024679931309466,0.1567024030106064,0.456815158756157,0.40334298051723577,0.12670437558630107,0.1348966453638737,0.19529920226589892,0.1392422113166817,0.15806511966085465,0.06445988298716404,0.13436572689158824,0.10963440875437791,0.07958763934209703,0.09750303162978369,0.04152349619894976,0.3146860929142346,0.13713297603007144,0.12271936289341667,0.09831693406635152
AACTTTCAGTGTCCCG-1,0.06961182161501739,0.15180771544020635,0.09993709181568121,0.14475242981970302,0.09074019226664395,0.024568942851242743,0.07648990458701618,0.21590787969900707,0.07834359394061706,0.4196764340801915,0.17466892283419647,0.2174966993190602,0.1792455793083144,0.19247801448706858,0.15302664166155308,0.14044461936833785,0.06749944459923157,0.2313950159939955,0.2782358515418638,0.2939917657182402,-0.009481539817273451,-0.05433113856419607,0.1937437574648019,0.18771947115038687,0.07902775309871568
AAACGGGTCAGAGCTT-1,0.14751987692145685,0.22960551139444915,0.5288832803749787,0.33246616493187253,0.056325905069607114,0.07511567344730422,0.07143116802396128,0.04630192102320326,0.06441800341815673,0.18142183788901745,0.03343697384017971,0.03817507476098051,0.046163289446289335,0.05140474527999357,0.032147615518427736,0.46570314195834356,0.1723063368460023,0.08741798041442433,0.0647425614137129,0.09713577440727483,0.05503326332148536,0.3011110486163405,0.4537730916287789,0.4137099080662875,0.25636488225251747
CATCGGGCAATAACGA-1,0.08173733232930736,0.2855904789222027,0.05281693175662516,0.14745210284494883,0.18247862676163884,0.12690627137920146,0.20242463449421283,0.2648212065107344,0.20864755226136592,0.5072395730046593,0.26340635548639446,0.25652042495525856,0.24652112555852002,0.27237275907783653,0.2602886430561316,0.11313644605489716,0.14709247579948243,0.22975773561029406,0.21785978283400945,0.2562494665148942,0.028303266429811007,-0.1666945323362493,0.2536896817654282,0.1844503689030583,0.11287756376819447
AAGCCGCAGACGCAAC-1,0.03305665384908111,0.2045634618104671,0.05758903932075239,0.07436764741047712,0.16715601861396573,0.10572785710854296,0.19691149290676485,0.25961075765180747,0.1445576488335981,0.513590580351022,0.23789302512035404,0.25546897878036073,0.23918545514043857,0.24851205397819545,0.23169214079881517,0.05702586697341419,0.08946318118577573,0.15249597348171884,0.1871993912825384,0.20449532285800295,0.013632221956378027,-0.12208497039513136,0.19757002549114058,0.1125360834964147,0.08699625926785941
AACTCAGAGACCACGA-2,0.06297285480899815,0.16143876476644664,0.05632039572033572,0.13777185091002347,0.08311868670948391,0.03167309898352941,0.04537205497657894,0.157599354497619,0.12025610875463462,0.3988111168169024,0.20549820427775428,0.21260997310218668,0.0850267927561389,0.19972595551640124,0.14936241315712745,0.12143444541728526,0.09705644468079293,0.264364264916009,0.4078204316058883,0.30288091069311057,0.03340478406535576,0.1469072721918824,0.17818481737343952,0.173882410553313,0.1072709677133014
CAACCAATCCAGAAGG-2,0.14523957152648448,0.2881389949156542,0.15959554327194092,0.16875123871303405,0.04440321582219108,0.0016863399341463556,0.038872578716891426,0.05248685123773096,0.04157373817612419,0.14675317298118024,0.01947995236287813,0.030003763567089545,0.017566037615234703,0.024907581797688462,0.017453957072848827,0.1965196956154004,0.16680786939382697,0.04103280486898088,0.06857224560465647,0.06094907405499075,0.0791490317676117,0.2679192449435873,0.32355983145081535,0.30375367044569546,0.49771966655334415
ATTTCTGCATATGGTC-1,0.41856551931125635,0.023683450298515447,0.05331442082168082,0.11786777927229562,0.08648876533322047,0.006193414589928646,0.03408556595796277,0.011614104230914687,0.04841821298797223,0.1666992019115627,-0.007824705441295134,-0.00210808615249479,0.019575212371500585,-0.004919232211413922,0.00629716814966287,0.1043275519698541,0.4766088576020893,0.008542485828494864,0.00037227055920872724,0.025683398333309997,0.46934031461404463,0.22172813031346872,0.24258728620511513,0.17401975037142411,0.1997278281724378
AGGTCCGCAACTTGAC-1,0.17897062883159218,0.27626005124264574,0.4073452083282505,0.6248942852804873,0.049605214472872965,0.07056239947585742,0.05164043558680799,0.05599459494118383,0.06548765257033966,0.22641784359018677,0.0260258868574634,0.0307187616961849,0.009181041234040146,0.034667559716605775,0.015721103855333117,0.505291861717468,0.15649213456400016,0.08297580966915655,0.07041190250617796,0.09261897209862976,0.0868389593659701,0.34200650543560596,0.48889876296399154,0.016681387794669534,0.25273976063285974
ACGCCAGCACCAGATT-1,0.04938989059200082,0.16570739262959927,0.06120224335057035,0.0886724239043425,0.1369322725544048,0.1365622095152045,0.21902772159413714,0.2882694355410096,0.1749107040115648,0.38570020731633053,0.2067925372781095,0.25700255356203994,0.23927085861767294,0.26251684776543827,0.25631043178575214,0.10132707877507385,0.10904390856958998,0.13611124080124723,0.14883195846766303,0.17351207021287762,0.04868596001296551,-0.03317473811073834,0.15649878405702994,0.15404914141014328,0.10423147633309686
AAGCCGCCAACGCACC-1,0.06758461645682518,0.2094656620614135,0.13042900156124201,0.16923752264315947,0.17071101782298664,0.14303501406925348,0.1889455669268299,0.25083849907674555,0.16215770080692168,0.4106692231251317,0.30064550278873026,0.22473917585664543,0.24188842257928897,0.23987776033169728,0.2463432823231482,0.15128068036065384,0.12750734364110464,0.21074025361133092,0.1981701019851641,0.24662717309242166,0.03850852570011304,-0.14709793256500972,0.2626372699465632,0.2142300983878337,0.12011242723333339
AACTTTCTCCAGTATG-1,0.19338212281900152,0.29747548936308615,0.4217843455000113,0.2320098774988868,0.05242097478268108,0.05650239289136179,0.07374864936004438,0.0555011022720371,0.07877398434751579,0.21862407256745875,0.022326997292009442,0.037820747974494556,0.03562230417253555,0.04535193525021554,0.030440126211644082,-0.027609510402252794,0.17325097443197118,0.08248270422649953,0.06632610094901531,0.08915909010921425,0.08906101601762458,0.35298072097977445,0.5097290140778342,0.5220075648429542,0.27391914590969374
ACACCAAAGTAATCCC-1,0.07560703767711299,0.19992004749127854,0.05583900000789014,0.1326046963755334,0.08819002424667231,0.06893768763140112,0.11021582981399777,0.2099315663223238,0.1044216075561041,0.34231221814034063,0.19857204058481479,0.21818903992860172,0.19116402624912956,0.22008734115805464,0.18637392437408928,0.11456599720658368,0.09319695270958671,0.1654415324170953,0.2280381207160599,0.25136544553182705,0.008317317716420483,0.28868700439161676,0.21514335451021752,0.16275917660096736,0.09453197911139151
ACCGTAAGTAGCGTGA-1,0.01783131981972193,0.1589813117910125,0.014816099778717205,0.08065371675490166,0.1287540722719414,0.11838391081872063,0.19531613730713737,0.16678539104522422,0.2024668883181602,0.21763661718103106,0.17634602373846636,0.17871135078257278,0.20646538059921501,0.2105113133742341,0.1843686139139077,0.06373076411631769,0.04509799262747164,0.13570311096897533,0.11685494020533306,0.13215933971449728,-0.0035977285944082567,0.02939737136018667,0.16442942013047251,0.10910690891566,0.08784045905898374
ACTGTCCCAACTGGCC-1,0.06093072320289015,0.20717131062714875,0.020646828423350316,0.09046840646780907,0.142092300218845,0.17847207075983568,0.18908058028739105,0.2836743405348005,0.183671845105676,0.4127884626798293,0.3022709859939938,0.29825059775327867,0.3188012179234441,0.304594085431644,0.3090755872733181,0.08782188561556205,0.09353021590188315,0.17880961652473076,0.20437512127118102,0.23572000722598924,0.046133802446163226,0.024120845490668764,0.21118657122454407,0.14925337180426684,0.10095265395555755
AGAGTGGGTACCGAGA-1,0.09272235784547772,0.22529288384122373,0.06424305432628333,0.09822132925714326,0.15564696884095772,0.10940357709494901,0.13223704525649896,0.1515706899228136,0.20192801050816864,0.2673952991877186,0.11479439309487724,0.12970193722183762,0.15472975911286213,0.13705511440743123,0.13056694550243048,0.12051912096537196,0.11995854106479806,0.08277246477942458,0.06751959163720024,0.1198270736176716,0.054139898824528056,0.3302503022341352,0.21386094748169873,0.14766810249104037,0.08107111523301397
ACGCCAGCATGATCCA-1,0.1480476929465219,0.3016421021452637,0.34288551830536124,0.3574268484915158,0.049165824557641576,0.043831411616506645,0.06252757715476022,0.04430204195994467,0.045864073695179766,0.1851312322590862,0.040670621700721166,0.030440536632850144,0.021390540787106702,0.02533241571702968,0.009515112529342415,0.3583928996079034,0.14651233621453685,0.0655347410666788,0.05359079525206659,0.07872058158200478,0.060576703120698,0.36668626698231677,-0.08096355381878186,0.6120575519273057,0.3019807822306839
TCAGCTCAGGAATCGC-1,0.09477446511070448,0.3133338948598105,0.07946925438590194,0.12624965278546374,0.19971169734001454,0.13198373458598428,0.17706675538659827,0.21309856726030976,0.19954377445089708,0.41548568369233163,0.22518506197561924,0.18991287400944726,0.2131343114940511,0.2090893578362483,0.22546882340432023,0.13080456945154775,0.15101121864335498,0.16003821200011978,0.15140965316343066,0.18933304822074845,0.04172066626008002,-0.03706182703306412,0.3063205963591013,0.22096893291374536,0.1696989914878322
TGAAAGACAAGGGTCA-1,0.04877624878628585,0.1701212382906504,0.021112292908040058,0.10241770009776716,0.1209387507468885,0.09207995443936995,0.13778958891476772,0.2213884948962207,0.11713239263032948,0.363752958554639,0.2643545199853029,0.22268019723629548,0.20503318634473594,0.2180359787282784,0.2220799624777162,0.08330031874171881,0.10830393833480083,0.48679477539456406,0.2843854418322411,0.4118808799706762,0.03747590292874771,0.1331295857896775,0.22709907946045077,0.16066136184982102,0.12250383798617533
AGCTCCTCAATGGTCT-1,0.03130611831478252,0.20470068890286044,0.027427279258641902,0.08257816689659177,0.23040678277079055,0.15848467729706525,0.19923742149464607,0.16749856140019426,0.1736827119228833,0.11337770852821835,0.14111311063753554,0.11143831097025723,0.18913904159400263,0.13951483414728755,0.14227674643282698,0.06549591656497648,0.11543820179894008,0.08435866037354928,0.08608068466196764,0.12870692368375797,0.056388792734154106,0.01166746722797054,0.21274710395638585,0.11631029347222002,0.09629963220161626
AAACCTGAGCTCCTCT-1,0.027501419969407474,0.14140239157350254,0.04350928944848555,0.053316097094455006,0.24605781577870445,0.12186253080273886,0.21758234223168535,0.16862779452359516,0.18485755881382038,0.23267872220992922,0.13353613881658577,0.12039923274988867,0.2199552184792589,0.1605836293378947,0.13871346545787835,0.044313751972649765,0.09002119655373947,0.06886720392347932,0.07090380334810645,0.09642907758248773,0.04332728346464572,-0.05226731914496038,0.14802450989822546,0.08736412242187665,0.05867875193842828
CGATGGCCATGGTTGT-1,0.07308361334653238,0.2293849357017298,0.03445837293548154,0.12276127595474552,0.10525045109266644,0.08929640348623011,0.13521267849898083,0.2569083494947086,0.12796116246386516,0.4144133760023341,0.25220921368164245,0.2859852330661982,0.19332114044430035,0.2776543387051884,0.23394542893680237,0.10483182246919533,0.0899846453581233,0.24668298286540308,0.35679111317463524,0.3987606590036966,0.01546977792573582,0.23744475443199517,0.21504789899531582,0.1627276979874678,0.1060507693377768
CAAGATCCAACGATGG-1,0.23163637621661276,0.24070881963224836,0.04182932248317567,0.07039012011486218,0.06613085661063146,0.02624912210538612,0.07039046980970806,0.0033855421325677147,0.07440150239934347,0.12477945709794477,-0.006586039109319203,-0.0008608832626076546,0.032452846128783575,0.0069555482821258355,-0.0029757693692025544,0.07194927672172383,0.37521956937060413,0.027287351436796354,0.0023959188816845226,0.030054081013131697,0.5144130865326334,0.16330470958207918,0.19710867783135008,0.1857012102074184,0.18294134565373163
AGCATACGTCCTCTTG-1,0.033821399558020486,0.17540373136562165,0.025277544689152734,0.032727051635683256,0.2785458507095021,0.1876969109443432,0.22359112426942002,0.18350025061589292,0.21854849464979198,0.08748115790517454,0.1706859086836366,0.15236103137601298,0.24085845535468423,0.17740130698314152,0.18162835189844148,0.019866495058352245,0.09469767072991897,0.09818844822355396,0.10036600369149232,0.11083860815844217,0.049700404697104475,0.09999562587122461,0.18042146023219308,0.10314080192622478,0.07283262271197445
ACCTTTAGTCCGAAGA-1,0.06627192341446227,0.10970150069370721,0.01640370142556282,0.07509432429685645,0.18605587694202752,0.13072991588345714,0.16972008716246453,0.2165940913406063,0.18864375636908448,0.46166896097180204,0.2047331512263195,0.21587354181563692,0.22465678321414204,0.22319804679299415,0.26210342327159863,0.06675073525072778,0.13439443233642986,0.16216188544787402,0.15717963492754056,0.17902489682795555,0.015799587456947695,-0.0727452635255243,0.13920715631432437,0.0924547948525746,0.06345524289516848
GCACTCTTCAGTTGAC-2,0.1803325652141561,0.31943936956001345,0.43847353599901845,0.3070005453280496,0.04180991210653251,0.041891905788529554,0.05567673576234139,0.06225847384997359,0.08447889924143961,0.18941276468663418,0.04314492263359427,0.04447550291084556,0.02421552554608028,0.03769494132339965,0.029350741245398063,0.4212494700862693,0.17502603433586822,0.058254592802408474,0.08167887416476388,0.07739429877944896,0.0840173019046341,0.31158800362507966,0.28743212016186587,0.3031375301032755,0.33840192057870894
CAGATCAGTAAACCTC-1,0.05405923915581731,0.14189176061048767,0.007247857423741852,0.02875819324375748,-0.0023601136090401543,0.013919357009447623,0.012218316850487139,-0.005169905646793299,-0.014630621531518386,0.053333693036978214,-0.005940142472465373,-0.015373378423313412,0.010858535865839835,0.022552172252228865,0.010064007261184907,0.04723319769363871,0.07339959685874357,0.01616462586330023,0.041375198205040195,0.033054001175059085,0.060338517027953856,0.08121678957755843,0.14198912727371418,0.09063282119438514,0.22604865469976596
ATAGACCTCCCTCAGT-1,0.4613936661836456,0.18796719803957548,0.09639859396093396,0.1386624375926108,0.10968315775555401,0.06415279077042647,0.08474830899746807,0.025356385114202986,0.12074759611448418,0.14215639357463689,0.012242522275633163,-0.008725607864389423,0.020229525028433407,0.0028267863036627477,0.003606790186478125,0.11783358301980593,0.4569055813366375,0.029715620668787315,0.020069516408381498,0.013162467951765934,0.5255893696521354,0.2580755604361762,0.23851216581523285,0.19385717811373862,0.17321623465013916
TGCGCAGGTGGTTTCA-1,0.012403912077389249,0.04038541582389533,0.04734744907607662,0.025471500094485556,0.0229119584469154,0.04750277559260779,0.024148758378566202,-0.0076341807252133295,-0.006412791795298738,0.0332563791556111,0.04472343886203576,-0.006738351805947883,0.02293581992528443,0.021353009566068157,0.021791411121502395,0.03724927189564566,0.06135092547786871,0.01744992334710785,0.01822162656590639,0.038146712492628194,0.11920133490888918,0.03313852357189478,0.0460189544794952,0.009856867339222896,-0.0019966108632010118
ACACCAAAGCCTCGTG-1,0.2586845775711584,0.23863405379086847,0.06913260327596105,0.12831877257184884,0.058048121583917936,0.027631902476121455,0.036913750663651254,0.015106048438234492,0.0641443539775532,0.11897184143819099,0.005326878175299769,-0.011023741556331085,-2.5307178133312266e-05,-0.013000578050375564,-0.0014019098729173356,0.1396152544084825,0.5048241087512508,0.011440042138177458,0.0034103133992509677,-0.0026336164602134733,0.6666881215183417,0.22355025403006415,0.0796516096585738,0.21039660064587626,0.21537725269336513
CCGTGGAGTACAAGTA-1,0.0590834916206419,0.23267056943669362,0.059057514502668294,0.12026423510799074,0.14930123187291292,0.10373253784945466,0.16268042403291222,0.22732085547224165,0.15526207839429632,0.5574470236280579,0.20890049687822781,0.21300116775463557,0.21388384466409538,0.22008327436797545,0.19945322183577682,0.10948146895024716,0.11553680222572955,0.21272148286814474,0.23310480991546204,0.2551943010883514,0.004455197901538335,-0.17530137530967896,0.22772454566450404,0.16596584344883578,0.12176210048892597
AACTTTCGTGGTCCGT-1,0.02953293886044063,0.18563759158532636,0.03011544471109722,0.11775960258612898,0.09294477755507384,0.06775905283182088,0.08537342660796712,0.25930960175234985,0.12538574893392643,0.2355709231669786,0.1941387452926472,0.2658489620294101,0.18801430587754422,0.22563560236653263,0.20591961577442927,0.08994556843530067,0.05206685365805462,0.19857192495999368,0.26459656228439726,0.38829746715100816,-0.00840583344699958,0.025943520932976492,0.20215508872260843,0.1680729324489643,0.0984363268896875
AGAGCGAGTTGCGCAC-1,0.2110182261348033,0.2691424717706648,0.5153825986073023,0.47911091197890504,0.05421512155999685,0.02674419329670607,0.05845982763105674,0.09370120442315708,0.07364530944411779,0.19895787148105654,0.030706086076852428,0.05610304106165705,0.05353146202373522,0.04920069770339408,0.01761726363529052,0.5293100107812804,0.16937093513975773,0.0775018310932604,0.06302372741970136,0.09750131185048205,0.05209087283420263,0.3293916970329192,0.48712685287649976,0.17966358409882277,0.24181300495479635
CAACTAGTCTTAACCT-2,0.04651077374618615,0.21735315618890097,0.10773784687888008,0.16816821494526396,0.09825486829146304,0.067111914485293,0.11133619176356896,0.25126113286107055,0.10670728355604098,0.255393075595583,0.21250100743893033,0.23155221654022973,0.1629536480009028,0.22498335828936816,0.1890690817224641,0.1570926790084969,0.0796030796343957,0.2429864763445184,0.3037027566169349,0.2956858723518414,-0.006548969768566434,0.18702220758234914,0.24369473059175295,0.2010597729320678,0.11595177960029901
GCAGTTAAGTGGGATC-1,0.03396870888457086,0.16107631824251728,0.05439877677648109,0.043337461022410616,0.19646188624414215,0.1655712158671955,0.204181350392487,0.15777726327393315,0.19569093371135254,0.19346117680905967,0.180608257158487,0.09586916539609144,0.22580083961090422,0.15707976211824054,0.16060724641325022,0.03835916227723867,0.07856086663317786,0.08765175447026996,0.11370103799675751,0.14031924376021446,0.023492372133434573,-0.03520109772371345,0.1435187859376826,0.08093480083976931,0.04193907104990407
ACGCAGCAGGCTAGGT-1,0.020783352808227903,0.16049673202274958,0.033999624884616345,0.10901651593230816,0.11719366975810279,0.11866551829466133,0.11125253751553597,0.2643370678442094,0.1496337216331083,0.3532897499923324,0.21458441886633667,0.22110413400885218,0.22556610511609596,0.21533279796589733,0.22859481847581414,0.08262113533238134,0.08683748567929087,0.1569905673303344,0.18102645546818685,0.2322969886992667,0.0031751901774464924,0.300847553758829,0.1656108661888852,0.10358081024065048,0.06930259805594514
AACTCAGAGATCCCGC-1,0.05515236536901386,0.21753528962444896,0.10006273257325413,0.14844251017827975,0.1369019272527048,0.08772170906696307,0.12057534775978665,0.27092785017594195,0.1365095039568202,0.46687752608229655,0.2666896269499793,0.2558858702698095,0.16556846205901335,0.2477060917492086,0.2045557880272498,0.14103462648973245,0.14416534899561784,0.3010974341795322,0.46350536358890926,0.41840598118546934,0.012416568252763958,0.22057778435066813,0.2618220375491384,0.2386394871680246,0.1787711354238519
AGTCTTTCATGCTGGC-1,0.20416060061160107,0.2997931386817364,0.31536520091747705,0.43304537069713567,0.09267451467675872,0.04795434807966698,0.05734101805978859,0.019490465835399148,0.08242612336451048,0.20293438705493483,-0.010182776069497275,0.009101648768998605,0.007263395217202021,0.011210607138123378,-0.009232917562534325,0.42468394804125364,0.2124699345416552,0.04631962393748987,0.03632685797833975,0.056923705596640325,0.1430224625563031,0.34454014870573163,-0.09883046752284849,0.4720369021245288,0.25552843704943956
CACATAGTCCAGGGCT-1,0.09542643540131453,0.22016796280177703,0.029438949174917878,0.10177305795593868,0.183255637200862,0.1568669214181398,0.2205113256836124,0.3104770931776992,0.27300238227481316,0.3016086373837755,0.24471811486691136,0.2594558748371849,0.2686162089700845,0.2692676073634973,0.2609394526090479,0.064185923894169,0.1194604797967026,0.14500378676803438,0.18289674187379107,0.2180948023099939,0.03291670694405246,-0.0075961706471262685,0.21627496548411518,0.14721035234211063,0.10141849469770146
AAGACCTCAGCTGTAT-1,0.14714503112829844,0.28041173510480205,0.6109576360600165,0.3814019258448156,0.13549251621578196,0.13083401398145253,0.15870883385776074,0.1061761355752355,0.14844286154534633,0.2636833794773996,0.052658319231925,0.06182546704990001,0.08486725938668842,0.0694443002604068,0.054997676261726185,0.3965887970477567,0.14792030720381436,0.07815246309912115,0.08210824043153762,0.10526392586521433,0.06185843711937652,0.26220573853352264,0.310530374339295,0.2968881175855103,0.24184618367998842
ACAGCTAGTGGCTCCA-1,0.08198971791060163,0.20033284710742108,0.08600217089449676,0.1520130159718723,0.08071901887131334,0.059947838576833674,0.06488224783278262,0.21308425630337885,0.08891146222740348,0.37587788531529437,0.19936850923936425,0.2157089988234075,0.16827112655079032,0.19008796080773083,0.16217623678823037,0.13852336078931132,0.11013848124479436,0.23145210962674886,0.49818002853336146,0.2872138313323987,0.034169677993831846,0.1449271052618674,0.20168523017596607,0.18621481249946398,0.1398730961487847
CGAACATCAGACAAGC-2,0.13166853562562408,0.1948012984006107,0.11795834112719338,0.10734373895167083,0.014008322506603879,0.016196517201945645,0.04532511616958278,-0.0030432280526580006,0.0015910680551251774,0.07323324730347017,-0.0034003128698614172,0.000674606040130999,-0.0145292625070291,-0.0011405683651787314,-0.014966066768510226,0.14110916483053762,0.12231661299827362,0.045200665900890794,0.05940153277872897,0.038831067349114144,0.11450941703181299,0.13309177266451527,0.23279480598206526,0.19785896053359667,0.39769970613300554
AACCATGGTGGTCTCG-1,0.12628777762886578,0.21013509892196672,0.5248962844461357,0.3283886007986295,0.04368556062909134,0.07269819739666393,0.08008289057934259,0.1507330091147691,0.049428314261590216,0.20340665346658876,0.14900293337223636,0.15926659940803367,0.12503470615653567,0.1479169260266101,0.11988477938884357,0.29361445581002554,0.08526899113405229,0.17111455976619183,0.14934350532476137,0.15347168525523183,0.03048290132705937,0.2823302878993493,0.30339209852150206,0.3574129664263078,0.2098709745849285
ACTTACTGTTCGAATC-1,0.03809473201602728,0.19656201094827996,0.03321932441731767,0.08814698726211112,0.4719797579280479,0.22369382399623344,0.3483889924516267,0.11239585007153458,0.2053406286638118,0.19720143082182715,0.12386370377989045,0.11756471287601976,0.17438328300035535,0.09471952465562435,0.11087016711882251,0.09293932446837952,0.11305257772759,0.09007048221553733,0.04801185302995778,0.06051969774850522,0.013014101623211255,0.14341987688611915,0.19272244844864053,0.14514380850568584,0.07286773752852059
ACCCACTTCATCGGAT-1,0.05960142736803693,0.1380205272281339,0.05818160523079589,0.10181924600840117,0.069499864249717,0.11220524504311762,0.13721569226573768,0.2544169195534921,0.12051344350825556,0.27997326964907876,0.19704064407384475,0.42936135244904045,0.18556918779028342,0.23738366151705784,0.20941910756066215,0.09780188120193771,0.05790700041732645,0.19518040464870048,0.23714990838600405,0.24797374279777473,-0.009847170780657166,0.20026943229677066,0.12411301233695574,0.11198711349115047,0.09464467804585104
AGAGCGACAAATCCGT-1,0.06545737059197797,0.23307935379225267,0.06672434025465936,0.12741773943695153,0.1869769689983978,0.1118615267598153,0.18670603337310412,0.2294193183501242,0.1885166916899957,0.37925221712752605,0.2017609919328964,0.2140373043181082,0.19930302987796325,0.204794545541511,0.19000868655729322,0.11552834719834239,0.13044030948427646,0.1528269352581065,0.18016966261821418,0.21132839422131547,0.026124476201732853,-0.11042569644057347,0.24044083274384948,0.19068059161843307,0.10302205840105551
AAATGCCTCATACGGT-1,0.1366842751696102,0.14560006991513558,0.2656783845991542,0.26897618335594975,0.014725825139056258,0.016955870920632755,0.016268427505616655,0.04983722829167264,0.033363631727513554,0.1156012816819046,0.07532585307438336,0.04545376852283726,0.04421387589369235,0.055202183520179145,0.07108393010777098,0.2676896568765091,0.11547407124910454,0.0715891325288199,0.048025506007063366,0.07414880186790439,0.05196605808968933,0.16668061513209742,0.23305789517507625,0.3206994324325702,0.1452187598605202
ACGGGTCAGCGATCCC-1,0.2959091378067599,-0.045600563140275094,0.05801332451421108,0.11573913169813285,0.07060319541475188,0.027448048059553764,0.07332888780146732,-0.00631134778931997,0.09060977968464592,0.1457304614497523,0.005215034225985055,-0.01214327517995957,-0.001184891633278729,-0.014266379707054766,-0.013747412427633826,0.10309008111055482,0.5306747436009107,0.01991797419245967,0.0029419973860060557,0.005603062368503743,0.6156386513316824,0.2618545496778558,0.267699807038056,0.21129837500713913,0.17857561533627378
CAAGGCCCATTAGCCA-1,0.06409357585556785,0.2266170571752123,0.06659574505719151,0.15567281744452272,0.18529642027864038,0.14428332854785408,0.2163670646251589,0.2776735185304002,0.2134496773505058,0.3877117489283247,0.24443117261608946,0.2709886801385728,0.24219836084644927,0.26131955972372467,0.21467850399343663,0.13524433205147746,0.16611996138856405,0.2189381709310057,0.28331276523693355,0.2658178240116429,0.014524534791627538,0.032975996681538035,0.2502302785115004,0.18385645344344245,0.13598850519485242
ATGGGAGTCAGTGTTG-1,0.2838832990020704,0.16281047848072125,0.11945412838855875,0.19040643281556305,0.07160519998561023,0.0328510736231697,0.08154274289280934,0.037866769205715606,0.14140491249312226,0.2622717565817855,0.001902207054904474,-0.007342545385781013,0.020494714459925387,-0.0025067320363386094,-0.0005772063204882083,0.184205025708175,0.20680331533855925,0.027524222550687615,0.02121337205794444,0.02459531685619885,0.21069415037437844,0.27947797531193785,0.29700100923520323,0.2974359162607943,0.2996265106759006
CATATTCGTGCAGACA-1,0.060441752645302146,0.3000499329326461,0.08658351644080237,0.1344826233720476,0.17176533048245532,0.1234201295724688,0.16422549193413782,0.12653420846073313,0.18492302367416413,0.3190304431054081,0.07344360164687279,0.07715224968655528,0.13385702190788362,0.07014398422116097,0.08666734821258865,0.1453920608388993,0.12291979817827874,0.0651354995066277,0.026647508243763798,0.0856568208701063,0.031228257828807067,0.4240582874139877,0.28515580057025663,0.20781487096934498,0.12204043179392503
GCTCCTAAGTCCGGTC-1,0.03910090445008747,0.17844059394643322,0.0769525242531539,0.14766293391067584,0.04568086051627063,0.04049813203612086,0.09348494426766718,0.23683490824729211,0.04134981889151649,0.28555662462552533,0.2235454111142151,0.24485113543440162,0.16777225709691465,0.22527653360699515,0.17499343809328766,0.12374347293555829,0.04609780368313928,0.2698945842140158,0.4486691209058844,0.3892809865694129,-0.024417897381346965,0.25949194004998133,0.20777795141356303,0.17876591864830216,0.10900318656424107
ACGCAGCGTGTGAATA-2,0.04655223437638379,0.2055979288528345,0.03668633897449865,0.11609000929644676,0.04294621826548884,0.020136493042026835,0.03679830605760913,0.14120174862906648,0.028941241129403047,0.08025245773260041,0.1569686726096307,0.16822817794025036,0.07879504270106708,0.1532583836354863,0.1551744158248066,0.09386977733117685,0.10579585574365087,0.18372222327670473,0.25201148285428254,0.2530940433770492,0.018938378297123238,0.14083934221585553,0.21027099816206535,0.1767606254052861,0.12321969162261721
CTCGAAAAGTTAACGA-1,0.15488809080648677,0.2627909719780011,0.3298980370559242,0.5312732205707339,0.03593025707799672,0.03982204167329082,0.04866378498001714,0.0372819040943353,0.05427010448640611,0.2103121856470894,-0.00343282479676173,0.014606083866252303,0.00459152229409533,0.018391532642098425,0.0024807682386140616,0.46380224211560134,0.15556408436765448,0.06005185429257959,0.06174173386250572,0.07079196456351662,0.04730731403151019,0.3152857495618224,0.40282826359673624,0.45857930739989644,0.21546944379895344
CTGTGCTAGGGAGTAA-1,-0.011817328631551088,0.11047637012017011,0.0874233785443971,0.08251052084457605,0.026595644705283052,0.056536075428852715,-0.007833976218388565,-0.010212391249320827,-0.00857851564840904,0.022695303464629106,0.021196274158487214,-0.009014023573038269,0.026624313593288776,0.0246808587830747,0.02522130735525338,0.09203517903040043,0.03433182261275936,-0.008449338176595282,-0.008257784591973585,0.013020622940088775,0.02840602402988859,0.09830790781491369,0.11166646081996308,0.0719268619404035,0.010722261711383936
ACGATGTTCTTCTGGC-1,0.048117544686239334,0.21988770279410877,0.03043888873939144,0.1002812063161985,0.1706997823125497,0.1683776649328024,0.21468313105670317,0.2477616132120553,0.2019342215405341,0.34756606015908525,0.22139533578725368,0.2656950008215064,0.2690728077436558,0.24596653565790172,0.2617482555192798,0.08864841041212429,0.0993874712818463,0.16955030222603343,0.15484642085486178,0.20089978101701395,0.010001826856335938,0.05320144314224229,0.21692147158815075,0.15779109755868787,0.10424019392309955
ACATCAGGTAAATGAC-1,0.08460104729602091,0.2372497617065927,0.0881145549101868,0.1625336280525034,0.09465036390506064,0.07845319028566827,0.09243598078905506,0.1925880691117283,0.11987601178089877,0.4850242698471079,0.19278829406884268,0.20857103471398886,0.16137441877336686,0.1937129417530015,0.16951786708790156,0.1447590106945554,0.10969821349469437,0.22083859485108365,0.2695008736162789,0.2723160337922871,0.008103817724554133,-0.12979217443387597,0.2552016630234422,0.19627108933920234,0.13570190902418583
AACCATGTCGCACTCT-1,0.017112669338907878,0.18993713604990942,0.02889336700958348,0.09927849971263056,0.0990520709284366,0.06703096202994163,0.15109606779875723,0.24325852180861834,0.1469129536119203,0.418423826375746,0.19874286629149945,0.2596573081857948,0.1837137731958511,0.2190155286647656,0.18938676820498748,0.08499377984192064,0.10802880125568101,0.1814558881194332,0.21460872911970447,0.26473727201042746,-0.01047885398920024,-0.04344462371966178,0.19264877259873364,0.14711942037095077,0.08529678748171007
GCATGCGGTGTTCGAT-1,0.16531979264324248,0.28072405724287114,0.3271943915870284,0.37505127089118545,0.05085004860956369,0.01837928478966424,0.04399286185519191,0.023920654630298348,0.015528523749424358,0.19710295767332123,0.003930555741027778,0.01409296956251191,0.01212212628940955,0.01915800076521588,0.010544268003169587,0.384795895007291,0.1326344429709669,0.04919596675481769,0.04331093699263585,0.040020472583026705,0.07218314469669906,0.3373634552908073,-0.01170954716634799,0.5414609433242061,0.28546895459235244
ATCACGAAGCGATGAC-2,0.1413856776780588,0.5233832261451543,0.09005755119756217,0.15096774721077189,0.06054742564155291,-0.013342224505952452,0.02660153585958046,0.024078954558855194,0.05802610324517983,0.24182735981093748,0.015741974631703598,-0.0033823075294830405,-0.004885307118702878,0.001973474395151798,0.011546611308250613,0.1530787878171859,0.14801314672612487,0.021566450853128263,0.023362270333284228,0.03672382899583317,0.07437533938465464,0.3243927500530686,0.32871861356836907,0.24498641453805206,0.2115411934549898
ACACCCTGTTCAACCA-2,0.0797231629934516,0.22037926232169558,0.03742350123078112,0.09487897451735099,0.215726939910652,0.12751167430137092,0.19219890912595866,0.11909188498573088,0.18656763440036853,0.2616072539495725,0.07485723426122677,0.09419287280111059,0.16124882537809704,0.11822333811317735,0.09057042845415256,0.08755855948065303,0.1193241404511392,0.053406694684205454,0.056274430095600764,0.07639277083647898,0.02396614503007357,0.3280852222645812,0.21860274949009664,0.1653936735355428,0.08050506651775417
TCGTAGAGTGTGGTTT-1,0.12646342627953602,0.4841126527697016,0.08365828900807051,0.1542743995005667,0.06444221434382252,-0.0021336549543788585,0.04102104498427367,0.04529716218093912,0.0906538613070086,0.22481298157313231,0.030587786024846544,0.025796371502595738,0.01436119545936092,0.012219963018094273,0.02983877519369023,0.14176468318304647,0.15432680622027467,0.03303815134798071,0.02819632572064842,0.06003259918589731,0.05834967265912515,0.34922053059075897,0.3194229634255165,0.24877661388169087,0.2083106605616363
CGTGTCTAGCGCCTTG-1,0.16270539320396035,0.26147490469323076,0.3874759250433773,0.5876243491605009,0.07952470076587106,0.053334994216895595,0.043297035756528886,0.06648201195233004,0.06764681185522335,0.21553170933104138,0.051856387134613054,0.04163199156393324,0.031046373565670197,0.04567664253503535,0.026587407781095883,0.5094513944790023,0.17374145867548163,0.07514599131840598,0.08544982360151093,0.09775513061713628,0.045258801854369986,0.3381470115223211,0.4609682427909072,0.5003557238292323,0.2511264214247554
ATCCGAACAGGCAGTA-1,-0.011195870036391045,0.10267748727837023,0.0854288483243164,0.09740086268561816,0.027081261074722508,-0.06932570568927308,0.0620813043425386,-0.006823410541944011,-0.005731736346615075,0.02750859713701999,0.02237536790058222,-0.00602272102311901,0.027107883150689602,0.025409953124055064,0.02587672735687047,0.10689560667977832,0.019290017637349957,0.10508612317042655,0.022110964235610434,0.10364300547494702,0.07460756400928903,0.029244671190166004,0.10835641170595296,0.09076620624751343,0.0018659953928857678
AAGACCTAGTGGACGT-1,0.03555072825025994,0.24335739499583364,0.06895526470962837,0.10032124793678045,0.1969697493840276,0.16147467641056998,0.21436656128624942,0.229934603511911,0.18782134226695174,0.24407536204310873,0.18016110170568284,0.16737593521011593,0.17502731689711248,0.18622561223350256,0.19028465480416143,0.09960008935028329,0.09373281629166287,0.10489398461146501,0.10990207719210045,0.14080415795939996,0.022442404864404828,0.07039110587455084,0.20572769535270552,0.1551742460820267,0.07049079802780821
AATCCAGAGAAACCTA-1,0.04698778685928934,0.17884578954976135,0.03535723297861303,0.0810383781418339,0.1280318854748042,0.1298943114250354,0.15732808529628223,0.14629652092790812,0.1406826341668364,0.1896988830810041,0.1186209271421939,0.11005054398703061,0.1698986160175243,0.11114527624849685,0.10406167094939886,0.08012836909163171,0.101056030920548,0.08969227885962774,0.08639724228268107,0.09532965855838978,0.009596617758900531,0.13607320943281598,0.22138091439423324,0.15122688644327845,0.08944215148260103
GTAACGTGTACCTACA-1,0.051817587367457695,0.19200478460451945,0.05339479209981607,0.07948313225726128,0.19542041912183442,0.12189798668300131,0.16541975007270485,0.14409537100829214,0.17590244037233504,0.2576887780819284,0.09520115512494846,0.08817803161730713,0.1737125782019651,0.11689257920349459,0.11855516259142167,0.07432019516563126,0.10829482030355742,0.07591247014928303,0.05180353239413374,0.08201119799982527,0.015476376553956965,0.3328497383710188,0.21417690704801257,0.14909974905191622,0.10005331458899144
TGGCTGGCAGATGGGT-1,0.023600344546153663,0.16069406710234435,0.06379674832812071,0.12219595683678107,0.06472501763294344,0.03340531023693063,0.06772602815414783,0.15242474989714996,0.04164189861975006,0.3821031110041235,0.194110525622508,0.16237574608365504,0.1264053962588311,0.17684110153874782,0.14927043803409318,0.10613033639231065,0.09165810926914311,0.4405038530162807,0.4694843093965702,0.32072192587350523,0.013456520003208941,0.20451140316171107,0.23335771000857194,0.18711179814285672,0.0945891747823974
CGGAGCTAGCCTCGTG-1,0.0914150070066657,0.379485002569442,0.050547727938379104,0.11293163597391301,0.009436425958260506,-0.012536366783794802,0.020694828215934782,0.021178924332950093,0.03350479398990948,0.148005730413832,0.028812038243818405,0.029218287325123087,-0.0009361955518421377,0.025045149225829514,0.016643302249137442,0.11494240216183695,0.10499215178927769,0.02563599610137931,0.05398215012594506,0.059837289947120405,0.04844136645800306,0.25798463755065965,0.22450073559074793,0.14609267748453283,0.17882626842876487
AAGTCTGCAGGGTATG-1,0.029899678338793485,0.17084640292414058,0.043796784462232445,0.07719336729620137,0.1429427396001366,0.12243765447414512,0.1726036031342256,0.10406659753950051,0.13034755199029355,-0.05138365081217027,0.10129036868091408,0.10027282818947396,0.12024093905106718,0.0921508849558073,0.09426141896655968,0.07347759811423372,0.10366325634282947,0.020202492417619216,0.02193125148701668,0.0811076820029142,0.004473655577710635,0.09144574891175833,0.19339857274226527,0.15906114396447107,0.07695843560983255
AACCATGTCCGTCAAA-1,0.05418378834158958,0.2564014033107797,0.04036297283061674,0.14223121713224943,0.13788889675415902,0.11001301806502145,0.17311827846868244,0.27089045552513796,0.17038728843789908,0.5522022231002335,0.2495621171501832,0.2450476736860404,0.21642232108263368,0.24282623531923608,0.21931295340998253,0.1206977547128359,0.10983051808675391,0.21939588070688948,0.2611281151430161,0.27420100746002457,0.005605706236638116,-0.1680219564076732,0.25467827030133583,0.1731369934266891,0.11846881591312172
AAACCTGTCTAACTGG-1,0.11268716131612616,0.16786724003281875,0.08126449952563325,0.11112465170057997,0.07375847646437396,0.09786489816695616,0.11151081926671638,0.2639854587526742,0.09937445827333508,0.35549869869724526,0.23073552768328182,0.450299139672126,0.2179993028500546,0.2680532285366933,0.17992513547869673,0.09898382831219943,0.05332750580740945,0.21835024649568324,0.3742000329915388,0.3859321955365761,0.045850566205742134,0.24166717165806542,0.16088556719840125,0.12856500897814654,0.10794770464287749
ACGGAGAAGGCATGTG-1,0.032044907916864505,0.17735552533891122,0.04312523575039774,0.10979586370861401,0.10736379712268243,0.040638057089471324,0.09205531616292449,0.20255185682286775,0.08401958499011021,0.3875950305589749,0.21952897372650734,0.22538277570876566,0.15580096154559622,0.2178901090092822,0.1711305793420824,0.08784058292871277,0.1082056786738516,0.2842638333521894,0.5105104534142484,0.33365587158723137,-0.0130406089014294,0.18249801439831917,0.21988952585140883,0.14123505071721115,0.09104510760261272
CAGGTGCGTGCGATAG-1,0.08231438192882526,0.16887200919095277,0.053285181257274015,0.09872671451165341,0.14257456840413033,0.14096196116168905,0.17872455991028427,0.19520151180173062,0.12404849581637015,0.4089133139424437,0.1830517136675228,0.18682610462572374,0.23357668424402603,0.20247565483078508,0.1959176501287725,0.10272193549653306,0.10270049025870694,0.16237728040642807,0.1581800412143426,0.1673834613871566,0.009531264984234837,-0.05546658340490233,0.1852359757778981,0.13420850845399604,0.08658372448140313
ACATACGAGGAGTACC-1,0.2653654576865107,0.16764488325711005,0.06909208422992756,0.14755408123115335,0.10045445400188859,0.05130825394450193,0.09123981148802313,0.0031957799586123012,0.12000175886777589,0.2020664583162391,0.003508824883963473,-0.008184388710500581,0.0011217407324051738,-0.010990114323214964,-0.010314354314540109,0.13548434223290298,0.26345918989421,0.015565792427984289,-0.013501476892676025,0.01671762356183138,0.18592747775217136,0.30702582638763376,0.3262629136870764,0.22072334116646858,0.17401265030181945
ACGCCGAAGCGACGTA-1,0.062344802098954086,0.2244963291593829,0.0754680924229407,0.16953919568266668,0.09837468037196616,0.039846427625472275,0.08330386010781149,0.2591446840752672,0.10651195173423177,0.3963211386092164,0.22914118891054275,0.24026604058558246,0.17747227036826263,0.22177377341496943,0.20315379229654584,0.12599904426904246,0.09854921103324381,0.45842059823213344,0.5630997015247571,0.35875987767680145,0.019885320655104222,0.21830844037707936,0.2307097475681895,0.2067559410002194,0.1339623043656202
AACTCTTCAGTATAAG-1,0.05355842769194872,0.20486357745431732,0.023340662295737613,0.09995100774445015,0.16002649429522955,0.12887984671871108,0.13582530668164325,0.1961751504508286,0.14039933953882777,0.23858303990579527,0.1651996539641659,0.1438818435757956,0.19383549243284412,0.15348328882831133,0.16809246377310116,0.0755779026462493,0.10724107422124207,0.10438115717935743,0.09137338720513614,0.1299273603742464,0.019216253871301322,0.004703964100527059,0.2014188256674621,0.14772970106093183,0.10065903017291025
CTCGGAGAGTCACGCC-1,0.15727227628746446,0.25591546172827717,0.3647343568431784,0.536872476304095,0.024070932820287966,0.030286645447574208,0.02843814016066098,0.041908378051276486,0.0492818970096895,0.19891307755074275,0.013466070129859453,0.009870259863600166,0.025152815715898516,0.030527596110999488,0.005470841479355031,0.46784744455202626,0.14685392566219657,0.05744303614797339,0.044825360500699275,0.07977855045760016,0.06984127176009709,0.3089672028028956,0.42629205871826814,0.46289374347272205,0.20536433707081175
AAGCCGCAGGTAAACT-1,0.04588191330962196,0.18105490429658075,0.04794993350246068,0.07925304290532569,0.2159940829341409,0.17526299433385992,0.19918483367398224,0.15687787611835025,0.17335810847413685,0.06096943087107787,0.12517924866261207,0.11808329338887157,0.18110395365428775,0.1293793049317779,0.12268100616755497,0.08016061785371069,0.10328845232091526,0.06982744448681302,0.06447896838419918,0.10178862811598512,0.045247000286890875,0.19772217850540696,0.1759077019170613,0.1307255249474006,0.06702515430500361
AAGACCTCATCGGGTC-1,0.046924036637466304,0.17599064691416214,0.004833650127841365,0.05381101008196541,0.17129268069132064,0.1231860947355929,0.19101189574697558,0.24123693977072408,0.17219374188216258,0.36260360909837186,0.20376644211722109,0.26703310859844304,0.27568191804529435,0.2747686689733446,0.26737258486881227,0.05254208697159518,0.150505407373699,0.1757250281435521,0.169030408105564,0.17557591162592284,0.016549970302580236,-0.03739027471722583,0.15718676481002947,0.10943477615025998,0.05409632446427516
AGAATAGTCTCTGTCG-1,0.052904587594893034,0.20172667443818862,0.04753243791228456,0.07254483950319172,0.20728968254977417,0.1396667225642968,0.19273370850078797,0.12048139280592711,0.180357434897272,0.215156875359262,0.11820785966319287,0.0937909923349405,0.1586735604227252,0.10398434913960164,0.09673048765286955,0.08686043062249768,0.10606847263410217,0.05413837948256965,0.06524467652666505,0.08275967590526871,0.04163107071218711,0.3039343835108743,0.15875437774754106,0.1262633355946929,0.07315085532459704
GGGCACTAGTACTTGC-3,0.1270392301231667,0.5030069811436351,0.09183900261048766,0.1547072705715976,0.03753317848484104,-0.0015298226344829247,0.05577769667568675,0.027136273431436778,0.07605336795546189,0.20559630819650943,0.003936799791428953,0.014517403699287858,0.020757990363842172,-0.005167205904486956,0.0028787001568661777,0.16433212401983693,0.2004274274502873,0.007478334487791284,-0.004035666389240932,0.033678445920878014,0.09029859219793684,0.3724920840114212,0.35158683977245425,0.265686082206423,0.23078432504591356
TATCTCATCGTAGATC-1,0.030701456548624818,0.1934272451951101,0.07642360412554569,0.12777663749834378,0.11400329034519846,0.09612086160800833,0.15107869720549133,0.21677509854322335,0.1345746155111369,0.4753280217092944,0.25455208107943456,0.197556337691094,0.17309014219268365,0.21535906442603175,0.18770394723798273,0.09732159610818589,0.1136243781209833,0.3161080497596042,0.3066563409758987,0.3223983337864838,-0.003105041284815849,-0.08629312680586108,0.231851886772465,0.17532061228667792,0.12002699849084955
AACTCTTGTGCATCTA-1,0.04072694511961037,0.25628741584508175,0.054500303618703616,0.10587609593577664,0.2139406823460513,0.13081588521368853,0.200332949473255,0.20976612479315304,0.18542146903481002,0.4366437932359512,0.2217365628743577,0.20354913440734448,0.19701812923116416,0.21220030644785565,0.20637929318994555,0.09474324132165149,0.14424129072004427,0.22758463354838074,0.22761780879949303,0.23366064561149272,0.03386473616473726,-0.09386597497267596,0.24488418313224025,0.17166571929661095,0.1048733579936698
GTCAAGTCACGGTTTA-3,0.12055654495157131,0.34466072417286187,0.04756240603686428,0.13926556821465577,0.13530007997273524,0.042038144740191664,0.09524566467743312,0.19568515304420941,0.1121343613380866,0.18448589206099641,0.17346329464825117,0.19581901179195552,0.15673118606196543,0.18007884330225338,0.1614455576099642,0.11050554276326152,0.12744729647045666,0.18303022567288685,0.20039680419182015,0.2581709011438466,0.03861518387305525,0.12536548630220715,0.2728522628017026,0.20569788465630204,0.17882309359337342
ACGATACGTAACGACG-1,0.5121198345931203,0.2509456564402463,0.08499773030613411,0.11517393952234915,0.06518007404759182,0.02005686474388215,0.03717539650568107,0.01315409380073584,0.052481528455298604,0.13233893823898718,0.012344331735736173,-0.01906034369985822,-0.01965335724529329,-0.011695294413440206,-0.030751632023337878,0.10787319017392885,0.46607696616701316,0.024068758994785226,-0.006444984824690542,0.009254273173348704,0.6607887322322763,0.29228447755962117,0.2958451593292402,0.1794156452208216,0.21059976319442372
ACTGCTCCAATAAGCA-1,0.04858399448913756,0.156230767632921,0.01786369163330836,0.022089631503214753,0.4223082168338621,0.19331609208500267,0.39474981840106627,0.14777906224709544,0.20235999994303216,0.2772449911753256,0.10025324936980269,0.09622510175558617,0.23681855989577097,0.12458567898153299,0.11630007264122764,0.04519682388465464,0.10464499156814085,0.05210398560267129,0.034073531147143496,0.06861107200933819,0.03050637660201735,0.22965596972230837,0.1716524368432135,0.09092557957866186,0.050901465118515746
CATTATCAGTACCGGA-1,0.18004146451206257,0.28648295249319905,0.16648221370029798,0.16463222413584577,0.03434320795642137,0.014915395464033606,0.044827095645084025,0.04873214217795408,0.05863342282250262,0.14474212852506294,0.03283133555406191,0.018097295618572987,0.008476722518885963,0.023385538015394478,0.0163794212777092,0.19160752297246858,0.15479923918085992,0.045888892847402954,0.07269481584626493,0.05832892659771215,0.11130878257577834,0.26622355034087636,0.3420172296759078,0.27986689974640655,0.48029493202347745
AACTGGTCACGGTAGA-1,0.023312933773379462,0.15311153756295687,0.046745507775854615,0.09046745928828157,0.14160563380958002,0.09140974116324785,0.12453394349690851,0.27179268763133574,0.13053014546348612,0.43497815920198085,0.23524516381293098,0.36346791463716555,0.24548177021436923,0.28444327376839323,0.23939005609609404,0.06626313845470941,0.0604829807439165,0.20032762803753887,0.26574508408163444,0.3987974966528346,-0.02215972556163831,0.2951464344205096,0.18045319627960493,0.13762661320503453,0.06642618733700707
ACTGATGAGCAGACTG-1,0.06606355679663821,0.14588571409964268,0.03453946784766645,0.07045055748042905,0.20575207566758394,0.1775908938338867,0.2155965669773483,0.2027301286398197,0.17863589468734076,0.14669819775073353,0.21428181289957904,0.1409376650584847,0.23198908236570318,0.15599221357278625,0.16001348678257774,0.05636672269178875,0.11674998338205701,0.16126938461624374,0.13484437346437556,0.16422417836915906,0.03251431093154368,0.09463966095694841,0.1895456924246038,0.11186215442144075,0.08417344227454257
AGAATAGAGCTGCGAA-1,0.04967735715431814,0.07236970950657713,0.057506244938979253,0.08522920911632702,0.00525524991323458,-0.008744137567293435,0.0281040358169433,0.020607722952337263,0.007723274953845097,0.08203357962649822,0.0017714190537330666,0.027374146674378163,0.026548595703561172,0.004530969862499293,0.005037389993336837,0.06604346950072452,0.035688274926097885,0.00039556959418275245,0.0010812694950255537,-0.0019404698950030359,-0.013066500904651251,0.016494830350524212,0.021918138599580188,0.08054996029440271,0.10305530210111664
AATCCAGCATACAGCT-1,0.050771756832898106,0.23114551298039143,0.06169568872196231,0.09736735212873916,0.1688792826055964,0.13102166942682897,0.15715186751701862,0.23482070153377138,0.19846335335835927,0.44257456042825466,0.28897810831454956,0.23204094865738809,0.20548326127132213,0.24431909972770088,0.25990443405277275,0.10083953281892206,0.1117571119987346,0.20216728644736007,0.18903326211061744,0.21970934622969604,0.040102257076249155,-0.056899120859403435,0.20420615537368283,0.13993530839117066,0.11035452117402085
TTATGCTGTTATCACG-1,0.05602924478552552,0.19974236718485236,0.0262285594100017,0.08534510478561191,0.19760731282024677,0.1319293412947912,0.1812081264973267,0.13109634843679666,0.19003448216990987,0.274350965822932,0.09990268768914676,0.09752012274758759,0.14855554114716435,0.09803408090672859,0.09213282979362508,0.06545395241934936,0.142492752364111,0.07113106910113806,0.05911651126573893,0.08012943785909535,0.020882059468942178,0.33313369316545033,0.20225481786653352,0.12303524738090443,0.08648299346413119
GTCACAATCCTTTCGG-1,0.14607439211643283,0.28583044072996094,0.31905681197836183,0.3516691120118778,0.13589329881493625,0.10388541618827896,0.16696627246194695,0.09603382267144418,0.14013755987127552,0.24799930427808484,0.07512073424752182,0.06685381500008124,0.0928778083902011,0.07809706545776238,0.0671841765613784,0.36111593301371864,0.1541796133401085,0.09937416635431094,0.0973294762473279,0.1131000824527915,0.041618294716328594,0.3490033672968099,-0.20660729454481222,0.6817333339754607,0.23171889451868324
CTGAAACGTAATAGCA-2,0.09441110445074356,0.14632174600621883,0.18386528521100606,0.1399980243628945,0.018486674433773807,0.01969044407853017,0.0035901473327698075,0.02849161753687432,0.0213188366462146,0.06894909692687386,0.013832842718727418,0.03589898968339709,-0.013051263703250488,0.017285342174903906,0.0022176286390343867,0.15657495036495225,0.10540065645506615,0.053449598140325336,0.06976971705491483,0.04709707881380805,0.11112888572825755,0.08812433376794554,0.19308122845968123,0.18885067255093907,0.3754633177012576
ACAGCCGCACCCATTC-1,0.027717173087579865,0.12697736524778996,0.029965402878714603,0.09696032467922339,0.09861287165450758,0.13176623061196374,0.14949881397321857,0.27330444928356357,0.1303521544925659,0.3579020827440965,0.2708905429726776,0.2684703066899159,0.2508230291456389,0.26095642048062906,0.2311372274838913,0.09825431617974308,0.06767053667364344,0.22553612459582295,0.282099036865828,0.30424052434874443,-0.005465249998040947,0.2666455661887991,0.15542957343435018,0.12577515441870862,0.05787225696878113
GTTACAGCAAAGGTGC-1,0.1690079110752551,0.35719404735128674,0.38386465644194945,0.4271668845933987,0.058296579115089675,0.030839763479438686,0.06483948440668329,0.08508801351371832,0.06545422055781493,0.23700574529829596,0.04156752757693985,0.05140607597071779,0.059221863731723494,0.06043771514828424,0.03593596252427971,0.38392014509195216,0.18678097963834187,0.0953813194385218,0.0686722609957602,0.10627337579391703,0.07148272442386586,0.3999010184139767,0.0002896373211249312,0.5065603778663127,0.3044867205867254
AACACGTTCTTAGCCC-1,0.07691794380597657,0.14238573620508685,0.06532190517166035,0.14658277575394718,0.15619751717234417,0.1433973393756644,0.1859718915774936,0.25163583546056806,0.16892188640737893,0.28600922073370855,0.2167475250536127,0.25860058890725457,0.23822142650858413,0.28266477755845143,0.19985757970231785,0.13659540727983135,0.11975566939203539,0.22140485566788815,0.22921742391904534,0.2621486206157354,0.01306463109563537,0.00491995134277238,0.21369904701003892,0.14935122581472576,0.09116902299978175
CTCTACGGTCTCTCGT-1,0.07425531012825952,0.1468414072641403,0.073356222322999,0.1207294591293405,0.09672430397480446,0.12595839719999674,0.08707985060310644,0.25215984316063617,0.11929546487455796,0.11768419818828109,0.262316904081798,0.2365827082362768,0.16525501503701717,0.25979473457795466,0.2110730892358433,0.07740820995813302,0.09153714690453746,0.2913040768905808,0.32681462120989596,0.29209094472847014,0.0070681223566634544,0.29555194594341094,0.23918312488342122,0.17766922829938384,0.1390928378708331
AAACCTGAGACACTAA-1,0.035680710669851574,0.2150575791257291,0.047999382153414746,0.11265219561504564,0.19000211503861014,0.1311831773834452,0.19691350524458492,0.1895019206266854,0.1848794761750112,0.27891143308772226,0.21421068839496923,0.1605409814206222,0.19729182677484366,0.17121325786862948,0.1775821970370796,0.09116604131694746,0.09971932710222568,0.15254852409105843,0.1370560149558819,0.15981615087417517,0.01342646641887818,0.07760819907389506,0.24695084746363088,0.15531216590806565,0.11526184539211867
ATAACGCCATACAGCT-2,0.1380906332384902,0.25063510914473786,0.12619218403461996,0.1545435062598946,0.030310590750716553,0.018725393312480885,0.05920678453026618,0.014577740411263838,0.025455514301241534,0.12440388860679638,0.022119701297078197,0.004619862857799646,-0.006821259663777019,0.019069263354360412,0.010643158077150564,0.16657615805564324,0.14420867510684418,0.04328523371089854,0.07047597052650367,0.03560089716009041,0.09153213393716099,0.23080855557236732,0.30510558054796993,0.268710909280414,0.4744098792222506
AGAATAGAGGATTCGG-1,0.056599900296355185,0.2265606381839166,0.08441125146835396,0.12840893329598943,0.1242919633437287,0.08607165809863011,0.11919720577151723,0.2765557597077573,0.13560530334975934,0.46163567480839585,0.2321077025074273,0.2494696641328014,0.23111112406668433,0.25493583837669054,0.22466262546467267,0.11756805595811298,0.07735732985746692,0.30992222464073915,0.31254798381888205,0.31029249382948537,0.013593429494416671,-0.04314999574810134,0.22152605445364532,0.19324500997336758,0.12490690205469368
ACGCCAGAGATCTGAA-1,0.06255223999922845,0.156524069074755,0.058999022412152685,0.08488697202452504,0.18382526238600225,0.1797036424725539,0.22904661257099063,0.25054962185751517,0.19736152180866842,0.3956636271977622,0.28312517709658647,0.24048685092871072,0.2578109642373652,0.22429468703093128,0.2624801226736669,0.09216462178045721,0.0696968096544596,0.21837807039977555,0.2154471751082752,0.2509686164308427,0.017036888766512145,0.006692643540560343,0.17031495110414596,0.12261887655243969,0.08676976674354953
ACGATACGTCAACTGT-1,0.06220539304712198,0.17563369675413656,0.045481352830093205,0.1185656083812663,0.10951445904054104,0.17327458883327396,0.1979321093302651,0.24021663448258818,0.14759897128405078,0.36755099935955454,0.28779500632736355,0.237927883488906,0.1937335863944615,0.2606490116507999,0.2787019153785179,0.11343731982461676,0.06260525350152014,0.18124580037341612,0.22821588128787162,0.21947973052537842,-0.0065689234663843495,-0.019715798146337185,0.18334036036072895,0.14646952723889206,0.07340302420117872
CCTAAAGGTCATATGC-1,0.07228669375296556,0.26958743832560556,0.0723744980003592,0.13704520785169225,0.170716579449287,0.1192828987511608,0.1720428489144436,0.2265060130407694,0.19565284633927413,0.33418267171224497,0.20149576119907534,0.1998540834931755,0.19778738164045195,0.21461616627622349,0.21483789867830289,0.11623688499958018,0.12994922459334038,0.19284583176843076,0.1847106249180629,0.22596523119188755,0.04221910304856796,0.02599916266254521,0.274538320136427,0.19754494629193556,0.1407897630534044
AGGTCCGGTTGTTTGG-1,0.06846814230063951,0.19492331188702627,0.05019613503036658,0.10429430837377847,0.08076177987633927,0.04657107514728417,0.09808500060664896,0.17162008946650373,0.07876736879987326,0.31750902258991254,0.23557827233345932,0.20065088057436803,0.17131888847404947,0.18684976981493137,0.16637688591501076,0.08920191101458404,0.12240800550206099,0.48133621812939786,0.28064727857707183,0.29129290020591136,0.012451010380945402,0.10740741914220982,0.2266714360275037,0.17041004142099334,0.13570712873237914
TAGGCATGTTGATTGC-1,0.11485244238311927,0.16912215575695072,0.14637520336252927,0.14154309238625787,-0.014333388684317981,-0.008257173264510758,0.01564377999003595,0.06252579440871912,0.03243981441657514,0.1189913493278378,0.035972877523549364,0.016063335674395832,0.014920518923204363,0.04130723426960871,0.056220547689671135,0.1437324211220809,0.07239438462609393,0.058127523399690254,0.09895076011949805,0.06284191066387343,0.03535800163827465,0.13705596430355252,0.21392287409261737,0.1783832226622046,0.4253695341417432
ACGGAGAAGAGTGACC-1,0.012076209762782304,0.21308748771321664,0.023316058614407966,0.08963708854999791,0.25481914869035316,0.21852425437406642,0.2505779805580008,0.14130645570727476,0.23110146906973952,0.048327012333817344,0.16116403812409874,0.09901617028258976,0.18825857812528343,0.1530021151356758,0.14347274204197374,0.0917881132064539,0.13125588283968348,0.057291502116849656,0.06837036890130949,0.12061708907323107,0.06020175520731548,0.06192579765531056,0.20962176390651494,0.14555344682080576,0.08051659417139298
AGCTTGACACGTTGGC-1,0.33709885942688267,0.25060527677077116,0.08040245002787014,0.14586021070389485,0.04541957151687592,0.003549392107370602,0.0172515667139464,0.02583968879688585,0.05991962262802642,0.1606693883917464,-0.00877330248657873,-0.013512970495670613,0.025425398961888737,-0.006772220880727451,-0.005416386872726256,0.1516367400951855,0.2089949831131921,0.0137227541406471,-0.0012382459353686467,-0.007772641441909444,0.19625212791228056,0.21191197132000503,0.2500301506559702,0.1815764747614224,0.1727080955076104
TCTTCGGTCTGTTTGT-3,0.14277051250672812,0.45636432260220494,0.0714151341175084,0.15171157860256315,0.06814060183853546,0.02901203537956108,0.04559571765884181,0.024698590693224408,0.09400849954599322,0.17961446321717076,0.016332061442317566,0.009344835986058304,0.016259493003890894,0.005346531482747377,0.013959836047562211,0.143215856683004,0.17964466587572192,0.04114533811386118,0.029365713845223632,0.053861907275899595,0.09688978505026,0.3004436511787791,0.27325775348353987,0.2029549247173529,0.18589286111401157
GAAGCAGTCCAGAAGG-1,0.05903063792248169,0.16062597851921773,0.048550943350244735,0.09715483455556902,0.09681024238628214,0.07337574276382403,0.10099815314992074,0.18242108127538073,0.12594882260340556,0.3037019068071764,0.2054653693021115,0.18157562896016796,0.17798543945520057,0.16879851423589326,0.18066957148004545,0.09407065145338127,0.09893099305453862,0.2484493410547568,0.22124804730500788,0.24117625893796402,0.0009183035914490724,0.24549848058718993,0.18003378514972587,0.1518454399500276,0.08322090140963813
CAGTAACCAATACGCT-2,0.11289948221651516,0.5130616612565658,0.08292353795590347,0.1511117768951066,0.03149987323246274,-0.0005521621776925332,0.024614175320599316,0.029381551914614962,0.06349136430906192,0.2198021413084629,0.028122977005935666,0.015522620882830315,0.006918186132475667,0.0018663310366329971,0.010914361195039312,0.13268557436395756,0.12193073204308513,0.044245533393842296,0.026144824102537347,0.057042403529511246,0.06034769848272807,0.33615730908768765,0.33025412127595644,0.23672727388825746,0.21203680977507536
ACAGCTAAGTGTCCCG-1,0.17958740563251305,0.2663710611730678,0.5715789858837927,0.3122410341514583,0.07266761424786412,0.0724352884803767,0.08942439923262896,0.051779207874478116,0.07146111297707518,0.19192980817759767,0.03125014863976071,0.05510098944497617,0.0349629275266178,0.020284235960769375,0.011960533122521945,0.4548250652522927,0.1378302776685611,0.06714432839880531,0.0686236747027388,0.07231578187664399,0.08461155457474241,0.31909803108303453,0.468095107763088,0.48568708858277987,0.2477591891721651
TTATGCTTCGCATGGC-1,0.058394329176209694,0.2451106668819703,0.07755758521483697,0.16179377237875722,0.07124648043627761,0.04556228722046464,0.07731961527139815,0.1761636929736878,0.06494375613536782,0.30600057844342277,0.14634609875160384,0.1531353476053865,0.1369508090606635,0.15628311575687573,0.1344265882372432,0.13968231169016498,0.13147117521119023,0.21324892980774468,0.21961650696933113,0.2253043892732577,0.009969844635805448,0.3862533745919465,0.26616292217390286,0.19874534221490261,0.13603358842394797
ATAAGAGCAATGAATG-1,0.05859689848853897,0.22897597822000046,0.054433899202188586,0.12870765882765411,0.11217789639600799,0.07781457275450812,0.08274926346973872,0.21251309446429945,0.12405477135550488,0.16872835993595703,0.18386604097760056,0.21569447512798695,0.17987079225098257,0.19972938599685053,0.17537944797014726,0.11297686506733744,0.08099462547691358,0.17188724555065543,0.2256378457745336,0.24941205918560908,0.022889265107805336,0.2609743012351812,0.2429010330416094,0.18840461930394758,0.12297641298665848
ACATCAGAGGGTGTTG-1,0.03794086719546432,0.18994437913910892,0.04842631925730069,0.0707369561533106,0.22141619165796328,0.16459545129391986,0.21011461620410507,0.111019683338232,0.16264155214901466,0.20957552115991296,0.10101986846277039,0.08149266270977297,0.1595245507633624,0.09368888093793412,0.09571975396123394,0.059324330304518794,0.08818076975663862,0.0692735527949982,0.036702560968051565,0.06718402343257664,0.024462536149531762,0.2767919943738162,0.20789145036671702,0.11913798242309968,0.08049313608615394
ACGAGCCTCTGCGGCA-1,0.25322866649016873,0.1173567626286249,0.09069627165276835,0.10969908351185823,0.10683925421275633,0.07812189066744486,0.058816447120666276,0.03188203895605141,0.1042108784927865,0.1859388391265364,0.03138512405553076,0.00341540632413984,0.041605287926562255,0.0127557713040012,0.0012155338111252121,0.10356310561560565,0.516677068349818,0.01588267161238224,0.006634830620481878,0.037703865645879776,0.5673766163144042,0.22617865270108206,0.20248724640944443,0.19967865317663988,0.2051974756916654
AAACCTGAGTTCCACA-1,0.08229772689971554,0.05963164967364846,0.13185003684343963,0.1367088877869596,-0.01253484001032651,-0.007221066008028423,0.009778129135440971,0.005123452388120508,0.01102681286328685,0.060865847892551,0.0048201489168867954,0.009304329970016362,0.008685301380334645,0.00723078039824689,-0.012911684337934864,0.12628281527039836,0.09625958013562763,0.020770157173389897,0.0041515333588408405,0.01661208717190227,0.03333180131739299,0.08784947187455312,0.13355956074661632,-0.06985965141930123,0.038114435902292396
CACACCTGTCTAACGT-1,0.04673392180910764,0.214279418930297,0.05572143156516848,0.13712268982534864,0.07397508059700574,0.05384397286125921,0.0893920269337639,0.19221046029496353,0.10499388455041939,0.4152298574672524,0.18857022631376064,0.23491013591614077,0.15229500850741592,0.19781450529379227,0.15920588261514898,0.10417172059059457,0.081466414147429,0.26011245003181976,0.32656691288131695,0.32974096230096567,0.005024653824731275,-0.02422901919285088,0.24956434854516452,0.17650045003264328,0.14534096929077495
AAAGCAATCACTTATC-1,0.06319846279541244,0.2482835174016383,0.055719106036721255,0.11917748734159865,0.16103754979135979,0.14966981629952156,0.1924875039178798,0.2604343721162185,0.16222754924034552,0.3304310910910191,0.215214354710395,0.25364004008591695,0.2393038119332898,0.21376679014327113,0.22985923220485754,0.10761894578651997,0.1420200353619967,0.16439765546696547,0.16028745286805982,0.18018464729215508,-0.00042785135128895537,0.08660132275232356,0.2507637343470576,0.18065694348047664,0.1229652618306407
ACAGCTACATGTCGAT-1,0.03731142651682765,0.195849279474005,-0.009453664418039001,0.02193268176816538,0.16376527162737173,0.13268659655919363,0.18069889652528254,0.18324223722032348,0.15194351939297843,0.3236227433262567,0.16109535068745948,0.1547612035506785,0.24818655725746536,0.18854611328262433,0.2283967345100683,0.04046925040395226,0.09631897569980631,0.10850935378423321,0.09457845006832263,0.12113857891007347,0.010792505300638966,-0.031863714723866315,0.16295538098213902,0.08546775564169386,0.06797593219336776
AGCGTATAGAAGGCCT-1,0.16446043326214793,0.4826337510964452,0.08457133983978916,0.16429020066297723,0.06730585743046853,0.002504013572522052,0.042523934045137456,0.021845464089062294,0.08981946704520226,0.21055354964174208,0.003645936721068287,-0.004241802091435371,0.019976786733404427,-0.00251875152370941,-0.0011994408808854785,0.14946245604664207,0.18254751493381416,0.02494066232111194,0.013628968753339592,0.05176386995030595,0.07698002910549209,0.3783289391373265,0.3542089549170603,0.2553976424647517,0.21928285382200768
GAACATCTCATCTGCC-1,0.060912671878311675,0.24779817044989005,0.0639695258423476,0.1376283937197683,0.15398443189356875,0.11964014947712336,0.18675015599077419,0.16724581501727187,0.15516010835806762,0.30218251940360447,0.12084714377979648,0.1131598015955916,0.15861535821395908,0.1256629637275347,0.11359943432089709,0.14035312090150684,0.13043859233355534,0.07845244392613121,0.08003446342303419,0.11441466205375617,0.05505811964566762,0.3717686359356447,0.2726305014165107,0.2059486068101847,0.09980882790430659
GTCGTAAAGCTACCTA-1,0.052597317456929006,0.22956614429136898,0.05747438568363106,0.09654166146400513,0.2157784024443406,0.1397751854212277,0.17845788888191566,0.2157893879015396,0.22421071045626445,0.12916753156100974,0.1656071926801358,0.142866987512966,0.23691784024092155,0.18253119377136395,0.16512691821295566,0.10353925582156745,0.10618139511412261,0.11604322844476926,0.10077911414042358,0.13475616260049536,0.048073927575860875,0.11110637354435528,0.21081602517934184,0.12805774503129846,0.07641661167527891
AAGACCTTCTATCCCG-1,0.036529147678547036,0.12330361396620024,0.0656711145753849,0.07099958293827133,0.23814498157882874,0.15443788439078066,0.23055951533999114,0.1094396569883695,0.19728562273319325,0.05740267466515493,0.11942551858392457,0.1147919216373833,0.19569387781129138,0.12003705120616075,0.12299857646285337,0.08040614548734923,0.11772622829985205,0.027002355737266448,0.0506848674649724,0.061435947457425255,0.0457522999161503,0.015041213834341831,0.17068370176585348,0.1195050816048873,0.06666264544017064
ACGGGCTGTACGACCC-1,0.0649031382272504,0.1275647489758414,0.05448462061164282,0.16004416597088547,0.1534608549538736,0.09071179085854647,0.1354923211554245,0.3001810935412962,0.17927019472354158,0.22608323445063108,0.26234971121204165,0.273683027330713,0.24216524004949733,0.26518816901516923,0.22214034336823116,0.12990314522482796,0.0742516433172408,0.28880437781147206,0.4774496243440357,0.39519717589970554,0.0023958371473659875,0.3355870402822395,0.16400195440327936,0.13105458945816534,0.12130385058002774
CGAACATGTCTCCACT-1,0.14327607864836217,0.27176429627719134,0.3518707218688862,0.35569327395713135,0.09861351600377925,0.10082105101450697,0.11943155330320453,0.17546252111354282,0.09368103954569887,0.3043756539413826,0.1610186901194265,0.1625116549966306,0.12269104107693403,0.140617693416708,0.11763478293674651,0.3891484912537352,0.15807475411896596,0.1608160601317841,0.1694073917407001,0.1837122669333078,0.05094797625629383,0.3806499457853697,0.14783101128620607,0.584815595333119,0.24357182829305543
GCGCAACAGAACTCGG-1,0.04472084224588281,0.1272712639801725,0.09111871555456996,0.12082833466229927,0.02533416295582374,0.03826071248077108,0.026976786690186664,0.11748173504210127,0.014563969182159964,0.1937673682645149,0.12918112072219484,0.10990639335504576,0.052787387426001794,0.10085480606600114,0.10336178534081555,0.11023375245444834,0.09299842917148816,0.2640342475008144,0.19903286033072157,0.18554634507159243,0.031067242707909476,0.16434787090036457,0.1688238940336998,0.14367500174675849,0.10286906866964406
AGGGATGTCGATAGAA-1,0.17834780137379366,0.26016816820382055,0.3589814746560182,0.5487566637767943,0.05242858336106125,0.02625214875984426,0.03141501601077536,0.04294063092738878,0.06962877808014338,0.21046202987604712,0.02398940231948202,0.014369635293868867,0.004261251265712409,0.017577112579160187,-0.00537671122865999,0.4858184872911334,0.16806980174724037,0.05276443528131594,0.04852555327854575,0.07502000215828195,0.08464476380850594,0.31537989683190054,0.42308612129582274,0.4736302271664144,0.2313520079180809
AGATTGCGTAGCAAAT-1,0.11039519380889097,0.13395815489087678,0.09475338352348313,0.17991587283065305,0.02362129228276175,0.038590282024445706,0.0418602297745712,0.04346063675175745,0.028471284020399168,0.14344532139489607,0.0034663249982114608,0.024683229631483818,0.053026002204530354,0.020990767726557495,0.02190351864593706,0.009915267231605194,0.07748744065583382,0.05531763560358104,0.035903510734668596,0.04777739337536902,-0.0019168454118433742,0.14333331476877403,0.09596445761267107,0.18914798932689592,0.13354174142541997
AAGGTTCTCACAATGC-1,0.09109848275786687,0.25842380925823416,0.04054391262848535,0.11654567286033166,0.19419697209746814,0.14930177926373656,0.22843982940925436,0.24370351232106216,0.1739066950229309,0.4238862002469403,0.250579982761009,0.23622885374207442,0.23401889878062504,0.2520927633917214,0.2451466138604352,0.08444946767133626,0.1358613523158813,0.18066427739885688,0.20202133674015466,0.2157353771046546,0.021908429005705807,-0.1735745542425144,0.24010746029481977,0.18531598318015605,0.11372759789191311
AACCGCGCAAGTACCT-1,0.06539120124316936,0.2111060834594804,0.043274124873822276,0.12265587034805694,0.07090684992560899,0.0014230777337298083,0.04388131807181466,0.18986409897340856,0.0572508250869586,0.36612242473196643,0.19604504488989355,0.18307019900019725,0.14534688439034815,0.19767129079318552,0.15234513346717146,0.1256614954050733,0.11890255557021719,0.25001644401222867,0.584749836168037,0.28385114217361757,0.005836902303827152,0.012429984934325556,0.19008287237280055,0.13947730694560628,0.1356540211140347
CAGCAGCTCTCGCTTG-1,0.1920113980457124,0.2860275971679801,0.3396202469382901,0.6127836500062673,0.08951264210461987,0.08590500486108857,0.12952343802459287,0.09546062551606162,0.14357154779326814,0.2970894138895873,0.031427503756939784,0.06494398836635835,0.08074951770228544,0.05829959340957636,0.03521963124816235,0.4566453800494796,0.18578838842854853,0.05507631763595585,0.060208238683173855,0.08086997127679821,0.08140086160078759,0.40252070277065394,0.45053908445801405,-0.014182490450589865,0.25198408146109114
GCCAAATCATCCGCGA-2,0.15641555037778593,0.534507942558221,0.09121044583065142,0.15486043784925502,0.06090362750746262,-0.0019582638527957013,0.030345844028576402,0.024938478058436842,0.06754018513792946,0.23195165599698492,0.003630267929665304,-0.002815547637767046,0.018128019211488246,-0.0011501661553357263,-0.00030782487700687175,0.14191442796695083,0.16119150290993073,0.022284509340367898,0.016466960603917974,0.02700435812850221,0.07404553055596703,0.35934059794392054,0.34241221762453034,0.25973951638436893,0.20909652920615593
AGAGCTTAGAGTAAGG-1,0.0399531594204953,0.23343568785787316,0.04238481067035931,0.10782774537226683,0.1595156264240638,0.13837530599163794,0.17694820071894,0.27674337316438585,0.12690242441517596,0.36379544456742485,0.30254957673160837,0.23286400183837777,0.22714620019431914,0.2349934671655261,0.24023349152288598,0.08555475629021646,0.06967556657523795,0.17905311389610817,0.238773557932102,0.2508669391002341,-0.0018362636516763718,0.031057095228267443,0.22545040409073958,0.13875454088190917,0.09679735428905845
AAAGCAAGTGTTTGGT-1,0.06722838195553789,0.16653327881922705,0.06006707006073345,0.13628096745267615,0.1375568132981309,0.09646545828069672,0.14353317796982282,0.26887389664992817,0.1370339195652606,0.3259241613372184,0.19891476347482254,0.2857089942701462,0.2639741078515043,0.2778065591740596,0.25719738652361057,0.12228022041267726,0.07427148457751231,0.2768656618369859,0.3191157054719212,0.4301665119197416,-0.008103483113666115,0.06929412339395635,0.19322596347390408,0.1881043701992682,0.13183048531909838
TGCGTGGAGGCGTACA-1,0.0458937350306869,0.2352804474005339,0.07572893988736464,0.11288871436897412,0.07619472475328948,0.03760864702643557,0.048581726078071485,0.13338682433592364,0.0850877593497129,0.26391175997253613,0.14145689118395255,0.12253185016009681,0.09451206718526717,0.10490045843388655,0.0999149077534801,0.11378565303988278,0.09129006438390994,0.19089521753794825,0.19512819103583226,0.19362377504530914,0.012760912347258555,0.33164478381849744,0.24245207909778932,0.2086226838404818,0.11793552664306332
ACGGGCTAGCGTGTCC-1,0.050397017043654374,0.19528924584366397,0.056764082429361894,0.07165934328214682,0.5788128038343003,0.20808668194288477,0.2504126931398769,0.17614659641018798,0.2181215716341078,0.4199557304762449,0.12965670247625605,0.14243666104123934,0.2020767428074228,0.14332575012978901,0.15786042245971424,0.06473512710142688,0.13097881639095377,0.07607319600620573,0.07821415775933112,0.11265866899045611,0.03269329248987564,0.40470657069625754,0.1963854915609773,0.10173316406148515,0.09135677414738606
ATCTGCCGTCGGGTCT-1,0.28743036977932507,0.31816479788547086,0.11263237430748842,0.1919959591957645,0.14856924747830272,0.12581534106468176,0.18440110426267933,0.23643028484277784,0.17328563319060963,0.34519229602826124,0.1903447312784851,0.238983355860866,0.22580576646596526,0.2301412584067216,0.20827339780564855,0.1798189576004408,0.252978262056105,0.13318604189137193,0.152351784414146,0.19036367777335353,0.13370795306226296,-0.058944456038992,0.3400842892650699,0.23879976924314164,0.21450323612703498
ACTTACTTCAGTTTGG-1,0.05828059585421622,0.17989484927166194,0.06435618997358165,0.10145794452861562,0.14326871632196558,0.10536401579284276,0.1601139822982987,0.2607445420045989,0.16733429903166008,0.45644432881101304,0.21960634627175626,0.22925181162681393,0.24400232313852682,0.221845214365407,0.197545595136083,0.08657517426279199,0.07309222612015946,0.1983902750970943,0.16951597261505327,0.2218956323243901,0.026089702655230588,-0.08262782751905702,0.20607214080659877,0.1493311544626561,0.08281788850102387
ATAGACCAGTACTTGC-1,0.2961194599148265,0.033058915118473205,0.06559794145301916,0.09961964872498309,0.09806226451434602,0.06430586169548004,0.10122195282635552,0.01777524637901988,0.10838696280998239,0.16775597394263408,-0.002203235546482139,-0.005980226215472412,0.03882417439758735,0.012396409606801077,0.024284359860429754,0.12668946948154694,0.6669281479155392,0.030052674466027832,0.005067184415703964,0.021574859762773204,0.2159774605476871,0.2766171935102893,0.24707825172050857,0.23545171408234472,0.30415234120300766
ACCGTAACACAGAGGT-1,0.06253958954927841,0.21798877156444726,0.06559259495977814,0.11055193439903525,0.15186945681531056,0.09643642704984401,0.17139141481426146,0.27434995752244695,0.19199098022400998,0.3652742144108374,0.20251409647476362,0.30327963772388955,0.2352441418668741,0.29527115916457247,0.26380448523499445,0.11130798212291702,0.10074322162287244,0.20047232456741812,0.23651480357818053,0.2715123534798954,0.0018456585746131108,0.02190544270309269,0.21372403355647673,0.1956801383088016,0.11187440516312176
ACACTGAGTTCAGACT-1,0.06542814983105187,0.21778931591873016,0.029969917124036585,0.10477299981407587,0.17340753470907605,0.1211517550652646,0.19731776139369478,0.1841654861528672,0.17767135545871868,0.31119058362792446,0.1594558966611399,0.14408425134808237,0.16767312781154278,0.16666521438527604,0.17861770804339083,0.09239413504341433,0.12593130101090852,0.11403070819339858,0.11848139502345138,0.14113689847073016,0.02382954298633887,0.3684092223109121,0.24677933554868417,0.16855029151065878,0.0997062903362351
AAGGTTCGTAGGCTGA-1,0.06656025270653194,0.22081332536253812,0.09084349619814301,0.19421148560280882,0.0993082769922475,0.05974381656093076,0.10343735080304982,0.26183687848472476,0.11985199472880757,0.3986467048210726,0.21161576832805623,0.25150223352884843,0.22079912393014742,0.24120961671999608,0.2030252715185486,0.16022549485905188,0.10796337371354799,0.25459889063413693,0.3339805309559478,0.3099179641192086,-0.002849696741683184,-0.03843447426668697,0.24582810036875813,0.19472758004215424,0.14268899006766864
ATCATCTCATGTCCTC-1,0.2087147822735852,0.17824154483877608,0.04379492648062525,0.10578931182585406,0.08546287109224084,0.04308853171835032,0.06738631848770606,0.024862461140722405,0.07248137399036096,0.10240164428411978,0.015046848078946143,-0.009228322694385005,0.021189714753611654,-0.0012490939066513071,-0.0006352077446039463,0.09910212923377189,0.27831831583638267,0.02058664476203767,0.004098260585450665,0.006831265526920814,0.22441117382936382,0.16230032809807543,0.2253303023671462,0.16043466054997504,0.2026040401819571
ACGGGCTGTTCAGTAC-1,0.035902974377581234,0.18193909963691743,0.02578437758945392,0.07112282784050128,0.23104358269336506,0.15746172629241795,0.23944117462029813,0.1401886024091511,0.19722881115272292,0.26187546477831725,0.12041899932273051,0.07580679406766591,0.1815890731059191,0.11408312611095679,0.10812464358126993,0.06046645259979673,0.15042729185276038,0.09667728945272382,0.0823933529162332,0.10738499417703984,0.04281367940424732,0.3156147394317927,0.21137310215846383,0.1452128977917431,0.06089010702450487
AATCGGTGTCACACGC-1,0.04338217550788044,0.18977961657449888,0.02736644845460584,0.0639522921941849,0.2177237566446295,0.13525322726372285,0.1989594369015757,0.12401944482422789,0.19731026634981358,0.23846767492034157,0.08814930777580876,0.09915563827823158,0.18962526715841735,0.10786569794889322,0.1195094071451501,0.07318174584135656,0.134105185153647,0.06756105947711062,0.06802198775836689,0.09300848259159972,0.0499088135512922,0.2953643157465095,0.18601283141506156,0.12047137167802652,0.06998818894606147
AACCATGTCCATTCTA-1,0.10933426686132383,0.23992319646868246,0.07749052769624097,0.1289217382151531,0.14584870160772379,0.12601083395014295,0.15212204218918207,0.15018694717401063,0.1991555490856967,0.28796476181178804,0.09987838887328786,0.07484503308350618,0.13805214358415416,0.08536721066844212,0.0963716415116291,0.12323902359870723,0.15996022399198934,0.06790528957438284,0.05022652595749501,0.08004034063791417,0.06553993988352866,0.3564960649479548,0.21485457836441738,0.1550929581410076,0.08948322365047699
AACTCTTGTTCAGACT-1,0.14949904746696252,0.13332175279858097,0.4291538631347216,0.33915590241401583,0.019144701439219723,0.03233126164267185,0.033357345284002686,0.04679089844098825,0.03598938650551625,0.09798753133109117,0.012939752020929082,0.020231871095540095,0.019162120578289445,0.016446448933563392,0.017185363579453005,0.3710587857694035,0.08770802752329455,0.043360526824191566,0.05544962328808279,0.04597294248846422,0.050607287614200316,0.1272070778956777,0.28230781972255264,0.36976079550728974,0.15452642051815604
CATCCACTCAAGGCTT-1,0.06469457390452345,0.2475211233730319,0.0831267171096449,0.172524673947045,0.061376324974863276,0.06287227483161156,0.06621301054556997,0.25584090356300054,0.07984929150537327,0.34780416775438433,0.23259257702256378,0.2285427439377212,0.17239041373134698,0.24251556973153993,0.18989967941637498,0.1314534813609819,0.10479048167358032,0.26015589470529465,0.30805002898933526,0.3020599933337487,0.0077447157574329715,-0.09104809035397744,0.26795689987152815,0.22217861659681573,0.18071831117788864
AAACCTGAGCCACTAT-1,0.18247768683403617,0.07058892883294743,0.06284782874279395,0.04396523485240304,0.011627527810186802,0.031028738544018976,0.012579689671802096,-0.01075578820324211,0.013608707488890771,0.07389967123699953,0.007724267496251327,-0.00949365589739613,-0.009641819373183876,-0.01007358045098696,-0.009931688717109657,0.06360016567383527,0.09201834299318379,-0.01127277364257602,-0.01101721040735769,-0.012243653633746045,0.1085665593412818,0.07855313362962738,0.08544800388726588,0.0767287066296467,0.04669696864713021
ACGCCGATCCAGATCA-1,0.011163504630517945,0.1522897801185798,0.04233909447588788,0.10288904743132665,0.16419394123177838,0.15113013283245272,0.1717124428588336,0.2824169494403728,0.17841549591069547,0.4417028536804509,0.2903330375497433,0.2565782253935089,0.25002855972392113,0.2854614967299279,0.2537385986248596,0.10034083244033266,0.04634057370104455,0.21869378512665757,0.23492158538955196,0.2897689982813024,0.024056084991873238,-0.011176727048301811,0.2033932492187984,0.14568673610166583,0.11518611185285901
AAGTCTGTCCAAATGC-1,0.021586480723185964,0.2415604987472122,0.037550542916290466,0.1119853084831214,0.11033022986087146,0.08777844283361277,0.12713653166429234,0.26633071986741635,0.14587916754786737,0.4131099720787562,0.2210736566800996,0.286822651310794,0.22801260689791458,0.2651809902492747,0.23402246550341121,0.08805552425769757,0.08946129652699912,0.13728381476277926,0.208265139558833,0.22336319927991752,0.010165340860099927,0.001521352911570112,0.2561432718844431,0.19275225031206647,0.1413901439975378
AACTGGTGTTGTGGCC-1,0.1698002491734701,0.271530189681051,0.506055197063019,0.30346046193756415,0.03273972906592252,0.02741313008370478,0.05971026418190265,0.055911087039021326,0.03826133864108359,0.18361344459799314,0.022584963396265718,0.046223180450762465,0.02223059292083879,0.02975802244372405,0.008978695273067083,0.4288687146458843,0.14313708586887786,0.052234355019382825,0.05442964733786535,0.05211626877903906,0.05119710546260012,0.2997743098037746,0.45171943508170437,0.392175916448839,0.25369081920777975
ATCCGAAAGTTAGGTA-1,0.11147111431071013,0.018110051688725485,0.1121500139555025,0.16350588334712385,-0.01106389053499114,-0.006373681977029946,0.07098455139572686,0.06824335932146298,0.11885433075485143,0.08393392600573771,0.009160048446500603,0.013828982115756401,0.09129494910553891,0.08045042649367233,0.012273678817280427,0.10834218134777006,0.11964443124244394,0.08039354920294736,0.12630774471845427,0.0894669068483273,0.018788258409395086,0.12179505608992917,0.13399754842451916,0.11785938346673318,0.12305607465180884
CGTGTCTCAAGAGTCG-1,0.15781196749267973,0.2535397827360862,0.4128406951164457,0.4481767100066013,0.04577296828393155,0.04779816008028171,0.040421038058406814,0.04450988907946647,0.05275476041442205,0.17799957406340397,0.025824234753515602,0.0385755784222071,0.028122651478865154,0.04130279934437566,0.025655100098424546,0.48876749088666127,0.16560738560765134,0.08501069897712957,0.056918295981659955,0.06590136296460462,0.06654743812723043,0.3201572353273422,0.4398789537524381,0.5492261652018064,0.24360738297815873
CGCCAAGCAGGGATTG-1,0.09055039427444483,0.23801812414654813,0.08835292539704753,0.1785423160205049,0.10410760732949884,0.07316646305283148,0.10284268537085973,0.2186389918912346,0.13469987660613608,0.3372286774572125,0.1926059593753656,0.20318702131828295,0.17034149909627425,0.19645521354853113,0.18115244618158888,0.16873380492175047,0.08993494697134045,0.202865989743271,0.25900911696044726,0.27353107857064757,0.020071387232724537,0.4027268435449012,0.2889224492321021,0.21803935545575864,0.1367582306155216
CTACGTCAGATCGATA-1,0.16289194969810122,0.2843216216385279,0.36288957054518356,0.5365217654161601,0.06490214819241327,0.04998283949842528,0.058504534539539445,0.04630943493665259,0.0829381291188697,0.22895463626794343,0.024465828755547935,0.04008184883855913,0.02909279471016393,0.024462922673849367,0.015667455398021658,0.45103759417764905,0.16695281077189308,0.05608876256535608,0.05130080698509056,0.08028651325718578,0.06390203411409849,0.36326408203448607,0.4241041911647309,0.4596885168679995,0.23387047592288912
ACGCCAGCAATACGCT-1,0.06225389736471225,0.20639550642854182,0.03951002408039321,0.07961679501729993,0.1846115655867775,0.14362746983121638,0.13543643634221847,0.11689515929432107,0.14957260691133384,0.23731854924181986,0.07540787350023191,0.07645111743085817,0.11032661883405052,0.08559258889813967,0.07029255255104504,0.08154254153910247,0.1186516606848138,0.05420416546299689,0.034035109478030144,0.060155741724480724,0.045296388255651805,0.2941821009236059,0.19387337383051703,0.15052002048184474,0.06254676862324023
AAATGCCCACTTACGA-1,0.08076211547763565,0.202893513736699,0.06358307768403909,0.1235019949318608,0.1288893064886664,0.07406043764512675,0.07031181474789498,0.19365845442734986,0.08617408254257049,0.22647865066242168,0.23619595903516385,0.23876383874718538,0.17058360412678297,0.2230091194217188,0.21421584681372988,0.11136801820159564,0.09667707706882703,0.2816213300100413,0.5002082425437623,0.41771184843909903,0.034143211940742275,0.2582849406556714,0.17271831528093443,0.13360019252805944,0.11594620619100073
GGCGTGTTCTGCGTAA-2,0.14885173610903835,0.28925813509033926,0.1870527861160718,0.17216843944646668,0.05500487645859173,0.017323919593609037,0.040336835480812815,0.030323145224859308,0.03406204308722895,0.1413579744256163,0.02082052801914645,0.005094271376903074,0.02820465931466849,0.01848488516749794,0.010134729536127459,0.19988721110509522,0.16513279870200795,0.05761378483137975,0.054554231829331,0.04945737572794128,0.12036076571704166,0.25533436806549475,0.3247080204388445,0.27805799726633845,0.4518429664449434
TGGTTCCCAGGCGATA-1,0.032836030760418605,0.12811119850615296,0.03550400120190997,0.08506181395634953,0.07628719203194073,0.08542533289214511,0.12298753249741681,0.2166239937279027,0.11378573565985858,0.3328713843961726,0.26358415535123425,0.238064158910368,0.16143360297106335,0.20738286384488025,0.19694710343919025,0.07061924932727356,0.07714282137803269,0.32159850449838145,0.35077688672223983,0.4327732932068647,0.009290319515923936,0.2277954012662373,0.14205438252208222,0.11728503301601276,0.12169431157896511
ACGATACCACGCTTTC-1,0.5493849906956398,0.057117516979579175,0.12874939503904095,0.16712038597631168,0.05930056106643485,0.00521764844566103,0.04033798129657443,0.03934115019200778,0.06555923949165443,0.17972920428600342,0.009910350981950183,0.029766064050350354,0.04938094134963243,0.014831658394049563,0.015772986196517343,0.16232503941761964,0.20877300601039966,0.04107334123743093,0.025760863455276603,0.049499174496990525,0.11641361337979939,0.2538623371062459,0.22670542401467203,0.253879278634847,0.16203189822655956
AAGGCAGAGACTAGGC-1,0.04576177162160063,0.2023212467630409,0.0789477354484792,0.14681279151564341,0.1265757812176092,0.10036976456350856,0.13134247731400356,0.2467892043693085,0.12619735368964885,0.3691937764920923,0.21060853238094576,0.2483649079121464,0.2127737734809676,0.2581064979403384,0.19821307361411455,0.14364988054214797,0.1093504379580186,0.2392342018151831,0.2816594123564371,0.3137581091466744,0.019010166036810282,0.31608965761642305,0.20943385718258556,0.17705443660983736,0.11669621195191911
AAAGTAGAGGCACATG-1,0.1294633369223238,0.23398369321791881,0.3977772192236447,0.37446563753727075,0.06253717981433547,0.03205854434786773,0.048125116502240696,0.042514373311013216,0.05928419015265756,0.17293094206462223,0.017585761703973933,0.02825799614441469,0.02704940765156045,0.022753998352577215,0.00716132046521895,0.4210455055277635,0.13860623940213412,0.06922752823262807,0.03369216054506528,0.06408869917029156,0.03692995842266361,0.2692108519835902,0.4027858411443002,0.47939737277870426,0.21534956316213905
AACTCAGGTCGCTTCT-1,0.06488612340717002,0.18842319769090238,0.04109543217109964,0.114572465840639,0.11169611102380678,0.07879898656606557,0.11927085109397219,0.23354523387474205,0.12313985719611313,0.2891674137709462,0.21028227581612124,0.2611194268153575,0.18038595160684817,0.2230618243821268,0.21474234287572885,0.098759087903803,0.12578939746167853,0.13085585991373944,0.18860595993282195,0.2355353153104309,0.023439753773189947,0.09728609150746938,0.23105662944808775,0.17282525600941687,0.11345351764575347
ACACCAATCGAATCCA-2,0.047004211616820425,0.149000673186623,0.0182016810953195,0.08316594949033627,0.18893309538538264,0.12928376270135977,0.16745897391203787,0.1282728920096182,0.12863723142686165,0.15174438316573036,0.0814678435251388,0.08047874568266339,0.180981452957194,0.0925737664785129,0.10503448266276658,0.06886527573766445,0.10078802825645959,0.06223632881995317,0.06494175915679011,0.06023969154339765,0.00983319699896438,0.008394942671725952,0.19105290578242728,0.13840847200716772,0.08682271463813085
ATTACTCAGTTACGGG-1,0.23190188162488676,0.26141599741148797,0.06576605773080775,0.10533396321631423,0.14581016383888806,0.09222132836844603,0.1027795838186657,0.05083757588002313,0.14585600923093486,0.15448989867718357,0.03863271832991764,0.014733488793596356,0.06173951593395453,0.033789057300651876,0.03545366712109089,0.11321518903865704,0.47877891413239193,0.03597999373960271,0.006751769780979855,0.03668847885356906,0.5965179697647199,0.21524917412431332,0.24637368123350203,0.1867465241562032,0.22837760614141367
CCCAGTTCACTGTGTA-1,0.008415975484065773,0.1231548638762924,0.05011615761649475,0.10149914930685962,0.09455565728042457,0.06310100331706471,0.054452671565942905,0.1761660257935537,0.07293518343611391,0.2550052212483925,0.26454768264231215,0.2352937611187759,0.1416451737674765,0.21897031376789247,0.23586486836102802,0.10758625169544875,0.08733293612145673,0.5404984105689284,0.40482018511646645,0.2834041713331972,-0.003178732617370489,0.2368089611455711,0.13552752176970337,0.1178280200502414,0.08491787102311753
AACGTTGTCAGCTCTC-1,0.04583134474512286,0.2311910433201953,0.06865847845999744,0.12115813297740985,0.17409835693990527,0.13612127825513162,0.20176918860314233,0.23201638639038244,0.1678962071947041,0.31597289783750687,0.16926619164023135,0.19277957749650323,0.2169540368459067,0.19706828599440004,0.19977757369293658,0.098678463727128,0.09249039799446261,0.10951605834003414,0.12219455107182506,0.17287336514500828,0.018528700994128972,0.3702322036063652,0.2199178255275548,0.15527896632343763,0.11442651582960107
ACACCCTGTGCCTGTG-1,0.07889374000445416,0.23676018924883624,0.06291283469220368,0.13585499810106255,0.11922311152827349,0.1322420302322529,0.22620556094464123,0.33589917121614177,0.1814664506490222,0.45228562008765333,0.25339567015894343,0.30246560894676167,0.28188509521770994,0.3059227984409438,0.3079723286778259,0.12165708722164263,0.07901526061215139,0.18812130257511053,0.23197455896731875,0.2773183081600815,-0.011838261888840192,-0.01152351163497796,0.20547059497932166,0.16101914624255048,0.10083700945503253
CTCACACGTCGATTGT-1,0.16413218393736698,0.2916331799883342,0.35020900707449726,0.373938151924814,0.04318348210816307,0.027646713087859914,0.022785890223189303,0.041397203055949225,0.05090410224770667,0.17467132310659292,0.00349080035339866,0.022755918626144386,0.012207773761543124,0.02411465731692927,0.002327849478000305,0.38248437800733237,0.15558043267128066,0.053583182286581356,0.05321205309085632,0.05475911417964789,0.06510725887125453,0.3019847643561117,0.4576110250586379,0.507978376903667,0.2610772795361571
AACTCAGGTACCGAGA-1,0.0873536057696718,0.281195337242104,0.08342466188236765,0.14053814728801228,0.17074732220258293,0.10144921674704194,0.17768848819719538,0.1530171268542697,0.17051189360507585,0.31089868069006793,0.11623266945316642,0.10719097380989669,0.1372738511774687,0.11145798624257083,0.11442151262853961,0.14060955696530203,0.16554964818744322,0.10072653586213769,0.08346558211914469,0.12065896659684504,0.0649430480938031,0.41848359390436485,0.27182597809955966,0.18311570266393723,0.13743068880160367
ACACCGGTCGGAGCAA-1,0.05643972708243914,0.20500797948220656,0.0299840506998516,0.1371844631605155,0.10231735150837636,0.10845153147138924,0.20576338122274082,0.3447768040854455,0.16408020816658628,0.3653078272304516,0.23392330195761118,0.26691822597682696,0.26061451624355714,0.2688722210828841,0.2607718946437812,0.1078150557992217,0.09176950250669137,0.1573024914087141,0.2263889357395113,0.25611578502826243,-0.0014879653592158413,-0.03281008892516183,0.2307633413987324,0.1423671990594746,0.11640046822658777
CGCTATCAGATCACGG-1,0.1949210953757687,0.2545083354407101,0.41212898379578344,0.5966904663095478,0.03310409686798836,0.04583299987707887,0.05478068267776655,0.05972188803330237,0.08018079477373989,0.22096142739141134,0.04680502134573874,0.037606442641364216,0.04373824384950071,0.04867184607490957,0.03171734628105071,0.5206537904370202,0.14321781667643585,0.07684620211437294,0.06471884511493078,0.09910083597450468,0.05823189843356884,0.3537474285522759,0.49010132457330796,0.5368627475907192,0.25716877505282976
AGAGCTTGTCGCGAAA-1,0.03732144171609919,0.21144045726099486,0.03897335795813203,0.10314506388715798,0.1274671353422384,0.11032087490888214,0.15339868737040943,0.26901329841702115,0.1499617770997377,0.5037225355953313,0.2588933964266713,0.26185983252328715,0.2332313035011923,0.2616747338977845,0.21718461995412167,0.10675170993793102,0.09775200042647934,0.2387057291705527,0.26568508289475923,0.2813950136536987,-0.012335327113533308,-0.13569632169853912,0.2011207539260835,0.1271310305236955,0.09454148260724346
AACTCCCGTGGCGAAT-1,0.050449505448499014,0.1588507203719993,0.08928848201941623,0.15110088903592173,0.10277361527356467,0.08290281389169575,0.07921076989119195,0.23995376827859166,0.09778562270773619,0.27428690114823046,0.2127370272139862,0.24905709486029773,0.1605310311859502,0.2188167222968234,0.2091382052090944,0.12182918166982568,0.10886877329711589,0.29665414797989925,0.24555510817081475,0.22411769704006704,0.0228700152449512,0.15292446020811784,0.2027565845497405,0.15623993133350833,0.10142887383267732
AGTCTTTTCTCGGACG-1,0.18050772915459354,0.2311975438985412,0.34695685809117943,0.5426948701217302,0.06274754180554637,0.05441871309691045,0.056656032355137186,0.07742062572799319,0.059204715214654945,0.2225600255969983,0.04032851950712687,0.0451604956052175,0.04394656115975665,0.05749110811118231,0.029970136971541324,0.4857761267286186,0.1568827138673293,0.08854037131400239,0.07673403984186801,0.10772377954073042,0.06098194132802607,0.3179928130187032,0.39195283310908013,0.4599043099712126,0.2164023210112711
AATCCAGCAAAGTGCG-2,0.046826133880944955,0.18603162378273952,0.03805254576750108,0.10103429167150199,0.20101769239029985,0.1204575525291172,0.21150505495508276,0.14854392313343706,0.19716602053201068,0.2810209802241743,0.1233652766334703,0.11580258141815411,0.15681587679731546,0.11382542980318969,0.1015006735868266,0.0990903818383781,0.15217130936175777,0.06653966864733862,0.06120032380072138,0.10654685036172204,0.046552817574576105,0.35321894588083774,0.1939415341793924,0.1503596068440205,0.09881252127841667
ACACCAATCAGAGGTG-1,0.11568614315293972,0.10621325109959595,0.16879820181072328,0.022903107937759643,0.010757915825199334,0.015549291073728181,0.011886069452412386,-0.00955727599439421,-0.0028482835265559786,0.10086621292260427,-0.024316098783254088,-0.021203564577288215,-0.0054433442104803755,0.007194119359888706,-0.007111215613710654,0.0270512097101061,0.059236421165026525,0.001957465705154396,0.0025705702793540203,0.009442064006131625,0.02755730665011358,0.152836628712825,0.010984122892113804,-0.029559259964727597,0.15919348112141854
CATCAGAAGTCTCAAC-1,0.10206151558059426,0.2710911413594017,0.07731545385270587,0.1654892006771867,0.1296184571600471,0.0690705726872602,0.12371145652446644,0.31133134932100526,0.16569096420784904,0.47368053431772666,0.26330405482895264,0.298548081304085,0.23060723431140195,0.2786597979714663,0.23477922056422418,0.12666784472171688,0.11241266382913329,0.3021138864354822,0.5150135194510815,0.5750085588888032,0.05188495917487629,0.2409753196602065,0.25694690935696,0.22344083702676965,0.13882809371308455
AACGTTGTCCAAAGTC-1,0.04255787342659204,0.21597458104773673,0.05189299222370004,0.10592915862387904,0.11479710988370274,0.10738668729633016,0.1699646911918674,0.23965222295782565,0.1510646086813107,0.3758954821474978,0.20388042595882244,0.2785968128789395,0.21316546881083043,0.2480513506167952,0.21666615285755877,0.10921472798803768,0.07178510590835163,0.15379306847121035,0.2027456319488697,0.2248881396938648,-0.011117777146617417,-0.061657557098713275,0.22119825988675829,0.17373751053841102,0.08003725587676273
CACCTTGCAGACTCGC-1,0.05580150600741765,0.21108804781224658,0.06851879710921445,0.09754638820968403,0.11464470423286599,0.09155415733262467,0.11737452783812564,0.10405528051048621,0.16299394263118794,0.22436316930848008,0.07192829885942623,0.08989868070364822,0.08647043618870233,0.07333084538223744,0.08241950414808044,0.10641208517927893,0.12312775761932558,0.029101895576953245,0.03976685387494096,0.06961756791596253,0.03461256528374539,0.2824642787932619,0.17993165054409535,0.13733278498936277,0.07916754689506751
AAAGCAAAGCTAGTCT-1,0.028676354022413912,0.14278788544295667,0.03748029416179214,0.07458609578352521,0.2106184714340178,0.17917867121341138,0.1912673494594157,0.24788247017070741,0.19736105350923805,0.3167792417054145,0.1846601134165787,0.20245056966350633,0.49337142423617764,0.25537410951476114,0.23551985727699654,0.06871047612825032,0.12544168173293413,0.15577934494488646,0.12846459199169702,0.19808173824073422,0.007546174831515924,0.3116406554749298,0.19452273628517305,0.11746819994206226,0.06586813086407976
ACTGTCCTCGAATGCT-1,0.021959408420180432,0.16020928326216993,0.012740106280659943,0.09391161973428169,0.10114542235304348,0.09608349562493154,0.13338728148433576,0.2272149489849056,0.11930218190492253,0.36487310187061844,0.18589132798106536,0.22949877311923753,0.20473991564517163,0.25655845711079034,0.24166123689658797,0.09096271406654874,0.07745542430619576,0.19869225442256805,0.22171320698091598,0.2296923256521789,-0.022528248411933956,0.3044474572636645,0.17792794430295844,0.1301560703991996,0.0788718003755934
AAGACCTCATTTCACT-1,0.039999880273123234,0.16368433144581343,0.029494083791382745,0.10457686200717779,0.16406528690966238,0.1094261135753371,0.17186207880867688,0.2727304163988201,0.16603958175437902,0.4229573027112135,0.18530394736020353,0.24339516463579614,0.24877737891835977,0.27057915989103787,0.2180264247410648,0.09198802017106843,0.08816365950563487,0.15940481655542063,0.18238443029406196,0.2095940578109192,0.0036585945417487785,-0.03757896228891215,0.17582482599651775,0.11947533385529552,0.052116101959351555
AGTCTTTGTACAGCAG-1,0.02314081219263155,0.15906474850932273,0.03116780483984958,0.09639179844342448,0.16584629561339334,0.14919941047578514,0.25574756102012824,0.296751320975076,0.19398274474355784,0.34554367853304835,0.20332604947539692,0.24278169957772808,0.23398540537000356,0.22340642474683203,0.20058838994511502,0.08110786607157311,0.0966679582955532,0.14900928198604735,0.15442826273291033,0.2085810992576549,0.008082401667734817,0.20893293089319515,0.13886877021572663,0.12281257712014854,0.07730711907030735
AGTGAGGCAAGTCATC-1,0.1787221452824745,0.758709224714819,0.11884730045012482,0.18527318533445244,0.1430973689085615,0.06795560723023135,0.11903356986031809,0.18679115057119977,0.1623629235440556,0.3646916149324941,0.1461636973915043,0.17058926395763813,0.14595934126270788,0.16052181919886044,0.13179384476578915,0.16520555901744452,0.22056452765944295,0.14889442929313773,0.17490552780566723,0.20402462225762322,0.10634326347596028,0.05650334490337885,0.3695502486075451,0.2809425712107707,0.22284432298023077
GTGTTAGCATATGGTC-1,0.021822761394882362,0.13703874905071045,0.039983973538007034,0.07842599133712402,0.07644577441274737,0.06137195003387625,0.08030346245337647,0.2233462941645568,0.06850793848896666,0.3969966337636825,0.4347234912277731,0.21424552641834874,0.15142824100365074,0.22817419060030122,0.23081786386801084,0.07368005737061958,0.057251909555329925,0.3653494172447999,0.45957385146767227,0.4177982359831215,-0.006240480933830902,0.23552484469481821,0.18649652278744858,0.12500458782100637,0.0940148319779923
AACCGCGGTGGTTTCA-1,0.051603711526624636,0.16604303687738164,0.05717057711407358,0.05854687940371281,0.42287249187720577,0.18962026045239208,0.33322074658815215,0.20297963266729172,0.23803924975141963,0.2626708012715798,0.14405749547954275,0.13326283453378263,0.23230355782394987,0.17116283380112304,0.13849468426786846,0.06128774741183096,0.09366819587519774,0.09778130923959778,0.0891978074529706,0.1411770509949271,0.03256276658774729,0.1647818866959431,0.16804811825379637,0.11483590665845637,0.09010947210250816
ACGGGTCGTCGAACAG-1,0.03654120956773856,0.1706503500335295,0.04658893596691903,0.12030410703125409,0.05969360667969922,0.02252706790739329,0.029743290207898915,0.1830700463016897,0.04379730285116646,0.3499569420010441,0.18981770640226955,0.1718749122456898,0.1452301955979903,0.18909800791267398,0.17950385550628542,0.10708078483183282,0.08561646835938645,0.22244106943666045,0.26777460655420515,0.48262590655299187,-0.0008218598492737189,0.09421501876571989,0.21953840103819255,0.16451480021278586,0.1184856548814466
ACCTTTAGTGATAAGT-1,0.07816431308983507,0.1918556908985029,0.04073184513768417,0.0762128009314403,0.1565334143743107,0.12612421877054833,0.20136933824673636,0.14482823547216353,0.14785488074819284,0.24274751571043135,0.13446221659869267,0.09949298104316352,0.14653672379623503,0.12764315268317936,0.14095915120702213,0.07379628768574864,0.10718916179965353,0.09353956303207171,0.1054980672435339,0.12100305045037912,-0.008897486053907961,0.3011665836241023,0.19326262439446348,0.1492176144331015,0.08629084665313996
CGGACGTGTAGCTAAA-1,0.08783609264176324,0.167785681337122,0.0687850185105189,0.15970168312293678,0.13319349163386035,0.10197157437596509,0.10406329271488624,0.21782625296725489,0.1307678652004458,0.058427659126010716,0.24644963631175978,0.198204847734281,0.19145438500734485,0.20562223755873468,0.1861209616493333,0.12348653485152386,0.0966561458101914,0.30401763924311814,0.4127725941631502,0.30328924946117136,0.026724737527317917,0.2889786203418029,0.17775226776806782,0.13160329979023697,0.09561554482438596
ACTGAGTCAATAACGA-1,0.018668244737761717,0.15228181543761946,0.030422781021347926,0.08457306902191179,0.731159735009281,0.14532614836051788,0.19771272470881376,0.11368288859920389,0.20403849371728272,0.25092760863905467,0.10429466793232138,0.07854299908691169,0.12176671445760313,0.08149276454108488,0.07329788841424693,0.059712195391946964,0.12048060732958653,0.06145149831399569,0.046236111151656316,0.07679645740037457,0.03729446454122786,0.0929090652716097,0.18995557041655156,0.1322638573605184,0.11364221390190261
CACACAAAGGCCCTTG-1,0.3306797409048987,0.2194722161120176,0.0839132432832523,0.12601879897304574,0.05345748415177902,0.0032744948153699983,0.04487506868054991,0.04166429626437614,0.06906819230196137,0.15485958488678417,0.01536920075760527,0.034530295222440194,0.05344266937169004,0.021262009200278896,0.02226277442607355,0.1365706086784945,0.2506408487544577,0.03027641696957133,0.015169989523866933,0.038268605134589705,0.13861885916591318,0.20366570713911755,0.2428489117738539,0.18259071836953125,0.12085009145547526
AGGTCCGGTCCGTGAC-1,0.04417439465589044,0.1733731803888274,0.03483529888090785,0.0618577033480645,0.26511429803409914,0.17268087462566256,0.21203057498786287,0.13483741434076302,0.24614260753973008,0.12411507005324755,0.13271089772703576,0.1342206851325647,0.1923840468036355,0.1598076089519333,0.14983524873271026,0.05666049924066409,0.1445023672914582,0.09790910685416557,0.09169700979427801,0.11278612263025256,0.040036061473396486,-0.017032042365784587,0.1768130415356198,0.11770912406283134,0.08408433127807309
ATCCGAAGTAGATTAG-1,0.3898032855640308,0.1253106435696152,0.07905852081007654,0.10147441470413418,0.09048446568767805,0.026451716465793713,0.046798842920990166,0.020137490281310524,0.07490060463738832,0.1493546894642938,0.019263464629896844,-0.028251021755888443,0.01792582566154319,0.002859567420737473,-0.006560478487859169,0.11836572560352872,0.3872589568513774,0.01451248723314914,0.007532498554880462,0.008657371151591698,0.48997119938174916,0.22659312079019162,0.17171520506852533,0.19985982009797,0.19818712160138113
CTAAGACTCACCGGGT-1,0.07103092812631655,0.3345017109596228,0.0392052799983095,0.09306988239362167,0.15612973253112863,0.10238295600835372,0.15745318770455088,0.13292654975224716,0.17219815629365023,0.3319139454424128,0.08888296133520401,0.08986505569489746,0.1324036231236227,0.09523988384986543,0.09021116776535086,0.10305363485546983,0.16328436074205613,0.0623439822916097,0.057249639660382774,0.10468538656407904,0.034133675171286924,0.44243324798277267,0.28247922582969076,0.18496764029546708,0.13170232062652115
CATATTCAGATCCCGC-2,0.18075143709961855,0.25749608543173147,0.1621261001808347,0.16631169018717384,0.06701474746854008,0.027396383686817852,0.02579782110756095,0.027125674768752914,0.016702960744723036,0.1306715219554972,0.0455362923294267,0.014180808910253211,-0.01980781112532749,0.031208666224159156,0.021330206573726418,0.1976570982944152,0.16321907804143093,0.07942307042167258,0.08399094554622019,0.07823511635560117,0.114698922436552,0.21131495734704295,0.3276219294824488,0.2688894446783198,0.4953750018310049
ACGGGCTCACAGGAGT-1,0.03211366194124082,0.19079562029414343,0.02435216192953929,0.06504012740751584,0.22590847871875838,0.1558755238151245,0.17707288200498103,0.11962265200330835,0.1918221215726727,0.25242459546302615,0.10074013653927678,0.09363472431154346,0.16090846743420686,0.13153333616552157,0.1165158132341258,0.05826184378464829,0.09231612749267248,0.08673743453908211,0.07237438588058813,0.0893450870936026,0.05115648310818389,0.3119810888079666,0.2193802882817321,0.14160719922158446,0.07120365486659644
AGTGTCAGTTCCACTC-1,0.075790343467006,0.2649759776242036,0.09386523197229855,0.17789977888072864,0.1992501150547089,0.13588034185157982,0.19106928124489383,0.25388854608277617,0.18987200809877874,0.428119188675892,0.22226673544486913,0.2229907805295914,0.22718718757502393,0.22449695296273317,0.19891684228781464,0.14545543464913957,0.12579702747053448,0.18757041357093676,0.23740960053794097,0.2520201459321082,0.028637392912550245,-0.0003899393957481522,0.2722136226714832,0.21519008453870642,0.13851723271651703
ATTTCTGGTCTAGGTT-1,0.28071522406371063,0.18763864528406562,0.07936853541493967,0.1093036496284709,0.05112386822861456,0.051598449439195164,0.04247414658824803,0.008441854249346046,0.04524703828442763,0.0850387178432154,0.018899199480286084,0.002900029698084492,0.002263810554456443,0.00034391620811351025,0.0010206421161407019,0.13328700689423256,0.23150204969277952,0.005746264782770875,0.006684694073578244,-0.008028250446493235,0.6063167613957198,0.18057583224324267,0.22545597034459866,0.18465424596468644,0.16150058025824374
GTATTCTGTCACACGC-1,0.0577332227665424,0.13819903405379733,0.03603080489159476,0.07549654103289935,0.14413996638773865,0.1291600976273571,0.13504460461814088,0.22123852637491184,0.19885551247205965,0.2283381680665583,0.1595633597610109,0.17331563610405357,0.17016835823805002,0.17405489724794238,0.1381310910100932,0.06279165454032005,0.11210276639065143,0.13128144459107827,0.14843697443116846,0.18288742310495665,0.04203193807682308,0.09619418962970844,0.16619813209266895,0.09414538528509021,0.08492283602659642
AGGTCCGTCTCGTTTA-3,0.12821059525587827,0.48690310736204623,0.09819270816012468,0.11712091446060945,0.08079137205724468,0.016019286963667466,0.048177490099996945,0.04442664911012172,0.10900470741724894,0.19439496104439494,0.01878999052950833,0.012827886262333391,0.029499485729561965,0.007587573798551262,0.009077283131352103,0.13378120714909428,0.2038587871914938,0.02334069860708209,0.002807725318856859,0.03912866229816754,0.07704173752695151,0.33476526633393666,0.32346747280792565,0.23489729523985778,0.20189321263995988
AAAGCAACAGCCAGAA-1,0.05015227892370285,0.1812730710694345,0.06455340101648763,0.11549441988362254,0.05968405260676711,0.07847473857543959,0.11758186321869109,0.22500007174279205,0.1008558111131115,0.27396744703744275,0.19208972974329444,0.2614442744826888,0.17844094109329625,0.22268540446999766,0.1945628588723802,0.09324247597230385,0.089793296328185,0.2460187661595655,0.2913628078464523,0.5009354835180873,-0.011157501760155465,0.29980631621054615,0.18766568511546836,0.16723666395365386,0.10536859090592356
ACGCAGCGTCTCTTAT-4,0.15004765207591741,0.4946840541067624,0.12311941494273243,0.16678660361881337,0.033936943579608914,-0.003061318649794047,0.034242685793881976,0.024319749673967155,0.07304576778112783,0.21848159511721066,0.002082888255458273,-0.003277127962071747,-0.004764327467383644,-0.008134439068262925,0.007851965973222803,0.16651345532916542,0.15408054900940518,0.02587658206479801,0.014568915199404972,0.024338431794188164,0.07091652051025804,0.3367260808172169,0.349319712834667,0.26766149710700443,0.22834550783164945
ATGTGTGGTTACGGAG-1,0.19538467531372827,0.22912861531642115,0.4267198936548477,0.6083567061910758,0.05017447630581507,0.06072630789585396,0.042894659382602125,0.06025040113066183,0.0892950236699144,0.19623439741863016,0.02847656910602599,0.03175867432753903,0.040427180913005685,0.036590325480238196,0.016522901677526798,0.5204354066668758,0.19264135849994246,0.08492740107692866,0.08760198101160023,0.09033074297412567,0.11399778751115648,0.3080450388471852,0.43514304886850813,0.5220335903030756,0.2477578845737233
CGGTTAATCGTCGTTC-1,0.013454525508607455,0.19923808347923797,0.029146334620656942,0.12294450054365617,0.021919630344710988,0.04601100656315387,0.023134956198246025,-0.007850831901033114,-0.0065947810529214165,0.03127086475472986,0.017594962429187955,-0.0069295801635664645,0.021942851802023097,0.020385579648927097,0.020817781601480664,0.03527079876892055,0.040336669805602555,-0.008228188325573794,-0.008041648393597587,0.013839249634688768,0.16334533909315016,0.18695713150729829,0.19728326161901416,0.1465925635831734,-0.002683585555359336
ACATCAGGTGGCTCCA-1,0.05412132960201829,0.19208965682947313,0.0332853848388588,0.11575750705039457,0.10824269947898825,0.1532140059803055,0.11429089257818266,0.2486899236800635,0.1437989120802574,0.2993585023410055,0.2317463244235012,0.2141429317260519,0.20928598311156807,0.23329200504052372,0.2594671594307272,0.0813778101009529,0.08346118153794382,0.20526337842853476,0.18342294989441837,0.21181508066722943,0.013042752369879309,0.13323842221205087,0.2290217039331679,0.16143273012704734,0.11668058512821158
CGTAGCGGTCTGATTG-1,0.19726010624998358,0.2703771230563652,0.42762289452406,0.6056527562937853,0.04058160049794735,0.047996593160477045,0.061894887824351506,0.06441913840741646,0.09744796055502321,0.24100685722091625,0.01888475210220472,0.04385274912540564,0.04063822065875517,0.04642160913895755,0.02067812392624367,0.5231070058142193,0.18625885574655235,0.06316134402880982,0.07185273876363515,0.09745351835421945,0.08103349784684116,0.3305527082223233,0.5175383962705088,0.038057179419684894,0.27729030622042095
GATCGCGCAGTTAACC-1,0.191926461827073,0.3476884936462694,0.24195496436762884,0.3232100622207968,0.05315934510997859,0.02855856925154481,0.07402738106963046,0.020713837878898515,0.052112933299921914,0.1969848388610366,0.012737051672557738,0.005974988702286517,0.01350231098879249,0.017610315706123363,0.01130756504843445,0.2999073328772838,0.19304583078573107,0.053027622701205056,0.026243059524674612,0.043600572598237554,0.08570385724685985,0.37707432081185377,0.5699130169138821,0.446583141704224,0.25012229264154867
ACGCCAGAGAGTTGGC-1,0.07022647701437644,0.2076920501545347,0.06875202739680998,0.16733945886769194,0.2192009653504242,0.1469259568660431,0.20987241227028922,0.26036862010894907,0.17915144090875476,0.46365946622809245,0.2324062756347899,0.23051068020600318,0.25161685523513905,0.23107735710052388,0.21598547631022053,0.13976271561419798,0.15265515897509194,0.25382486834502105,0.2676652170014408,0.2749174097374475,0.03813215421764432,-0.1572652786255396,0.30029969455407657,0.2084706784011896,0.13586364473067553
ACGGGCTAGGACGAAA-1,0.05267061193153026,0.16714658947749972,0.03704297425777135,0.04811698084240515,0.22104358744079092,0.14425831952053575,0.17495926415909732,0.08453684477353973,0.16847945891902166,0.12905165304415384,0.08367809958323703,0.045772751961917095,0.10031643238747409,0.05169036452975506,0.06415405634571739,0.04501009463629498,0.09817654844016674,0.05672606737200575,0.03973510472097898,0.06444102835805987,0.04047377406342044,0.1469175856617245,0.17774294014699804,0.1281284844558101,0.058358564565030864
AAAGCAATCTGATACG-1,0.0709016924366601,0.14604443507032486,0.05831570305257688,0.1558163043272515,0.11985362417690536,0.0454611654620085,0.05723461064904383,0.23102549185162238,0.08490485710716629,0.3338800787935819,0.20890491655951599,0.2568676076529019,0.1701335176674768,0.23861373866239832,0.1982199705671843,0.14027054295155583,0.09184607910575977,0.21076706408838955,0.4024875375901973,0.4205177370206249,-0.009852534966795877,0.2553193354695908,0.17732776443433046,0.14491136306234967,0.09818302260210887
ATGGGAGAGCTGAACG-1,0.1864287229789905,0.2649152758748447,0.38366185234502315,0.44411568302302945,0.04603389568672853,0.03906565657438498,0.058242512875050716,0.06296188885780409,0.083423468492612,0.18024306707397264,0.04228442765664901,0.05718702193502708,0.035847514664788416,0.023278728794373014,0.014104900105913795,0.4444455451955452,0.12751132479873706,0.09858446826576932,0.059355903000773404,0.06403330491838284,0.06645487064029908,0.3037600632230235,0.41668193669800835,0.5023758120555863,0.23308939336902648
AACCGCGAGAGTCGGT-1,0.06623452393702839,0.19993722496653996,0.06062830900949019,0.13538003991191735,0.13081314726060017,0.05814209738665387,0.10610074191296825,0.16888477489900242,0.08784296146701172,0.5008185681336256,0.2124565916564171,0.1988597544978127,0.14347573732804644,0.1941895261464355,0.1678794430809316,0.12381159417436094,0.11033798659644645,0.2819245870076401,0.25277201734584676,0.28739035338535746,0.033935524838410815,-0.17048732361962943,0.21858755046238873,0.15830238838343086,0.1356344488963616
ACATGGTAGGCACATG-1,0.028525912132564047,0.20071643279392054,0.039043489390178175,0.07430687498583524,0.1533917905131739,0.09011209527512132,0.1875652236546378,0.1147314942181604,0.1138707357791873,0.22583057695525355,0.11182836774714836,0.08664712651862737,0.1233530224680902,0.0974790510747523,0.09070504036062131,0.08033927328338822,0.07757460669028998,0.07975641643267621,0.05793188528427387,0.08581606814467291,0.02178491120949182,0.2919279274875041,0.20579830102823873,0.11073485247210547,0.0733401603533419
AAAGATGGTTCCCTTG-1,0.5443501386765144,-0.14537543698990713,0.10050015281954072,0.15561862516650687,0.03668788734681303,0.007723671597758188,0.026530427679804052,0.04817678438261903,0.06590273558836361,0.1467813015979335,0.017831511995676053,0.0035885654101403225,0.013336547340879626,0.022059479171682855,0.012322469772164155,0.14517178033297434,0.23740127586175425,0.014822408895692741,0.01670151633571123,0.03608827504524232,0.19070619444655237,0.14989819023766807,0.24084624537949204,0.1854085612123827,0.18562188648728667
GTCACGGAGCAGACTG-1,0.14848651399087126,0.2865070646300226,0.36231950537822294,0.38664293781907844,0.014752246252289197,0.04384086617088984,0.06020877773214403,0.05909672648568894,0.06277925894370567,0.20820969890609048,0.03542950494806007,0.033100399645523526,0.039643687793147635,0.03450054369985955,0.03582134419917568,0.402504268254469,0.1568080518080112,0.08444687772142553,0.06498755726972892,0.07299119680221883,0.06107679365772771,0.31983540024364954,0.4640625563126553,0.5154076998523794,0.2880869318322964
AGAGCTTTCACGAAGG-1,0.03454859410698311,0.19097101339738132,0.04250070595161699,0.0917930532498904,0.12392914653689134,0.12822994751490183,0.1659470865481476,0.22331798371099987,0.13455041157757805,0.37760195818463965,0.2846050713481919,0.22628834206846135,0.19803605622490503,0.22070096219833618,0.2151481815948582,0.07059610621856792,0.08684666896699023,0.23274529363639987,0.21967871771286868,0.2449945427049918,0.00917144779540586,0.04574387891905243,0.20672531780711398,0.14780655265055284,0.07686487474175012
ACACTGAAGTCGCCGT-1,0.060229015051134024,0.20479975524830607,0.07397786323710719,0.14794340294802086,0.0859587900545886,0.006193705077583682,0.07713392619132657,0.23449612509842255,0.10708700517527686,0.2115738095476093,0.24106263332073505,0.24818717913594718,0.1404511717497358,0.2299958739823468,0.18434184201363907,0.11063519522251698,0.09820087351482568,0.3136610846690393,0.48538266428563553,0.39263312488797725,0.0031459976833445747,0.33218214482415676,0.20354223805757227,0.15878025999677825,0.11331659989420492
AACTCTTCAGATGGCA-1,0.055640043644161245,0.18139911598464217,0.0566481978940263,0.0824232994270768,0.21923649298767506,0.16003191461647737,0.2295692750486469,0.1588533035872747,0.2110721636551035,0.061121028968840044,0.14686757121889313,0.14995444024182622,0.17177786005046466,0.13844992528797076,0.1541919869593113,0.08566114563955449,0.11534147331237071,0.10517612767672682,0.09938147587732873,0.15377317401844656,0.025947642381889884,0.048063739479367054,0.22427435664517814,0.14997481947366145,0.0754486822732389
ACGGGCTAGACCCACC-1,0.0815898842993198,0.2266874554719486,0.06637934576907246,0.16144668353782943,0.09009334865392837,0.06245501964540652,0.10328863299217471,0.20963464679249585,0.11676202805728386,0.44123658094652146,0.1903459869313419,0.19819136825347677,0.14158136732463952,0.20203631345221162,0.17535768988032466,0.1380234531855113,0.15008713692740874,0.2670885880444731,0.3025053476888083,0.3112935400004934,0.020804068574769383,-0.1457993574575438,0.2477362908112307,0.20691046626260662,0.16873375456691572
AAGCCGCAGGTGGGTT-1,0.04149310914016202,0.2017298249843383,0.06859793559031588,0.11234684763929631,0.20160374689542593,0.14418258008174126,0.18655839203645197,0.17675742307640485,0.18035654893310984,0.2644989241520496,0.15607868643223152,0.13834018872246523,0.1360872428353768,0.14894298990509522,0.12044192639174044,0.1091158611840811,0.08128188430839131,0.09997529141798202,0.10295213999753092,0.14964932557556335,0.019567242475452513,0.3186312332660451,0.21034194796695543,0.16814396389446115,0.08879101465432172
CATATTCTCAGGTAAA-1,0.07841515642613851,0.24788617218324466,0.0664024042958111,0.14046204155208541,0.11067779664832483,0.061684996347408934,0.12952922875883344,0.262581756228465,0.13074859149449378,0.5241594547516532,0.2165977080732594,0.25454376514630317,0.20569193591543533,0.2530321231087391,0.22558989731419204,0.12338681724379215,0.1143448280506369,0.1950434916201267,0.24966763810388223,0.27269346843767606,0.0024917183724331034,-0.11363508272188644,0.2601271404200725,0.19019453378798362,0.11268104193552701
GCTTCCATCCGTCAAA-1,-0.010371370351953256,0.13791012810988817,0.011596530618090638,0.11388774052589527,0.13681014466076044,0.2504583445211214,0.15671351571847186,0.024463785428993103,-0.005522141441606253,0.14807919000803754,0.15217336496572031,0.1415902429764504,0.18318224433677438,0.15388199390023896,0.1097489621404671,0.11478121186235063,0.0200297090537141,0.12042796356799987,0.023579683564708156,0.1557036262643242,0.2278121553954866,0.11683109512905092,0.11059785447972433,0.11779939947257355,0.0027291350341045427
AGTTGGTTCAGCTGGC-1,0.05201324674491476,0.19155494311564616,0.028286608503473826,0.07178804136517343,0.21164259965943166,0.13483122289197913,0.14178220364944027,0.11443574293425955,0.178137638648443,0.2361919758958956,0.08852995063452726,0.0710012865062635,0.16380761003891556,0.09987673733322608,0.1106245995976376,0.06135628796716218,0.09774140866000666,0.07531222535069602,0.03646753036773028,0.07119501234369287,0.04047222675626595,0.29505352246673305,0.1950669640776593,0.12464859764849812,0.05828111548653797
AACACGTCACTATCTT-1,0.025025768327113743,0.17804987697906088,0.05741454448299271,0.13623839376765579,0.12593715429774666,0.08293032275187416,0.14413841923625645,0.30143623897683064,0.126311297307244,0.37954791307263264,0.21815832316800998,0.28429765311405797,0.22921170438872948,0.28379896628565726,0.24455139885652744,0.09983843340880953,0.09131607193064253,0.21985026369754773,0.24915088007460576,0.2960917016454532,-0.003256978403594923,0.012765694318362586,0.22587422298699494,0.155784450974968,0.10045008397438333
CACATAGCAGTATCTG-1,0.17421755716943774,0.29879521911959395,0.4402566914926438,0.5024549207429275,0.05340475538525134,0.026389179776255517,0.0592757776300778,0.03692457144551458,0.06312333492788733,0.2504725196599327,0.015450563068738153,0.02112728307645263,0.02036058688478486,0.00797809108389413,-0.009634707650603957,0.5304557695444854,0.17261573916847142,0.059908090916047985,0.05530901348831635,0.07430991616829374,0.05541721219635929,0.35504557917296004,0.5369466328019409,0.17357325482877442,0.3002735063265299
AACACGTGTTGTCGCG-1,0.15238093506570685,0.07740092059098562,0.09406445171808459,0.15601782439040232,0.09707791625302795,0.05006069067405755,0.051783839640168194,0.039118590591652826,0.09401086093155044,0.1572058162655702,0.0051559010572874,-0.010777881742537944,0.036797811933153284,0.02075880456027193,0.011009756141948308,0.16117448896348918,0.28379246624868765,0.013411817173128686,0.004704180588606548,0.02462329285202233,0.2222103259031093,0.20303601017455078,0.16905644327106928,0.20921065619796222,0.17104750822231943
ACTGAGTGTACTTAGC-1,0.05072890665976606,0.22647753926026937,0.0589991097402329,0.11874766567512195,0.12941123077622252,0.11242849051201328,0.13677149188914337,0.1569320649296498,0.1273056906704773,0.32397268357847187,0.2082817439014288,0.1479432806662442,0.14521878688370277,0.14831324495036888,0.1742748165396591,0.09238950645670027,0.0887179532078066,0.12120659263957542,0.12392794259193463,0.13353202528748237,0.027237273249091774,0.06307114570251593,0.24201504514757213,0.19418433127759968,0.09281552392161667
ACTATCTGTTCAGGCC-1,0.13899579335819898,0.3041006201138982,0.35654556970468937,0.382670235967675,0.04164727448246613,0.03971176391504567,0.05196793838538676,0.025609467326990154,0.04831169588630488,0.20022794483426726,0.020783168273722473,0.02804739217822203,0.010717341078959747,0.030128290604597405,0.022658796381802654,0.4227694315089862,0.13262036128709925,0.05604946635495685,0.057471239990016965,0.05082488264738389,0.045351842185205354,0.3252139104837361,0.4489822489657097,0.5269720422333062,0.26067728489033043
AAGGCAGCACTTGGAT-1,0.15589210510074336,0.16168882777656782,0.48787939119764373,0.42660187374379177,0.026370677737652008,0.040343566212055766,0.07265481458159834,0.05948742748760049,0.04602414157463279,0.10651301890419743,0.019627677868055818,0.0421029198004221,0.02675189312154381,0.03729168578014904,0.024504021230253602,0.4096804967920287,0.1354097957448037,0.07663889887818462,0.0674780163549851,0.0682490901250065,0.0468746045510977,0.1755318596550453,0.3489576531520459,0.43390955115135377,0.21644748546756143
AAACCTGGTCCATGAT-1,0.055990387335877974,0.19464120600586574,0.09360587396587303,0.11226221835616812,0.21142472063335652,0.15496952765944913,0.24651761248678802,0.2592425333400598,0.22779811303175126,0.37635954611947675,0.24702280568248414,0.24054371265460264,0.28523175604259987,0.2713197655819332,0.27629868286297865,0.11849078430222282,0.13059067110720662,0.12929926407562484,0.16059809751822574,0.18113096595191186,0.01044739218405661,-0.05855749549451936,0.1830245246144558,0.1548571193846151,0.08781344101762123
CTCGTACCAGTGACAG-2,0.11090296692944093,0.2509466199087088,0.08475049441643322,0.15951952954456927,0.056490928627735304,0.05901160047197464,0.06054204851863126,0.16761823744390822,0.06386909355546798,0.23150689073904723,0.16558808725900337,0.16422385756890007,0.11825971261595267,0.1571312471068973,0.11428089607985184,0.1473627129590952,0.09869024845306561,0.2231151701454615,0.28294567557585104,0.25301460200973674,0.0472844730817818,0.0429011917160697,-0.030273509828299364,0.23696017396078112,0.06743410774527127
ACTTACTTCGGAGGTA-1,0.08467092130249493,0.17421661942725986,0.08773382447604638,0.14779659026418934,0.17251234720057587,0.15754556311894757,0.17927875108603009,0.14822108900266362,0.15582951630320693,0.07084882984760241,0.14756078802619785,0.10489161313629891,0.18401646737229976,0.12255399869770352,0.1127674459029597,0.13594693745167863,0.08475431198829272,0.11275461342660514,0.12668084468525775,0.13848249699542917,0.023280286111429783,0.10291920551669101,0.2028402162640026,0.1681487229383212,0.10072995139524314
AACTCAGTCAGCTCTC-1,0.08255809614002518,0.15849279147908008,0.0448411176461124,0.11371468064614978,0.11855287896108553,0.11182584343479447,0.1491858189826496,0.2792607629828344,0.1310282151510435,0.29383474254932285,0.23214053770737897,0.27651441062947657,0.19532882249698336,0.27885484094473667,0.18827622079929748,0.08112863634678347,0.09960853349064863,0.20328256174153278,0.2957129863714816,0.30629570824660346,0.013446515479563449,0.03760300959615162,0.198498918013753,0.12581118661856186,0.08265970089630803
AAGACCTAGAAACGCC-1,0.06664970262228445,0.1865090431539754,0.0305540838130029,0.10738088209412021,0.10609143966840867,0.08020271231429364,0.08925975719555905,0.207188639874463,0.11527163124106529,0.3757340224758599,0.1937701847155636,0.23917169553398218,0.17217892368546522,0.2125660482152996,0.17485296993099667,0.09078645567474301,0.10384674983717021,0.19551517515569813,0.2648745614776537,0.3094743143954281,0.02721662976468114,0.30196899216069417,0.18643598408232775,0.12471131274367359,0.06856865060641873
ACGCAGCAGCGATTCT-1,0.05809638331480511,0.21418338888761992,0.04590949779508694,0.0853629800792547,0.22491792733727894,0.15044815717532428,0.19470547312810538,0.19365505810002054,0.17026634523268594,0.33292282959489966,0.19480951465396068,0.16157412695254203,0.2084968209425927,0.1960291149107059,0.18219211413253555,0.08365759220877539,0.12563074269331787,0.15387149146743012,0.1578149914833537,0.17743113269446908,0.01884963860035436,-0.08837649144616788,0.24452802802388338,0.14436212171682064,0.09492572194309852
AACCATGGTTCGAATC-1,0.058988149522271986,0.19603861954207244,0.0522462726312,0.09018204074954216,0.2567807077519369,0.2316156360750158,0.5906632891252377,0.2251675878482484,0.24702782580277138,0.4177794297369952,0.16020887173917106,0.13390504397670036,0.2149501820035557,0.18900617212969623,0.13942582060482195,0.08144484554098651,0.12811035635349188,0.13291552096300677,0.11353926589810914,0.15767324219045115,0.0645194358914211,0.373567703807338,0.20492639891448122,0.14866286554817787,0.10510261412787505
CGAGCCAGTCAGGACA-1,0.02826516115127643,0.18665787528422104,0.09001388241692766,0.12939078727305564,0.0798140955678567,0.06773531741296099,0.07239705741830031,0.2651203149992337,0.0879666803580014,0.4456374302625644,0.27376708248125703,0.2616265436474576,0.2037435136077381,0.26460252699865106,0.23260985682228888,0.12674682190833,0.0705625644875542,0.39107311835462516,0.4439717782700241,0.31911217986179446,-0.012638082809750689,0.17827083976286726,0.20400795362166863,0.16153112596176433,0.10405416160741354
AACTCTTGTGTCCTCT-1,0.025249689271500057,0.1693408966636675,0.05373691289812426,0.09226604246663499,0.14383937119058995,0.12191348610498967,0.13790757007244928,0.10514074947616474,0.07431908193035539,0.19797169255349897,0.07511318586421217,0.05869484876919924,0.08954045628864524,0.0631428667332685,0.054390036205139804,0.07956836394713813,0.09444202747544311,0.032398389187909,0.03480000379698045,0.07822233939472092,0.0059059893075277085,0.2600499846502976,0.18459868268600485,0.1399987113159859,0.0527279406205934
ACTGATGTCTCTAGGA-2,0.1838807521132758,0.36194871090190095,0.31707315172015055,0.36155322843148735,0.09430478347594845,0.07354563138363812,0.08586327354484924,0.08736089598686853,0.07158627985021039,0.26957540254584716,0.07609626966304732,0.05285590719497744,0.08453054978580829,0.07950344836310486,0.0729447758459691,0.33233958281233744,0.1905133539291461,0.08872394380285877,0.09308603499690439,0.1211848442993812,0.09810907972772367,0.38893576762340654,-0.024719647185566324,0.24749269077901104,0.4131546909655863
CTCCTAGCATGGGAAC-1,0.17793410873530718,0.2261160841517425,0.3669718959798162,0.5459920245645445,0.06234586821982474,0.05034728708426794,0.05362396275166782,0.05268073047294214,0.07028902323257387,0.18228768729101574,0.03942501948544922,0.04064907673434333,0.02699459685637542,0.03531984017584236,0.02429615977525391,0.4790927666605198,0.17587634964852042,0.06459914118572038,0.0865331420481504,0.09921837412411057,0.06073958694829496,0.2791590635530744,0.37092920656970413,0.4450586732174518,0.2117322198290733
ACGCCAGAGTACGCCC-1,0.07074804981820874,0.24673938073982954,0.03429408912583268,0.09265289778507355,0.1834863113398974,0.10843291756740017,0.1810536113740059,0.168562093999231,0.18041267753842286,0.31825017848090703,0.11817255170308631,0.10035258182828063,0.16791872229349833,0.11730777588239215,0.11742541619658149,0.10401120119558312,0.13602767609885008,0.08065367056741264,0.07556905173571538,0.11095538919137876,0.03163767597052881,0.3855416581425238,0.22316938758817081,0.1635325948904158,0.08732572196528234
AAGACCTCAGATGGGT-1,0.03621356781222699,0.1615667647202958,0.0786383112091005,0.1543892220017654,0.08667227306595242,0.07167811348139932,0.11600985200280471,0.24894625673741638,0.1203367193918908,0.3687592815971158,0.2238823118877804,0.27672620434897954,0.19834167001953532,0.24700356584412897,0.20408541051186774,0.1280336107389899,0.06637570790102225,0.22856886723826808,0.28517064047149154,0.31493130300508904,-0.019034961572177198,0.04278198947890052,0.18208355128066214,0.13378904046494305,0.08051280937622328
CACACCTAGCGATGAC-1,0.037312628858962874,0.17435144324186738,0.05870760085618524,0.11878752872204122,0.10353513947153335,0.06112217707223887,0.10767161038265292,0.18021352983224026,0.10295763069018879,0.3662065405656873,0.22994185330557151,0.1581590836290678,0.151121511752883,0.19768799227649117,0.1695992305665875,0.10712385005244295,0.07899064970101363,0.5559635101462462,0.2929837925016389,0.257129461787524,0.029098840942165714,-0.013205286205350455,0.20717944359049656,0.1579803468218404,0.09433129947615639
ACGATGTTCTGTTTGT-1,0.05910985859134864,0.1535105456078173,0.04831289036276301,0.07637283035507011,0.6347515152087226,0.16654753229587968,0.2012106963112263,0.10634491853466548,0.20782438596002684,0.22106631420766862,0.1042238809767459,0.09209317084177605,0.14822532716812017,0.11654729599567377,0.1089403551765574,0.07577277465491096,0.11349997130798424,0.06786473596526546,0.0599671649470539,0.09200352829821778,0.05160437458796815,0.13093805391128738,0.15359195558441852,0.11775487918662668,0.05079522192392751
AGTGAGGAGACGCAAC-1,0.24371348300814633,0.2792590561040746,0.0349685820308731,0.10028820505758163,0.09976068569591516,0.024933364109492605,0.056799835272998,0.009913031757449444,0.08443934033780066,0.2168588026462565,0.0206322562131298,0.0073710662458141216,0.017603741355783818,0.004780298123230887,0.005716024002841496,0.10889548430483328,0.5911188323713665,0.014075606258844752,0.024759890908547626,0.03198887018042598,0.1721584371365903,0.35377499481938496,0.30630912796613863,0.208502484949483,0.13202961354851975
ACAGCTAGTAAGCACG-1,0.36406002040116486,0.2762058776441206,0.09139644194404271,0.16948919260295703,0.11523382435311645,0.018636119048832125,0.07265459988752071,0.04594213509171445,0.1198847294023864,0.240658364814257,0.026701060903516538,0.0010379545589517267,0.02921135667809747,0.023950730012607918,0.017337935369107674,0.17902002574610915,0.3056793506668723,0.03019675522298539,0.015526152963303178,0.035661986412065805,0.18597211794390273,0.35791835039775066,0.3031993514953267,0.2934886233932873,0.276322740465963
AAGACCTGTTTGTTTC-1,0.08589899238813861,0.14149064092965916,0.06675127815149975,0.13668335758742267,0.07820078127884157,0.040012160285371794,0.11079772684717858,0.203768239056128,0.09457807091438977,0.3487120987489045,0.16623936970066294,0.20679046074526652,0.16056482315507625,0.200897199059467,0.1646215527485071,0.11371533067702082,0.09473808737101029,0.1999339990811902,0.2610028704386719,0.29351183863370234,0.0016718636021916056,0.2887256763732092,0.18425904258162412,0.12053990827848149,0.07336378038863309
CGGACTGTCTCTGAGA-1,0.12986998266502184,0.26487818539140184,0.28862617134333735,0.7337963678002211,0.10268875415209643,0.07669092752335326,0.13588443354524526,0.18522356301389065,0.1354718661828764,0.37893162145049125,0.1511435411946111,0.19010137075672018,0.18183055926406946,0.19364654046471955,0.1578626530785907,0.40101871648447557,0.14415200849470344,0.13297503267533625,0.1508369171033608,0.18643995630611654,0.022668114224875156,-0.3771343294136911,0.3831627685908119,0.39307794188219414,0.2066539543199508
AAACGGGGTAAGAGGA-1,0.03382190760257302,0.1774394754954708,0.06414642309071322,0.08998129950817638,0.12992703280081877,0.08203026443543741,0.12617638558202243,0.2268248431600715,0.14276464989882218,0.33981140909753893,0.2315089578420509,0.262527581877625,0.18879179191453865,0.28778598345799533,0.23728887647736296,0.11849030929083788,0.09285010350073698,0.18363725194925395,0.286733364635016,0.42342273938026476,0.001615023972131149,0.020684429081126835,0.14269932148525968,0.14325636366908012,0.07734055011319506
AAGACCTCAATGGAAT-1,0.19809677760094552,0.2923367782932168,0.0869538945850061,0.14410951320504878,0.11429047044863433,0.1007646649669751,0.12912907333307105,0.1868296219743548,0.14204977560314574,0.23965753589688202,0.12918544175969068,0.15173759002602694,0.1584685119426442,0.13190820767733122,0.10797849118191354,0.15156525357105105,0.26878369024695287,0.1107852266788499,0.10541137826412207,0.13498715313065088,0.193521553633549,0.11653646139605234,0.286823671499894,0.2224978356913684,0.18746831427614047
AAACGGGAGTGGGATC-1,0.05464167387434913,0.15788413432264028,0.054895929927354925,0.14804237748317406,0.08651877722696631,0.011113344456614438,0.0344024541065966,0.2119843844921624,0.06528518280125903,0.3346525655182455,0.1964349801558882,0.21837457047071998,0.14309385916566708,0.19028701956819088,0.1656102932339605,0.12661265381149198,0.12847793785947506,0.22236357402871584,0.2830505318704026,0.259524314880793,-0.005269906556555296,0.28077066871200396,0.18233398722285474,0.1740031387413022,0.07833162175846405
CTACATTAGCTGAACG-1,0.008351487251821919,0.2338088636662869,0.0597669859763618,0.07696108578434725,0.1711596409454489,0.11502499856482316,0.19341193693165587,0.15185248382703156,0.16194206150412066,0.27834896988759744,0.11714353161672615,0.09957206609363375,0.14894381461938394,0.11515974301526995,0.12733784623653263,0.08566345619280682,0.08894444747265338,0.09958036521313608,0.08502563464962341,0.11176494966623733,0.008938834302033731,0.3426175923993399,0.2282794081652337,0.14218127853380916,0.09161940234591595
AGTCTTTGTGCGGTAA-1,0.34326311998128434,0.23121319694056633,0.07856461041786174,0.1181011556650017,0.07751664876707892,0.037801638980572684,0.03861879175614459,0.027958821652209635,0.10080465520319887,0.12257983042853132,0.026356963415618242,0.022710944311020147,0.035495913490871306,0.019071366303318685,0.005981981170110947,0.1078054106800922,0.47902772030210483,0.044526929802591604,0.02353742705924422,0.03680643661800079,0.5412512446394695,0.2222642030061101,0.22380028892328474,0.1805124213140312,0.14603014707815223
GACTACAGTAAACGCG-1,0.08779730617693772,0.24878263804268416,0.08113315509848185,0.16144658996186903,0.1015373471385093,0.08590620820866812,0.10913675518293055,0.21730037292967097,0.10456559065177755,0.31376170962689,0.1489024278499724,0.20647483983487805,0.14849594397422264,0.18996407270526317,0.15214401086933893,0.15070943776906404,0.12811189032043546,0.11771862495981565,0.17396275804964467,0.19084794561930019,0.007999408280357636,0.3919733227541656,0.28962919553343536,0.23061310079744748,0.12808858075727061
CCTAAAGCAACTGCGC-1,0.18912854443461846,0.32127047402262554,0.2855649050146733,0.3949618086711583,0.035582158431920495,-0.0026092348965144445,0.030637674578430255,0.03500920971559371,0.05143839047020848,0.23735177523246814,0.024793205838576807,0.013070016122776525,0.00981347291108466,0.03246015904576939,0.009005717074457456,0.37200912453173374,0.16897130384445203,0.05694125844105012,0.04481897036667167,0.06391797696605762,0.0600813813123547,0.3592845220841221,0.07937419247600166,0.46011303046438845,0.27269494770646363
AGGTCCGTCCTACAGA-1,0.18678102444872421,0.2844568636725242,0.0395884986628704,0.1195416974707739,0.1430885037133374,0.11611480484122892,0.15846172978094464,0.18197346825304556,0.18144596507516958,0.31026734501991005,0.15783377652591796,0.13859027436840593,0.1873904004790295,0.18110741152552284,0.19478451638865288,0.132256561622131,0.21527192471128392,0.1054956661192362,0.11465751560466252,0.14618161786188816,0.16954305626068863,0.36107401507677134,0.2973163605246584,0.2102106540886534,0.16464340900056582
CACCTTGTCCCATTAT-1,0.06709208050165157,0.24604657103028327,0.07030453266817363,0.11492231686439461,0.17305373926985135,0.12464374595671818,0.16885262490723138,0.16977224553831594,0.1892602366797015,0.2133658863249481,0.20810978153435267,0.16615427126849594,0.1637439130163612,0.15338316850094771,0.14840937874066415,0.11153192049370826,0.2022163871585906,0.17937328406003827,0.15981254416641746,0.1899345233102969,0.044063168461105987,0.001289458452795726,0.23232595490599792,0.14417353457455356,0.0927598427923451
AAACGGGTCGTTACGA-1,0.07562794353686159,0.1892304261180753,0.05230673713381727,0.11205341843454232,0.15017341827414796,0.11136484064853217,0.15653821970660559,0.22791153251725188,0.14003082527038377,0.34069762182931507,0.21678258550144672,0.23217274929250575,0.2135999296735396,0.22613247956519816,0.21711795995373676,0.11463332277482807,0.09893131364866388,0.2786961526538437,0.2477815714966726,0.2802971547702802,0.011742799458774869,0.018145683941276112,0.24376655721978363,0.15843727966108634,0.1321063531113232
AAGGCAGAGCAGCCTC-1,0.08087284315819868,0.18442833106119114,0.048976230357610014,0.12997940272619002,0.09219035262311503,0.05934021612668572,0.09652890053333037,0.23334244428794973,0.09110558434364216,0.37244592838786417,0.19192407929465838,0.21694651248497138,0.18775349412910727,0.22017475239698195,0.1536686259468037,0.10833001492515053,0.10198905608067307,0.2182671082986598,0.28964843586456446,0.3136834055291265,-0.01909829390613433,0.2950766293765476,0.2121447350684011,0.1373376280985915,0.10282133093858101
AAACCTGGTGAGGGAG-1,0.05518997089219802,0.15353118362503046,0.03141236682658715,0.0724798211396449,0.15913766569792867,0.1449766189649128,0.18317029676112373,0.2783589932984196,0.17312985367794026,0.2905862709763524,0.22018384498686422,0.24392802583596707,0.25451853540471103,0.2426428809255423,0.25990139005254226,0.07240833412374606,0.11723470013591523,0.12370457172860654,0.13969468052249698,0.18239277999870096,-0.002749794772533965,0.05859406969859806,0.17626863467607512,0.13612270985983546,0.1183902388181465
ACGGGTCAGGGCTTGA-1,0.0674599472602639,0.18195214993409348,0.03737633536871753,0.10387082973140613,0.24096799163815352,0.15759805485455658,0.23737850534888594,0.15788271782000168,0.20911943054822188,0.25726784201715847,0.11991515648359935,0.10609018735059114,0.1915444164520599,0.13429742368672767,0.1465583272367129,0.08870962975266287,0.13071325737694514,0.0784017673551639,0.07262266625784868,0.10738051877713631,0.04348916766205654,0.3276050836736997,0.22481265281232793,0.14110469249023896,0.0980049592394178
CGAATGTCAGAAGCAC-1,-0.008490482863739907,0.04982016775300404,0.03278233735965873,0.016990826171921474,0.0646661473241841,0.11846368456337078,0.06718690742882762,0.02494617762495388,0.03190514170297252,0.04562981860752529,0.05551918772691017,0.029651620295682163,0.06460997817674388,0.06132392355064795,0.06231047800251769,0.06224084444777688,0.040928847762385014,0.022301102058632567,0.02319463077145263,0.04653884457324984,0.033218358549525505,0.0350516078759006,0.0576445830499652,0.05353133200181273,0.002169967059467751
TGACTTTGTATGAATG-1,0.04961149122869193,0.23123668880717593,0.10359242296266033,0.13536921015017284,0.08147253304246793,0.03634708206857873,0.0980603228707517,0.21500011118154533,0.07092467305633894,0.43987415028677007,0.22211262275674704,0.1914319810097425,0.1547417894642634,0.18641452410511383,0.160808152451233,0.13339439887587715,0.08471613700579228,0.2845668285687446,0.27729831496321816,0.27536829602695395,0.018594801955577653,-0.06345747567359021,0.2430731364869164,0.1672167571632232,0.13465995736483155
ACGAGCCAGCTGCAAG-1,0.056761577070709564,0.27995605615924063,0.04896486000512191,0.11848343527786713,0.20324808037760825,0.12110463500312484,0.18970741606211028,0.2109058923919551,0.18222170464389023,0.45257280271757605,0.19078291982910195,0.18999416809632663,0.2019373086540352,0.1984795934540829,0.1875420931444267,0.10193053352241055,0.143639196944292,0.1372834095359382,0.16295495437018484,0.2053599147803202,0.021330669375408447,-0.067449809372835,0.28445405456362993,0.19057619409223076,0.11763610696072294
ACACCAATCTACTCAT-1,0.07723605350627474,0.2102492948605856,0.06782326652577797,0.16000911471751988,0.10857173571321424,0.06718205005491178,0.13182693256732553,0.21444283728624747,0.1466867338939649,0.5759541457498418,0.181420026801894,0.2024115391639193,0.18067210496640573,0.20910896789547948,0.18108261234943554,0.12885144533751183,0.12419441956755785,0.1678657051339272,0.22481600227720214,0.24467603252821724,0.008190934852344725,-0.2790023510139544,0.24495308820633754,0.17611520412229273,0.09125498060392072
AAGGTTCGTGTCCTCT-1,0.03306992147963736,0.15037780342630605,0.03660766026088592,0.08417711414441038,0.19245358468604162,0.14874443764431086,0.19783703872268246,0.28798328074743146,0.19121008915748272,0.2615034283371869,0.2356380993795109,0.2637571749330243,0.2601787543509716,0.25902997317865467,0.21252097890425495,0.07835376987101494,0.0931632515852795,0.14806568357238706,0.19520620029836894,0.2491941728019467,-0.0037009052026554775,0.10373807134708037,0.14696489289117834,0.09410707092601989,0.06169899600373284
AACCGCGTCCCTAACC-1,0.12169447448669334,0.4257149936044507,0.09521944949207921,0.15883370245979914,0.03652409600036071,0.011714154066624386,0.047411624585366,0.05037976567242957,0.06085622582997805,0.1942905672094675,0.01963810244019456,0.015614520595101778,0.031187941073194277,0.01728780452416904,0.01116657199014154,0.16529349489616155,0.14479464790578445,0.037134536959595114,0.02605845346688076,0.04272019115511521,0.05736798693975255,0.2880344283055794,0.28358851448383127,0.22091179744826892,0.17729291396372232
AGGGAGTCAAGCGTAG-2,0.07170306166941254,0.15150202399311352,0.07861756839054354,0.11696185185689023,0.17244524517510912,0.10760427118712976,0.16042408805315922,0.08948111821755807,0.15631667715575223,0.18582337113946518,0.07029782044890134,0.06698182349450645,0.11453350829390549,0.097727646855759,0.08063830987939306,0.10634007432037573,0.07908699536035893,0.04978902518920986,0.06863784038360772,0.07869814926256832,0.024416301905198973,0.2502806600079193,0.18651487303913805,0.14840660332128336,0.08312330777687116
AGATCTGGTCTGGAGA-2,0.2558284029618135,0.3082953124320325,0.10691198454483976,0.18902750410294972,0.11080651230949999,0.03965905185387698,0.09787381395838658,0.023459706583528698,0.1143315708839269,0.2856817379052141,0.022244974240365926,0.0018641055366869035,0.03630881873005424,0.011971318615460717,0.013079284512978628,0.18134862366635018,0.2811285477593083,0.019399161266693558,0.0008778656749708066,0.043431596513077715,0.16386865589089494,0.5774713227575227,0.3301961379830674,0.32370454231535717,0.24997481750012354
AGCTTGAGTCATGCAT-1,0.04635135260981277,0.1766579328476469,0.01833918478930676,0.10672331268978034,0.15347549092860044,0.1314701056858383,0.16108762840538096,0.2664215654781091,0.16716153714433002,0.487915341776554,0.28463459413593223,0.25869073376954493,0.24165020564339623,0.2636329336518954,0.24506133635315352,0.08340865048351777,0.07620621202016054,0.21540696716890484,0.27999387564633227,0.29979818650630324,0.015666073719661475,-0.20487207289008585,0.18253915892683675,0.12203346345926766,0.0798881808830093
GGGACCTCACGGTTTA-1,0.05897624270303071,0.1880995737893621,0.09002122362454017,0.11403973176250277,0.18165212320421587,0.09860787037405763,0.13455397443700617,0.1950384156946595,0.14000198612977255,0.36540870010760146,0.27170687769062124,0.20253552624246537,0.21014143063775798,0.20141637439750631,0.2015983946170048,0.09345723911665632,0.09771129967852524,0.5254311405621804,0.24764291644472322,0.24567830389938428,0.015333528565851752,0.014680027117284245,0.1905301243611221,0.16273033810880563,0.10123966123103072
ACACTGAAGGCTCAGA-1,0.06584510033430387,0.18523500524780717,0.06535646585574664,0.09927634890079029,0.21057301715984555,0.1624295432249805,0.17502647004262833,0.12024441156970823,0.1642704838365283,0.2318109703981095,0.10851048168162282,0.09118670226826933,0.1594227763435128,0.12178975019513366,0.12476662143796724,0.09242763926889323,0.12206848091421592,0.08534564206662273,0.052957660386382666,0.09777407730620391,0.05637352232020868,0.31255617296313026,0.20511103884774692,0.16965000647413725,0.08797653910004818
AACTCAGGTCGAACAG-1,0.07453101436119287,0.17528485142291222,0.03268331053070599,0.08219161141966362,0.08892009775277324,0.04073642663622235,0.06262540514513526,0.19786433514411222,0.0869518881691605,0.3060570385749992,0.19481128573023074,0.19937602504616306,0.16367686123285335,0.1956742179844271,0.17869379573187885,0.0787762353134508,0.05972769477124427,0.16138809874162233,0.20916113305047193,0.18439530555822473,0.03449853675933514,0.2402664450644491,0.15399618928639947,0.10594608500209404,0.08409051554823939
AAATGCCTCGAACGGA-1,0.052064647747018654,0.21085820806752945,0.05023331464933862,0.09620098600441505,0.19239802774078096,0.14619107202483664,0.2215375287521709,0.18555793947260102,0.19480445439563462,0.0953141397748803,0.14286757519893623,0.1699811890069795,0.13552612028179747,0.14695180982941775,0.13994135867427654,0.09534490029456401,0.09202949289178193,0.09309012333109004,0.10467029330857452,0.1480768762259855,0.005198708805606364,0.11741248180560604,0.19588022471058333,0.1495455475383241,0.12047704365797945
AAGACCTGTGATGTCT-1,0.14975287423523753,0.23435833177525,0.5584932310055251,0.3055723200147483,0.048808682558097206,0.023421958777381367,0.01891376893995007,0.04902038652999562,0.044617417649034825,0.18695085869456401,0.007030543227751195,0.03917620220285641,0.02771269932438323,0.03321905321838401,0.013156222293340797,0.4701330939774375,0.11107316687834284,0.04509750184924153,0.07085245503994494,0.0734997435021687,0.021482678721871,0.279990493281659,0.42167361596914543,0.47859441007422776,0.195841689608526
ACTATCTGTGTTGGGA-1,0.08321672438011408,0.2936633149602499,0.07213002960838506,0.15723422573470763,0.14456060746048902,0.1549388388688696,0.16240801891458245,0.26922781004222635,0.13566464361153593,0.32044995021464867,0.30516868370725775,0.24546054297465128,0.2160786709523883,0.21826133159627864,0.23193816561439062,0.140760631398134,0.12590331073550595,0.20657150972457666,0.24015367211102542,0.27460886779892496,0.05942640694016458,0.04583646815745935,0.31345028233905115,0.2235625403496246,0.15288152374056221
CTTTGCGCACTACAGT-1,0.03231167791190925,0.27422663273081155,0.026750666810963816,0.12320742208978606,0.17090898170663393,0.12208359577317797,0.18421657168534278,0.17835604016974488,0.17599996687868966,0.3397191214563003,0.15881604949121683,0.13666376960155582,0.20681381113696817,0.17074266806677202,0.16748848460499555,0.09918473152013292,0.12643400510485017,0.13855073880324698,0.1197763283859799,0.15262686044590904,0.022059290295172666,0.411947882333572,0.2622839297141605,0.18194664671568253,0.09281317619117392
AACTCTTGTACCGTAT-1,0.09772047832648098,0.2251240042231798,0.07337806482456341,0.17111778037837297,0.14741270372143284,0.07333391364429442,0.13449595147327,0.23841547149735184,0.1484353665345689,0.37714483550623557,0.21472347399609362,0.21299268578917127,0.20824437251735828,0.21995209125331613,0.1685311747488404,0.1335329656395694,0.14293857056966808,0.2590714360131986,0.2848985359598693,0.3046701091794219,0.011700722286644857,-0.046051114699928675,0.31380744485992557,0.2494201104968692,0.13005541130100617
AACACGTCAAGAGTCG-1,0.047603593904225715,0.22669095715951743,0.08840202864281817,0.1525836375122168,0.1388160452056834,0.09759869399098633,0.14410565568924616,0.2842323296123871,0.13754559753889883,0.4373361338942182,0.30089925474406204,0.3163499924213405,0.20548702966653923,0.2939179956575989,0.28546083447657356,0.1306406232704793,0.098688800777809,0.27417325362022865,0.3528797605036746,0.3663245364219287,0.02367857281557903,-0.012284932849317457,0.27220750558413853,0.20659161443038854,0.15434824562866095
ATTCTACTCTTACCGC-1,0.052780607795402404,0.2682011165588547,0.03742761204159752,0.1426584533968522,0.09570780295728949,0.05319831121847482,0.11049884278955759,0.23875900433113698,0.12028824999309197,0.516647249280844,0.2221289373268043,0.22408775019260613,0.1748527161364278,0.2198102005462299,0.2016453925139067,0.10889730170875886,0.11396901372074544,0.21467611553783444,0.266420994896081,0.2803947175993082,0.01418610837428896,-0.16521453433783972,0.26466226939556386,0.1876832155854481,0.14904081726097435
TGGACGCGTAAGTAGT-1,0.06988356861617236,0.2195048678962314,0.007542903796013789,0.11571335144887336,0.07743152371097055,0.052698851052039336,0.0929756964798525,0.18838915525939312,0.09600068760396618,0.25146277991202026,0.12688858594785196,0.19976746375984006,0.13998939479768882,0.17606897683716788,0.13357085006566907,0.10460304069962513,0.07115002146930761,0.11063718074590467,0.17329155208175953,0.20229894714782232,0.008297209216498205,0.3319256773117863,0.22645736002751043,0.1761485425080199,0.10232034265236993
TGATTTCAGTGATCGG-2,0.1371726285169682,0.42988021051247716,0.11488009062350373,0.13297340072162678,0.063641709148743,0.00395255033764832,0.017833078841201354,0.03558056529849373,0.050609119347867285,0.17910390799858003,0.03390249807039494,0.02668560848687788,0.026414130192417205,0.022006297895875066,0.013539232869256904,0.1603851964175336,0.13027929717722014,0.03113262996719228,0.03281956540215276,0.03974150651234967,0.04278040647009975,0.2591271578164269,0.3155256998459391,0.23690686670179326,0.2314005226444359
AAAGCAATCTTCGAGA-1,0.09240573632434164,0.1910025569122641,0.07055893188724115,0.13420130389440016,0.08716170070794656,0.06460087213749029,0.0916084556630191,0.27193050379439904,0.13263343989147677,0.4340801501200517,0.2471888874760305,0.279770096596025,0.181376176598275,0.24951425143672543,0.21915552814831524,0.09756651976696473,0.13641380535633152,0.2361717415371794,0.46667100579505905,0.42077772027192173,0.035672930445728855,0.20123886834785282,0.1795141727796294,0.16998182086762875,0.11364264941856086
AGAGTGGGTCGACTGC-1,0.04477651926673376,0.19127495812067682,0.04187632752321353,0.087741254699886,0.13370865382008318,0.11479452641775602,0.16305640491956483,0.26901323762893264,0.1693440525576927,0.5168296041187318,0.256717870246332,0.26392439634990866,0.23225147766059606,0.22266966531783475,0.20212785390872617,0.06741220435037262,0.09089636990398134,0.22654196223025622,0.204030666749584,0.23924697073793755,0.00381178490858652,-0.11092141606942733,0.17141960389106997,0.11274651628613984,0.08852184887067134
AGGCCGTTCATCTGCC-1,0.06351349743400841,0.2852656984959466,0.04948399581026387,0.14066666700878222,0.1838568831692956,0.11817740752860209,0.20424084540699028,0.2570284229266154,0.20836598352197883,0.39931244582241854,0.2455623224280567,0.23371176335081947,0.23027891344401372,0.23307248634058594,0.22156564891058989,0.11627338225554794,0.11417819488914158,0.17274555479714743,0.1801624878447882,0.23175545363306146,0.023394408144749815,-0.002685045624691826,0.2871228295470886,0.19470518334054904,0.09282306073457741
AATCGGTAGTAACCCT-1,0.0685484943089589,0.18425814837324525,0.03615820401101584,0.056851585345710824,0.12596766227735084,0.14092797479205899,0.15602752474289328,0.1968243258580046,0.13567087174399398,0.409523157694532,0.18538729725800407,0.19289810492881346,0.21581012985870165,0.203062965340775,0.2315303789537586,0.05607605327287074,0.08416855922259918,0.11915618370162255,0.12242974072722079,0.1676945161468627,0.028815506739961846,-0.07174928398704832,0.18342176989640854,0.10974351022526779,0.11530601977156464
CACAGGCAGACTAGGC-1,0.07299390865568779,0.2722327357766758,0.08258732130704148,0.1566466882036969,0.16506774777520777,0.12086429833219553,0.21360199812412142,0.31420633051989494,0.22090162892912643,0.33901080613985496,0.22283095654590843,0.24609633999885083,0.23734876596889273,0.24671633591590098,0.24119932374081424,0.1334243960030333,0.12878721449186395,0.12041844336767908,0.17939079340488553,0.21041926269128516,-0.02089528087221837,0.03556805565693864,0.2694020719447733,0.21643059334649387,0.11824666091456212
ACGCCGATCTGATACG-1,0.06522640421385519,0.24259631077624974,0.06024643362884871,0.09773433969624377,0.19649525548399113,0.1201348686092772,0.19673488088217175,0.0960013334580206,0.17682456848333697,0.2845202977595419,0.08109825212018196,0.09405994001043064,0.15410634467369172,0.09980450478849848,0.09434429744486622,0.09769942512290222,0.12665018127165276,0.08149916880447236,0.06785898377679367,0.10346150690798746,0.029879018184982124,0.3538637668442711,0.23072331550910766,0.17285357151657108,0.09070869497921674
CAGCATAGTATGAAAC-1,0.26073423356107567,0.25307323589052305,0.06172660615024163,0.1284005956176612,0.08682246862874207,0.05598227655091529,0.049629188547659624,0.03426894568827002,0.11660926227800963,0.19785938893194593,0.016156691437981808,-0.004209524933219195,0.04512195516010215,0.021592093531505138,0.02199110269071697,0.1399953843373715,0.6709658054720745,0.037565920226119855,0.02192273656384908,0.05134443901430849,0.263891197169616,0.2334674255738628,-0.2615400620718889,0.17466711632913176,0.19371848933375693
ACGTCAAAGCCCGAAA-1,0.056535244439033405,0.23548140051626085,0.02767722893151774,0.08525958567179599,0.2347520598209463,0.14567910451469182,0.226766230078705,0.14101390308098372,0.1884145764151548,0.28613452794214667,0.13098801367708554,0.13014149821892745,0.1562874701840274,0.1296026113535748,0.10710589334617454,0.06841231966203504,0.14381796174685707,0.08386753715447079,0.0863300590071579,0.12199984681939485,0.01719541643690241,0.3629596250963535,0.19432121644200287,0.15500467231394174,0.1084346607249658
AAACCTGCAGTGGAGT-1,0.013217836964881397,0.12703419509071273,0.05204126839911748,0.07283271319692099,0.16055724760035317,0.15789593866786683,0.15688407139423147,0.22044592071485178,0.1627587592544472,0.30821143813262897,0.1601843213141719,0.18998602315494567,0.17623133856847117,0.1967665644888283,0.18059592444275288,0.07310758270196736,0.04150186688537483,0.14611471213128557,0.15953549246534265,0.164974439994588,0.0033063392534725456,-0.04367065413603175,0.19605959943507928,0.1305226750116407,0.06365943548381113
AAAGATGTCGTTACGA-1,0.1929987730640805,0.2807625940260983,0.44005511617094906,0.553363773820774,0.05443140572994728,0.05562732908712348,0.04702456426549149,0.053720664124607985,0.06143476695290477,0.2278744479306663,0.015317269697908732,0.016532481903291898,0.03412623807596818,0.030289304712989278,0.0020308420129328537,0.5554416857992478,0.18300459968882457,0.08781124345821242,0.08185784671555721,0.09733819780683585,0.0975156534218479,0.3307288210373782,0.5192101075624221,0.06670501378693136,0.2700434422920487
AACTCTTTCATGGTCA-1,0.09039630406953862,0.2317798565122078,0.056515971896660244,0.12722776230946603,0.09500923228132883,0.0753057252018418,0.11634092079961293,0.2299873500301153,0.1333560159857497,0.5491963788230845,0.20086446636155772,0.22649414486205965,0.1886559499192907,0.23285985489238192,0.1746270423363432,0.11868545465680659,0.10316259611618667,0.20431006427328596,0.26900928286014114,0.2839201549487059,-0.008316524691366555,-0.1649833982963958,0.27888289861763127,0.19557835855514324,0.1199560620467619
CCTTCGAAGAAGAAGC-1,0.1916593775511433,0.29163956946230785,0.42349339655065116,0.5994182699911689,0.06921347079784068,0.06176695635593765,0.05373764472097105,0.0323356743766036,0.047278181965799096,0.2556444596879295,0.011774646516220897,0.015997365555001437,0.02290149949951686,0.020484595994790515,0.002842507868900955,0.5062414013006197,0.19034861217142238,0.07736666549695595,0.05837154189091512,0.07864324198323475,0.08009029616054489,0.3533480519956704,0.5040150381495573,0.5465816404342237,0.28477770589275386
AACTCTTTCTTGTATC-1,0.17339411490816783,0.14954926066234359,0.31612094517065753,0.10249920285470829,0.02019857137843419,0.021356789232531342,0.02173225022029861,0.030633616673177506,0.02324735334508475,0.08198428973202536,0.014594390430743932,0.021330492736904003,0.003331259851888128,0.018102479495750234,0.01875649163376499,0.320809563056183,0.12469413830697226,0.04240727512960729,0.05855181121624476,0.04989928466369981,0.06257075551516549,0.15774911197027788,0.2693064100991604,0.31474074774767447,0.1741985656804808
TCTGGAAAGAAGAAGC-1,0.049707476919457226,0.17212111611920927,0.040182790392429,0.08084096729114418,0.13950737693450765,0.10786479206842889,0.10980851922595893,0.1644499635489337,0.1257682207772474,0.33736070280337693,0.19559763457503296,0.14600305276300027,0.165151143285634,0.16788246346148122,0.17359400697714744,0.07219273060542065,0.12738721102756204,0.5687057893792421,0.22451404385703022,0.2522580545518983,0.03812114043664488,0.11370748738691329,0.21811546080920224,0.17184017741370697,0.06909048325822838
AATCCAGCATGCCCGA-1,0.05069063554669203,0.18562226952345964,0.05138448792916587,0.10043347240860498,0.1746503813704323,0.144586498976465,0.21169455579745067,0.1963070504859307,0.16910678981361904,0.26088481801916436,0.16770533994029477,0.1683276443478486,0.1965608968360359,0.17452481534978534,0.18824385053564882,0.08525837678889273,0.11835362432663513,0.1494990461991304,0.12798719699168587,0.15004402696948102,0.03289143994681139,0.3179342679688025,0.2111250345628648,0.12640932410515912,0.0970120103145665
CTTGGCTCAGCCAATT-1,0.18465594150243203,0.3112832777819106,0.2808964708302973,0.3472362876215917,0.12801816298613408,0.12007905230116893,0.13409349070846818,0.23767099033064323,0.1604787072331475,0.4127848452479685,0.1798756274614655,0.20711781696740933,0.1692958314348007,0.19846940915312677,0.15186000693197632,0.3161538149728845,0.16903572139282483,0.17236576643847612,0.17038288072038316,0.2036213207143612,0.07093490321274765,0.12942794692076598,0.30803105797841146,0.5294618971614449,0.3027195801075007
ATTGGACGTCAGTGGA-2,0.1176029142924669,0.4106577740175568,0.09389462350491129,0.1414736960202799,0.09593036988064264,0.07016729408456544,0.11721515512776559,0.14813256819302645,0.09175606262507272,0.3140163567227492,0.15951289842981975,0.14670787015234102,0.148499333242066,0.13473348912854805,0.15760259021834713,0.13771520280552565,0.17808310844318154,0.1175765338015327,0.12511664185470028,0.14854277975160754,0.10071086057541162,0.35589350185005175,0.2916772060057041,0.1975180507783988,0.181173874110882
AAGGCAGCAATAAGCA-1,0.5664313711603334,0.024208407037716605,0.07058945909081915,0.1792377918202275,0.08158769382330001,0.019613045034437962,0.024823829981389735,0.0040908378554302596,0.06985837401607312,0.1824291168862871,0.011503085953154892,-0.02837910217870729,0.010764580588589102,-0.010477734739676038,-0.020568767476183882,0.14905099940748706,0.2941007295327679,0.00034390078587520444,-0.022902422491565766,0.0020174913488318776,0.1977128834246098,0.30225720310462606,0.1445821651665855,0.24423896718446614,0.25647151394649276
ATAACGCGTCTCCATC-1,0.0591453638312009,0.22222367188007908,0.056428752338751074,0.12456234487784731,0.25740898897402786,0.17148824178891506,0.25752187664310544,0.2974641768574448,0.24227908609618395,0.3927108974709604,0.25851147834867205,0.27174926094274704,0.24703994146131553,0.2809093055153871,0.25888656112148517,0.10230570583207653,0.13868583067145998,0.1750408017667789,0.1819600955276751,0.2146698728024991,0.024892420957598662,0.020221447275800688,0.23540991375128154,0.1898322367156653,0.10899376703695043
AAGGAGCAGGCATTGG-1,0.15480341094136782,0.14621712419192798,0.510588452253521,0.4461832194247099,0.027848304116340643,0.06863868053460817,0.046232206228582984,0.07661077585696016,0.03200732182068542,0.12619941063438586,0.034184248394997924,0.04526106523801575,0.04350870401592296,0.04009370220351458,0.02644910202833783,0.4212771808025509,0.09567120175827337,0.07399389423998405,0.07655624864696592,0.06566755745335102,0.06236309828765508,0.19365515460235963,0.32381399742284017,0.4131940922406647,0.23657143260080474
CAACCAATCTACCAGA-2,0.07269986785403809,0.25702179729053276,0.0815627943933801,0.14284567370885645,0.08668483756243116,0.06179342415973595,0.0918823913871839,0.20113988111487943,0.11257621906981286,0.1514041234726764,0.18009912986201482,0.1978371478537929,0.15332129880976716,0.19151268440405864,0.15810194088277701,0.15724135711453857,0.1050138809309826,0.14752690676224076,0.20089524485110952,0.20699984215590425,0.017872755799926008,0.17637875321019905,0.262073397527562,0.20323597443768562,0.13295981030806872
CACCAGGCACGAAACG-1,0.0807563581041246,0.23429633398626581,0.0648014698609491,0.16081280754587773,0.14404888280120307,0.10911828919315719,0.17769250401601555,0.2643139695229686,0.18250341689228441,0.3953731339637421,0.24144887953463584,0.25170426263804957,0.22495562578219144,0.25233595331086633,0.23668147408100612,0.12879654455548598,0.14923510178053165,0.21586015455298307,0.24921442292280796,0.27648864429269554,0.009246895213114363,-0.0029694290399433602,0.25627063676582157,0.2082474952369241,0.14075474289826645
TGACAACCACCGTTGG-1,0.14977466474640078,0.29998845488735837,0.1417374173191365,0.1567910322279777,0.05565601291250124,0.014809503838777572,0.025475836554196385,0.039382475294350294,0.06280519856135829,0.1747715071167642,0.0452843568889244,0.02521762886354157,0.006933962113566764,0.028756330234706293,0.029595162505324322,0.17562774812393778,0.1550436866669362,0.06453545859279745,0.07606312892466983,0.061242723472291566,0.088764490329321,0.2521941426944295,0.33213919641163875,0.2605203145623022,0.49627972415023025
ACGTCAATCAGCCTAA-1,0.048334354925965814,0.21444016857634407,0.014320322040599376,0.08315713779579423,0.2021596124304058,0.12459104289673048,0.1483411858669169,0.11335739633215405,0.18396253186540898,0.2823838304789765,0.1208223313833805,0.0663721030572427,0.13332244898843496,0.08769295306948897,0.07992183837565225,0.08017218966497137,0.11418855493843373,0.07155346176586305,0.05918057061412949,0.09951926252253707,0.03291217736920055,0.350018148452982,0.20377124644050992,0.11695431197855516,0.05013196599032015
AAGGAGCTCAACTCTT-1,0.07896535876287693,0.17448026734292635,0.04594443627258756,0.14878600898934555,0.14917307114643225,0.07966226178458172,0.0879377343422297,0.31622451681321206,0.12155621974363753,0.36798477816801967,0.2616233294241489,0.2690470660493012,0.22099159298455207,0.26189655383299815,0.22657012502495147,0.1148457101536881,0.09423674141576308,0.23741082435725283,0.3085483930437087,0.31245490186931946,0.020239605282842927,0.3090028661554435,0.15830165313277486,0.1103253856147627,0.1271906079687718
TACCTATGTCGAAAGC-1,0.1670262169396668,0.2596414521949979,0.16011501275714754,0.18286141557098037,0.03765812334266749,0.014848903209917245,0.03238221946639369,0.016887681974879245,0.036242753576579106,0.13741499918313677,0.022940145222238986,-5.372171352718263e-05,-0.01003028855177358,0.005373022319688147,0.006047860409417859,0.212206614899021,0.1585240804610768,0.05663795052827402,0.061240377754482656,0.047992933471594015,0.09865077664464733,0.22390191581502153,0.29574343267819453,0.2621047045559963,0.4670285917502429
ACGAGCCTCTTGACGA-1,0.056234720858924586,0.2269560697265109,0.045520034320556846,0.12419042573733327,0.09187147323832821,0.08946413940417343,0.14509298581602073,0.2816534968852873,0.13779599607876117,0.4463045871522353,0.26770229532539197,0.3020755940368487,0.23437346860499678,0.2923983075534419,0.23795175342238442,0.1146355078696592,0.05594426108577236,0.22618885667570576,0.3178092240423864,0.30590011345804846,0.0015424724615212876,-0.09659895571202434,0.19137691671371146,0.1611529070458383,0.11741811178626894
ACAGCCGCACCGCTAG-1,0.1326173685539306,0.2618754692905603,0.419991027743571,0.4644655560450102,0.04639743838328671,0.04356534643374689,0.03441548636322766,0.03787110887096769,0.05306171070764431,0.18123249428164023,0.00432316110197115,0.007302312235549237,0.02309984954272515,0.019484401937168674,0.0040845528879228125,0.46216772773605086,0.13460956922472408,0.06692065634309963,0.04869566359159932,0.06829078123916713,0.05921763074990287,0.28805258681365264,0.47608705377179283,0.5380914884024056,0.25009644280156546
AAATGCCCATGCGCAC-1,0.02846705804856113,0.21417981133993116,0.04276256259161323,0.08930911488561931,0.2019176410619161,0.12465547230266086,0.17149877895543458,0.12935506642223288,0.2071110126067383,0.04554290697811855,0.10044947469829714,0.10323289528714127,0.16175661272886044,0.11411497989862095,0.09655661944750854,0.0777479787907348,0.10733174761882984,0.09386890331623414,0.05831316604362888,0.10391746122388738,0.017800673444698142,0.20917871860341572,0.1917519398593415,0.12014636792046979,0.08237664931354806
AGTTGGTAGTGTGGCA-1,0.6441970518153965,-0.003105931608702998,0.12534104674464477,0.2033026192478453,0.04173948650880723,0.00135145768563997,0.023877532984474262,0.040230836444061016,0.060911634048794065,0.18010673267218874,-0.007362866794444677,0.010525493215911324,0.0309643825050979,0.007302977537844174,0.008100909974959191,0.19476469526311935,0.29429849628201316,0.028754219597757105,0.00885322591495281,0.014685144060841204,0.17209257431276676,0.30409511115611043,0.1815600733523621,0.2929108103434139,0.2728338118516755
ACCGTAAGTATCGCAT-1,0.03185400404084933,0.18841250457760914,0.028791662075651803,0.04728833421967937,0.19693395531162802,0.12135059050450324,0.20339529966608022,0.09426901635850672,0.16069765891139523,0.2156530084085302,0.0759309053774593,0.05417165303263106,0.12900574057875847,0.07647346391195682,0.060848895505240946,0.03168205059708443,0.11192862162612119,0.061603733558376374,0.03115279323793375,0.052988498210993974,0.02039586901597722,0.276697210776861,0.19302727717687718,0.09175735477712735,0.04810369209682358
AAGGCAGAGGGCTCTC-1,0.0369154626630731,0.1743298427944855,0.043392386805608314,0.11880760885851017,0.08486784033386174,0.09045683551839105,0.10057669150766113,0.2607155656008585,0.13246531106305717,0.38895343187855413,0.25654731544881026,0.2662988967558026,0.1730358202497162,0.24724130932092792,0.22600699544145503,0.11226329843856657,0.07529603103842995,0.27000915101628714,0.33919491214221104,0.3287995161760709,0.015285606882282157,0.025574354777335967,0.21517342402156575,0.17550040819582666,0.12244344795147268
AGAGCGACAAAGGAAG-1,0.060620920623343746,0.21543802132676454,0.061731095862760224,0.09315299837829662,0.19714861708721193,0.12262764627507954,0.1763685468471957,0.12096495429431936,0.17081527290657564,0.22702932816937996,0.1033536101680304,0.08541518339749694,0.12192243922390744,0.09634407906404474,0.09777418276658992,0.08709399328071533,0.11500023386560301,0.06216080758808863,0.06616676694956493,0.09189730751786628,0.011215848980046503,0.2883125433703083,0.21452960031734017,0.15489087822552836,0.08101546010034397
AACCGCGTCCTCCTAG-1,0.04807007028274858,0.1632795878891107,0.04288349503981377,0.11553627430242622,0.20281450673829748,0.1257875424733057,0.24041051054193613,0.1477383854913573,0.1660487601437694,0.26006016465584814,0.10156171612909198,0.06642132864999899,0.1417778581084091,0.09666628985624516,0.09060095525508027,0.08842114608835948,0.11548638160182775,0.07952015136330624,0.055526656768929504,0.0987558050023112,0.021665145329365927,0.3146176436213854,0.2207074603921816,0.1569582865154846,0.1015218611392085
AGACGTTTCAACACCA-1,0.09649401193243286,0.22721551957173927,0.07199573348159001,0.17972205009893805,0.08230286414643116,0.07938633376580664,0.1093971725674036,0.24950686212850323,0.11416401953933195,0.4063451024315307,0.26837171466789134,0.2349678248036098,0.14053456202207987,0.24017029728705372,0.20992750710967895,0.1250692081289721,0.11084317096076915,0.3223048518354521,0.5672515112207911,0.50332831684388,0.022394924457088992,0.13711740620981294,0.2578996545565172,0.19283794128346224,0.16368264209813962
ACCCACTCATTGGGCC-2,-0.00884266723151539,0.13045066528760477,0.01786917037447072,0.13566212731641528,0.09738810861353613,0.1731565986562288,0.08730271942805962,-0.005615754029230311,-0.0047172922228740696,0.004882363568826223,0.1057339594423863,-0.004956776328289731,0.1109303920937539,0.12022406655001339,0.12769016001975317,0.1247625153625761,0.026577489685750463,-0.005885679673835109,-0.005752246378126677,0.02522034430452962,0.14300442999375557,0.014218157870020731,0.1283040349524625,0.12539958212691762,-0.011263560794926542
AAAGCAAGTCTTGATG-1,0.03862584959459321,0.17411297641748497,0.07260177182070177,0.1408542425197912,0.12842462777663763,0.09682234978916837,0.13434067419829213,0.29445384126766827,0.12592615550725858,0.29411046106052097,0.28062027689209773,0.27410273726100576,0.21306223745180233,0.3048959812193691,0.27007975766209763,0.1037678415624159,0.09520465080349585,0.2992210632269221,0.45869314415179674,0.43610413291325917,0.0030820458917172845,0.3273021117559433,0.17887375902353345,0.14323323703802354,0.08964204254850684
AGCAGCCTCAAAGACA-1,0.023836086277533215,0.1625343677003161,0.1660486405939273,0.21342610870558124,0.01565461918738293,0.0387019646268537,0.19029894853864152,0.14365320974713888,0.018158196941571437,0.042154216037558805,0.03500514091819467,0.16884719255107294,0.04179713162058501,0.014637739796647061,0.015134966934141299,0.18907266489427269,0.023789672247128437,0.19244394517338045,0.19985522207209672,0.17338005775734117,0.020391068309289512,0.12634868574192712,0.18154102710303513,0.17950716982455822,0.023107063629574945
CAACTAGAGCCTCGTG-1,0.19777368452265756,0.20105122324375865,0.06068853583118938,0.08779643307214334,0.0947813583726068,0.04508366501252749,0.065127081698484,-0.00611825238208814,0.15479836869583607,0.11989074815911369,0.022261397700634452,-0.018092873893217714,-0.0023145229163563817,-0.019198085829388405,-0.0033919706229536785,0.06600134148752868,0.40080782766895795,0.018243245647404874,0.0063350957423812864,0.013060834324933396,0.5260338692482783,0.19457887807174476,0.21259728032501124,0.15248658674357823,0.12255563002287025
CGATGTAGTTCACCTC-1,0.17042517790310396,0.2253317002066478,0.4654636218157126,0.03705205913111682,0.06210185298489697,0.049919714562635074,0.0904823003247624,0.08400810678549542,0.05650016693568398,0.2227840580509411,0.038424690269095195,0.07614298089346673,0.05018371009157019,0.06925810648913816,0.07010416306669369,0.11246252824123144,0.15269960784877246,0.11215417802395702,0.12511864390104632,0.12572486569207814,0.07041709278721532,0.2934353576778163,0.4186481609960948,0.05399157756987417,0.2390223149935294
AAATGCCGTTGTTTGG-1,0.12481057908469148,0.28852158463809646,0.17053889509729298,0.1377616550293275,0.04931598481450821,0.02462934189976677,0.03572827538056662,0.018016729025247764,0.03102655540391916,0.13295981806256876,0.010344655757210209,0.020010343799524676,-0.0004780290548145907,0.007287098564804781,-0.007109988186564051,0.17539050209230822,0.13446272884374724,0.052422094512723345,0.05850078539284735,0.044660468131735125,0.09081906744023868,0.2931163087372594,0.3296046986299516,0.26303066095058425,0.4244702470960473
ACGATGTGTCTTGATG-1,0.04468861948877234,0.17226048305987066,0.042814210832964696,0.10922298581840602,0.11767204668187183,0.07489917120301179,0.12433252874089709,0.266132261887439,0.15997700233767442,0.3672595248957332,0.2610470312473801,0.2564269460720268,0.19169815169770577,0.2293692933114131,0.21236197612700664,0.05478065270689655,0.10136315132923551,0.19915834728421486,0.24793206070729396,0.2678157826367827,0.0012403714142982642,0.29826198942827487,0.16648939263136855,0.10115185949429159,0.07928357670996623
AGCGTATCACCTATCC-1,0.06930975420581609,0.1966464820470169,0.07274871951666143,0.11636581914669333,0.13675621462289358,0.116821398645709,0.10378605762233983,0.22561144012630768,0.13504190667535962,0.2772601061669705,0.21040791080127275,0.2515093895714153,0.1793171651741432,0.267522370338518,0.22202941907799792,0.11226731238810086,0.09208045033280661,0.25093039729654965,0.24926431798722068,0.38325171769196203,0.002377068439109311,0.1717297119215402,0.20885302914428122,0.16666039849834788,0.1209306263223519
AAAGCAAGTAGGACAC-1,0.15407834535735002,0.25305014867272274,0.4361410525080077,0.42578906183942306,0.039119664245221814,0.05012622494780584,0.061833294565340584,0.03950042730906229,0.045824762295796746,0.15609787012500728,0.02088971875092562,0.032723828466276736,0.039221159361991706,0.027650849431463256,0.027787616001805418,0.45791373572276783,0.15821536331160266,0.08307320188947871,0.06863459996499452,0.07717050419091134,0.04806552054334754,0.2848422447321291,0.41574630496142523,0.5145891234613464,0.26315074033217567
AATCGGTCAATCGGTT-1,0.21219775373446473,0.3005028362509265,0.10809457127300486,0.18583902689628495,0.1804949430994601,0.1417385774702448,0.20128630776971151,0.30250135360266245,0.20046338129934663,0.374476111092143,0.22931370267818632,0.26648232054339094,0.2662681040608906,0.29255459016615726,0.24099260191599514,0.1585662102332644,0.25732028662940065,0.239617991540291,0.24923144742131123,0.3014994190525072,0.20278361975764309,-0.09871932081068155,0.33751555687527734,0.2703726072020467,0.21349925740660194
CGGACGTCATTGTGCA-2,0.11188325592433747,0.4713540052552327,0.06898410812750443,0.1289632194207494,0.06613805804964949,0.008823700421049938,0.03079731878085887,0.026979244711755175,0.05089880263069624,0.19109011946917484,0.005201929911907618,0.0003947404203545332,0.005488919578003366,0.0032198577599701103,-0.003172520012201634,0.11054304115337371,0.14875652374499257,0.0017635801198691117,-0.0028563589754762317,0.019886168668864276,0.08272108963533788,0.344157764435754,0.3270262943648874,0.22436635946432962,0.19910299991719524
ACTGCTCGTAGGCATG-1,0.02562911443028199,0.14640378919380004,0.03131610574200696,0.06693452106445469,0.20997624104245521,0.1917128269125733,0.243392338385858,0.17326160317971706,0.16482667812519505,0.249842230433413,0.14895453334727368,0.1436887288853358,0.23582648436549386,0.17636156149755103,0.16933937974097749,0.057606110835186915,0.07140422236309976,0.11184751956694043,0.09605166845290512,0.09887695967275988,0.02483939265374553,0.02868007991282894,0.20035804921335656,0.13085922407445388,0.054515362766593384
AACGTTGTCAAGGTAA-1,0.08727719057888084,0.24747918357724172,0.09200561648297774,0.1554824191437663,0.10623980742043884,0.08340472377963722,0.15761142113783846,0.26487128891451894,0.17418290909186462,0.43820797829888936,0.23270878312661894,0.2747855073729251,0.21117160909827226,0.26702840786004284,0.22684538214021638,0.13267078230883603,0.1220007607646082,0.18526410818815084,0.2856792662283625,0.29610268078142793,0.03437468454501525,-0.07512686925054271,0.2597486950931257,0.18158720060606456,0.12213233720329089
AACTCTTAGGGCACTA-1,0.04034578996418043,0.17309963605802786,0.07506044945244589,0.1607914195253143,0.08670738595174016,0.037601641019590716,0.06025257957426393,0.24123658531626743,0.07434488788958536,0.35498960535777613,0.18438650435047532,0.2278650522415745,0.16007423572858434,0.21179080929973984,0.18416898253142053,0.13191167673327917,0.08085855561597992,0.2553452966296254,0.2815673910311774,0.294451983164078,-0.019767708113604614,0.28576707323816025,0.19947493559531135,0.1485310011173526,0.11144668717073872
TTCGAAGGTACCGCTG-1,0.13861836040517103,0.5192644739458776,0.09145617148202001,0.14180736199252084,0.04639866908289768,0.0011813738384435215,0.0563013664638965,0.05830062026830388,0.08772934304945365,0.2158005557118549,0.01115824935654885,0.01905204350507017,0.026426789729873904,0.024155281744152393,0.015613137556888822,0.12079437276230828,0.19487145703459166,0.03882583266747853,0.02540959784402805,0.05101904715208142,0.08633416174217352,0.3392760624433062,0.3271407451610024,0.2440533227201823,0.21765536187753404
ATCACGAGTTCAGGCC-1,-0.010185087414162554,0.1443919080295408,0.14453767583320085,0.1546156691007992,0.05836669347606684,0.15885279979631767,0.15569718160429433,0.021325605701640413,0.028051526777714095,0.05181431714753876,0.0499100493168394,0.026106625628798105,0.025573191274637242,0.023832808124322927,0.024314356961797078,0.15192096907570538,0.035493078059470114,0.14867205115817916,0.055161629670241116,0.1690610950466286,0.1875272439999951,0.1495404422590951,0.15114332141057296,0.15716751383735703,-0.001106763915688425
AACTTTCCACAAGCCC-1,0.10584385053759705,0.19683728357621302,0.04242109415132393,0.15438975411393474,0.09707545303153135,0.11465194064443843,0.15283042256756887,0.2756720172142633,0.13242463028406865,0.3339827704822209,0.26128540437016917,0.28460104824642435,0.21392229399371337,0.275949274659215,0.2304178062741742,0.12501483989617343,0.11197103522740684,0.30156780799451643,0.41338701918919946,0.4086301543245825,0.001560183276174265,0.3281017331205224,0.19692725874448838,0.14386197039408788,0.12108207541390857
ACTGTCCAGTGGTAAT-1,0.34502229893888314,0.22600622921032126,0.07335933582805051,0.12544270486800208,0.09393857334437132,0.033846775739501136,0.05902695729075601,0.011418311485535175,0.10231034917725959,0.09976142452787316,0.010688176595891849,-0.007363319770449786,-0.007237821333765691,0.00260779709677764,-0.00884033840222464,0.12108051294038163,0.23638469131369588,0.008016694773241058,0.008563504721432217,0.00329331528650361,0.6473598729481935,0.21465665310847645,0.23319533915689986,0.19036661956914683,0.15033811356294374
AGCTCTCGTCTCTTAT-1,0.05685267771197989,0.20114718635939113,0.060111986939314924,0.13312972389456898,0.0783930504683167,0.0777580692444772,0.13606433825274578,0.2885183196749126,0.13120849512961297,0.4712454172602997,0.24889619152991724,0.28151112577062637,0.2192638723206927,0.26116109299811335,0.22261100901092615,0.11107827969694126,0.09654545660040928,0.21830270681443242,0.2868408003380286,0.30101893095705684,-0.01322325346160489,-0.13370542715541592,0.21663060100616643,0.16681003648031578,0.08938332406812725
GTGAAGGGTATATGAG-2,0.06679900483034487,0.14515765124361346,0.06338228035119949,0.06831937561165984,0.11614754478007733,0.094702216238495,0.09533031822047827,0.06040108909853506,0.09008309826270068,0.15808218245008337,0.05890734399346707,0.06533578944317711,0.09135232127480657,0.07542656948229917,0.07806065535633702,0.08596469780457856,0.071154256884579,0.047526765130621304,0.0495334887628772,0.05981855325705827,0.036888402438666985,0.16680959328857914,0.18407032374829946,0.10980201291434219,0.24031106278534597
ACTATCTAGGGATGGG-1,0.14228352839506048,0.23968727855366617,0.5892258919172907,0.39348677176563807,0.014281281746752132,0.03926410626590401,0.03740752439973913,0.05243348614114695,0.049450015684544116,0.17876678444378055,0.01450419798442969,0.04609035979952506,0.024820707025577437,0.021130998384427432,0.012262460718592329,0.5231974834837251,0.15311520404118173,0.08108635732538454,0.0693745979082569,0.06432098942379655,0.052198752860005075,0.2830770578332808,0.4279818516712292,0.45925591247455416,0.2394918646200673
GATCTAGGTTGGTGGA-2,0.14451070143409908,0.2894318972757733,0.16720932025639632,0.2043681160144867,0.03091333115234857,0.04457605356173731,0.06959062157046329,0.13234165618111232,0.04311611784089004,0.2532882592079784,0.14961006059905263,0.13769432121576708,0.08467573149418668,0.1390043247983994,0.10424423658810607,0.21107273134490961,0.14747724988540334,0.17975266669704595,0.22477536850384985,0.21045611789306962,0.1003403805338302,0.3307487921237576,-0.19913645247977688,0.2966110722839321,0.6897894790831451
ACGATGTAGTGTACCT-1,0.18643417958697894,0.2713577381391139,0.3824235952543217,0.4015599397172224,0.023919077481183132,0.03024915925853594,0.018594352522762682,0.03853643753919092,0.04615936318807131,0.15496650250117555,-0.00047524194598113376,0.00821886852577206,0.01522469656406304,0.012009500359106558,0.004457805997977307,0.42612955034808064,0.17256029835822514,0.055670706887060044,0.03558483057464369,0.039339837910093114,0.0894064201637949,0.29609768889525123,0.42801901193712316,0.5093858925683663,0.25930640656406345
GCATACATCAATCTCT-1,0.043806725573594114,0.26374415065564905,0.06530556613142098,0.12118948844157588,0.15187702954377041,0.09363948063281433,0.15704331070555091,0.14921872409071993,0.1519219894755251,0.30770704854994735,0.11042116657160016,0.10093670291839571,0.13596464676881087,0.10893182987762984,0.11178685670893788,0.10968550394440413,0.12181903775781712,0.07300530497632006,0.07125395433139886,0.09732980839211985,0.025044764235872936,0.39046169000450587,0.2578536160279985,0.18103351434201792,0.0872488979191385
AGCGGTCCACATCCGG-1,0.4344208492384338,0.20542750727044828,0.05634233364983801,0.09132647428206828,0.07711581147805568,0.06090744153049978,0.037842947629944716,0.07514501295199318,0.08489401034220986,0.15399400597442403,0.04987888840338444,0.03522223018518473,0.062124163756943476,0.030831886771748324,0.03234793114457264,0.0938493957063882,0.47657311211812364,0.04754663839423259,0.036573080536610014,0.04950440229128883,0.542492049862433,0.1791146755073873,0.14690933313761304,0.16488835207149172,0.20119635683246923
CACACAATCATGTAGC-1,0.2578498517818207,0.30687706184400326,0.1014206932439239,0.178494910415189,0.12643166893714908,0.07482813432549212,0.09817410073707712,0.18973980959534012,0.12011032546391971,0.4121699547755489,0.1775490442265741,0.1685232436008849,0.13312392079648655,0.17191805383342915,0.1365945665560748,0.17085658560810113,0.2731239303648115,0.23824967228088503,0.28411763624858405,0.24723951590288665,0.17327995882474576,0.25089017992840856,-0.018401809720902926,0.27205672058199404,0.22131785279236435
ACGTCAAGTAGCGCTC-1,0.04606850066802475,0.1561161443071584,0.06974701819069577,0.12216046164202359,0.08781257098403572,0.04916345309942488,0.09239573553458219,0.21617917569121542,0.10959991436712152,0.2198966928921035,0.2473504655661217,0.2517063435541021,0.19337167405186712,0.24669833986332482,0.2113323892338202,0.11235716588431528,0.07899396669578039,0.24874505384765763,0.4489209196631751,0.3949063377107655,0.027319870447945954,0.28495844784643126,0.1837940819405145,0.14090201241646821,0.09539988114797666
AAGCCGCGTTACGTCA-1,0.05340591974819212,0.2289157166220743,0.0620751677173392,0.08492659016213662,0.16174059212236136,0.14064508200628797,0.19378536825822054,0.20762786244563428,0.12251699945601759,0.23474900616127745,0.239079700454081,0.20389067751506906,0.2120380096087521,0.1771696657987908,0.20519944751219094,0.10780729616362025,0.11009880428497218,0.16455668154873512,0.19924088294298167,0.22900967105109554,0.01640102849598196,0.06327742202712373,0.21479627479320879,0.16877607765705893,0.12462691462660754
AGCTCCTTCGTTACAG-1,0.07525983155818819,0.22112172527753907,0.050830598874517824,0.12819266375118635,0.15793586017648087,0.07084241673972685,0.15483718739931604,0.26022264954539676,0.18741375666200125,0.4696308066052545,0.16640322311211195,0.2123811881092026,0.20581794150999339,0.21335674042779232,0.196887546905004,0.09854051467955076,0.11634729126913979,0.11387794457155521,0.1488473382200057,0.1883926223801305,0.008026103994006262,-0.15359853774566734,0.25051997348047,0.1757253629517952,0.09307928020373867
AGCAGCCAGCGATGAC-1,0.021799835514412995,0.032212287857450714,0.04537394256356215,0.09546537292419147,0.09075844426916983,0.05748227860160522,0.033422038970953416,0.027335169119839783,-0.005077592102424965,0.061600693104257295,-0.017788341518311955,-0.005335367653496084,0.015011413376027303,0.015295979337653804,0.030654302251047,0.0374357166964072,0.022266959250670244,-0.006335219277778901,-0.0061915945421298375,0.05190646825927539,0.04283715768720424,0.10296540659811647,0.08530173730495369,0.10011902809454706,0.005670852974998457
GGGTCTGAGGTGATAT-2,0.146028592840492,0.2506756854571175,0.15703843418263644,0.1365275443613524,0.059821781138909756,0.02619834353737125,0.048000949193712276,0.029319532617122408,0.04987657041396011,0.13926328551584427,0.035044649913506504,0.024013839843911776,0.02044268506164309,0.01953541400693983,0.011984840290589865,0.17660771103406372,0.15202702249378977,0.0409560824538148,0.059768838580912094,0.05851576254864412,0.10543350753604046,0.25444726922421984,0.3145822814216034,0.2528620208128568,0.4781790493269079
ACGAGGAAGGAACTGC-1,0.07060667345538149,0.20675541863309083,0.04855264704574586,0.1720366939077387,0.10059953745208765,0.06505963323732226,0.08121638869097556,0.22738555186241413,0.09682047040831777,0.10763260665087908,0.2353888049423594,0.21989717145832277,0.14078220568522118,0.21387072902019272,0.19214413623851276,0.13101635260394032,0.09895470033491699,0.25759148619228445,0.6890622456987,0.33149645758709706,-0.0019297105941218917,0.32710320206449617,0.2260311154874649,0.16600054428531424,0.12643475423870057
CTTAGGACACGACTCG-1,0.1618853841993463,0.28118472640194886,0.35022861890543877,0.41765625925441957,0.027103116967285665,0.026532715075125803,0.03242350816897786,0.040735680962195146,0.04200388790656941,0.19065622312862432,0.016199868090563545,0.028918614335526848,0.019516748122793342,0.031504171400167265,0.016204602237545527,0.4280566994999019,0.15446232045632938,0.08574188732841975,0.05978785633195018,0.0724592254878512,0.04849178821788069,0.3215062509419647,-0.0605402215529333,0.5975439151986334,0.30687167287706757
CTAGAGTAGAAGGTGA-1,0.17014341020626111,0.28183384587377025,0.36850545104712407,0.38890665104202893,0.047340200836094644,0.051562248040995795,0.0772370101329268,0.06706636552684586,0.0806433649884203,0.19901029781263638,0.022552397575641137,0.05848679155906485,0.04200577989134918,0.04435033814997046,0.030831274462475636,0.4143733576394979,0.13538556019906942,0.06129266155669953,0.07022860440783148,0.07596925896375288,0.05466294326676096,0.3124015207501019,0.42508368686471915,0.48076617681392475,0.25817702317189467
ATCCACCCATCAGTCA-1,0.18465684044742187,0.27650570927522095,0.43161555345877994,0.6075837043151836,0.055043701847652254,0.05739664230031686,0.06027432191740995,0.04729936020197794,0.0832433124326669,0.2218408439538191,0.042276375890713286,0.033022706051121016,0.041704292039722105,0.05343364476176126,0.028366376379320286,0.5306223403422843,0.1774542902238714,0.09070812976542016,0.0875850730733216,0.092042610519371,0.07849721775083845,0.35201447045410156,0.5341730328225297,0.07458677458882818,0.2963537464708238
GCTGCTTCATTACGAC-2,0.1678600067898635,0.2868023895284159,0.15547245818934025,0.16627679316157326,0.04856093615771573,0.011282344094009683,0.012159080415971468,0.03421948696409929,0.05818543583885491,0.14458559952624045,0.03121351173316407,0.013133949496473018,-0.005112283660472222,0.008138342713678975,0.0015938824805809475,0.19417579682371386,0.16552358522929703,0.029983324870768272,0.053366006326145354,0.058395418159704324,0.12006376036929474,0.27515213741011135,0.3325513495234544,0.2739366855721673,0.4560421556038497
AACACGTAGCTAGCCC-1,0.03764598400188704,0.14216293301367056,0.06146397266123898,0.06685411208632787,0.47163062727684363,0.16478904483954482,0.4211828641334135,0.14284695685020063,0.2197753859426961,0.3159122902257046,0.1084256768756007,0.10462907748487876,0.20365975587855198,0.1192062443270556,0.11147082413471826,0.07666592581479577,0.12263622134018543,0.0666942104526871,0.051200475418787646,0.07555697082914757,0.02763196204503577,0.2338834607100197,0.1719355046625096,0.13824685269196105,0.10610402375911579
CATATGGCAATGTTGC-1,0.04829509954713364,0.21916027872155,0.056300495746477476,0.1060570740890174,0.1647030097410423,0.12595514322055118,0.1811677144200234,0.27957569913142066,0.1769255589802291,0.5267804772058527,0.2755349868036405,0.2624079459037777,0.23857075983410797,0.2740793676156313,0.26892772898357514,0.10109791956589158,0.08896875944292576,0.191064863631915,0.25425775662022265,0.2854855653355657,-0.004293119685219764,-0.1524950582114874,0.20446102356442059,0.15765917527798565,0.1007509553948015
ACAGCCGCAGGACCCT-1,0.057002279189935945,0.17915464003133716,0.028208582868570864,0.06963297810587583,0.2800259395730529,0.17700710058759353,0.2888292075856958,0.18164849863339955,0.26101711691479335,0.13559110082110656,0.1452327124806942,0.1134481010117957,0.18282819180629292,0.1486902158446768,0.14083668644987607,0.07595917820431576,0.13527611109033305,0.08293265479442324,0.07629701828271108,0.10041695833165824,0.04301631244035136,0.019426474442237322,0.20382035875838575,0.11719234660716571,0.08141711974427761
ACAGCTATCTGGCGAC-1,0.029669115104371403,0.09061202794534842,0.20538383554840886,0.0764802273191839,-0.001308638016273838,-0.009566053457372816,0.01612786176053644,-0.00420571818381253,0.0008197409427671064,0.10324362079700555,0.00896535072944489,-0.0002125365080477354,0.014602462847668697,-0.0021159717782605297,-0.0016909775576897704,-0.024165486633433205,0.04974501577007194,0.04198129191052153,0.0074877923376628006,0.03596852924781697,0.002304441271269691,0.10815423832678825,0.0031551424458952496,0.06322711316743246,0.1103805828331564
ACGTCAAGTAAGTTCC-1,0.025553216785968492,0.16591258682351376,0.03472219287792551,0.14417008515316632,0.18045469421408508,0.12865086083221766,0.20268344778740552,0.28790872695549025,0.19931470443586075,0.4347633793110728,0.2525876348412353,0.2993566456164056,0.26870416934701674,0.2672725020512409,0.22738731946241544,0.11373652693398963,0.09308235134447788,0.20566434685420568,0.23950456185266056,0.28047017649038897,0.029521081039350056,-0.11531089831663732,0.22051130140373187,0.15975202802966204,0.06302418517737626
CTAGAGTGTTCGTCTC-1,0.03740839885360741,0.03540022246223773,-0.006284615529769876,0.03675889545857895,0.063136455277907,0.2680603138163262,0.06563447579928691,-0.005515978667500824,-0.004633479873638136,0.04635693455040074,0.05446738501887787,-0.004868709053869764,0.06319105076416869,0.27754458947351063,0.17410983278460113,0.037058220643157995,0.037434748990322744,-0.004474740863822513,0.041532608699725235,0.17861884718905097,0.06389942983970508,0.011268191656316024,0.05170537188974697,0.058072768093197766,0.0180047014767
ACATGGTCATGATCCA-1,0.1447062721047754,0.244611807781361,0.42029793107483276,0.05758582687191299,0.04124497315152213,0.03482229210644762,0.03442982173228731,0.03958932205146474,0.026530883061286023,0.13558396996864644,0.004698752512239201,-0.004635751594909213,0.003396443346329692,0.009817893331090679,-0.007066201633085157,0.267006188492022,0.10938712630730346,0.02816854299699126,0.022121953301860068,0.021194442026991504,0.04051256096954561,0.2631993509790786,0.4160267281589796,0.325851068728288,0.253882824057873
ACACTGATCGTGACAT-1,0.022679386629409087,0.1719807470658034,0.037959446848961416,0.054627801896638295,0.1931854261223306,0.11924578040611049,0.14568921221757652,0.13913264299250783,0.12770663479941552,0.21616183176947334,0.09168540393602895,0.08804802071265928,0.15050084313025855,0.12227234023360896,0.13451445335066411,0.05120703749473894,0.07406643119240411,0.0678248416101912,0.042742476186330765,0.07573191870856699,0.0050114160422309205,0.2712946634962402,0.17029562946210522,0.10471776418043718,0.07795413772825986
AAGGTTCTCACCTCGT-1,0.05613747863555678,0.15638227787483833,0.08989618694782409,0.14636246564493055,0.04989072754580343,0.002449938756817681,0.04291783152849062,0.16381080934625128,0.0566576507614903,0.16545297839153195,0.1644314270439291,0.18332646083977458,0.14294302543988693,0.17076086049387756,0.15047228764672552,0.11613990286041255,0.11344070631838665,0.2799839226013411,0.49709341715182603,0.4276146060818082,-0.012306543348061326,0.29013538172622944,0.20430148944066914,0.18430870422075982,0.1246910851889824
AAGGCAGCAATGGACG-1,0.05547637654640779,0.22718149425903766,0.04972897927165611,0.1371111120198504,0.19044070185741607,0.16487905870832406,0.21151182022666334,0.28497518531098814,0.18395616475099114,0.28642140551709167,0.24578685221516688,0.221829488106098,0.27518590855910435,0.23970500507373793,0.23260327401174077,0.14122416286658393,0.09766588599062426,0.18399672240170012,0.17199403646491176,0.2144022387077459,-0.011981594605478402,0.05237960005376256,0.21599593108480084,0.1740558880827388,0.08881565582253585
AAGGAGCAGGATGTAT-1,0.4190066242537541,0.22323390587941805,0.07329342783545315,0.10713937012658964,0.08279702859176528,0.033468955634098595,0.06026620549939334,-0.0122528790820663,0.07760675601857399,0.1082753720501263,0.010548070992646553,-0.007975984577260535,0.004328465137050383,-0.010002302213452224,-0.009507072991231548,0.12578271597604584,0.43307636416814965,0.029169589959798937,-0.012514848167784106,0.013193059235199233,0.595449625916213,0.1866210042863528,0.24276937167108342,0.17497137723953915,0.1860565982278746
TGCTACCTCTACGAGT-1,-0.014019808887538824,0.15066279273673083,0.1933664586668228,0.1623432523533658,0.016815084963053235,0.16287519470934242,0.12046978866361739,-0.009138315338707988,-0.007676280630005862,0.021705238292431095,0.012807297662321401,-0.008065984534860942,0.016835138530237263,0.015395636132664441,0.015799990161590758,0.16537879014102003,0.007451949040875895,0.011468180482952417,-0.009360424448017908,0.20767278056032024,0.02439374741884764,0.1568531197345202,0.15370781986634333,0.1611218518068371,-0.021113118824295476
CGATCGGTCAGGCAAG-1,0.07053532184375612,0.21608109575865142,0.08982344821932645,0.14289850828450235,0.13537299089010515,0.08569895809673415,0.10315718813745561,0.20558895170515404,0.1456328460376506,0.4367925676190124,0.2237346531555907,0.18392966520608006,0.1864326856955189,0.17940106630906277,0.19035044688136676,0.1509004985661484,0.14676538920150603,0.3262359122708215,0.2577650532553042,0.2930063589781865,0.013375638733399841,-0.10788110468970152,0.2811118887162159,0.22026659229816012,0.1678441705581712
AAGGAGCGTCAGCTAT-1,0.04368960921001456,0.19541995416897384,0.04072091265566764,0.10466485316537111,0.21562504055309076,0.15211983271125748,0.21477224567779635,0.20817690671159034,0.18881448051423147,0.385168711510473,0.21444876667460736,0.18955662331579487,0.23931551069462992,0.23492023360674139,0.22182904904294348,0.09368851056819462,0.1062621055147072,0.14559089025120334,0.15882069333739937,0.17754192830954652,0.011457329824074311,-0.08149397628759664,0.20359377966471395,0.12235455758863925,0.054585759739090814
CACACAAGTTATGTGC-1,-0.007752995206527807,0.08469204445626648,0.018467089927962553,0.11171506075053075,0.06490946374236682,0.11204770327948864,0.05382831826345475,-0.005310903920175207,-0.004461214937241057,0.08258775572110005,0.07388099189236808,-0.004687698694836475,0.11856917799777986,0.11030359341838028,0.11877293321240044,0.1057843714153574,0.12128313534895349,-0.005566176703959138,-0.005439986808609156,0.11234950590702943,0.11037329775319811,0.016964883072697164,0.0016188364318857086,0.12188628211952887,-0.010652120600286686
ATTATCCGTGCACTTA-1,-0.009070408303437347,0.03505353762913743,0.0573831367966631,0.1308128759341619,0.04254030017089058,0.13601233307087932,0.06267449390493941,0.03682389629729145,-0.006402148831218579,0.025965322561508204,0.07963803891565804,0.04336616935573296,0.10721256088116088,0.12322392633843222,0.137179236349187,0.026851536421794393,0.023814860985374452,0.02628843006725722,0.027342832239122844,0.05362988058194862,0.045261690426941614,0.015838000843130574,0.04037807031271536,0.06441520054104047,0.00551394233949776
ACATGGTGTGGTAACG-1,0.08204002044743731,0.2109721286533542,0.06799582217283462,0.10137272570831243,0.1873845930321629,0.14629371959090787,0.20458920995179625,0.18825945098769511,0.1699078278421169,0.2719136751956374,0.14120487400987744,0.12975397860671756,0.1658848070269417,0.14744835433367673,0.11153566029896793,0.09878813796757753,0.11710798242326165,0.0901566901841086,0.10108578557206752,0.13237179920238867,0.05333813531563138,0.322150724573685,0.2142382213950835,0.1527098779856528,0.06340458767497245
ACGGCCAAGACTAGGC-1,0.052755252946928836,0.18344363788642243,0.07331403866524547,0.10521433792658651,0.18262719735751173,0.16747638591244812,0.23252230267483012,0.19509211009571945,0.18608604643162396,0.2768727216627473,0.15543452627193374,0.14471853427300244,0.15195772166166455,0.14205915575906788,0.12707493218614524,0.10678563356584954,0.11566104014227765,0.1185106687265666,0.10531605435192604,0.13803529443859552,0.03502192752162544,0.3287466402230229,0.21169976379017785,0.15732491056670916,0.09852152660895076
ATAGACCCATCCGCGA-1,0.11045692272851264,0.2429227155814072,0.3943017850264717,0.3935073973809914,0.04924603359194236,0.04518235687500852,0.07166783662754683,0.06187959876600985,0.056211780561198035,0.1789433694710412,0.03632834582412738,0.04282947179739811,0.07528325669325042,0.0362703281867545,0.037574010132495395,0.42059155035353923,0.12837940583338858,0.07951737086353829,0.045438659446890635,0.06061396150558436,0.03423694741333745,0.2842253310931441,0.3794252580908942,0.47373868338786634,0.2554196843703111
GGCGACTGTGCGGTAA-1,0.0502898632486833,0.2412838517162175,0.053778052139916835,0.1291701042756283,0.20224376969074556,0.1214381500876216,0.17978604486232308,0.13695960958517867,0.1631708912826379,0.28068234413964765,0.10593183138687289,0.08577372473238896,0.16244775730948924,0.11486665360482472,0.09674656211031167,0.11951294903561523,0.13564027296758105,0.07887028447811618,0.08148547309116728,0.09590330454566824,0.03163004540132823,0.3672220891449701,0.24772126657422244,0.1822001593910248,0.1128589672481893
GATGAAATCAAACCGT-1,-0.005304490165476097,0.014033656023785264,0.03269505485679222,0.045783963321877466,0.07011139745431823,0.16672359875811832,0.07281607593559458,0.06252203518914962,-0.004152497241617196,0.08616838690451249,0.0799206710491047,0.07179725535873654,0.09057215107138826,0.25918884345448884,0.07085532170172257,0.04421303700679036,0.03946226355073772,0.04629242359024778,0.04753121165102652,0.08789535412627116,0.0661019615709237,0.04204712408592152,0.011045580271862077,0.03768572834876052,-0.007744348290427426
CAGCTGGTCTACTTAC-1,0.08344919200546766,0.19355068080186638,0.08129012222884746,0.12670902706538106,0.06630133569866474,0.020064007721321442,0.07998643848788002,0.16759593885302745,0.062358039752499775,0.3543161731338135,0.21212179381546195,0.17558821896278293,0.12159012550829522,0.19176882966534292,0.16500374889503416,0.127676919741884,0.07691953160943478,0.28417537257207726,0.3003313417984228,0.2800900285101333,-0.0004335130844965004,0.30202370721339944,0.23528376683901825,0.16732373794646813,0.13336265068455852
TATCAGGAGCACAGGT-1,0.17703080351562653,0.2932371238931906,0.3105779586271168,0.3486624650294374,0.05526864235783057,0.02313881273621768,0.03304509746077691,0.04841420730892453,0.05291912410124805,0.2185297309770329,0.046435877229702306,0.0382897590805425,0.022180195728063873,0.04806995504335848,0.027304310226977612,0.3332529686447194,0.1712711564199891,0.07577650562161077,0.07820845286271236,0.09415361431727798,0.07759358942223457,0.37716889564346073,-0.04922003168168958,0.49493410188307646,0.3264047539264825
AGCCTAATCACCAGGC-4,0.13098644006020113,0.4760272632597024,0.09184144373315761,0.13967524806236017,0.055146505727817346,0.001450436410182394,0.04752630369586303,0.0445660723294337,0.09234630640480468,0.19351008625778499,0.020054546838142454,0.012211031506801896,0.02782856547010339,0.016721377881114705,0.02521986802199174,0.1381617080487888,0.14285317115536045,0.01661573681536609,0.01896488677162368,0.052982224987760736,0.07709399776721723,0.3266347202558281,0.29568078572374323,0.21217627600755926,0.19039399107846194
ACCCACTAGGGCTTCC-1,0.05282112762775454,0.17451032754512377,0.02337257277914201,0.05462521280222274,0.22752351880730406,0.17443268774863366,0.17401980390027136,0.12239474867099541,0.5541887827332662,0.35439712996892153,0.0901733549420541,0.084862023285771,0.15414521593692518,0.08921075835007065,0.0689867460435619,0.05371834843654465,0.09825149848312385,0.04913370178019621,0.03186809750121325,0.07496820856862306,0.016813915722919518,0.3207440714664264,0.18789503605850463,0.14399904566710373,0.07376194349668745
ACGGGTCTCCCACTTG-1,0.02038526234274738,0.13241610269137782,0.009425825639398606,0.052992109171976984,0.3400537570048467,0.23307025491903863,0.2865744139752034,0.1730411865591806,0.21568024138803354,0.2261918313040289,0.15551703924139745,0.1547088386705858,0.22944282682784733,0.17367112380142039,0.17605185579356897,0.04264106579203429,0.05952704759820653,0.05686736343787786,0.058522887256339036,0.07986011229932344,0.02752567377170411,0.23625319214958446,0.14111147780974817,0.07026883242485384,0.08212926110966724
ACCTTTAGTGCAACTT-1,0.03497536699844889,0.1516058783452585,0.021235005939808597,0.056547549870473154,0.2128305203540192,0.14215524728934467,0.2311543024583976,0.11532677292033962,0.1773687865848751,0.23167625130361685,0.08822349386330364,0.06683098708897456,0.12368252709835739,0.09703995039225426,0.07192312113238734,0.04531121681009185,0.09762877098073877,0.04819435739907429,0.03338216942864144,0.07016758081441649,0.033823041225177666,0.3026848209242276,0.14535960221487856,0.08820117619925824,0.022648143983310727
ACGAGCCAGAGCTGGT-1,0.013398849344887265,0.19192958233488902,0.04011445990943386,0.0453958827707219,0.22796729331104695,0.17783592813445934,0.20163514697260854,0.13923232711667535,0.19874965338733258,0.0909936923964383,0.11082743843717967,0.09876392677074913,0.16188128491639214,0.11061776017301193,0.1243287084257087,0.06463203247254985,0.08829521258747096,0.09177638032571717,0.05827705564958696,0.08919815625057961,0.03952074593012328,0.016173923799883243,0.19466703910285757,0.1390349198659102,0.0867653207931185
ACATGGTAGTAGCGGT-1,0.07673233061669088,0.2465003948388951,0.08643894826696627,0.141674651220957,0.16559490971120805,0.15323010227960393,0.23077802925156526,0.24532356838406869,0.20225995694393792,0.09384422106070578,0.2218798595508049,0.1896760084201471,0.23562027759606197,0.20828367641174536,0.20306197461014586,0.12371612884993838,0.12366784428571655,0.13667711321477796,0.14872691008185857,0.1645107225724317,0.0248010316655777,0.24570578974189733,0.20389114900237487,0.1881528506712693,0.08390688721048656
CAACTAGCAGCCAATT-1,0.45090112025090084,0.06952794349725756,0.07379859240991632,0.1318336917904233,0.10595626559969731,0.028437328894375138,0.04930898783144793,-0.007326150664879631,0.10414179292065559,0.12532803401324688,0.0037145622184780913,-0.012973924563516296,0.01068203907264544,-0.015137149335307328,-0.014608361892356932,0.14138961672981828,0.38564572101190603,0.011071026625802529,0.0026184188587578066,0.005087306776033466,0.5658950469905597,0.22444687149712922,0.20728897382089442,0.21405104112665285,0.227797078369041
ACTTACTAGGTGTTAA-1,0.022799225577557716,0.17960321195934056,0.0592424428039663,0.0870092012319551,0.17489067796598223,0.1307013147954278,0.20307794026599305,0.1623139828497071,0.12290308993784815,0.2658530186969326,0.14418646453660586,0.10663242169135924,0.1605588484232065,0.1317345877317155,0.12681866942665762,0.10159397263420959,0.087460426062115,0.11360533085087228,0.1171157444385224,0.14903330542660018,0.007588475535673712,0.3347160469388746,0.20674027194199965,0.15092689515889887,0.08384280650529802
AACCATGGTAACGTTC-1,0.13573869997656676,0.11334328458899315,0.029903267209958666,0.06230624005107216,0.002672666807620429,0.021135719712900663,0.02126968833622116,-0.0007567399889552485,0.004807669027183719,0.08844612393572489,-0.016152568691154775,-0.014084991033506166,0.01955484051903481,-0.014945379510370727,-0.014734865897807774,-0.00017927991662830051,0.10818531377300655,0.011314276742686303,-0.01503518845431447,0.007839940406668968,0.026612118026900708,0.10122634214781903,-0.01638700190752875,0.043113621594974186,0.09959122258992624
ACTGTCCAGCGTTTAC-1,0.060459542003175375,0.19721523759430357,0.04218232436985455,0.061607167089728763,0.7078605485061241,0.1787823921765407,0.24670517920233265,0.14883055604999904,0.19945813365062665,0.26447035092626553,0.11824474801686452,0.1313460189582241,0.1830026859495931,0.15332447340326893,0.13460420734270134,0.058497398615491046,0.10374129589913086,0.13221186882776134,0.10898737295913301,0.14209423530105156,0.014460844478832197,0.11769108356803762,0.19549760820003526,0.11153184882059929,0.08471328347719528
AACGTTGGTTCAGTAC-1,0.05518316575808761,0.15319388042593504,0.06950368385438424,0.13192058053844222,0.09509882377331534,0.048959412042907345,0.10006438337058483,0.26285949568027056,0.103451349599396,0.3384022251657307,0.22829627412925824,0.2457682458404018,0.18641177528071537,0.23886822210339068,0.19373273369950775,0.11637344305352178,0.05385506531527879,0.264394744396575,0.5169715179462707,0.4627100445580826,-0.022045128905600037,0.18426059213448212,0.19362685445864078,0.14163679644366198,0.1097543268499282
CAGCAGCAGAGCTATA-1,0.20356956853727431,0.16211891256994487,0.0881203592061893,0.1744162439603796,0.03833695384976667,0.035924179404932144,0.014041128181809916,0.031102452921199748,0.016523798332511795,0.16531515482420514,0.032450973969322054,0.040080618036243236,0.03866857002271626,0.01323305355278772,0.01370636129401563,0.13824688341544228,0.043594709665313085,0.18106343349025858,0.03118684292352237,0.02587438279033046,0.18513746926457178,0.18162136657322805,0.15529024099231703,0.1776208241629721,0.04345687389678017
AAAGTAGAGAGACTAT-1,0.06598875309910884,0.17708284556522877,0.05415908566327025,0.11733759661905585,0.1103333555488489,0.08660454525812611,0.11622657529136758,0.25766088940083,0.10151483582673518,0.3656731780880825,0.23589799211630272,0.26014358008661653,0.2229582201170131,0.2598562468508205,0.23420868100764988,0.11873418509612826,0.10498800732280665,0.2361912333736332,0.2764421601882923,0.29030682286159826,0.009198750316588789,0.3149597092710702,0.2102596282672043,0.1667467034493652,0.10003729140158685
AACCGCGCAAGTCATC-1,0.16573922669695323,0.23734883259236922,0.5706537094776781,0.27734456518010975,0.06687652978814912,0.06733187608595402,0.06288947762679233,0.022182405066676254,0.07561354957637967,0.1693034686376458,0.0027300593967429197,0.012873945202613871,0.031071344817242295,-0.000974136502406613,-0.0001744067561640083,0.42378179342632877,0.16844434185845894,0.05709077438935461,0.03531378772937667,0.03962411594569832,0.06887071639460937,0.3244629870597836,0.44486715872598726,0.3739494146622855,0.25301444879389323
AGCCTAACAAAGGTGC-1,0.6135467390657154,0.23555211942502755,0.06686961190730961,0.1516658098301103,0.08101569960124162,0.01923064480247921,0.025655430477603627,0.024556808276169798,0.10051600577168725,0.16940477238648322,0.00619759032990706,0.00556732775552355,0.023810783313855957,-0.016471536063045366,-0.006899234704423206,0.14466877831137367,0.23678375343992128,0.03505613373114124,0.013085604851805424,0.029527887588122116,0.15882607843231697,0.21933225152132454,-0.27596707492055406,0.22164622619492635,0.1817165954650791
AGCATACAGTGGTAAT-1,0.060851670880889636,0.1762887257757995,0.028661352463999208,0.1458855083299336,0.08757956885339327,0.08484892946728259,0.12624643217109327,0.269741362780672,0.11955072585668691,0.48878378047577553,0.2072133219867377,0.24390307008153084,0.2144698437932865,0.22583745834216679,0.17634915354886052,0.10848773843088114,0.07701248239285641,0.1784703001352459,0.2315875174371565,0.27224085145424176,0.0003386186391580582,-0.16324930709655391,0.1653811141612514,0.15965252071983818,0.06613413950783527
CATCGAAAGTGTGAAT-1,0.08051120762376594,0.270191608142206,0.044715972462156736,0.11753970180778872,0.19045331570425206,0.11243498949245438,0.1892724910566031,0.1133336377691062,0.18277148942738325,0.3043230127022477,0.10233126900027026,0.06368270071854862,0.1324112216543675,0.08686457587731693,0.07979128343847791,0.11354164167268213,0.130952204302131,0.04716029680809672,0.042825940724150705,0.08868617625705225,0.025825029748889405,0.39278158463958435,0.2621456068950156,0.17811763284374307,0.07852180379844786
AAACCTGCATAACCTG-1,0.1720222160301149,0.02748668338843513,0.16410198416990612,0.127947301317937,0.013070719653444054,-0.006578327127183725,0.014633908742185854,0.03222067196827929,-0.010700421784340617,0.17489545091188763,0.031460317033344516,0.03954990019768233,0.0137741853023307,0.0360442863849026,0.03683957544021977,0.16282877696185763,0.17391387303586517,0.02509764084917016,0.04460150697208856,0.03800752358625466,0.01822006785879072,0.13351487012002466,0.19079936433687625,0.19548977666724981,0.16713094234417586
AAGTCTGAGTACGTTC-1,0.058230095117743394,0.13925802965245135,0.0688548867256537,0.15577500156069457,0.11917047391080646,0.06382258647777202,0.10236739224630567,0.24579001133417303,0.14272426891236475,0.3799283633511979,0.22282963753152782,0.25044560065626253,0.19956362358061167,0.2520585748167447,0.21412376868318914,0.12784549455514535,0.07259373689344882,0.2077508809881785,0.290078648808615,0.3239752770493597,0.025976038195370168,0.2948063689185182,0.18173814693936527,0.1565773634727706,0.10150319008364157
ACTATCTTCGTTGACA-1,0.026833404185851926,0.2145341713190122,0.013415256430994282,0.04750050640987811,0.25199357815466844,0.13129602330376874,0.17414639449988858,0.14430674370261054,0.16920481193745307,0.22122199599283485,0.12060040711382497,0.09745069231729994,0.17896308600685104,0.11150845270188317,0.10315745957269637,0.038084313411450146,0.10913657219373814,0.055777550391268714,0.07658971942266052,0.07247845348831437,0.03721955806502332,-0.06597894858763163,0.20023455197639753,0.13272139218723156,0.06695899242181709
AGAATAGAGCTGGAAC-1,0.19274561891498382,0.07093244680951312,0.07217985991795464,0.14633725469525521,0.1335130489633423,0.05071317127857438,0.0632730311110372,0.03709693798338549,0.13160165632691298,0.22848996541726865,0.05632351806516014,0.0123177127128961,0.023225215841157554,-0.00331396548016185,0.00878981051065652,0.15560843485753992,0.25541813706490996,0.02756959947200428,0.0201213533832161,0.029172751451750155,0.22488825692464393,0.2552055804703218,0.1324810873595131,0.19906232338964291,0.18175254811578323
TCGGGACTCTTACCGC-1,0.15261582700238188,0.2690288455049758,0.38806113974453516,0.3847819662651131,0.03222299834168332,0.029657448784366828,0.03618324601627447,0.02485482577061521,0.019918393627394174,0.1625363826395577,0.007730515898019963,0.018148988166117905,0.015468945463658694,0.02066537494068948,-0.003131964889107925,0.4325374854199513,0.16200101264719485,0.0676950633188846,0.04566878804968397,0.061445783474984805,0.05408560728081974,0.2805044161131909,0.4478427675563131,0.5126812598234858,0.2523703209651215
ACACTGACAGTATCTG-1,0.06846516996208064,0.25106038503473255,0.04449876501957481,0.15663658265213604,0.16940503204283225,0.10866019407836174,0.16187278708530398,0.28355124367213524,0.19591010919844784,0.60705578004371,0.2713946149567633,0.2644618888864335,0.2277935578418554,0.2631326630766557,0.2378423668703548,0.12760965027338508,0.13336912807120493,0.2130642865504586,0.25647630557286644,0.2945408164650808,0.02990188519253982,-0.21719602466218396,0.2629757113896934,0.181789910678027,0.12749604430737657
ACCCACTAGTACTTGC-1,0.06833430076924213,0.2275431697466449,0.04499272069697255,0.11524480233342596,0.11971187221238205,0.11245080252207053,0.1494533717640385,0.22450104434674414,0.11569387283208965,0.4841366618415116,0.23478649986935915,0.20195011546925712,0.1822546099711507,0.2207781362672427,0.17644943996991713,0.12576771360024058,0.11603023529248474,0.3000090469349018,0.2851663686128842,0.31547960912100736,0.024428000093684416,-0.10145760897245042,0.24160268199588208,0.19410414272094456,0.1221744227347628
AACTCTTAGGATATAC-1,0.08406794417881358,0.21136918458385684,0.12116479009879959,0.1343605764120513,0.0792425024897444,0.06926773155338171,0.1211258564961071,0.2530915994926788,0.1499655066466116,0.3584936435098756,0.23034862279024854,0.2591671352425325,0.17899322314274038,0.2178416293840157,0.18515039216156196,0.13238593543652163,0.10631068968896129,0.24899094648516276,0.25771131182915324,0.29195042867924653,0.033556252859969916,0.07119344956903423,0.19198284884253575,0.17367802482006958,0.13554938255203391
AACGTTGAGCTGATAA-1,0.03879305784989406,0.16586761940651748,0.02447858589575991,0.036029568056262645,0.1986396654479739,0.1529255505819821,0.19643562552977417,0.13452811306966986,0.16021943492672963,0.22103012336494388,0.1322682994380819,0.08568027165689632,0.14616365314340368,0.10714459097463905,0.11003466156195099,0.05505752269418862,0.07561624801631464,0.07023697490943837,0.0725035005366008,0.09303539765783184,0.03546986694104623,0.27172324833154016,0.16264261616824174,0.08735934542226577,0.058885129191136275
AGGCCGTCATACTCTT-1,0.05180512231232148,0.2064868045288289,0.04567064847088461,0.09216589760925031,0.22759189984401215,0.12253790204819145,0.19658295131215636,0.12748009037504296,0.18859399418502149,0.04339264279315881,0.1189685916279805,0.10157428304198769,0.12547544670298508,0.1085553077541407,0.10356349056813015,0.08183649508130152,0.14742682201762405,0.09819104227831922,0.05245450498503568,0.09911739604664495,0.030759065969000087,0.15528187331705068,0.20756082874551054,0.1647530645279849,0.08896601830745336
ACAGCCGTCCTTTCTC-1,0.069308150651194,0.2536327289617939,0.052060784953987804,0.0975531899881783,0.14937679733471781,0.09174985874952692,0.15667177821545292,0.1866939876484078,0.17057146794740757,0.18968928099997145,0.17607977009028666,0.1555721524408654,0.20723299133438391,0.17899161473408184,0.1834740428624457,0.09719943076140106,0.13010049262362333,0.14065854673177253,0.10864103003849067,0.15833794135278356,0.020331265461717683,0.13650076059461602,0.26411652763792703,0.1968076042984371,0.09636704681873248
GTCACGGGTTAAAGTG-1,0.1514049770037046,0.28472768586819575,0.3367236966150906,0.3968674288049036,0.047080750299368326,0.02892351014049778,0.06982310878428664,0.054265677842129864,0.07253623080780164,0.202452521597922,0.02171228808288948,0.03395116676848835,0.024317675519982332,0.0361375281364416,0.012261104459163518,0.4102038615120711,0.14825679614678178,0.07774679014702968,0.05784988471853755,0.08480793213225994,0.068827639266924,0.3435472734653684,-0.06824727282111362,0.5821348588569026,0.26012465567166393
CGAGAAGCAGCTTCGG-1,-0.007953357216788982,0.056013172218533726,0.01315894592274195,0.0030114555232993276,0.07041525536039094,0.1280494564106566,0.07291165302839188,-0.006432247146338953,0.03518110705668528,0.05108281992816577,0.02706000662948433,-0.005677458490298582,0.032324637872312656,0.030433846309964957,0.030950640708555396,0.0031863599228722124,0.04476499864136362,0.05713838907411051,-0.00645998355131095,0.05146615466643633,0.0764960616215475,0.06456588326130422,0.062216836035958956,0.015094397023997506,0.004716701027519851
ATCGAGTCAGCATACT-4,0.10887301822198064,0.4596041128216533,0.1021906997416461,0.16931458920426096,0.06129369301331458,0.009420350497608827,0.05862933518578347,0.05795218704959712,0.08879156657509403,0.23885906531769965,0.03517499074690433,0.026385352301981937,0.046799267876094994,0.027789417268129918,0.028836065046123655,0.17250821883170275,0.15509891195506595,0.04851140500415052,0.050971684563515536,0.06488373152798682,0.07467575564279118,0.38147215162475556,0.3282385394423256,0.2352915804999645,0.1945276479519473
AAGGCAGGTGGACGAT-1,0.056389816873194235,0.2003993983943148,0.045865248270662254,0.1058747609342411,0.173990152182621,0.14862385611434498,0.14100858400685037,0.33286988771223,0.17414382849770085,0.46520770194931393,0.3058449525659271,0.30455815695835187,0.22971382936361076,0.2971769658367615,0.22408025607109008,0.08403031969374353,0.08705635121094205,0.2371494627554697,0.27565494922822575,0.29894692939927786,0.004625274846715329,-0.09567985819127278,0.19538496168205038,0.16161882537880498,0.11300375638139766
CATGACAGTAAACGCG-1,0.19075262696626563,0.3462890598541384,0.33508093924857746,0.41111000418168936,0.0902665218707942,0.0608364756919059,0.10879165810047867,0.06722570731451655,0.06639451076516577,0.2674645583557234,0.025316157044955937,0.027945614307500696,0.037843936225636005,0.044168881235635615,0.04482616143097611,0.3869378176058392,0.2029878770022368,0.07017256096087762,0.030388026708864636,0.05901844855523805,0.0875479779976294,0.41943551262883993,0.03798254173809349,0.4282277954370476,0.3288029208048294
AACACGTCATGAGCGA-1,0.04711793726149243,0.17304524316653463,0.07436852098217521,0.14477883332575694,0.11825129758695634,0.08902035480875455,0.14352860326225889,0.2237112952450919,0.11915549304380174,0.4055740225612312,0.21081710569469878,0.22187073058362763,0.2122005854423976,0.2327044208668257,0.1773114985263166,0.12090878334055889,0.10833268329771695,0.22260755047842115,0.2843716904583081,0.31713785421018187,0.0036817582995990954,-0.06526166327046984,0.20105026308285914,0.17618832979881438,0.10673705609834708
CCACGGAAGTTAACGA-1,-0.00679302903394743,0.09998241584256344,0.024033636329423156,0.034815948707880004,0.1654021615760948,0.11283512488021179,0.1084317820270451,-0.0044598179349905585,-0.003746293792545031,0.032802596492090046,0.15394570983959902,-0.003936482946649475,0.1586802082229768,0.16224223410423513,0.1493177493589816,0.1623642581112335,0.14167688376437654,-0.004674182599941414,-0.004568214959224264,0.034618628481917435,0.1388963825218247,0.12237602234044744,0.11382400132145327,0.029887131006602927,-0.008945090932331104
AACCATGAGCTCCTTC-1,0.04639667691544827,0.16126522692146086,0.041489522588027905,0.1060379062667746,0.1132064002579389,0.10614905776488325,0.14020994376107088,0.25626079391049655,0.17601921975812124,0.33653978012783475,0.24406836033436496,0.25812195320243264,0.21401136275081606,0.269292660768554,0.24332984207923863,0.09417595569855607,0.09176935445496129,0.21362075982474235,0.22908800231739562,0.261979071993145,0.009741096856984023,0.28558371365867674,0.16488512241434544,0.14923537879102974,0.09606486724183134
CATCCACTCACAGGCC-1,0.05168442121041761,0.25611340139384625,0.04033821478363504,0.09360176221843797,0.19600384079375247,0.11545761866526658,0.1754061607592453,0.17257986736736974,0.1585021136813642,0.3274287040375903,0.1421005388125519,0.13212990576752973,0.15974881300916555,0.12947920191337497,0.1549148966079004,0.0942685746993285,0.11288995270593495,0.10063775437322556,0.1039873157141363,0.1343932855328714,0.025341210893466814,0.40841770297689906,0.2505066141574338,0.16445411005108992,0.08867359663872966
CAACCTCAGGTACTCT-1,0.17635401978298362,0.28383569989643775,0.3604254292930762,0.5706478426925188,0.040483377840454374,0.04675247236585723,0.05403100787952997,0.047726164926965776,0.09539908581094202,0.2245852324284159,0.020076392252308322,0.033630417280829154,0.015764111172548126,0.027828034822153472,0.011351659796069013,0.4936885046349866,0.16859549992286366,0.06066227047949109,0.056702301025482,0.07891543840704195,0.060448169493206916,0.35675016821591976,0.4347862999040374,0.48491164636255224,0.21239902789859644
AGAGCGACATCACCCT-1,0.03534359800270432,0.19760688445394792,0.040349907168296166,0.05515286452713982,0.2003666280173985,0.1124372185760088,0.16051039644859688,0.1421852215715072,0.17899348546733898,0.19086020369637796,0.11903393693669158,0.12146636784401701,0.1768292157303203,0.13458185009851015,0.13706870926064096,0.05611338390506553,0.08921412222569305,0.05579050685495153,0.08448565554792205,0.09722802415070018,0.03867524295640019,0.06523576130751409,0.18490636362094448,0.11127346577638114,0.11570760139404403
ACGATGTCATCCAACA-1,0.06686252276433371,0.1963378452951752,0.05341792527072494,0.07339239138135306,0.20280207885152146,0.17426436466709883,0.25504751400992776,0.15707018673116788,0.2097572528049971,-0.035234746656126165,0.10705360389979084,0.09660775755750257,0.20155822659072906,0.11888435167345672,0.12131011084208158,0.07963722635516307,0.11005912565293872,0.058829573568462426,0.04398095533280492,0.0810576938470216,0.0357821516826753,0.22288104418329327,0.22762057697740865,0.12986477077133274,0.08663034547487526
GACACGCAGTACCGGA-1,0.023552218521425184,0.16342414663742383,0.013705341259096693,0.003618295959999956,0.031966567322610134,0.34219713269702307,0.0334220235899705,-0.006044674325495667,-0.005077589765692682,0.018311178441092164,0.026856951188531947,-0.0053353651981342546,0.03199654720011392,0.030150266921795076,0.03065428814378982,0.019973109088021114,0.023513242366947438,-0.0063352163622805505,-0.006191591692728281,0.0225240846244534,0.3017699054088876,0.038669092873361156,0.02383455575164204,0.01570952348946093,-0.012123849512704465
CACACAATCTCGTTTA-1,0.026956230858167483,0.1771991841040022,0.044607170012825964,0.1053608364846035,0.199813661200214,0.11159897471415361,0.1973833469061976,0.10079851916015714,0.17671704426739307,0.21582272953579054,0.06722045371290065,0.04732724572318194,0.1268776723954421,0.07519804971803254,0.06131114628432219,0.07951403796157278,0.10623685104106771,0.06183258359506673,0.04138781898579779,0.06582030087838113,0.0170749925097657,0.27906689470064056,0.19169935622014497,0.10862372845413396,0.06336336520931211
GTCAAGTTCGCGCCAA-1,0.17164238430325562,0.2669072894705947,0.3598780611701349,0.406723481199417,0.03979344691346996,0.03721458050359899,0.04369351175027972,0.03767922024191002,0.03812320111282817,0.18274480851035543,0.01994697223997785,0.04162493429844501,0.0175661791396665,0.029148918709738056,0.014177406647457319,0.42569875754054026,0.15467862749252576,0.07781211214382634,0.055136073046125826,0.06684628311004175,0.062106203688159875,0.2853795535431403,-0.13213096295793114,0.6405574347948396,0.2634400780763777
ACTTACTAGACTCGGA-1,0.027821170038460758,0.12776267294785035,0.06489150295457347,0.08889321715997754,0.12753295890966784,0.12672635052745596,0.1214274739393884,0.20329401842829387,0.1260236996834425,0.2517763846934353,0.2402109725516106,0.17731207669761023,0.17394933768331955,0.20824071049521423,0.19071969443959952,0.07120096349368062,0.1145245425469878,0.32793864829434155,0.2668169715552988,0.2630884205422411,0.044981484795403315,0.26642268616779397,0.17078535268213868,0.14501718792636353,0.08369065018498173
ACATACGCAATCGAAA-1,0.07685312714809608,0.21287577459802995,0.08792369202445538,0.14324241141192637,0.1596781723120807,0.1471931308545885,0.2318969340918191,0.1677213704774649,0.16497022060075128,0.28883791923888164,0.11105380243240438,0.11261185311726181,0.150970829210165,0.10371188006211828,0.10643892389518653,0.14989347720870375,0.10527353520477839,0.07627003582424433,0.07077471598325272,0.09892926443088525,0.002725806541021023,0.357016109637173,0.2543308434965366,0.18811652681135962,0.09666314035978983
AACGTTGGTGTTCTTT-1,0.07767166782334914,0.17634488870832113,0.07919803638977294,0.12916452747827292,0.07481561196040588,0.0939987504013508,0.13969414754800402,0.21788761079319668,0.13414617284272912,0.371908293873092,0.20304472043737715,0.22913594769137252,0.1732242689263747,0.21306339803077795,0.19231664013030414,0.1182036084838504,0.0852324083917064,0.19622348828679886,0.25281108651864037,0.28522317202822234,0.028838374059070377,0.03836481044554674,0.23898158661837665,0.1638471517998645,0.14577315731036425
AAGACCTGTAGCCTCG-1,0.172919290049299,0.19780858087994344,0.4731528323291953,0.2900914082442446,0.055897802539922326,0.07868827216948346,0.060584414106785583,0.046264243280856494,0.09151785206445406,0.17728554497343696,0.03150111026424961,0.031045486067949168,0.029936057856091346,0.03870975110061247,0.026873267082038185,0.4181672468278286,0.13906314888111684,0.11700200504622581,0.068853791874522,0.08432904981003082,0.06043580887245826,0.26657798354907497,0.4487567198321037,0.40938540672701823,0.2355332675479003
AGCTCTCCACAGTCGC-1,0.2988394472494244,0.21375542974724732,0.09689810073715174,0.15146954960925973,0.10034923035598438,0.032236050023510314,0.06256334643696398,0.044764423884937975,0.11878142275415074,0.19810248596412192,0.03704762112452846,0.002151063334852488,0.020680854779242516,0.024760661737602073,0.008355814412536963,0.17173770638033967,0.2758618089744076,0.036481400864028485,0.009643569464956307,0.026044220052805843,0.21427264013971517,0.312013297203914,0.31141419824983846,0.2844064839311004,0.24842860561676505
ATAACGCAGAAACCAT-1,0.18509084035685922,0.2741893486611146,0.36117685823694734,0.5734480158524843,0.06828295614651968,0.05242911293959103,0.08328227795346062,0.04821942807955006,0.08855811323471988,0.2041249811390812,0.03555640773505819,0.030944449799218395,0.03860078230443245,0.034299798618490855,0.015346043586423936,0.5148547457358654,0.1523472957497614,0.06503309980723447,0.06077700671663683,0.08209370125186832,0.07255148681213726,0.3389252057552067,0.45370052377915654,0.5075756746357644,0.20159533231548526
AGCAGCCAGCGACGTA-1,0.03276867514523903,0.20822476051910466,0.06434113189376112,0.12256703472985815,0.09693056127292761,0.061760949067510174,0.10060412801649463,0.23067431302469324,0.13862458507307907,0.5247569822162611,0.20872322077866184,0.19168801115721457,0.1968455990028445,0.23028761828870342,0.1592434623914693,0.11509537687969913,0.0402604303353397,0.26818990354004,0.28713268744577797,0.28648613987899685,-0.009073223190670752,-0.13900218644507276,0.2156646828524843,0.1663948825885834,0.1562112750730974
ACTTGTTCAACTTGAC-1,0.04275963607459796,0.18429084796404893,0.045997030978275774,0.09020591190464823,0.023771257434227065,-0.017791514451340116,0.04866426608347257,0.15322738666271107,0.0630310254190719,0.32561666850158977,0.15454381502067358,0.15165991354884922,0.14494799118488597,0.16826356738589052,0.1498489210097508,0.09756184132578145,0.056675455244223134,0.5482844350791357,0.2534764957085275,0.2652497035163826,-0.01406312972801542,0.07670366278610483,0.21669514740506263,0.15266838399404742,0.10592883482253099
AACTCCCTCTGTCAAG-1,0.05909549755782488,0.21270433379603762,0.041117623713606354,0.09157532567458723,0.19076359946111354,0.15831933132482057,0.17604895540850077,0.2532561996922522,0.20528528212629446,0.4896364618847599,0.2563830717628725,0.20778720863284403,0.256744816872732,0.23395504835098288,0.2520263607473332,0.0790053797781953,0.10712836696947102,0.19657330954610605,0.1502318408018384,0.20431306641780964,0.019063548229723466,-0.16834645325128617,0.19528279465871268,0.14371158502008055,0.09636774970478693
AGTGTCATCTGTCTAT-1,0.04377773553284752,0.17877910665262878,0.03356169210201891,0.0704117553998256,0.23097608183968824,0.16064789125993653,0.239942660406251,0.18060454087643688,0.1781905675355703,0.31637634797407516,0.15029188595105197,0.15488483435380415,0.21134292643998243,0.18630928914401393,0.16936045916548864,0.0690588884277483,0.059372642718465325,0.10813610073024969,0.12052023189568983,0.12612086933821456,0.024129580391438723,-0.06029664951311998,0.19279749609739874,0.12303039530803092,0.09160393204010239
GCATACAAGTAACCCT-2,0.14741570770142223,0.24987645164323424,0.1564579406330825,0.14872364016636883,-0.006537228654161703,0.009824117936554574,0.017660949632094313,0.022216768951291,0.04413871691533926,0.09688078456385447,0.020925500563078347,0.018272704948808588,-0.007137596572416492,0.0149641641149608,0.004081693268586549,0.18210703715596677,0.13823612660093448,0.03937385119894376,0.06273381293688675,0.05149497978272036,0.08610414074812628,0.16698511642828856,0.271702654216518,0.2700266795100309,0.40840262611486067
ACACTGAGTCCGTTAA-1,0.29535867725648435,0.25683786503943445,0.09334032252431526,0.1762372262858035,0.09335772510280474,0.02649217245792667,0.045750477741109616,0.04056769030293638,0.09462732057963108,0.2032138162529506,0.004373713485582252,0.005609874698246348,0.031195488313195636,0.0011212515115729446,-0.005332295618018245,0.1601086135261422,0.3240621462926306,0.013812774810714456,-0.011642521575230252,0.017348617470889893,0.23935949751343127,0.3306478726847126,0.29938433562046357,0.2715308640020107,0.26027259672316916
AAAGATGAGTAGGTGC-1,0.12979528666859969,0.17520535664485054,0.5084580002669763,0.4556464690689392,0.041533741933035634,0.0673282462910174,0.043906655384486855,0.05923470889884441,0.061956042357380024,0.141846349204785,0.00562853134058021,0.027279719378052392,0.026373298466808553,0.023141001390779906,-0.004021861415269763,0.45223482578721413,0.1295961686268252,0.06376409110035051,0.04126241618414125,0.04421847118490085,0.07438020303895954,0.2140699652903306,0.35368588385356364,0.441341584087852,0.20605818365654446
ACATCAGAGCTAGTGG-1,0.09609276479791684,0.17443315770863788,0.07926364728162626,0.11043538800479273,0.1625546381229968,0.16940072557213434,0.21576349601522135,0.2549483437576936,0.18645217011128729,0.3827481623599883,0.21129658720090458,0.23726127745211004,0.26900921655624316,0.2760041527460793,0.2929772773691074,0.11986363903767239,0.08851082114287723,0.18415721124583345,0.17072651790800378,0.21505574192031207,0.025630741061969345,-0.0017544028547514302,0.2317547753987724,0.17592274701633076,0.10084676173678636
CACATTTCACACCGAC-1,0.16948661766373968,0.14881124258939998,0.15878160612904418,0.08032866724855245,0.013238616912577062,0.03516557875003998,0.03905043388178073,0.03150381585034782,0.015642192780837522,0.05814172764296831,0.009748531670895306,0.014365823570508154,0.037604085662558163,0.0123446964702554,0.012826396238149254,0.02825501055803375,0.18388654399998733,0.04443565241400965,0.027247489169112002,0.005290909332831838,-0.01010769928778811,0.16828936230591693,0.18362389469163715,0.07320826171962566,0.03858694473694767
ACGCCGAGTTCTGAAC-1,0.019368709207990758,0.13770444301285828,0.034824308875222074,0.08031107034369066,0.22351306595298032,0.14430293140310185,0.19803531338736632,0.13576631184666604,0.18172450469959422,0.20979544858453672,0.12456107274967335,0.10350959948444007,0.16726340631481046,0.1372251279539166,0.1293859956748451,0.09196022027876703,0.09745696477368991,0.0995599389339459,0.06449149083060228,0.10561351553236814,0.019977829587010724,0.30417829040868816,0.1715794398524316,0.12366468161111317,0.0700446860266501
ACATCAGGTCCATCCT-1,0.03509222759640519,0.18198540316387213,0.04494231500650669,0.13351470284277744,0.07896758432128897,0.021339848480641445,0.03886860151098749,0.21956931429890944,0.08613972913392569,0.35949283355893513,0.1904023078885056,0.20477007651623566,0.13418052713010456,0.18865794922214799,0.17965058299494152,0.09827389483894323,0.04834546542561446,0.2323991207465407,0.3023305420100998,0.2819839428193389,-0.0009098456983476267,0.2803223045280522,0.19412061053776633,0.14328475740449875,0.07548902998006748
AAAGTAGGTCATGCAT-1,0.14306298202766612,0.16359274423071082,0.43632139614861454,0.42496953347914224,0.007425215488066803,0.012472785063593226,0.02314690065756658,0.03957178489080299,0.025088392504492255,0.1353297255214445,0.013961743038884228,0.0228264085499166,0.007886916022638704,0.01865272130000184,0.006043675624137438,0.27656242572365936,0.08933034761079064,0.06367701454705736,0.054927564412880665,0.05511371523670357,0.02477676910303103,0.21084173456026606,0.3553394078203184,0.4376656441578577,0.2394009861006846
CACATTTCACGAAACG-1,0.23398194648778173,0.21516282674065595,0.05091417064277248,0.13268531220715232,0.0737850954528979,0.03528004781312887,0.06403114679040013,0.024115205221798518,0.11159167740602624,0.1665277508382224,0.012542577872479784,0.006005992647189308,0.019267592266162068,0.0032231553657640806,0.003831467813167755,0.08787400821462259,0.4527286964639039,0.040554070126062686,0.03125202830866654,0.013734594011167205,0.6401269753911493,0.22213470263875792,0.2071158990008234,0.15644781984457884,0.16597295803571777
CCATTCGAGCTATGCT-1,0.04410861140570284,0.15615123255145608,0.044675764445688715,0.06504160055162174,0.20477128848981138,0.15334438775249778,0.17611411185597917,0.12724421423686802,0.14588426598694543,0.04070466236890295,0.13448627706655356,0.07721655638249174,0.18203386478509673,0.09320839663457622,0.11855642415045482,0.06092868896463165,0.10896164470797803,0.0453620757047123,0.048004869078710516,0.07495666985951396,0.045194192702462894,0.10639290564354657,0.16649460332988683,0.12370434886979,0.06472609795636482
ATTGGTGAGTGTTGAA-1,-0.012335713674938444,0.10011490938261584,0.03539765543597131,0.11446128879310526,0.05543232342205786,0.11687627647606533,0.07373302782169927,0.018420381020921108,0.02557871084390816,0.04543576564025207,0.04670116976446974,0.023423625235656727,0.05544555402096337,0.05226323821404439,0.053181246102579884,0.10392584256629898,0.008635182350286302,-0.009081515187946424,-0.008875629620143466,0.03145066909920151,0.02468931607534905,0.1199879507271347,0.11854948361926217,0.12069261495328448,0.007007091149695627
AGATTGCGTTAAGACA-1,0.06625691467001794,0.17233389871002203,0.08255682142700989,0.11892333463761363,0.12436448420268151,0.11455222799539608,0.11528905361032132,0.27646010943314064,0.13610975900967623,0.4003337155621621,0.2222128663008857,0.2933764735793799,0.22678306906293508,0.2572570674185802,0.20603542195789953,0.08526328837363564,0.13170248514231345,0.2320090228924694,0.3781586998531715,0.32306102032987133,0.014277061172869894,0.23951024490945155,0.1799097859020554,0.14103113899660857,0.11184733472845944
ACGAGCCGTTACGCGC-1,0.03716549193608384,0.10794142598626214,0.09485088563737448,0.10595070242772245,0.1392578583528119,0.12677075059645937,0.11270590630969643,0.17471935652710321,0.11682045960522486,0.10298764065044716,0.12051249028575328,0.26096723237660324,0.12512272553698484,0.14747802344671876,0.15072661665211348,0.10671091259834509,0.06806469689750408,0.1208815231897705,0.0985028242320287,0.11999494650163052,0.04884172704816076,0.22940871805226304,0.16471157344760373,0.1529982144976926,0.048577253120008435
AACTTTCCAGCCACCA-1,0.16885880837549522,0.24620114209092386,0.5114296275367721,0.05173719497693482,0.061675307690228595,0.06226707392515507,0.08777146130644174,0.03842506639871669,0.06779197234925444,0.17357010074543913,0.01603089075640477,0.017833535798433504,0.028026730162056864,0.023577228415700514,0.014418111439290567,0.297160490063361,0.15707133549898128,0.047847285291451075,0.04945671500240518,0.06251965545269784,0.06782975804086086,0.3312793561654273,0.4848021501157897,0.24306822450045112,0.28528265305493883
ACACCCTGTAGCGATG-1,0.05587144473896404,0.167881038445611,0.06082974623560913,0.07850538435214648,0.13030582646704622,0.1310444321857352,0.18233213418593242,0.12168451124331321,0.1519264278607859,0.059192944203131925,0.08017074035682749,0.07467640293679963,0.12941476482540934,0.100115369557016,0.08058783959167365,0.08907013084454428,0.10218678856764267,0.03451971014173551,0.03604830496392194,0.04559846851854858,0.03030008072585761,0.08440380737053266,0.17338764427802406,0.12699518775975405,0.0685284135497885
CGTGAGCAGCTCTCGG-1,0.15377640216227983,0.3025068154597167,0.3141997351540153,0.6820659967045327,0.07857021420545697,0.09757072786945824,0.15045181509917027,0.19706997544122049,0.14791101476219834,0.36918657541639804,0.15261355386606304,0.20119492685766466,0.16170991861583917,0.18280435219956154,0.14759900135345322,0.41275630904025123,0.17288608173083217,0.14673149876637726,0.16486785259448303,0.1954091580936361,0.05200136145848147,-0.3535252263827526,0.42194172956778697,0.42233334395754146,0.21915431964350343
ACACCGGGTCCATGAT-1,0.030073133034691567,0.2160813797462378,0.057474303167548965,0.10019996832410603,0.18640490070690985,0.12850821534434465,0.20690783432623477,0.2367932879145461,0.1617490799512264,0.200987506432193,0.22215267078389017,0.21270815016303352,0.27123154644954917,0.24794416542547515,0.25295916885003866,0.083858662194448,0.08778330038182813,0.19263920000378199,0.1958007160422954,0.21664971449516376,0.015544897409032631,0.11276537895100976,0.23715033054849302,0.15301903173235995,0.08241239802642905
ACGGCCACAGCATGAG-1,0.07883218562831887,0.2675085815707516,0.10478248780006486,0.1618496893777633,0.2166147718778955,0.15564158762369812,0.2320096953398896,0.24654272280466158,0.20495305594699073,0.3700259303102394,0.22208247409773066,0.23720329522663539,0.23865579518272506,0.23307358846985565,0.1873716448300051,0.14663324693707114,0.1486598860806172,0.1682278985262832,0.2124433306035771,0.2696382926336389,0.03858138468985147,-0.017636442066830328,0.28157409626285584,0.2313415579678729,0.15750675070653616
ACATACGGTGGTACAG-1,0.19933466068541686,0.292762394374999,0.4902084977858714,0.4929622135496846,0.03706895992740287,0.05055477962520312,0.05179305678195425,0.04690783739764635,0.06517157747700733,0.182010939748749,0.009568706067678727,0.04033554622631532,0.0386479042991624,0.02457388407885868,0.015913731602779695,0.48794082402039674,0.1680032151463153,0.0677442120212469,0.053756831959033885,0.07775854058752528,0.073018330649908,0.32816733301572354,0.4612969948374702,0.5521199671241743,0.31438769126086075
AGATTGCTCATATCGG-1,0.05408553384338473,0.19960006249811488,0.06183806905825078,0.11225857982054414,0.12560900875764872,0.11661876617216059,0.19682692567380228,0.17197081997616828,0.14723138265318292,0.07821426422593754,0.12302248299703289,0.11631502963525514,0.1469954532975405,0.12691566428358908,0.13982304043826194,0.09591988744815659,0.09070383405364153,0.07835825027616532,0.10819651616145531,0.13299926058000106,0.024183753487053563,0.2374648744758358,0.17941632453279463,0.13682051050691676,0.10437528444668279
AAACGGGCAACTGCTA-1,0.043700649119807325,0.23404625528699433,0.06358484723571936,0.10761621768825559,0.1765411288346706,0.14176076685565275,0.20383077677302272,0.11474463554226523,0.1630014153379194,0.27806330728438633,0.10535760735086953,0.09111130983323093,0.13235055688635192,0.09103022195933465,0.08514592288350423,0.1023283237288638,0.09264415491976256,0.09095771121542513,0.08633541794307291,0.09827198778698538,0.024727465282783197,0.3565580663543858,0.24048477174827315,0.16725245353235893,0.10402069608493647
ACATCAGCACTCGACG-4,0.10001390795961357,0.280526148309669,0.0847994091427603,0.1469939580754045,0.13354705458348523,0.12488026134575418,0.1390014595021605,0.20808997240018204,0.12176161348649657,0.20272052335296648,0.16577901736439088,0.14979966221805235,0.20419793482904516,0.18175382046108562,0.18766245694890368,0.1404807655883563,0.10735828147330428,0.1390365534224666,0.12544748482291548,0.14837359814818613,0.02189805346889232,0.08589277040944156,0.23526418937231794,0.17842314113437183,0.144345779962895
ACATGGTAGGAATGGA-1,0.19794683671192972,0.2125123798486828,0.06406523122503173,0.09346615079173115,0.08664523402149121,0.026288879233767923,0.045389775297659314,0.023780416841703574,0.07245401767099163,0.1279634585883786,0.014412191582063473,0.0110301217943184,0.020561901733405198,0.01791333579665109,0.008763900522676176,0.11767622863230588,0.26659478315244106,0.03819230643236884,0.0125335758942489,0.030764576660289963,0.21130319307486228,0.1966539097851003,0.2028714602499182,0.1898578308538134,0.20549095002777928
AACACGTTCACTGGGC-1,0.06055967407683255,0.19718342621712626,0.036679133056511985,0.07648006414273782,0.167273177292418,0.11456622427381644,0.21314181113729008,0.2840490702701611,0.20932571005104936,0.49934530769499363,0.2564785523639687,0.2749413237552408,0.23396520191628073,0.25719602842212946,0.2866991878168488,0.07234628047102297,0.10702489645576493,0.2052182847702079,0.23241147228583214,0.23177262356541303,-0.0003362718673921555,-0.12723376688359364,0.17981073253728208,0.14844829943117546,0.0995886655138609
CCTTCGATCACATGCA-1,0.06255427280308726,0.179875201714874,0.062092873759253146,0.1683358773724869,0.11655042364402768,0.05060943542569469,0.10015784488839072,0.17534916899362718,0.10586939842677723,0.341613258360949,0.20636048641396953,0.16641431563974515,0.1366996200672361,0.18162503080360812,0.149175426758585,0.13797198960824406,0.11472840047699734,0.2800718583008551,0.27156110100467634,0.2831040622625344,0.028166114814858385,0.28551768072929734,0.20154090811035938,0.16962522170168348,0.09220957433032448
AACTCTTAGGGATACC-1,0.05726031589259594,0.2484118207680085,0.053278646629878086,0.1322064720259739,0.1531976853355535,0.0861191243586314,0.1674603764003927,0.24266864418940892,0.15030940729929115,0.5011522801879056,0.19331982734030267,0.21559789576749389,0.22513086335632557,0.23093850697341256,0.20007893177701835,0.10283761249803444,0.09766405667743543,0.17370294201253783,0.2110090827878813,0.22625542639699936,0.019736895676673947,-0.0912077737036071,0.24523758571836238,0.15811149863974505,0.11287253357704996
AAGGAGCAGATCTGCT-1,0.043681173010214444,0.20090230520647098,0.06020748227158208,0.07663509453025166,0.17926346209910862,0.1595487556629602,0.14738260991698898,0.12373854465492119,0.192948129832312,0.22008105965262484,0.08917649682439234,0.08282072296712656,0.09320954038393084,0.08773039043094237,0.07779309602301208,0.06766992213428566,0.10412205823083664,0.04198913580534548,0.04456054820527145,0.06483732642105568,0.024367260862850203,0.2745245902667722,0.1689724591472058,0.12716637490520638,0.0711295280209738
TATTACCGTGTTTGTG-1,0.08091737284138445,0.27570674518651234,0.06475472075807981,0.10717427756084254,0.16387563110889583,0.09281837145019077,0.16005455527046789,0.1583500603212319,0.17353663667119196,0.30773660900883953,0.11471279068899172,0.11846488219863323,0.16959756904871479,0.1360316894495221,0.14581935954715403,0.1033722395890226,0.14326987938548064,0.07466145743939234,0.0749200774527681,0.11406618419834942,0.05405511502072326,0.3917235375249827,0.23573394236665465,0.15177369894956266,0.11802432755626562
AATCGGTTCCAGTAGT-1,0.06372109198048619,0.12472874960990492,0.03882259002114896,0.08598536633230809,0.1054249965111074,0.07006562417059081,0.0772256034140582,0.2518462734238774,0.08124017036647582,0.3405078355746934,0.2782653884500082,0.27653587811959907,0.21905393699951187,0.24231885299739156,0.21436867023227266,0.08323891851064481,0.08300227773235992,0.3523060900373985,0.5807153888586928,0.34076858668930815,0.013851326455339076,0.25917782334266465,0.14184070941567092,0.09412707111463482,0.06678463051826011
AAACGGGTCGTCCGTT-1,0.015145232188866094,0.12012621410283554,0.004762855466674795,0.00738471686094498,0.284944354679197,0.17214702176648472,0.2120427120876586,0.13647870412174662,0.19290425016957571,0.17346816439328008,0.10413021830684303,0.08845673023160404,0.1812037205010178,0.11572248098549515,0.11746529844498768,0.01879234003291172,0.08060566982133713,0.06852945217379401,0.06046831819905378,0.07855789292483978,0.059613750525232226,0.22227780265482558,0.10723964322983717,0.05571455053729324,0.06336529686961558
ACCTTTAAGCGCTTAT-1,0.03613155872604115,0.15397523224543974,0.07172964634193449,0.14442767780607102,0.12427416282238267,0.17367128257529418,0.15677473077094314,0.3019786412762151,0.1496654618348143,0.438878432964126,0.45382621525360206,0.5084348250007408,0.23384643770790284,0.28835664522746907,0.24067222729778798,0.10138982667788819,0.13326472101091497,0.23616589773562194,0.286968358881775,0.3011692125860715,0.007346109469027955,0.32751837068937756,0.1663216734979553,0.15061305283657114,0.0540661005860947
AAACGGGTCAAACCAC-1,0.06332995933397588,0.1533502850679579,0.052250288217521916,0.16399455052197132,0.10462774198499693,0.09979039477427556,0.1501034306024315,0.284626166743488,0.13029736158625346,0.4424223383322851,0.2563103735737072,0.27761000151484666,0.18828263596677788,0.28211918986470513,0.23367147321847948,0.13291056016025368,0.09596633368321432,0.2456861282517253,0.4441591279740185,0.5277695096751588,-0.009354225077640532,0.21137523966585073,0.18840231337883093,0.17137199550043564,0.09397807359696628
GCATACAAGAAAGTGG-1,0.07323345105416847,0.13113764131643957,0.06339179628306389,0.09859307024897979,0.09474180563766549,0.10203528735374146,0.08251145037540208,0.2000448555976691,0.12017825839533265,0.3146995394322411,0.22675965847495294,0.1986784658653378,0.14613839442380694,0.1852623057836054,0.1889616295496442,0.09240826335533908,0.0726317634049967,0.4120266049339454,0.3282852090516964,0.3333225945411311,0.017632008922253396,0.2414820352344986,0.1700855662568643,0.13935640828651105,0.11636329296929397
CATGACAAGCATCATC-1,0.17012545082575634,0.27960035319269233,0.3768709030798543,0.4088713422935147,0.03792021771267341,0.04363268917480335,0.050898467792850274,0.02216381966049462,0.06117043242606423,0.19170866902597367,0.005913634763833065,0.01572606540179612,0.014749487171590553,0.003244005096106596,0.004050761433423765,0.426758172935717,0.14268310330477998,0.07598078587224692,0.04992732790295344,0.06929562343270577,0.05042431569838693,0.32340982883658287,0.43284275804031863,0.5321744513738258,0.2216941114750053
CTTCTCTAGAATGTGT-1,0.04099379307730707,0.21567427335893932,0.042496632759637,0.09968840034016309,0.21470994382485947,0.13194587056971185,0.20791873637694117,0.20133090318843394,0.18347197678735158,0.21858285315893686,0.16775223184661847,0.16087700955050424,0.21148769444175627,0.17875223252627376,0.19454031108153852,0.07301116210881493,0.13618881730805166,0.12036764866270708,0.10718989264283574,0.14525404744772338,0.020826661927147473,0.10582248258925071,0.23543415654485214,0.1434248359836618,0.061817526633615325
AAACCTGGTACGAAAT-1,0.05930612149862121,0.21556720286536526,0.029981427284493656,0.12666166618534336,0.14098391950299533,0.12237041851894345,0.1388452851583297,0.2841044063580292,0.14419714113343468,0.3874987899065716,0.25277154203611607,0.2786316718613036,0.22381237441244395,0.26927181872984857,0.244225228193236,0.10252534726610493,0.10542635642687584,0.23011952915203115,0.27247183431257455,0.3008602812370996,0.009574855466021366,0.33673443191675406,0.18816700640297554,0.14876312881658368,0.10899522748477021
ACGGAGATCGTTTAGG-1,0.06346576090401726,0.18335094294090076,0.05142560368863579,0.10832470262479811,0.1594992214866172,0.13966343835432327,0.17889654805994146,0.28993536559099525,0.17248198875239956,0.27952022267578214,0.39147128852708446,0.2683928360298411,0.25004455825565647,0.24011708411801808,0.24322690811120073,0.10127312131862594,0.09644852994013906,0.2230063586991961,0.20383270742572468,0.2679243334893901,0.018662702213377323,0.20752280738775553,0.17783218181271362,0.15352707801456575,0.11463954280235066
AAAGTAGTCACTATTC-1,0.07067135908137896,0.20235065305638486,0.05857429537400672,0.15368677466927372,0.07955472923722644,0.07622966798098792,0.13527267703716822,0.290592660218252,0.14142881476793906,0.45947910063043534,0.24207970271699128,0.2968958623979499,0.1992977512378438,0.275472237218122,0.2298455215596767,0.11055337156341366,0.07854863202507527,0.19732420349170854,0.2626423215834511,0.2864390817373311,-0.0069971349214387754,-0.038950995880905816,0.199468594133258,0.15716047035580868,0.11296735739730658
ACACCCTGTTCCGGCA-1,0.0387618186017039,0.19920889974887135,0.023225431605387564,0.10716305553559043,0.1645992856965104,0.11260478484576757,0.1834162580440847,0.2922785289724411,0.17888139314103058,0.35089816176516175,0.2607455327454007,0.23036598097898262,0.21346215045658423,0.2703219788977026,0.24211203723371044,0.08901006415180901,0.06062093516746855,0.17855988171649914,0.1839880459507409,0.21951011923484862,-0.02212732089514103,0.021512458883244316,0.21557764082226386,0.12498891423367535,0.08416072230637064
AACCGCGGTGATGTGG-1,0.11380479891357415,0.22654552951517326,0.04645229946015995,0.1379882370018199,0.15010606176595387,0.08133614911710797,0.12460005134204001,0.2641364762885772,0.1644136588018256,0.4733720585178595,0.21031917777998693,0.2290322600963601,0.22094619832665563,0.22227157613984905,0.1835855967309975,0.1269934324994565,0.14433165220495256,0.2138371858689066,0.26828382491788844,0.280691651556791,0.024870493728528297,-0.1044011286668719,0.19070003974483307,0.1654349659609575,0.09302457242105266
CAGAATCTCAGAGACG-1,0.16105334178271094,0.29753149541374685,0.3529794230410275,0.4023561387948605,0.03776934448891187,0.02329749700934348,0.05179525595641765,0.04200579836433374,0.052075049209792536,0.2064860609066736,0.03214299776773692,0.039161141759484784,0.02961104938273449,0.04064202204248394,0.034241005625977525,0.42998247707345644,0.14162951677686197,0.06403211318156571,0.07981401045962339,0.07111816677922018,0.05344814280943188,0.3306688230732587,0.4462098454125004,0.5029343544820892,0.23126754107750908
ACGCAGCCATGAAGTA-1,0.16525006598823042,0.27424488338585684,0.3090176919580798,0.36441088258879545,0.04292848578419446,0.0265223466840602,0.06350116328490765,0.040795960419139056,0.050534916909716,0.18377927640318595,0.02388210108997379,0.011801060567797284,0.034397181868886885,0.02185464844865317,0.023030628765156404,0.3686259763445909,0.16351466814728952,0.06263452136643145,0.05770555101528545,0.05678817510813534,0.04862545410113596,0.33722361262734657,-0.15100632670739497,0.518949471863909,0.28416606949988804
AGGGATGAGCTGATAA-1,0.17672304930721178,0.27618855262047065,0.422490463748957,0.5155642578137856,0.010009854230452439,0.0018816415151967972,0.040467927237521455,0.021026924746521732,0.06268363322258244,0.16853297138324533,-0.0065699555375101516,0.01194927195567545,0.0009771190208816148,-0.0014095167525192286,-0.010271004709319983,0.4864192354795928,0.15978555929789026,0.06324993089949088,0.02689065147949192,0.044918362954646664,0.030530595016295715,0.3152226373407408,0.5069339490425129,0.5722174707809567,0.3170857615379046
CACACCTCATCCGCGA-1,0.20113446441381366,0.30322256394051067,0.41612982791664527,0.6392105890048821,0.06459753779483302,0.03350465279595757,0.06811800271344436,0.029568382288869204,0.07393140518607742,0.228561493031494,0.017364494524511234,0.02019957771702826,0.028801258044663575,0.016585836845496464,-0.0018536631726529297,0.5340808821331221,0.19719034166117716,0.06871605021243243,0.05710976713643107,0.08159059726377825,0.08039497480352205,0.32784333360174056,0.5035232275899887,-0.03212388530167065,0.2828925837017215
CACTCCAAGCGGCTTC-2,0.06985005210575004,0.2312303471394242,0.015552646177765677,0.03367222725516957,0.018351056543498376,0.01031743246791957,0.007377525406642828,0.012523804305451362,0.022053086986686343,0.10470603863533975,0.0015066291805849558,0.0071191556549486945,-0.005830298097245905,-0.007096358338052196,-0.006629742691309762,0.044690805527222544,0.05963961392644824,0.010173172174821636,-0.009342631777161528,-0.012642406556170983,0.02427906805554704,0.1513348609395043,0.1263495165756546,0.09657054124078439,0.09347936028264778
ATAAGAGAGTGGTAAT-1,0.16309581450871927,0.3183534246098793,0.3722712720619535,0.40475499348715227,0.044553315685214465,0.0461872240878018,0.05794831972579471,0.05334713311230926,0.0686587539322768,0.21596480316102584,0.03651181128491609,0.04022287331259704,0.030488668153477515,0.03974982498241319,0.02005468965129704,0.46038260205451126,0.16259357305236102,0.0780886008596088,0.06846977568274289,0.0922748300152167,0.07578607013699987,0.35474869327230046,0.4632191780940511,0.4003636560504093,0.27871801690813364
TACTCGCAGATATACG-1,0.0619348926187639,0.22676921479057272,0.09308689028008532,0.14507273507805946,0.12179479771733301,0.09934679462649908,0.11682732035141095,0.18762165278919382,0.1337693253576666,0.3131363261156815,0.2460562995951301,0.18879045818674628,0.17098166632109588,0.18415415832081783,0.18439752494408285,0.17157554399119404,0.1298565138079971,0.3124671885295333,0.29199819836721114,0.2791512983360133,0.04850310290490879,0.05811121283735135,0.27278213191210166,0.23224754459752814,0.16354043750978026
ACGGAGATCAAGAAGT-1,0.09028561681419246,0.24951578852982695,0.07148438681947897,0.15444473875622225,0.16013932384405757,0.1194593526054967,0.16788823082065396,0.2661523944879305,0.15416068802955912,0.48725046996130744,0.23613985052610054,0.25364726989299735,0.2342654333091914,0.25306004960754647,0.23665739830738083,0.1524053661557665,0.14773655284673248,0.17998985489612968,0.2478371775783192,0.27969951758375966,0.025971225584131955,-0.093474166371545,0.25619085656068546,0.21243439290424704,0.1273725162711109
AAAGCAAGTCTTGTCC-1,0.20199944041276918,0.28043325741308894,0.4464651465026347,0.622147503857015,0.0432354560258597,0.055518043210504915,0.06660574131502109,0.0438637466685109,0.07195771216175775,0.21264780043978235,-0.003584697289812748,0.005180852786070464,0.013282735511597326,0.020204315841654708,-0.00869773232720385,0.5692051187442623,0.16752953259052283,0.06784880954514351,0.053324800444819846,0.07198607863508873,0.06184810939377603,0.31120499543650926,0.45491805852770417,0.5085753643008183,0.2569714562222851
CGTTAGAGTTTGTTTC-1,0.13416146211597618,0.24376578559852946,0.34907949186247383,0.5264563250418175,0.04340088976887316,0.015812091218780806,0.048227684939189296,0.034812661574026106,0.07056121162843101,0.2056733828532835,0.031580862123809464,0.01924091722083335,0.02644644719699648,0.022163417723156928,0.01358288120727693,0.47162288583884865,0.16113897323176146,0.037249960077178526,0.05295020137741226,0.08306648253406446,0.05419926802464691,0.2902942002381628,0.4277477618317163,0.4572563677064681,0.23964881080050454
GTAACGTCACTTCTGC-1,-0.013791965608829596,0.021835441349540904,0.19660551225257195,0.020137871950352233,0.31753157473288496,0.35601392811550764,0.01916932081596692,-0.012167153720402541,-0.010220536604883111,0.021567884497518054,0.013041543620102078,-0.010739405470759132,0.0178644118308788,0.01614283754056408,0.016629609180386605,0.1880847148962253,0.022248822123382445,-0.01032365033725853,-0.010089604523592244,0.007093042119293467,0.019520128464529496,0.1761898671153839,0.17496893405573474,0.17080606753897368,-0.009751428656578668
AAGTCTGAGGTGTTAA-1,0.09031093285006371,0.15407758141348893,0.06386436835910002,0.11048034354683486,0.16753757162600072,0.17392588678655127,0.18692033272825334,0.29822889091538335,0.16761303184777435,0.5469130561416404,0.29688584427745035,0.2733190490651256,0.24355939723657197,0.21988778069935574,0.23626474743031645,0.12029443037169098,0.12786175831648178,0.1644248825424217,0.1696666120789865,0.1924398164893892,0.05079079313770617,-0.23403357050986784,0.2113969660350868,0.1421430364202445,0.1296996067376385
ACGAGCCTCATGTCTT-1,0.15737237870246296,0.26097405508512156,0.0780996665769404,0.14876357306303112,0.10864924206647934,0.07118604728012903,0.142751556364486,0.12307504160719628,0.10381876151807926,0.28953810985334694,0.09054133997989769,0.07158965598991937,0.12562662015167805,0.08585785004711505,0.10295821811502631,0.13730396917463572,0.2187114345890872,0.08179431042090644,0.08595178594773357,0.10902641406675737,0.11174531886726698,0.35732081852921627,0.2629365918231485,0.1783640389712112,0.12767249805578276
ACGGCCAAGGACCACA-1,0.017816156981831133,0.1690081209636222,0.06826220410905655,0.06448761464608446,0.1652477916196818,0.20142067615361295,0.186316551137505,0.25281553131711837,0.16509896765208987,0.3538576499613325,0.29963132760154954,0.19690768448074075,0.2193849895201586,0.20793809385520226,0.22588632893232422,0.08972439053756799,0.08697286149180262,0.22157281532509293,0.20607039832447205,0.20079467544930168,0.019566218445926323,-0.03147891413347794,0.16608572326122367,0.14354635156500525,0.0684564084410519
CACACCTTCATCTGCC-1,0.07457712522738738,0.089994511508088,0.10103879830388933,0.14675014752653254,0.051467919766631384,0.012637836629117055,0.02479513344173959,0.24887377626248763,0.07431346464777268,0.24266749629075168,0.23267969819179157,0.24261208502474732,0.14472262640367275,0.2549386242045697,0.18524373896040516,0.11431500133248827,0.10964724065682853,0.253155178383142,0.45236465849746016,0.34715175609725646,0.024803998981843677,0.21299471392251076,0.15633404952880914,0.15131537221435137,0.10749193531001869
GTTAAGCCATGTAGTC-1,0.0331809202135642,0.21391069038200097,0.06829469440955806,0.09398976858527766,0.14904438992784536,0.1012951680156409,0.16562734228849477,0.20058788440310615,0.1369604150914759,0.3575216274558685,0.2205262696093794,0.16725988617860074,0.17429567251784941,0.1762348590364033,0.15739055151870684,0.09682615425810999,0.1241268936611375,0.5242723973033161,0.22429621498966784,0.2376258098523569,0.04271870405490146,0.16148704637832875,0.2175177879171128,0.15498584643800511,0.11330104373705972
CAAGATCCAAGGACTG-2,0.07036382848536903,0.2084920209885628,0.08373020441611528,0.1573179309058512,0.11797780978495001,0.07330805630223866,0.11296676564266062,0.17234117845831035,0.07498360624990025,0.24234179686610283,0.16002053964111046,0.19243229690394728,0.1641416612260259,0.1672104678103404,0.1590735506345383,0.13693968087978411,0.13058616496925401,0.22487547188495507,0.27260120217114864,0.2286120820115116,-0.0008179237738485176,0.08704421486817135,0.25849731966476874,0.20003750101282577,0.13486301235051665
CAAGGCCGTGAGGGTT-1,0.293952792843787,0.25874558249942003,0.05559396445455995,0.11755065312866853,0.10432015129496584,0.053725375555978054,0.07012215234555966,0.03260718347271913,0.1136091326912393,0.18057821518214354,0.04186620593680792,0.030188065833613633,0.028532348646022106,0.026116226776111168,0.014708685860917156,0.1310944564848067,0.3825644191007259,0.06769732860834214,0.038957461892719675,0.0674097674562791,0.6084784640239811,0.24910472017767285,0.29567880592296764,0.23466663183146802,0.20138847238691882
TTCGAAGAGGACATTA-1,0.04445279663180714,0.1606246591791915,0.048584446903717195,0.07974170273766547,0.18494696419128348,0.14850668664467398,0.1923242093402841,0.10640109402323597,0.1672152780065673,0.1347459127241604,0.09427938547475913,0.08436673287908758,0.1438814747939281,0.1061094334166679,0.10744517284370263,0.07764213743519728,0.11567962914628133,0.06075256954941369,0.04519423770540192,0.09776171839670798,0.033744221168931596,0.020133783164685014,0.19350069607199377,0.1340203400260743,0.07151893637639187
ACACCAATCGTTTATC-1,0.07969475694214936,0.18397671879657906,0.033980524747317865,0.10716239875022562,0.11657865604951541,0.12833624622126957,0.15399805643179687,0.20156920513247117,0.17083731105721306,0.5063973838698108,0.21820505209671381,0.1929589457378003,0.1992910122252583,0.17917813801971058,0.19128704597936258,0.10078007524027234,0.1264222082660998,0.19030737126295838,0.18142414645854302,0.18868005097110924,0.040739218642045424,-0.1487987137691697,0.22103591137964737,0.1595636817719567,0.06316893572585905
TCTCTAAAGATATACG-1,0.04571051309572998,0.19135724901473367,0.06271919133402762,0.10327396415857454,0.10284672183660848,0.059076945734135716,0.10841334642880363,0.18845373995069978,0.08980691372980823,0.10845857533446877,0.2061696452030496,0.1882080127416036,0.17055460095911718,0.1951716421186309,0.1666655381462929,0.08663912490124885,0.08742447255531627,0.26218477517792405,0.22152389089236613,0.2890311588258572,0.012071189350489866,0.053029369176189695,0.1610903572652018,0.11791380019906349,0.06011651914076684
CGATGTAGTCCATGAT-1,0.0428164543897985,0.10329749259654042,0.057554234884229435,0.07076536120473348,0.09603787613047642,-0.009399805416955464,0.01773176345910691,0.06966014589512023,0.03579428841518541,0.15016806477890085,0.15440995275099031,0.09938008247072648,0.09736389406531522,0.07644269030989079,0.09404334367197421,0.07149372787288122,0.06390503573528176,0.3644235649074285,0.2618628768475152,0.18084858254188382,0.0027554094925584965,0.17378168541030925,0.12405296329666027,0.13318007711794333,0.07599841270714543
AGAGCGAAGTGTCCCG-1,0.425583589270676,0.17721493314028358,0.1063681052087886,0.11531438335216465,0.08968219837565086,0.07010540379324005,0.03044649528593353,0.020672899412555987,0.11504500271479824,0.11881523480115073,0.033444691512495454,0.012909816938192866,0.012154917544165672,0.010158292216949917,0.010814473976547527,0.10745679428867598,0.43562805622241285,0.04170318196811798,0.005387340639854091,0.012049011885971345,0.5011470098978807,0.1979214194614149,0.2846977447538544,0.16855461834471303,0.1398088198236052
CTGATCCCAGTCGTGC-2,0.06766209789143209,0.06835440788839883,0.02468627179661371,0.022947895138786343,-0.013525560103614866,-0.007791799673812877,-0.013106661668211981,-0.0014635787918806434,0.003519382656167637,0.025757720761279922,-0.0017746720571379325,-0.013317716038151335,-0.013525560004595063,0.0003694280998498107,0.0007874960513985522,0.03049211224502989,0.045986943127496564,0.023756414231227565,0.02493075292818081,0.019377144323373265,0.021473177934270067,0.0436874197835443,0.06982941809470536,0.04360569688203865,0.18889267574728316
AAAGTAGGTCATATGC-1,0.028763148925952903,0.1684205808746769,0.025988416763167613,0.10626450038041252,0.07350596583351464,0.07021346378089026,0.08759033687810876,0.2554664865559938,0.09228441590086643,0.18937020755238798,0.20650040059856212,0.24677051432464026,0.18734858496464823,0.2478819960188453,0.21118542770144855,0.0690670581958137,0.07350402346674334,0.2050368477822244,0.29893998644036957,0.5012327370138243,-0.013731334536164071,0.29268188787017213,0.17656618762255413,0.14899558867246612,0.11166190873161776
CACACTCAGTAGCCGA-1,0.05739865358724287,0.16311269335597448,0.046061818544159944,0.11998100597057629,0.10671759455838294,0.06894580707510586,0.0848925044479304,0.20608421053785217,0.09856730520545667,0.3268409916150402,0.16074879189539584,0.2018459515794517,0.14001030636974882,0.19583206191469954,0.15257968461088822,0.09321029269626632,0.08273451416143204,0.16885960670775477,0.21585100237405241,0.2480749778492818,0.00749568504584691,0.2739450629252404,0.12898799278949036,0.11428562554319911,0.05882477451695309
AACTCAGCATTTGCTT-2,0.032960502936482734,0.12683725236119237,0.20187104843603093,0.09539373710750598,0.025876725130016584,0.05500782176984403,0.0628188460040519,-0.009936335223577697,-0.008346625694444288,0.06588397822580096,0.020623307547445662,-0.008770361196345318,0.025904619055617112,0.024013698700656578,0.024539538149338926,0.1058223743199282,0.03305885657226818,-0.008449348998008253,-0.008257795168056045,0.0130206396161331,0.02751436568264528,0.07023276533392675,0.059808573539039206,0.10305052353157909,0.022627698235558196
AATCGGTCAATGGTCT-1,0.08106881900510007,0.1618233841891189,0.06845166242705955,0.1660766395854166,0.12045064050201475,0.06217922888990815,0.12459627965711505,0.22946859723222435,0.143783629897972,0.28827588413409005,0.20811576090348333,0.2000163071000587,0.16776349348745037,0.20776154776504774,0.1870707700985093,0.13605458502325324,0.1319109459035673,0.46594146124937913,0.5532221643378465,0.4651143955086333,0.02300307823057759,0.30311649609831237,0.15529383469221406,0.1476779024041748,0.11006570298780319
AGATTGCTCTCAAGTG-2,0.05641195334871079,0.2652383960669212,0.042014843899577534,0.0996550048486496,0.19617585993583375,0.1265784408604081,0.1737985218173616,0.14055018889172935,0.18073295115537036,0.29540490653854545,0.1160250886271181,0.09465004640362806,0.14101423391455675,0.12361621002239613,0.140285264400024,0.09631161076796554,0.1379550938185154,0.06919795116715632,0.05593965437273126,0.10033885687732763,0.053365333599376306,0.40088989167918077,0.24063494398851665,0.16691584633051554,0.11315964022147101
GTAACTGTCGTATCAG-1,0.15905060228849613,0.4423383415484603,0.0821462522493029,0.16197500956037136,0.06402312530162185,-0.002305607792979349,0.041762142592710126,0.023747123013236993,0.07731366539291568,0.20014659038356952,-0.00027765893359824273,-0.00408676885099982,0.01835392917459619,0.0006232303291729147,-0.0034489131179251333,0.15145621593688005,0.18906738206657187,0.00952947861470002,0.003766015345308835,0.02217457786980412,0.09606528956383323,0.37429207620252436,0.34273951451240153,0.24555222501723933,0.2012157048598776
GCACATACATATGAGA-2,0.1487372176807652,0.3170373436186941,0.1525425254738041,0.17323604243407154,0.05797709820903285,0.04430556367250289,0.05321028184048495,0.02712728645323014,0.04776751434584743,0.16110352645368536,0.0314662218161564,0.001851335957556451,0.01738707005838325,0.015183465769654491,0.015797666739679063,0.1927935050152507,0.16355337831603267,0.023923110493590957,0.05636023944108061,0.05058495714167598,0.11080971778715251,0.2727725730113343,0.33291326599533294,0.2818698357497562,0.48103667284084545
AAAGATGAGTTCGCGC-1,0.12794750639701355,0.2031669122793972,0.43512634097075836,0.29439066230940625,0.02552776190136521,0.04029989253927865,0.05722274212465763,0.05856635567971559,0.045037081239421704,0.14685190426989853,0.01758518547945832,0.041439783719241174,0.02541573475161987,0.03646027191626099,0.023034959450856943,0.36822963396339276,0.1269728051743816,0.08510839787169004,0.05211180494728543,0.08523022179382064,0.05834009995709776,0.24209280924819104,0.39565469927852503,0.37810389307548065,0.24576994177126818
ACGGGTCCACGAGGTA-1,0.054941836251757026,0.2520401212727396,0.0628258947951598,0.0995812176947425,0.20416822649305538,0.15897484288399566,0.1250206201722955,0.09122015974476487,0.17343596023440733,0.21040780346080507,0.0609542532046052,0.0767543156686602,0.0960303272262288,0.049101516687097356,0.05054209397434514,0.09019234732919951,0.07717833228407907,0.017862387682013894,0.018724089413256966,0.04488428648744636,0.03630759136631688,0.3069807171911186,0.211873370819489,0.1608371203025603,0.07877110490685704
ACACTGACATTCTCAT-1,0.5179199018147231,0.20469778032515953,0.08393999636737268,0.1427918815905709,0.08086890308827845,0.023061300271088523,0.039439974356819965,-0.0018800327044461449,0.05584971221184682,0.1691237629629481,0.016569298419076166,0.0045216216709769086,0.0036101145123313754,0.0011514055379526894,-0.008095772144057363,0.15182621326424284,0.5580371547293183,0.03691226320015265,0.014356250054389839,0.013742908428644753,0.6256319875707074,0.31838145125789163,0.30305038519321736,0.2266670056812671,0.2211376561920493
TTGCCGTAGATCGGGT-1,0.054096344531590575,0.16972841589163704,0.038286357528312887,0.09984672369927798,0.07291222877048678,0.028572519385050378,0.06385581145789014,0.2034434919245993,0.054910876482002,0.28752357343418034,0.24786526385831936,0.20204813477819278,0.1358473848983747,0.201017470777898,0.16863602257614982,0.09253434318744475,0.10856231179912092,0.34634181762292215,0.3959457222185502,0.44150385639096357,0.029409458434821966,0.28029397701613623,0.20892216741945588,0.17162257916268497,0.09804317030525782
ACCTTTAAGCTCCTTC-1,0.05448438335601714,0.18498192734630392,0.019985368518105794,0.09656680544653348,0.22976577255631933,0.1424461588683323,0.2530883990156688,0.1776276605751596,0.26268517437408523,0.13217008322142446,0.17241119846785516,0.15617322146327756,0.21874907831539658,0.15719536364441694,0.13413583366126636,0.06134801297306743,0.11273760491453828,0.12279994451285668,0.1371392878650579,0.12779532214401665,0.013198404291119202,-0.007776314204929095,0.2068920273117831,0.11055816565979346,0.0545942276480644
ACTTACTGTAGGCTGA-1,0.05105432551735134,0.1462224699228476,0.009948501546955906,0.043366393887339545,0.24891189245657241,0.13093412904269847,0.22033171301553883,0.13213316951343057,0.17944647045604512,-0.03267140661904866,0.06755431755583126,0.08510659870813926,0.1414542672869987,0.08863342505150634,0.05652092301481633,0.04894932084430428,0.11056401715547516,0.038950411387854704,0.04091978796353647,0.07319180986391755,0.026944834004155937,0.11343437636425907,0.1588631939750554,0.09371613625968707,0.03882337778021323
ACACCCTAGCTGCCCA-1,0.04916167379304184,0.18110133634665213,0.034588986086509066,0.06315693344159116,0.2085193134694988,0.1719709997424914,0.21714056358102768,0.21481684664444975,0.1683929208403052,0.36163177470109237,0.4150476051996951,0.22912366905867015,0.22621540769635626,0.21405530567054235,0.21828056592797235,0.05738467068964231,0.06981608741460144,0.13386029430931914,0.12495911718269498,0.13202083254796054,0.065851486301791,0.22891443284465457,0.14999641408940545,0.08459371961010186,0.03590775943992871
AGTTGGTTCAAACCGT-1,0.04598419360070333,0.20714535744449988,0.03824825798312868,0.1264578630836806,0.19482226517759538,0.1254509206344675,0.1833342650658893,0.1316574799801304,0.1663556048737603,0.2969106300425235,0.10372728338377833,0.09347049915645766,0.13818838414728982,0.10074830746704844,0.11052200815613072,0.09928484334130884,0.10193245074125556,0.08828745858859238,0.09822807484048948,0.11887562003665349,0.017917536344148492,0.3562124254492962,0.23140211492112434,0.16729841352366875,0.09609006665088816
AGAGTGGTCAAACCGT-1,0.17090934903427998,0.24608694291681418,0.46722957434960055,0.40116390124452117,0.03300313493847126,0.02931736786201899,0.036421913708306705,0.03922017049078613,0.06571573523456838,0.1621114485706887,-0.002463357331200492,0.02593380825100865,0.031765925671954555,0.02062458250202801,0.012435806051458956,0.17636229990835176,0.15448239324023721,0.05491482509256408,0.028382611895183103,0.051349703077768705,0.04641974799494307,0.27120445180481023,0.4118796757301153,0.34462280469952944,0.2120826807443614
GCTGCTTCATTCCTGC-1,0.15150287375853144,0.3139108400551336,0.295733494673474,0.38958285798494646,0.0988128325894562,0.0767172501239825,0.10220499462631767,0.17898318420797907,0.10617072701432662,0.3521038357208053,0.14368500451825844,0.1901866454852995,0.14969653999936244,0.18023023099287955,0.151097569298508,0.34074084211543826,0.16691482418335435,0.18967936860340331,0.20393940661508494,0.23285078377214602,0.06390135895642322,0.4626367037834453,-0.09800130108440594,0.6115599236431578,0.33072258441588626
CTCTAATTCATCTGCC-1,0.04351805920864476,0.15281470539918537,0.020447763247933595,0.06976392813949626,0.21455186480202762,0.1142144989776988,0.14487844929611454,0.07589849461878868,0.12057435484991391,0.2493308294460351,0.09164214219474871,0.04790362180787938,0.09267353574783907,0.0670441716872952,0.0704671323645875,0.07149269817976456,0.10051794664366714,0.05859423265756828,0.03171604756651625,0.06395060875402735,0.024373451044644768,0.2996842230062495,0.18659734406753392,0.12621494029942973,0.06608322548810876
AAATGCCGTCTCCACT-1,0.09624750240853922,0.20060856070182936,0.04365373791205875,0.09983127433374767,0.11631727389755274,0.11791524230793807,0.16541238700356412,0.25627405417088306,0.14955608796110947,0.3459400360715279,0.23547354369168416,0.24329682490813387,0.22560593889986472,0.22710052518094617,0.18812017355095453,0.0874541872211851,0.0665684550612788,0.17009192698158923,0.23860249077387993,0.24568740083887552,0.016108930725938015,0.2799994039507563,0.17944608499875978,0.11995628139814335,0.11540486439571065
AACTCAGCACAGGAGT-1,0.04844258483234564,0.15345796215918203,0.04625727743743639,0.11319772069935813,0.14332907224784452,0.11385293118248112,0.150241508244444,0.2567384843722556,0.1173047516350833,0.38609307764274253,0.3185214727090856,0.27357639899096975,0.20683446249068688,0.27782106508775073,0.23531166748355808,0.08576090913982155,0.08339634218965883,0.2448537525873665,0.2899131590400749,0.3235742509248292,0.0021213439796159248,0.32784991810971076,0.16936903237065373,0.1483293512326298,0.07629879746895381
AAATGCCAGGTGCTAG-1,0.15579255111829618,0.19598828561573126,0.4454022479013529,0.31560485570916624,0.033764405993972284,0.057297499677629406,0.03608420910786207,0.03830324628340564,0.0519214140871143,0.09212955588334122,0.002385811245645327,0.03473337406559941,0.02099783568567091,0.030598276154362353,0.019251177034840073,0.28831770891371294,0.11848007867651231,0.06469217768654084,0.066583331004101,0.05638456070947265,0.05445330206806931,0.2071156686162638,0.3714160819936826,0.3436340545424809,0.23537194314873044
GGATGTTTCTACTATC-1,0.04584731620796208,0.1552161501629659,0.05035742889179696,0.06859629043402264,0.22077646787381908,0.14103572543126247,0.1970537970090486,0.10365701799167379,0.1556946641032499,0.040816511268960055,0.09224726457634455,0.07830677161158338,0.12187991997512779,0.10327988009122706,0.07389878081564617,0.07041673807009773,0.113501149120886,0.03989631568812081,0.04197808851628848,0.07573605135632422,0.028537287669733808,-0.013292523252574608,0.1400683950971618,0.10145334986576605,0.06937509778356821
ACACCAACATGGTAGG-1,0.06581693878057031,0.2007047464718904,0.053169704288776674,0.16179035458951577,0.02881471406846177,0.0014668087780125342,0.04168091826704913,0.18246553248916475,0.06698232577699756,0.48538226287197267,0.1784374659484853,0.17445522235517688,0.12798961204516013,0.16988229208896627,0.1437226662715085,0.13497942465275203,0.11046965780439795,0.20824478325884616,0.29466233650368556,0.27516951956434854,-0.004585348197183052,-0.16428871939922182,0.22941580354884067,0.20176675108596331,0.13899693012694256
CATATGGTCAAACAAG-1,-0.010356884948688022,0.15483711404585276,0.15928845341090994,0.15362471130120087,0.1693285824711076,0.1694378826872479,0.16497051175840172,-0.006445581313943999,-0.005414355836439265,0.15698691050693073,0.15799727201949448,-0.0056892279670239,0.14646585931930947,0.16937260213162336,0.17534030122146396,0.16127447533812497,0.16061477777709812,-0.006755393261184401,-0.006602242828847158,0.15578289264378214,0.15439416292323924,0.1660569412927757,0.16415091246771896,0.17080199406439764,-0.012927951724801816
ACATACGTCGAACTGT-1,0.16988283240972785,0.27230144009130475,0.39154874493442793,0.42408659200571286,0.02993463881152448,0.04333463603105401,0.03348668724012553,0.04828734151425928,0.05115742772282462,0.17806778894593767,0.017280287775648804,0.03757486863970749,0.013361732362464965,0.0318415591790209,0.018445862088394615,0.4438323556158324,0.1598782556829219,0.07971377139680487,0.06069277484176878,0.06588706658818942,0.06584247283109322,0.27901996275337126,0.42612995514334157,0.5000742082674113,0.23934415473605175
ACACCGGCACTAAGTC-1,0.054924673230074085,0.18231138532071162,0.039008681630855566,0.11375869481685319,0.1763553532144731,0.16210225644159204,0.22311265554707796,0.21074639638421339,0.16374887120635537,0.30680843224421867,0.24271822322305558,0.20754251293796916,0.2673671417183536,0.25175760879219256,0.23443351724720196,0.08232818084936545,0.05590086261560992,0.17582849756267965,0.17835434200422673,0.21053560466024301,0.01702080809712157,-0.012886020585459271,0.1820169225011379,0.10688146057186983,0.04738202202016598
GGGACCTCAGGGTACA-2,0.13537767685299826,0.2850349855038052,0.14801130523335598,0.1681247815829777,0.0203715680718593,0.012463651719800756,0.03062881055226246,0.030673849507946646,0.018162451654124577,0.15313006928696685,0.028509329829580987,0.00841797334892761,-0.0030518887385833798,0.01167422871286377,0.004879802695728933,0.19106650868485264,0.1559373806553466,0.04771238234106159,0.06545502351354994,0.05266027369979471,0.07902661324855129,0.26688643386029504,0.3370461283149386,0.2809097508536498,0.4796148897182764
ACACCCTAGGATCGCA-1,0.007645946334094932,0.17721002716128753,0.020255070674744097,0.05165556812010129,0.5905017781626802,0.1783296341098539,0.23399084449454696,0.16566469357530458,0.2074412457235028,0.4100948756146647,0.12519785165069353,0.1183073534834947,0.2040191270902144,0.15113194423935458,0.13298879438447062,0.03544575931541033,0.07880885337351526,0.08189216188480908,0.05827446305678021,0.07760132630625012,0.034115308136648044,0.3338411892854415,0.16480839187725632,0.10966332184642583,0.05616686324371685
ACATACGCACGGTAAG-1,0.5132501849033615,-0.11330673345102113,0.051850201383743834,0.08990289695348853,0.025842107914614495,0.007918391858406728,0.02738908740848572,0.028307802987533735,0.06868981775497005,0.11214618058632374,-0.002683107859549979,-0.0089527758119269,0.0020595253305486574,-0.010883081925288914,-0.0216018862333662,0.08270667271100227,0.19656934093369685,0.004804891625202179,-0.012906574990192531,-0.016320234308587898,0.15268958753044787,0.17522190793699655,0.20263303792205234,0.11827572668815461,0.1580478556133669
AGCCTAAGTTGTGGCC-1,0.027092171066598822,0.12167426655870324,0.060287976324031545,0.06882004199885847,0.1954242082108134,0.16136937252798916,0.16862755868221682,0.12740090774039095,0.12314786072406529,0.22418331608200157,0.13965724139173277,0.09895794982496367,0.2117396488648826,0.15432377641424616,0.17256895906264513,0.0747875166882518,0.1069384572683734,0.10905012904799484,0.09953227906161496,0.13330573199650567,0.0330365090760271,0.014063979620554634,0.18472584236558368,0.1184810065162914,0.09500492439453023
AACCATGCAGACGCAA-1,0.06623705836608165,0.1976135745175939,0.06767452669130726,0.12757083807509545,0.14570299079169322,0.13442654404543294,0.15326345503596242,0.24365933639960988,0.15902361371637047,0.4256495949168143,0.21192035710645749,0.24000594309097936,0.21370562331941498,0.24354005034512294,0.20558920420249552,0.10722577668938911,0.08085020860382465,0.2051406666237068,0.23775421251147316,0.23446412983566114,0.012142749978716757,0.020002983898123595,0.18620842082060604,0.1309941809182797,0.08574758739264933
CCATTCGTCGGATGTT-1,0.035016889540070116,0.1751856236054032,0.04758135157773212,0.09556444993112904,0.09557634551081842,0.02432200410937009,0.05684479879383459,0.17922311467309984,0.09304647970202573,0.03627662529083389,0.1881722362968904,0.17669392648179855,0.10847577225777659,0.16360587433789855,0.15622070775061106,0.07289972372106983,0.10163500185075137,0.4570375900651361,0.2658816064421728,0.25265322609608,0.015098343511772118,0.25506442943598984,0.20017936891616958,0.13667328615077484,0.08435859666961251
AAGGCAGAGACACTAA-1,0.08691819395623863,0.25121235940126024,0.07167647785421996,0.15792425922579473,0.14957874113299552,0.10288440799070385,0.1402726893326868,0.2589041850506994,0.15721514418938984,0.43395544608866526,0.24270882640804348,0.2193136543612527,0.20289467216328405,0.22829923353231313,0.1934129946038614,0.14175038507410861,0.11902640732063446,0.21177847199053823,0.2698116607039871,0.2742584029950719,0.02175988217424107,-0.050725142605227,0.256211428793766,0.20438631089533216,0.1407811909888334
ACGATGTCACGAGGTA-1,0.2505812159578482,0.19634592192196348,0.09063448699927074,0.11171281765801305,0.05130927478347716,0.030321208890653525,0.042821199833706594,0.009986419550495578,0.05771132948095528,0.09303860838387379,-0.010730527750116391,-0.006971466406632409,0.02733317612070441,-0.008787476899352279,0.0028822650273857275,0.11488944706371301,0.33909001085541834,0.007641963218382413,-0.0013282040862621681,0.012372324852396087,0.5232481695183484,0.1714471656717778,0.17871729180109602,0.16652031758600092,0.15606148568469438
AGGGATGGTCTGGTCG-1,0.06141617579844054,0.16882785694706032,0.03852936116523498,0.07821385342871025,0.21589282935276227,0.15160962634032413,0.2010455596890756,0.12413648104941503,0.18811785320616647,0.23503055060312367,0.11278665272913765,0.1043906628456615,0.17445598386268704,0.11634187977052307,0.12870986867361223,0.05817399490654083,0.11928064098069449,0.04563640640984585,0.03793651802495654,0.08528197650810397,0.04803948168956505,0.299747146256087,0.19851355623980202,0.09515255190388722,0.07136407148232216
AAAGTAGGTAGTGAAT-1,0.059599528331596756,0.19433073527697953,0.04390712362872741,0.0593716868022775,0.21969757575174823,0.1495470476164607,0.2652691536710027,0.1499988845705899,0.2384048457413416,0.1732091209220127,0.13505331658781486,0.11834922467151145,0.17469418409394666,0.15250944616184162,0.16788475230206193,0.059508336717091735,0.11693265770262869,0.06939155377387315,0.05324491277322904,0.10900180102643398,0.03496343255663296,0.12702722133843794,0.19638502363318866,0.1203350682436289,0.08193009633947948
ACGATACAGGCCCTCA-1,0.17782725273512037,0.3086261226463762,0.34947221851265603,0.39679164072037304,0.059079369502996804,0.01651520879185156,0.07421418597171882,0.042509595478812126,0.08494935531207193,0.2246606280079103,0.030475321612764148,0.04462659379492676,0.03458274896188306,0.03933949497153282,0.031855793883035693,0.40718723646402294,0.19244243289073498,0.10425662850883292,0.06296049502780592,0.0974541134555019,0.07394744356026024,0.3393484183070967,-0.08845874341147798,0.5686644711831526,0.2770639975759845
AACCATGCATGCCCGA-1,0.02747382074754489,0.10431294426744787,0.01588614713885395,0.04879893159424257,0.4990914337761521,0.5470465727079689,0.35514589538043806,0.1649432978463862,0.16084852907661704,0.46007194932659784,0.1253759547575755,0.13556876689277883,0.16207444820020822,0.16605600711812502,0.14141358880341134,0.04320515226005936,0.10105265185071165,0.1090165594708709,0.08961051037745922,0.10660538984097347,0.033506637978846954,0.40839683989036885,0.13367666375923193,0.0933950941314692,0.0752565878510452
AAGGCAGGTACTCAAC-1,0.14360895099844548,0.2235292031173371,0.5327663896267294,0.4507734144757858,0.06675407672317493,0.04576972323973067,0.0831510678655,0.056807913079073694,0.05125756298295278,0.1510828780296168,0.023968567796328073,0.047096033614355465,0.056142398375081025,0.05165404956095073,0.030989609116376264,0.43500914540038843,0.09461215037464721,0.06638526172775662,0.05888845376143541,0.07221881008423442,0.01680518043276379,0.2771389654319279,0.39535268928165174,0.41842072316335505,0.25888893010033776
CAACCAACAGGCTGAA-2,0.07299820760071607,0.300766388527034,0.06461660338749561,0.1541497904979338,0.09050893238150867,0.04307473686094231,0.11451356768365087,0.1723301666603031,0.1179960757895027,0.3467072146013318,0.1348742915916916,0.16473845058687636,0.14917656922159078,0.17134245461181527,0.14079911696903064,0.14163508007095865,0.14232800689936884,0.15634147439389257,0.1755296265820821,0.20668890165810958,0.028562702229690973,0.42880566543676624,0.31670155479705286,0.2304280833073224,0.16222783361520451
CAACTAGAGGAGTTGC-2,0.13297699144437117,0.47596985729418856,0.08461904826809645,0.13644710892681086,0.055183963310868535,0.00430530373781954,0.046529892760009434,0.0314319690594025,0.05187325800812131,0.20296622228485608,0.011050247228072674,0.009885524615384328,0.021765615656690145,0.015225019804114157,0.017505727026976083,0.14473507135372618,0.17261122642455853,0.03653431701131329,0.015354824193093168,0.05583487385343087,0.07982100145962015,0.3722517709294867,0.3520234046726068,0.24267834772585326,0.23153143818966276
AGTCTTTGTCCTCTTG-1,0.253728317577852,0.20675556568657086,0.12423468953353976,0.18398558764170397,0.0740729373864177,0.02499055384027778,0.03241322556062887,0.02067938422259886,0.10603438093891969,0.20424600730153022,0.019883041053564268,0.007375373704300852,0.029378665384303566,0.004651394046463624,-0.00557858956313559,0.19534088784144568,0.17340416392526528,0.005727108587777745,-0.009850485025108158,0.000772965306349653,0.20552689759604237,0.28462333852315463,0.23414230254350454,0.2259151286219331,0.20773181096526533
AGAATAGCAAGTTAAG-1,0.42027598772378605,0.18795659899641715,0.0692431702602223,0.12334658435107286,0.011811357222693263,0.027599918069825438,0.0018995930941187655,-0.0056402733526277685,0.04014287986428474,0.09977193616667394,-0.015697307538889038,-0.011466528411746052,0.010868243377872481,-0.013488392663343157,-0.001936169465906818,0.12968087203236325,0.40348360960417645,0.01140459572595723,0.003454167559457046,-0.0018926599031930844,0.5441638026276788,0.1655081018541471,0.25968381505545063,0.187805915052205,0.1728362682610006
CACAAACGTGTTCTTT-1,0.061570230516803985,0.23696472586255227,0.05348459635296556,0.1145561759064108,0.19568107357547646,0.1144536209235095,0.20171266613735153,0.19349133389876538,0.21312421946754984,0.04902667378628881,0.14837659643750142,0.16164213664403637,0.203920664206907,0.16606317534913406,0.16100338163540484,0.10657158280829075,0.15115948598864082,0.1023298511609782,0.07528943424974786,0.14192920278008944,0.04092182741362148,0.25905494531974727,0.2336596203454977,0.1649691235582863,0.08259843525552932
AAGGCAGGTACCGGCT-1,0.05761419744352562,0.1878201153896003,0.03959247805632352,0.05841941988296507,0.2237341664233433,0.16919657066922902,0.17693727426935993,0.16908438922339136,0.15743595789464737,0.10546862846259891,0.16702167617689853,0.13283459704735873,0.19498839797198947,0.1467107081835603,0.1379928656172177,0.056776469916609236,0.11659040233744287,0.13931276020877897,0.11004896813205466,0.1504389315683085,0.019026681701852115,0.008629929269304377,0.16563230418861824,0.14302570190402425,0.06387189431688235
ACTTTCAAGTGTTGAA-1,0.019975241858366875,0.17867188109107335,0.048072187674023215,0.06959435502139937,0.1902051353583976,0.14927751544093465,0.23209044999395034,0.13878992851998415,0.16159773002442895,0.22312995468538127,0.12641921566911168,0.10223159352556632,0.2139140867302623,0.14247291510105461,0.13505664301903647,0.06987834803873597,0.12897996827489094,0.08107058524541753,0.09128523530441167,0.10789716407477286,0.01971369902961375,0.004474486532334839,0.19805942784337868,0.12441068881902721,0.06522726229223925
AAGGTTCAGAGAACAG-1,0.04525667062921058,0.1454020672751359,0.05122233347278964,0.060932328557588004,0.6383513560968774,0.16486251620086356,0.1880438797563944,0.14309579015666152,0.1682659753711348,0.331490714083118,0.09839763167656361,0.09207167663646779,0.16967041831070917,0.12249065042663371,0.11304080026713745,0.057608284821593185,0.0918679952318662,0.07260491402016053,0.06558221540714995,0.08164433763972988,0.01753851612001293,0.20634202118216033,0.1878545909987275,0.12279417864272582,0.06901368698362488
AAAGTAGCATGACATC-1,0.04513529144024601,0.18847832949088672,0.035261241358962886,0.10457712804361062,0.16786476927250601,0.1463205124633805,0.17642934316450254,0.18227548779952552,0.17316352318293873,0.2449274991921793,0.1442316678803198,0.14236713813785726,0.1294168852137044,0.1401671995337567,0.11419198152128596,0.10688228129939063,0.12029586152905519,0.09817393355719875,0.11108493999012625,0.13410898435525945,0.02218871047752832,0.29676913868175386,0.1805395463842142,0.1568247768463923,0.08140956137745432
AGTTGGTAGTATCGAA-1,0.21285837410861422,0.12813815804104303,0.04508134248373095,0.08675008583551268,0.0761102205907422,0.030201368179279174,0.042131334780716734,-0.013130865884602199,0.058600734156826914,0.1430770273030794,-0.0024090891591879646,-0.020971308298391785,0.002440670574618743,-0.010899474035807323,-0.02193891460372941,0.08967930833617083,0.5097541678357271,0.02630097519742408,-0.0027844163433982222,0.01064036278989963,0.5598202028944804,0.20539643613190897,0.2436883560681767,0.19254550677686497,0.21088826641851932
CACACTCGTCATTAGC-1,0.1727223857917516,0.24682973401477024,0.38124625369550863,0.5825741599346972,0.018272717959201577,0.033423441800533374,0.05994874778839841,0.05523804259025252,0.05386465464945341,0.22554591864628723,0.03334019066944687,0.050561209088349324,0.04776450628768157,0.05303628646321095,0.03478973181367353,0.49000032300641544,0.14414923410262567,0.0857775343624966,0.07484081949467812,0.10201178104069225,0.036389445346162515,0.3190963634426743,0.4493087126557779,0.4766352372149374,0.20747686857825773
ACGCCGAAGGTTACCT-1,0.005493377301181213,0.0939872543787942,0.04897985959110127,0.07181874640843043,0.1494873954154953,0.16511294388459816,0.15586856454412368,0.21109913806132755,0.16164191210968398,0.37856405004328986,0.3745891130563091,0.2170538203458322,0.2521867742218689,0.3455684102101239,0.37432364326666306,0.050345087048467796,0.01500462738720516,0.1818553246870635,0.3050309804804144,0.37655690743462605,-0.01512575866919453,0.2822327853019438,0.08016894236400691,0.05470944784651053,0.03212219139541211
CCTCAGTGTGCCTGGT-1,0.06417739252411087,0.24465100125237602,0.07131184737063354,0.09605426147700735,0.22485541156690445,0.14549564771121176,0.21826237349937608,0.16418867233235318,0.20383270211318538,0.3179650896096971,0.12074611953331242,0.11964005196745311,0.15357364431412243,0.12692046198488516,0.12149073214702447,0.10271626398685808,0.11433076147679164,0.08092976921128427,0.052465446398628,0.09008000574393617,0.024017716400616763,0.3690307806511037,0.2501598590049203,0.17377548559186345,0.09502253789525678
AAATGCCAGGAGTTTA-2,0.03979417463453175,0.24257193536255472,0.05692412414111859,0.12218536617269322,0.23144594760140869,0.13099385698887384,0.1961764172927877,0.2117052321243337,0.1988734549945829,0.3448836457094112,0.19251235348708118,0.1827249624775463,0.22083888597783632,0.1909287406513196,0.17899495288640047,0.10537380214807075,0.1421975531646913,0.19410048979421046,0.18933948125586195,0.19907496070189504,0.028347944893592235,0.004906925565811591,0.24072070611758709,0.17860497736435024,0.11862334530013216
ACTGATGAGTGAAGTT-1,0.050173121906703616,0.189342505515505,0.06289263900232846,0.12708963055841818,0.0590927544343221,0.06669843411254742,0.10057220572607313,0.1835928024519447,0.09502027954233955,0.35394341240395416,0.18242799195160744,0.15969595096452197,0.1371385565288539,0.16475946135381062,0.14082814186025494,0.1129696181842509,0.10245222219914572,0.23837902358522087,0.2633613682609891,0.2613628775224162,0.008588731693845749,0.29263430440718785,0.20994616546926126,0.1446325920732205,0.12602266021485345
CACAGGCCAATGACCT-1,0.04657566359435829,0.31027458724294366,0.0627632648644109,0.12161659633541147,0.1073960109289696,0.07912356693224791,0.1433405845442412,0.13628623822569164,0.1498848001504444,0.2949064575117272,0.11342722882524627,0.10160880602893926,0.12497379782637155,0.09733123540785706,0.09247685502313024,0.11796573673755645,0.12096912315284096,0.058646820293371184,0.06047472136535289,0.11299822823667238,0.017933330492028592,0.44872682703615924,0.2932958905769465,0.2139762664371595,0.12073170395309937
TCTTTCCGTGTTGGGA-1,0.14866115609010805,0.4532555216082838,0.0999614280585348,0.15120743325682273,0.06993503755092018,0.011566366787128425,0.05664216071278301,0.04218445157979108,0.09603198852286095,0.23004029595294906,0.026706698655821388,0.022199900351404723,0.02930701633413127,0.024581424682891165,0.04045317204606125,0.13166408803526933,0.16248855241956237,0.03595823053714086,0.03715378697401119,0.05334182084268242,0.07254182925630914,0.348031699508766,0.31770916942097643,0.2191041500569673,0.1980438474050595
CGCTGGAAGGCTATCT-1,0.03618162195240536,0.25598536879981504,0.06689093790705564,0.11304554592820129,0.16476898566731787,0.18046212050569652,0.1738266585676088,0.1343523340252537,0.13240090733881996,0.11670133209319625,0.12164781646593557,0.1016762835409614,0.17596761531044897,0.10357576395755867,0.09536064458602113,0.11384997272361554,0.11105258459965255,0.07024704885955631,0.055689235415953144,0.10935969165848253,0.015063116208970983,0.042542148302165954,0.25049548932688204,0.15354528034664683,0.11031665952662627
AAACCTGAGGGCACTA-1,0.052819206220311415,0.19096797919973604,0.01375477608704508,0.055787883785425325,0.4672511636350163,0.16887736597237557,0.3158106972148398,0.17009530019469613,0.22713210541206694,0.329005790613085,0.11199005897694449,0.09624522115263075,0.17095126475808156,0.11215677914031902,0.10225439715784722,0.050020995205749555,0.08732970280575597,0.05241186027943004,0.05473856628173525,0.07210919560004625,0.04681207983222152,0.3178532438468276,0.18061952537561152,0.10152527787610105,0.06638791309414714
AAGGAGCAGCAGGTCA-1,0.031402254717788645,0.17111868865027915,0.051440331853540834,0.06583368869237134,0.20392542060465052,0.1555806802409909,0.17542432032280486,0.12482382502061314,0.16949254929489185,0.0864655818440797,0.10154098905041525,0.09822120635604382,0.12091823944024559,0.13486222725054856,0.10409109487412198,0.06906388146421996,0.10260224231299112,0.08123781995595789,0.05384440454568285,0.1070481725347393,0.030035715135606163,0.09691909343128373,0.23556901527953342,0.13274185692382967,0.06982542016222659
ACTGAACAGCTCAACT-2,0.14733487346279028,0.5032511307800185,0.10851468316106376,0.1674422365967108,0.05039615304979452,0.008411750567015215,0.04538668599869008,0.03185442692577295,0.07262018930783076,0.22345640285706136,0.009736578726059516,0.006051773723133557,0.020340727339361618,0.00831959288822862,0.009815552759332213,0.16042797879293422,0.16926340821030667,0.04632146826646431,0.032678262286807994,0.0564098876967854,0.06342161619930475,0.3533676009583405,0.35577413703855876,0.270889267301788,0.22598138836294163
AACTGGTTCCCACTTG-1,0.06816866039284793,0.13304198468366085,0.1005814728224188,0.1316784228106864,0.08232421477259093,0.05459387965282101,0.09590177631362891,0.1837150726711241,0.10956434409990604,0.30956122585180307,0.18231671728928617,0.20400105041183633,0.1596049815939642,0.1986156981260434,0.13659644364951778,0.1365624300236246,0.09467287216418702,0.20674023278572592,0.254957854844781,0.2465130997430085,-0.0006579979959511536,0.25013978044106305,0.18639885158943661,0.16219174746643805,0.08958785195489688
ACTGAACTCTGCCCTA-1,0.04435691693510973,0.17585003073690975,0.024092780504146906,0.049510580942231576,0.1597628630258553,0.09919771441109336,0.14411372815223117,0.09109438362051847,0.1505406231610915,0.2208560938410085,0.07979805378739244,0.054783723156301076,0.11744959728744149,0.07991095043936622,0.06119147665319902,0.05947569429374474,0.08980662535376988,0.049081432167759925,0.04183544410895178,0.05712938861173646,0.027392897033590442,0.2776715355849791,0.16691910171105362,0.11759226742296101,0.08737053950425962
ATCTACTAGAATAGGG-1,0.13700331500984278,0.3054837920384526,0.35794443838635925,0.3911609858739277,0.04522295821546818,0.008875327889966794,0.043507076266105955,0.044521701337471534,0.018330891166183035,0.21532296746751048,0.019602593841714706,0.012582088030865177,-0.0037452895642641156,0.01454241248172343,0.015815811587112195,0.3776957334618716,0.15685945136740115,0.05167938499393656,0.05922496619908669,0.04061434684986285,0.049651321739352515,0.3910183060368271,-0.1410263109820546,0.6073556759071301,0.2931810657596141
ACCCACTAGGCTAGCA-1,0.16043857756087596,0.2874953406542754,0.4162413533562675,0.09396966183836107,0.09428698525803539,0.12302964404462641,0.14041529751786205,0.079694324819651,0.14791240159219873,0.2619645964371141,0.07485632757861331,0.07306158276095943,0.07247330093568527,0.05779051455850137,0.05254298885058926,0.26753276800528264,0.16058292999999663,0.07224425299763884,0.0692526094628711,0.08986299904611691,0.06338451915095693,0.3625243633325977,0.4372493479468942,0.2406609207957176,0.24673291141052645
ACTGATGCAAGCCGTC-1,0.18435368056861914,0.23988623062142075,0.0501542984828536,0.08535724811265907,0.096022471841448,0.026186665728619267,0.05717461609407849,0.022823051921518667,0.09351069323877166,0.15789356151977643,0.023004739326126327,0.0002378102877806786,0.030465552719643057,-0.0022229691972624867,0.008352519322371025,0.10184457047798384,0.29852566785549683,0.029308281584812322,-0.005966227163034664,0.013828835004175788,0.2470052762516636,0.20929805767835982,0.24286986865447474,0.1697325148637252,0.16737097336088055
AAACGGGGTCGACTAT-1,-0.012319483742286181,0.15840106750991156,0.15028141028045372,0.1471373939781063,0.02417590590570573,0.1468079271611792,0.1314087688407402,-0.010598222536605943,-0.008902617972224854,0.15162419788343032,0.13876213827831915,-0.009354579690983226,0.024202911725821976,0.02233292710888267,0.02285492959785232,0.1705014642578226,0.009589237874768505,0.014063117154058042,0.014796375837422718,0.1481906747898007,0.16153198375797567,0.14595409376602853,0.18523835102940436,0.17363168943595822,-0.019833121797691384
TGAAAGAGTGAGGGTT-1,0.12677703233649526,0.1989858495288441,0.1261319907600091,0.14244304875469677,0.03223839019585022,0.012183197344066752,0.02165625550057863,0.03692487620893429,0.023501239136820187,0.099142242044135,0.036023977064651706,0.0214738878116751,-0.004809685340416234,0.04140541780774047,0.03010674383711018,0.13939703027168115,0.12542481929993302,0.07649413332398981,0.1006890751783761,0.07674472859608496,0.10951636457620245,0.15183314951892837,0.26851277793061895,0.23341215365874124,0.4205800578283755
ACATACGAGTATTGGA-1,0.05504521524847222,0.16690083441986184,0.035940297896840744,0.056526292896883074,0.21133641926335153,0.14889830949709218,0.19405809098631507,0.11353689719421542,0.18581892484181617,0.14435436852043357,0.12312093334323759,0.108551806772685,0.19679535644410226,0.13677007532569785,0.15262106283625027,0.07444579111444022,0.09551093804457228,0.07689403889190238,0.061199827848594866,0.08462959223490026,0.029661344787460096,0.09705494683509164,0.18732191569763515,0.12229858848109781,0.08089312210276849
AGAGCTTGTGTGCCTG-1,0.05273069061440635,0.1782386896490074,0.08056763593249665,0.1447910848380781,0.12763394606877343,0.06795729084957534,0.1209169604280721,0.21392664515531692,0.15048192082187403,0.34011073197271735,0.21219243068754254,0.21332023235462189,0.13842475821273253,0.21006606755328477,0.1804468788426447,0.1365872428097713,0.09298447238964526,0.2813511218507793,0.23841002951775672,0.25477657632721684,0.03389675727370318,0.2754971211068539,0.19767065010332113,0.15715341032405783,0.1061930154717432
ATGTGTGGTGAAATCA-1,0.05849553025232555,0.1619026489318137,0.060884630167867985,0.11111009437985489,0.07228725574648132,0.019297430198617054,0.0952693105021377,0.19950217940817808,0.12065332236963204,0.4760217749327025,0.19201063982667727,0.1666937063595701,0.13212905639774575,0.19029388583638218,0.17431841789057273,0.09729635520056745,0.10660153058062619,0.26079395007670314,0.24017493069845022,0.25722353271158316,0.00912307073117907,-0.1103231428870042,0.19152215017965207,0.12625708061275173,0.09500554033865087
AACTCTTCATTATCTC-1,0.07737550449562325,0.21397756809633733,0.021718643992487924,0.11517074828603407,0.09293801623880156,0.0980949277891875,0.12032603936230027,0.24354447691961378,0.13754002242253788,0.4858989191440551,0.25592086263379127,0.27241255006268794,0.20906014200053288,0.2438713592859405,0.201633617933059,0.09352428984935314,0.1123476783649269,0.23575305509392094,0.31460540202260984,0.31745008949741393,0.01731654717362596,-0.2123918175458008,0.18140293085257658,0.15153646665877307,0.08088490123104604
TTGACTTAGCGATTCT-1,0.04425792582988877,0.2720800976733327,0.061299915068147866,0.13436250668021346,0.1264895411314744,0.07395286594122484,0.1354424589857951,0.21242460181594935,0.11702661297682249,0.3552718779897935,0.1620798205810794,0.18276829157672844,0.18835672650414131,0.2138906222375913,0.17939892861697296,0.1369292217857361,0.09716105158783606,0.15014575647350026,0.1758113193567247,0.19230427956972124,-0.00842452828829664,0.42197875499029597,0.289561900771363,0.21968339305996173,0.13099312685583722
AGTAGTCGTAACGACG-2,0.2226876163565144,0.35003016879933635,0.24601591010789212,0.3176207750880441,0.02909128086375312,0.030050175988952075,0.0508991484654728,0.05185013948100076,0.06475594159395412,0.20566754689253092,0.04282921062369935,0.031018220667723813,-0.003891767010013092,0.018309961825629797,0.019486275372322004,0.29610362745968694,0.2062746251129396,0.07419170101636756,0.08575240968127491,0.08283854704964765,0.10973560586017005,0.3676422489304736,0.17700562933664632,0.4548142994563974,0.38183928655533167
AAAGCAATCTGCCAGG-1,0.07056499156295258,0.1578877906640633,0.05697791804286329,0.07788237870046959,0.1593281153503273,0.18517226754451935,0.19566575243068646,0.22753569406649346,0.17328376824138564,0.23226487923286387,0.1993182880011276,0.19248382032890116,0.24439809887454222,0.20509182604451862,0.2498379735413187,0.0774311199800463,0.07945742185456726,0.1080526394934353,0.12085133380086316,0.11415156951020375,0.006165732520129583,0.13084021797520365,0.14829125270478324,0.06390522195378961,0.05246686167489566
ACGAGCCAGGCCCGTT-1,0.0752951754706069,0.16483518113349852,0.06328220439667402,0.09677192592103179,0.22005842319443747,0.15864335036741672,0.2268059493826736,0.12396239670703417,0.20060001591067905,0.21948445593760407,0.11189423789774874,0.09064019609571529,0.17476684331180872,0.09272258153564544,0.10549629037509999,0.10172931750059326,0.09903114022961432,0.04919405028838273,0.060562956637997066,0.09135661026276544,0.02882674951129945,0.2782113079411647,0.21624638519421846,0.13943688634200588,0.11231369866238208
TACACGACATCGTCGG-1,0.00600530072425533,0.15234830559714846,0.11483334626303043,0.12380392378832833,0.02008190408511764,0.15140984764852986,0.13124870165126767,-0.010913698773138462,-0.009167621316272743,0.1438650350745201,0.015295487582097178,-0.009633036534577684,0.02010585364074813,0.01838668605153452,0.018869597606437225,0.11511064254298535,0.0065211655511770925,0.011468180334681211,-0.009360424326997713,0.15807186183714173,0.021346853616326766,0.15822686249344442,0.12127495461709518,0.14402905439631045,-0.007031396881294088
AGACGTTAGAGCAATT-1,0.008361296170561753,0.1648050657763831,0.018453919327727327,0.0556965870139538,0.20404203704201954,0.152727342663781,0.17518906040325408,0.09192099030186601,0.169623388603874,0.10359672495459243,0.11162210167878214,0.07337042981435572,0.12002305060222104,0.05574834438947604,0.09209714772431878,0.050993725836521564,0.0801521767098378,0.04978797449580312,0.03285792784237989,0.0508436035783394,0.04222262604762184,0.03511557189100077,0.1697444669795664,0.11313848109755463,0.06675343553958493
ACGAGGATCAAAGTAG-1,0.040826782494222114,0.25141312808886473,0.05656810027097768,0.1314789030596987,0.19284311895453543,0.14119881877361773,0.192973041866597,0.13471122605195646,0.1712629174856659,0.279026574601458,0.12448472457054648,0.10762332932826023,0.1396702179816758,0.12266748330623851,0.1000570606728803,0.1158015242304884,0.10158265345343398,0.0803765569308633,0.08974426025143643,0.11498124591338,0.015519773721203224,0.3670825196100831,0.21843262986681522,0.1914047946665109,0.08884803086476899
AATCCAGAGATATGCA-1,0.032614547577141044,0.17531993616656935,0.05588998024521645,0.1071639247334503,0.18543825241014786,0.14370938981735754,0.18014246738360065,0.1686249104650199,0.124059216781987,0.25482486561459566,0.1494023272215935,0.13866668687692885,0.15535728541704352,0.136521054195756,0.13018590110118275,0.09568792425486818,0.11625033838485599,0.12270312941238247,0.11170974189860493,0.1594289090241866,0.026347942667857352,-0.035874933499066765,0.1820941588739395,0.13863722712955204,0.03506202597075006
GGACAGATCACATACG-2,0.14040703833901816,0.2859284917759648,0.1636172793331566,0.1755689741030934,0.026661166708265294,0.01675439211265845,0.02776761761215581,0.04862057416606889,0.031039797042706686,0.1469616587067939,0.03234384445159957,0.03492579273513961,0.01580870995972551,0.03133426811107834,0.02358049784868608,0.19470005916340583,0.13655450855308485,0.051482107848854514,0.07141554543905776,0.06307753996964048,0.08714700468503092,0.2559258100915928,0.34712952221302196,0.29032776698616314,0.45559996945108056
ACTGTCCCACCGCTAG-1,0.054149337904724204,0.17634277484418331,0.02985512474842469,0.06723763708146041,0.2573732013069783,0.17841477765826777,0.20419168665875922,0.25951882761064343,0.19850724286534133,0.5139693413014647,0.26947503327162875,0.22765323445733693,0.2949302802335151,0.25854764414498954,0.2993616131690984,0.0768253134201844,0.14142484314736925,0.18646960168928525,0.16284053859314634,0.18550069705780617,0.052870186361587995,-0.13270235602046476,0.17988637895607487,0.11688681386189995,0.05983284649745089
AGAGTGGAGTTGTCGT-1,0.026311054659784304,0.08398319789514706,0.016848208186953838,0.04279046878841363,0.36390804261654486,0.15644069648608336,0.43159586758188556,0.16841191522403337,0.2956867976368593,0.333783175089093,0.12186359356336725,0.11311255456858511,0.12749191470618407,0.1359045017343398,0.09072524352138364,0.04122990971067864,0.08656397213393949,0.05491813202429199,0.04483286747504936,0.08386196919106984,0.03155446167497595,0.34772866243260225,0.12355590568230848,0.06912835358388479,0.046504916040000205
GAACCTATCGTTGACA-1,0.1638586570856911,0.27854041463547696,0.4773045615869144,0.1482243058027912,0.04987437569479676,0.03477056392903738,0.055302542208660294,0.039069153820437554,0.06766694878519736,0.19502907163116998,0.0015853214615475211,0.031385117792593155,0.01953871681290985,0.016763164790234753,-0.0021847835871731417,0.34508858695866984,0.12853342341074558,0.0681928666181813,0.047523689978903494,0.056746884076275116,0.03855840435349926,0.36553580738014513,0.5626553266300244,0.2855990875799698,0.3184979987885178
CCGGTAGAGGGCACTA-1,0.20999358107802826,0.1439687379575514,0.18323280204972497,0.0943321433427166,0.008187749180829696,0.02972915922743258,0.03187390411868881,0.22957779777924775,0.010612243584132614,0.22456998237560735,0.061339640752034644,0.22113919158915815,0.21668793899427222,0.2068177623069115,0.2194013667928938,-0.005995574865555235,0.06195477818268522,0.06460655449400789,0.21263950735237394,0.21585451212980855,0.012318945570955427,0.22547354358859062,0.05482151782586071,0.2312465208472684,0.034267023754498464
AGATTGCAGGATATAC-1,0.048265134623148805,0.10573337750181398,0.12423188085175,0.10808392717912037,0.027791177064854778,0.054972962974195495,0.02914123775127678,-0.006699789080842072,-0.005627893024061926,0.028235057765420214,0.023028933040203613,-0.0059136058573070445,0.027818279566983753,0.026099613744604688,0.02657155622096698,0.15767755660058907,0.04828917514343139,-0.007021819724803584,-0.0068626291810306665,0.018956145290597574,0.03921647209612288,0.05567454976531416,0.09871785940929287,0.20807397786581633,0.0338107450301176
GCTCTGTAGGATGGAA-1,0.046302879557770744,0.25355881919691525,0.08686649376244242,0.14347033521315908,0.20146470848068232,0.11052429543675583,0.19906688353129265,0.1517135452995358,0.18347115178677448,0.3178773262604593,0.12717884171006516,0.1010356504176678,0.14729774454866193,0.12064790799661151,0.10059032492603823,0.13673711440896238,0.1285513602447323,0.08428529379414314,0.0883974755767966,0.12922057222590588,-0.0013696729310408507,0.38145728855409067,0.25825474896552236,0.215084238708053,0.12139613107569265
CATGACACACCAACCG-1,0.1986232028806267,0.2573274940037362,0.42783419579186205,0.6072393780589962,0.06015213996457465,0.05363064900935703,0.08203365783460535,0.04714790513273647,0.05710977543539995,0.23520945121214068,0.035132263069101555,0.03180817901715126,0.03766529506304114,0.05315829682649425,0.025115529767252877,0.5168678390981625,0.1750150077007435,0.08089756852861175,0.06897984911055517,0.09033317029031498,0.06669321521715088,0.34481007077082226,0.5079167393172206,0.5441110540351881,0.26990837445325205
ACCAGTACACAAGTAA-1,0.04786385485222718,0.1592560484835385,0.025778275037985587,0.06681837412836887,0.11135409863574965,0.1331366678882947,0.1486365635842227,0.17078518767284645,0.14322485308374838,0.30459571380398454,0.14950392178531735,0.13657998469355456,0.1656437314823924,0.13665584197387032,0.17014143398125914,0.06823001955713656,0.08167486041339667,0.12200883752219754,0.10047591491624074,0.10068444657582254,0.002080569295044922,0.25243511305431293,0.168109995021301,0.11521475743598293,0.08243625794232397
ACACCCTGTCTCATCC-1,0.07811934501897823,0.19188393611364823,0.05808506376961622,0.12823327581205404,0.1998584211486549,0.15342436342858407,0.17189530749082377,0.2839117690190105,0.18735089755805434,0.4456409424397513,0.30446037261634623,0.2693162116771649,0.190856318130989,0.2757814967858691,0.2547739548786316,0.08364378005653524,0.1339625942563167,0.24502330447085505,0.2437143826451949,0.2458083925277454,0.023793691916935183,0.032554701788423956,0.20636641471713446,0.16277412746918143,0.14866177041197923
ACATACGTCCCGACTT-1,0.15961847216202688,0.20103981430185358,0.4524309782036334,0.3651047154318498,0.10314719798714349,0.0962639143759228,0.09521961087938036,0.2029751143084957,0.09982733618737041,0.2729540229548844,0.14319149976437937,0.19729392158479517,0.18016854317453565,0.17011157589235182,0.1490548848251353,0.287195917369615,0.1664719034792466,0.17430030257031817,0.1590840010255528,0.20552073605046847,0.12686457032837337,0.27078948400900693,0.23163336097539342,0.3775846624841441,0.18440620284953832
CTAGTGAAGTACACCT-1,0.075481334355979,0.21327869160791296,0.08899279759966675,0.15342181270215816,0.015989323014738252,-0.0020215402530310944,0.04748885630546772,0.0041893123069321764,0.028799023219221984,0.1326590016475096,-0.022000865373983967,-0.014504575752530014,0.0029885641954333847,-0.00893124580671953,-0.017836723968767742,0.15048211401853223,0.11695938904958801,0.022378545881243096,-0.004234341971929251,0.007046105017428323,0.04161145609569134,0.25714168636836154,0.15963102693550957,0.2419600660765547,0.15442674765105893
AAAGATGGTACCGCTG-1,0.12390933759786292,0.42120668430966196,0.06154637294406781,0.12647308374973962,0.13216578437580306,0.10716740165999432,0.12685067713962225,0.0904077029162629,0.14189878219370347,0.234186250746463,0.06230678539750756,0.0594557052858131,0.07947466971639279,0.052105659019926094,0.05401328019548303,0.1253797279482143,0.12552473869196998,0.051335347196246335,0.04265946531658454,0.07963811043892298,0.06261589204299814,0.348632554871884,0.29239336661343424,0.21255049982350932,0.18563330601862413
CAAGGCCTCTTATCTG-1,0.07124339814440553,0.2726505937681747,0.07342320370363457,0.10865202477450149,0.015390166735884041,0.015576884041757876,0.008104654503611218,0.0072368210277006795,0.020550676181642052,0.1483815884540438,0.006378298760760158,-0.0017228047504120017,0.005720747429710267,0.003572416412661936,0.013699348229811356,0.12592342802370673,0.10205177715800336,0.05470214360499705,0.04952437042688572,0.04499484175654004,0.02435275056620019,0.216762560688606,0.13942207190046546,0.2390038850964069,0.20696180813317408
ACCGTAACATGCAATC-1,0.031417044529054125,0.1671481602244861,0.023295823455036828,0.02937503002781686,0.55935731546949,0.19508123370220323,0.21187012607431618,0.14202006254975094,0.18057187697754815,0.4110417822862986,0.13882227519536264,0.09634763499284257,0.19117246243224173,0.13412769741957986,0.1376726159646468,0.022087637560002853,0.10611208437187877,0.09097438066239365,0.07506271359740324,0.11319989168580194,0.047615387485335864,0.3569700274137206,0.1663886597951599,0.11295417763070599,0.04914219627831719
ACTGAACCACGCTTTC-1,0.46324551229004873,0.19059486570820006,0.08002874965259327,0.12990628920320255,0.09110911911149766,0.054294274176126915,0.07036132666440362,0.0429020170986642,0.10115227345757512,0.13770341372875583,-0.01514988904912826,-0.010755594753122415,0.014510013787225457,-0.0009083368017862603,-0.00020730379992043712,0.10478315254774966,0.46506829376428543,0.0445318963417403,0.00522505240120611,0.01792888172823923,0.5354310967825839,0.20368501459008598,0.14205470446619614,0.1539969219456934,0.19566913653395712
CGCGGTAGTAACGACG-1,0.17905291568878562,0.26688781130121836,0.5259650140546345,0.19632481169490337,0.05157297485208523,0.04421739786807967,0.07820787118061677,0.051872656950782706,0.03610092514636742,0.1545387903118361,0.029280551086214322,0.0537734077922359,0.030409423939983294,0.036430423919416,0.02704990416542895,0.519564667394904,0.16022960273433967,0.057012589631603716,0.05818804298187956,0.06249433832497645,0.06602306679063853,0.29698221872062486,0.4871577501620982,0.3756008342851797,0.2794025626920693
AACCATGCAGTATCTG-1,0.2421281915831183,0.2873537842732165,0.08647488931304857,0.13299871951169623,0.10914228749300758,0.05995835664415546,0.10391029520663084,0.15712695768906795,0.11772692515589052,0.43296331016407896,0.18242481500904548,0.12764200082005264,0.13714889856977383,0.14231995506287673,0.1243242056409862,0.12739290693847521,0.266922428077634,0.2452366976272001,0.2602087261569279,0.23920931644875154,0.2276962680109694,0.2611678104091932,-0.019964996432617278,0.24356644454977758,0.23168675159121602
AACTGGTCACGTCAGC-1,0.08060884503980621,0.20179482638353813,0.06000161450368784,0.15797922836605285,0.11996647153922332,0.0856403913704519,0.1266718958501788,0.2648748224123763,0.12002323915436593,0.36230927700071536,0.19962208546983884,0.2504756953404565,0.21770341790036227,0.2551415357595712,0.21072964876355807,0.13814532882300945,0.12001026295239953,0.20941281330383785,0.2342673998500801,0.27733211278391,-0.0020034292207429865,0.04457262045175575,0.2527660744662644,0.16633033332669553,0.1466258843980859
CAAGTTGAGTGTCCCG-1,0.14788607925969066,0.13490935824950082,0.015245844736628756,0.036128498934083896,0.018341407066120523,0.0202879056549524,0.002722429918791302,0.013171010898341563,0.03955336169944381,0.12004898024952171,0.012523810120897035,0.0021079055931222355,0.03500540174547971,0.016259863624113014,0.01694119843026405,0.054149816836264714,-0.054315954612084556,0.011249118143761686,0.027258609727941335,0.034324782609719176,0.15215054683644497,0.09642055399819226,0.1200188736192485,0.06543828534667223,0.1133174696286829
AAGGTTCCAGGACCCT-1,0.05504705628021346,0.1689644595274928,0.03689503509543566,0.09517133426863356,0.18127888786167312,0.15687284677692334,0.24779963740430172,0.12201666342238875,0.2042340639023476,0.24154922618496286,0.12798690506424165,0.09470028179611802,0.18057978289198737,0.12391360348475262,0.10729647737414406,0.08093563890424908,0.11590829083994057,0.07381724443796722,0.07484004544463593,0.10715895034317015,0.021848955249462152,0.3106214120777718,0.19480658954926408,0.10458084800354976,0.06398506239239947
GAAACTCAGGGCACTA-1,0.02141142315221234,0.13537149613604185,0.04119017620709193,0.08297178586543884,0.1050294864160817,0.13210018602429208,0.10966697798869533,0.14056093738016312,0.11436933486907612,0.050840320670214316,0.10195171528313715,0.14964543497801178,0.1463967077817395,0.15219169751482908,0.1416755424168877,0.08446882040572631,0.07669176051114285,0.0800025939940879,0.09431816593184608,0.12208691872807899,-0.0016522762476820201,0.1750831203236275,0.16383793996712384,0.1242663145159008,0.05530565174461314
GAAGCAGAGAAGGTGA-2,0.13406886705540114,0.4845462765565103,0.06744276104788477,0.13620322370845028,0.03537083385785673,-0.004462180960043582,0.03787552896284144,0.040641784242993285,0.05974299138602607,0.22206776941710324,0.0038817520294305683,0.00742653526499842,0.022542483047099656,0.008937175397843888,0.010361025633219615,0.12309745671597286,0.1657562485802998,0.03790317374693691,0.026850226227023394,0.0477115768592566,0.06513439959181996,0.3493636157470582,0.32717176593814706,0.2119011966817255,0.18931492112460185
AATCCAGGTATAAACG-1,0.15201551078349476,0.22603015478454208,0.42169319642166403,0.4016734104690661,0.053001670413255056,0.04877198408246684,0.0752141570581836,0.05003972248662251,0.05098368093616805,0.16656016822470385,0.008505789095018673,0.028001943177104714,0.02751711905479259,0.031786617725689734,0.024209080335042373,0.22420598070844572,0.1386834979773701,0.07433804283998724,0.068950523039204,0.06978549934714116,0.03552915230625231,0.27704241915988903,0.4180196563723754,0.14081600910089812,0.25601897881464025
CAGAATCCAGCCAATT-1,0.13999242600757938,0.1846850328607436,0.5443156587393845,0.4863480198622584,0.04110511795030424,0.0764279843477357,0.05766981318437078,0.0784314190572976,0.04753414080848801,0.12401606919135745,0.041820768503485616,0.06775038237439858,0.054346239686821445,0.048653712852461777,0.037763605730813,0.4563100651284566,0.09661942242424136,0.08311871923793253,0.07572987407997192,0.07246199506137634,0.046641941932195195,0.19932575282263962,0.32703339913826807,0.4309288648133835,0.23208062184878075
AAGGCAGGTTTGTTTC-1,0.051047095210391844,0.15821666835423698,0.06793834352338325,0.08006542647366001,0.17450691075476824,0.11052395529070329,0.19415374519830572,0.15965649378306332,0.15031993485447076,0.17999685553435837,0.14803351020358443,0.12871299608975956,0.16186712842475542,0.09737365884108805,0.12289405197723849,0.09041606170032822,0.15378724649614028,0.07598523437869352,0.0679753070499964,0.11529965475962758,0.02629082358017054,0.016017536375754662,0.17589840413273616,0.1292913241536975,0.07381156012495288
AAGGTTCTCTGGCGTG-1,0.021837909504526166,0.2254252092139227,0.06407594847927958,0.08832303321800553,0.17252128506648565,0.1348264792298988,0.19652390483300702,0.1803717863066018,0.16467231062471754,0.22417437389613806,0.16788850472987443,0.16439771379692547,0.2090486858250165,0.17870556577018173,0.16460702040161468,0.10055870613620142,0.08426861781273473,0.12754982085544447,0.12318342459865197,0.17787690942812429,-0.0045030775511864275,0.08261351910021178,0.23834773875091927,0.16389358135977744,0.08608111146393656
AACACGTCAGACGCTC-1,0.09459409569067961,0.22690069918070277,0.09338463710025141,0.1171116573941714,0.17038432753861818,0.15958351166308926,0.21080869419607925,0.2772470615834269,0.17209443856682657,0.3908019816472671,0.34709440338465186,0.2673564074296666,0.23763914744714965,0.2807542524687113,0.24468615939894084,0.11296906712123861,0.14020610006514547,0.22687094444804468,0.2452022272954022,0.3006864113469469,0.0797489021340713,0.0013686724057401234,0.26328888197728884,0.2086593741646466,0.1367641130601097
ACAGCCGAGTATCGAA-1,0.05329086010999,0.17819880539845498,0.0322585354147712,0.07465202416098532,0.163915990742291,0.14273724840202917,0.14710320219337852,0.23245299540961148,0.16597603803727318,0.3335469376922765,0.2382898991132952,0.2245417940845608,0.268885469178692,0.2410370348438338,0.27924840713500887,0.0848812706078766,0.12974285614510878,0.17468476617757228,0.19810321085724997,0.23088546052267228,0.04079844739255776,-0.04444156882421293,0.2312872845579585,0.1195341924592641,0.11049972910730942
ACATACGGTCTGATTG-1,0.20252684227851922,0.30049980048626035,0.07246921036736485,0.1637546459717798,0.14464453512164163,0.08303231811979109,0.1220598032082078,0.21878074681072715,0.1607864832244371,0.41064254921173377,0.18800164839977915,0.2144145217919815,0.15940029025560903,0.20746586599926398,0.18269110877956263,0.14461637883873554,0.24349527558614537,0.16278572425136872,0.23162771176256128,0.2309174785703234,0.1851537991933934,-0.1082731394884673,0.30286753485548323,0.22291601333948446,0.18998575643286444
CGTAGCGAGCTACCTA-1,0.10855749255153593,0.2430827416714176,0.049615708176236624,0.14616667500839897,0.2287713884454973,0.14033273940529017,0.1985043784469392,0.2059486592064317,0.2395655896841679,0.12058928522749304,0.1767977717786086,0.1531964188653096,0.21837269815986174,0.17754632216926666,0.197765347078172,0.14316409476186934,0.17530457224966614,0.13700322304823873,0.12469844910850582,0.15906669270963036,0.06020229562684237,0.13866718045182475,0.23742895851808432,0.1728540047532261,0.11480856821982595
AAAGTAGAGTCTCGGC-1,0.05836651841310764,0.17913469073910673,0.05213394167522546,0.10583171531048012,0.1006731456669163,0.11330907267278474,0.09581540371959832,0.23040453076117642,0.11054483057333783,0.43216720278674337,0.1801975588620045,0.23738570379578933,0.17868423265561084,0.23057590135820072,0.18253694881621604,0.1098522911069828,0.10688641687670426,0.19000657058907133,0.22890525608077694,0.2504515121624172,0.00014632502982505735,-0.08331888348040353,0.16939589625281815,0.13224395733491492,0.10032667603692794
AATCGGTAGGAGCGTT-1,0.021040817206712005,0.15617815491472956,0.032965960681035016,0.05415341157835602,0.17164004116660822,0.15596348622402953,0.19631342702667712,0.2382975247176302,0.25472511088134897,0.22731900050725742,0.192449573177963,0.1945714422159986,0.25484809624423643,0.24218088321503278,0.2632333607241096,0.06497825049995122,0.10778479769708278,0.17332103980213454,0.11580587663501976,0.15618053084567515,0.012744125735606075,-0.0032563532972301576,0.14007603800149016,0.10246043999131842,0.06594935421635657
ACTGAACTCGGCGGTT-1,0.2677269296370446,0.2327083895801799,0.05556563742624937,0.0865500706277043,0.14060991889471902,0.033521413605561115,0.0760862498174861,0.010617751250960705,0.09549369765924791,0.14582488066823904,-0.0015151933972899787,-0.009013685428393897,0.044393687978005344,-0.011185253635666888,-0.010654515102226179,0.07838274356547972,0.3337763179783159,0.04902492205640146,-0.001856417288144194,0.022215134518699494,0.6262623290198239,0.19640798771594956,0.21730828980425182,0.147378469055513,0.1447143764876552
AACACGTTCCGTAGGC-1,0.037295065106040644,0.20921300209152421,0.04430000105615394,0.12202527929698573,0.08788076832092348,0.03587131182731045,0.08274970785117539,0.1819483139901345,0.09716482190827805,0.34418057936192437,0.18065194767168244,0.17624356261579815,0.1487028485052079,0.17973807800560365,0.13469672843583355,0.09154046611532182,0.10832656700880715,0.26377650138447545,0.30217961496226664,0.5086979646679186,0.03435288047365834,0.016053154005148097,0.27281823072298006,0.19459272733223934,0.15216025055100804
CAAGAAACAGTCCTTC-2,0.06685476652904264,0.20033086520676507,0.05787572284312132,0.11941595403676564,0.016793434863205323,-0.0004949402164252956,0.09163601941072484,0.044161280904987055,0.034131405712981545,0.14127357566131854,0.025975548725059076,0.049067323489974314,0.03773746463651689,0.0426447611124364,0.024974618275748782,0.12659989079785028,0.11955137279448035,0.03754466758224206,0.04775747977089731,0.05144808110927608,0.03410676119753789,0.27583369111366507,0.12294213632314661,0.2220412642425864,0.15569367765469339
ACGGGCTTCATAACCG-1,0.15639174851650112,0.2741303171187212,0.34066586648496033,0.42392084786339834,0.04926157645508777,0.03848034856766682,0.043419096658676284,0.04686845078750492,0.047313280405393364,0.21299297193131675,0.014567046345244875,0.026871237294066593,0.041536573564434305,0.03666724873939396,0.02334520212019734,0.41877043299128525,0.1341063755851624,0.060948544312386596,0.05793531302508106,0.06266034692735836,0.04294306437773175,0.31031831395238113,0.4366585917451527,0.4893911135877986,0.2736002249812978
CCCTCCTGTGTGTGCC-1,0.03656070110479687,0.15296942763609092,0.032698765233014265,0.06571754011748192,0.20870017629796042,0.17708472910664222,0.2138639566763191,0.13018789172168965,0.16590998748846272,0.05743156571658397,0.0903198141589061,0.0880312900486975,0.15116728859202558,0.10058147069966311,0.10346000761360206,0.06749879694712312,0.12236537795973539,0.04455092553158561,0.028728154488062735,0.05365876716966532,0.027426233685083477,0.03671852680057423,0.175127532039989,0.10390339807964342,0.057748068625654334
AAGGCAGTCACGAAGG-1,0.08458782160936532,0.07790278040097584,-0.04300738989595118,-0.027940481123911846,-0.012802679797371317,-0.007375363053721345,0.013288528395510361,0.030367787630866894,-0.011996894341319777,0.028273087516396678,0.007620867589125443,0.012641240705031077,0.06183867386702042,0.01045585825854235,0.010926849012208825,0.017499125486567072,0.07015869860597615,0.03880598280725922,0.005683992909569307,0.018613053564876133,-0.009275601405467349,-0.017943308867895046,0.019252703294834632,0.0423198169797229,0.06665704410705443
CATCAAGCATTGGTAC-1,0.08428619521750289,0.27647640519831757,0.06755268456145248,0.13291016164264793,0.17577490583954908,0.14330165510442439,0.17356802946398922,0.26705081531133834,0.18917807960213198,0.5591865480543998,0.273256015788651,0.24760066570355757,0.22879072387570448,0.24570535346669464,0.2413350643043075,0.10556882133774032,0.15817794067717061,0.22477055837843532,0.2550102561151458,0.26539719826271874,0.012125019230211294,-0.18853648788844624,0.2640724434303293,0.19491411661001212,0.09484581173520648
GCGCAACCACGGCTAC-1,0.056902211199350426,0.2543819170329171,0.08258628350045505,0.1522158602090008,0.024794064938032826,-0.005014213653948613,0.05385629193181767,0.00695715992244183,0.028950625940878254,0.12745223574226924,-0.010882821228912718,-0.008167499632778411,-0.003255765116134876,0.004612624199234327,-0.012468477086217363,0.12963334261870252,0.0964214158720125,0.023016525305144527,0.024958490406078303,0.015319036828045711,0.032215297677518934,0.23617752902294167,0.18798529960779392,0.2788586524055084,0.17904961786105414
CTAGCCTGTTCCGTCT-1,-0.008381590999306451,0.052242407687047174,0.20492735539351478,0.12670232659723246,0.040859748390774955,0.07779573154165603,0.04267286465979152,-0.006920504994137553,-0.0058132967037519395,0.044577036563705826,0.034507134859236684,-0.0061084219779215425,0.040897489472260774,0.03860090177013867,0.03922631468919652,0.1458567975032307,0.05532490506279271,-0.006039184173672366,-0.005902270802177544,0.024262385886243566,0.04417282108344448,0.05038732643552137,0.06575327289029337,0.0809475460843686,0.0066326933379399185
ACTTGTTTCGCATGAT-1,0.06897746861221019,0.1418125930065221,0.0329070163294474,0.09345208597620483,0.10357288717580035,0.09174136634170532,0.11117093388728651,0.23594250586120716,0.1267405837321718,0.4137586030154244,0.18758495376115084,0.24552505261341714,0.2276792242867827,0.25601340843123677,0.22973576262414627,0.09373194838035387,0.08679525847506114,0.19186067831108858,0.206168295704835,0.23261577914806508,0.01715709041104773,-0.01102517260560058,0.19202671541190328,0.142239893275757,0.08562992119975145
AAGCCGCGTAGAGCTG-1,0.3905966596772929,0.08141461000892906,0.08215422141574774,0.11850508902220212,0.09313684163033198,0.05560241506013255,0.05782349420750132,0.007531814098529965,0.061495039852572854,0.13160328633426688,0.017840199637307416,0.0016290749840227664,0.0016961697895892223,-0.013275276126185748,-0.012770270081700086,0.10207786025918046,0.46469375422650006,0.04298014500004808,0.004712934416712023,0.025476361263756766,0.2539441925318853,0.2607251039403927,0.18051389832934825,0.22945855260633805,0.21106245023756157
GACTACATCGGCTACG-1,0.19593737469647346,0.30651929244884535,0.2827713155549041,0.32123875100417987,0.018585642371563932,0.03344083779777567,0.03264692511592354,0.003539720347408957,0.03243853415018876,0.18187189761998251,-0.006165736895567616,0.0016746549551851333,0.00995264218507319,-0.001930317785745079,-0.009470704464499591,0.3314261982172725,0.1755473811300741,0.054603876150676245,0.040479802912449986,0.058155618648166554,0.1038712818758216,0.3176586372561354,0.256111551469247,0.20099930130770566,0.2571795952686952
ACACCGGTCAACACCA-1,0.055660826595630014,0.20159663394521757,0.06426223752998539,0.10611577224806186,0.16461580265883133,0.1344727104809946,0.1976195181112755,0.27329767958830836,0.18240825126924895,0.3538070517399397,0.18539634779158837,0.2678452620962441,0.2635979573082762,0.2960211744070988,0.28915277907247733,0.09737981026904828,0.09198617404705656,0.16663785924395955,0.18031434790800568,0.20765634197980942,0.012879073402473571,0.0006379820632050007,0.2039432350921699,0.1488310945966374,0.09484564032179311
TGTCCCAGTCGTGGCT-1,0.05666746976671304,0.1945796781077169,0.05996286020747803,0.12670733879938786,0.05465558975230503,0.07186740421708242,0.08706299012210163,0.16137900615266548,0.09127286066397443,0.24007487409177045,0.1867301192174947,0.16904043319510628,0.11552265748265163,0.15642101794104685,0.12993098709547674,0.11240452787956559,0.0573107091233453,0.5335557774502834,0.4553421637203902,0.23438760102663303,0.019436746933300036,0.036551256279201486,0.21564756403687368,0.178610189644648,0.11750681900778923
AAGGAGCTCGCATGAT-1,0.05756710338517415,0.23104622852848117,0.05953147014160341,0.18355509990727564,0.11054357878492785,0.08482828034840713,0.12564136283903682,0.26074650856909887,0.11881423620409133,0.4210912378011237,0.23548669844411582,0.24618078954981623,0.1601231390461161,0.22775745492261115,0.20789985064961697,0.12626857702792216,0.13227534112302036,0.32445379369450106,0.5787095088058686,0.5150417764715339,0.010009535807105445,0.2278618979151471,0.2634594653910755,0.19932017742433827,0.16153123994692276
AGTAGTCCATGCCCGA-1,0.05679069019168812,0.1828095797909499,0.07373845231010798,0.0940033373796326,0.18937823712250862,0.15073545139501168,0.19767830663499064,0.11119863612612567,0.19162564229713963,0.11922735066986961,0.08967017205478878,0.0960695485475624,0.16495986336282917,0.13296084551988385,0.11342852968334584,0.09840642187937942,0.12741558918823143,0.043361335485988195,0.05440699322424534,0.08046817794991484,0.030991762398159903,0.10678172816262124,0.19273261631931737,0.1301182407551913,0.07357811252708794
ACCCACTTCTATGTGG-1,0.06925137796133786,0.22292969784382669,0.04981416816533971,0.09418307672446932,0.16368521201825645,0.13833470831083525,0.1733516551711943,0.14657543439510662,0.14062342148328047,0.23823522359212326,0.10530659107788061,0.10405070971007399,0.112610674467253,0.11050853602397831,0.10509048113902547,0.09925773921872347,0.10608617753985115,0.06266715690352512,0.049712249437205445,0.09213922891590443,0.032032793694768635,0.3203290657425533,0.21696410991903972,0.1702925638347988,0.09511095981667288
CGCTATCCAGCGAACA-1,0.024191571488552253,0.07184894134349576,0.15668402733876588,0.06684026188339955,0.07766379693210235,0.2153772743404929,0.08057370040486292,0.0316742074306121,0.0833242647486308,0.07600634388791552,0.0674395029770869,0.03683403646895013,0.07768041464886463,0.07390588562069511,0.07491444664817418,0.1470236627660319,0.05681680401004124,-0.005728125300787101,-0.005598263894888189,0.058809638233148324,0.04517151767839355,0.0612042281590594,0.06465367086345808,0.11103524297894778,-0.01174455111571655
AACCGCGTCTCGTTTA-1,0.07835463956354091,0.11962939250176385,0.43318306991813343,0.31484935350696225,0.02118347335792233,0.02194573743787318,0.00542580270121356,0.04648530397645843,0.006410453248190347,0.06312949047409344,-0.014009545955545067,0.02193601764237547,0.021126168942219147,0.01921074923009392,-0.012779935184994644,0.3614420435688302,0.11345522578036457,0.04345684389455086,0.0449818235532546,0.06392900805097504,0.044814082461271595,0.12826204290150467,0.2601102082246891,0.3785838073393005,0.19785918691397877
CACACTCAGAATTGTG-1,0.05532355772417449,0.21927692724530243,0.008782276444510156,0.07763381123183692,0.1982182423683669,0.12785783063115316,0.17345891789120685,0.12482345798331682,0.18460293696068406,0.31410142019629855,0.0927733822564107,0.10509325400996203,0.1324978435575834,0.10565031940788833,0.13236868954497952,0.06320674537011527,0.1312413770907755,0.07280957913708354,0.07149295339112198,0.10067425672669866,0.039938287031876914,0.365602256781236,0.2157730392987125,0.13457529251115574,0.07570679462748431
ACCCACTGTCAGCTAT-1,0.05115637321156094,0.2012282984017109,0.06256481904251625,0.10873259044165212,0.14321820306852823,0.11626209874652885,0.17204115310138576,0.29447433487358243,0.14513487012051843,0.4843757297002103,0.20826284555977523,0.24397092688320798,0.2501191237070243,0.24881366964158275,0.24322403694285116,0.07535606006095234,0.08414135587478615,0.1517493609551656,0.21921095957004996,0.2481225670143626,0.00027094301002383555,-0.09647230509027155,0.20710078669849197,0.14735075791069244,0.07119247283019577
ACACCGGGTAACGCGA-1,0.020197835573343557,0.17951523562986046,0.05276834885260311,0.09012627434987933,0.13356505047304237,0.11549411175717955,0.14052859761456765,0.26402044732862257,0.10768860307588125,0.3944280843281467,0.24809990231908738,0.2918323370357728,0.22461223069181968,0.2705047389297863,0.22823132773574956,0.08848563821589255,0.05803337421587511,0.19176696996964965,0.21611925952118344,0.26733495191116713,0.014507754032563118,-0.008111925493278315,0.18855479564960614,0.13805121838267598,0.06128157007288506
AAGACCTAGAGGGATA-1,0.1717871856255853,0.23554554496976451,0.6413580197643934,0.4781732023302102,0.06247824034337725,0.06294519575059453,0.09958556901448927,0.05963981365816561,0.0692028099383745,0.17249643898107392,0.017186172901117753,0.04062301545290336,0.028045405521152717,0.023492666231381115,0.014155951923253677,0.44890137998476776,0.15612130281748357,0.07420159515101783,0.07586854700511922,0.08680393080359002,0.054369040362448544,0.3045746714138911,0.46116145699852445,0.35418158152654333,0.2754424142076889
AACTCCCAGGTGATTA-1,0.15771213793296168,0.29993718596412594,0.18226511356400196,0.1913894786096311,0.005489398546294926,0.027121645908523465,0.03309239674231675,0.039175256843041226,0.018534874732774424,0.11804972583073335,0.03698463860921568,0.02588903189430418,0.004920526252023528,0.021526088160839632,0.013876806279852083,0.2248963848853393,0.1285350616248657,0.049975699003177027,0.05471974556958468,0.048810134491666234,0.0881337633690903,0.25882961355898565,0.3556764808950675,0.3174605946422097,0.5012498061513346
CAGCTAATCTGGTATG-1,0.05561503982710487,0.19420829610224755,0.07180417494702898,0.11670721490928312,0.1695852622231578,0.12346632631535173,0.19336388749625782,0.15865963568742625,0.1832474188404705,0.18239956469631938,0.1198344965892123,0.11404809558999941,0.17113664395930908,0.1445917970263022,0.13237734478132707,0.09448422702479593,0.10917105180264067,0.0822294920584236,0.09104707625035528,0.11850264394972271,0.031301613567319184,0.08529463206552974,0.21774153817651642,0.13589689357794163,0.06736925765801716
AACTCAGGTTCGTTGA-1,0.054143755218367964,0.14969021611334696,0.07002715451610743,0.1284469956131987,0.06910840122267545,0.08861068743361929,0.11941684935169836,0.2811838389689877,0.11216196210801452,0.47591364638795364,0.21570309565093682,0.26705830733621916,0.2222850939979213,0.2578508169980355,0.21685254514190158,0.12629582112857046,0.07555970587774392,0.2033091207302856,0.22040001269392234,0.24680257610447515,-0.009369360811989153,-0.08684176074732482,0.16652077612408034,0.14077032955623325,0.11779550922838898
CGTTAGACACGGATAG-2,0.1450713188815048,0.28637125688241266,0.15397275603401542,0.1507880778214936,0.022762233550368365,0.015550680646711319,0.026595371293609036,0.03180462094816916,0.028317278147607764,0.13990588669136247,0.023770360414520013,0.00968153540473375,0.005488006667202094,0.013284389402528695,0.013170967484808015,0.1849495916497857,0.11563593439656317,0.049107847292862675,0.06886525861454225,0.061437959923405595,0.09363094704727587,0.24872583803992196,0.3372807300495594,0.2593577268583716,0.44482246705726586
ACCGTAAGTCGAGTTT-1,0.019748114667418416,0.19288896083172027,0.032697086394543995,0.05336101826350358,0.23384684096367225,0.12249912460799306,0.2038655759195851,0.10459818785090975,0.1843830906614594,0.22296681820333059,0.11439116780051843,0.09777487628034966,0.1205687170699274,0.1021092629287818,0.09217719920831463,0.07093056127880083,0.11596023043227148,0.07584615521272355,0.04661311389658383,0.0774750432643139,0.026011740411478607,0.3115855726674125,0.18232930275496043,0.11287716174738062,0.08626507158043172
ACACCGGAGAGCTTCT-1,0.030425058507815312,0.17774919402039824,0.07496336501540339,0.10842058812172098,0.16152897705395258,0.16852458171431037,0.16805602890977558,0.21959225576310185,0.1622750503642951,0.2125970284746932,0.23611817906596513,0.17345280173689318,0.1946331217277856,0.1722221909074153,0.19752245122464068,0.09525099702728795,0.07684320615346282,0.1713200185682677,0.17568895842398002,0.19718249199076193,0.004073975966678144,0.1002395862774932,0.1607952089631229,0.1555744626604588,0.07001499729544346
ATTATCCCATACTCTT-1,0.21504085244919538,0.2321814805835592,0.4085180530356774,0.5816734374237552,0.04835617928871433,0.05853842367164764,0.062026100644170065,0.05851063555050593,0.08681552198025679,0.18585845971146997,0.027938503358684367,0.030445896593297408,0.03837782699406158,0.03538962820790405,0.016186468366304076,0.5103997804948425,0.18411824362419632,0.08513383457410612,0.08948491973729199,0.09038269856440305,0.07965854441527255,0.2801776917661328,0.43184914355984316,0.4828526964801446,0.2312824476023671
ACGGCCATCACCCTCA-1,0.07646830503327948,0.15408833208875344,0.05194451469310798,0.12176621782621767,0.12212204052619878,0.05945909700165898,0.11703046737037465,0.2439055302315887,0.11073652272375405,0.4542639009686687,0.20272799001031758,0.20915968273115784,0.19968901477535067,0.22355432415585721,0.18468795493460588,0.11514413706453046,0.06929178967777082,0.24706388113599542,0.45814974694342997,0.5133383503763623,-0.022838212286598634,0.1818763394339312,0.244719339458553,0.18793449088906045,0.10668069651602954
CGATGGCTCTAAGCCA-1,0.09037750230697789,0.22106937346588043,0.07162123917986113,0.09946308824855425,0.17078494067549066,0.1393872745906027,0.2118765189357985,0.2273629488659521,0.19575588200696709,0.2915683344270477,0.1941275324898349,0.2100411083610298,0.23930647728101584,0.2160226018965526,0.20975425856041188,0.08931980775814025,0.12034252450750807,0.08420150673117817,0.13099678729901007,0.18079519114888704,0.017214087008931653,0.029012869560647844,0.24405723811440283,0.1741329315004389,0.06699408059797626
CGATGTAGTGACTACT-1,0.055691862903895606,0.29331360485594593,0.0406128698406504,0.12299542580332254,0.17249645540298758,0.12792146857813302,0.18281610538814583,0.18908184609699136,0.17065801207215783,0.14880497886873995,0.14097627858732628,0.13868837356591188,0.17476812774764713,0.13491502478542997,0.15363287774082243,0.11136020279982757,0.14172978375561032,0.11724598823290626,0.08747911993497985,0.1394659814297847,0.04456488782049345,0.04909182465841427,0.27411555334103177,0.1839307364175634,0.10387666307902035
TCAGGTACAATGTAAG-1,0.04276555172410545,0.2662398155855598,0.06374453749769304,0.12652103756438018,0.1212808078936717,0.07917965676654531,0.15541323999817816,0.15478849798959288,0.14317713561023307,0.3168393714710953,0.10661179042595904,0.11222001753638641,0.15548049719506074,0.12288627557089057,0.12463543919118478,0.1317820527186547,0.0883731415157235,0.08376888568104493,0.08767751847897047,0.12161247577470319,-0.004920038141729558,0.41734835181823293,0.26790281400820326,0.19249377053236533,0.11949355558196861
AACGTTGGTCTGATCA-1,0.024109031354391217,0.17134544529735002,0.043072106914591714,0.1266369002542255,0.12103648276061703,0.09247717796983082,0.13896175194637161,0.2310238449203448,0.11916090402510059,0.3705234170404907,0.22536819697906846,0.25615720528204255,0.22364881884243487,0.26163533260690514,0.2282045958200496,0.11475909733463675,0.08860423292709643,0.22688766125949247,0.24544412615306546,0.302291338914622,-0.01052759447171436,-0.11524184746326925,0.18931451078787798,0.15534979551165606,0.08933552376476721
GCATACATCCTCGCAT-1,0.12724555646404695,0.40539188366887585,0.07665886525043222,0.12927660298584479,0.035267370304487476,-6.483320756907409e-07,0.003109323353420844,0.011939810669664156,0.051651539544254214,0.1718723425992757,0.011135254771416608,0.003498269017171511,0.009217596479510277,-0.009500318103877031,-0.008898655853765671,0.13499782237866273,0.1326971213879666,0.023975181140101075,0.01850134371404775,0.023898546197697476,0.05608431480485504,0.2721198963413448,0.26517391456034894,0.18004821221722733,0.21494988484321406
ACCCACTTCCTGCAGG-1,0.42868701234691176,0.22353534301248765,0.07726265079050608,0.14064695405611757,0.0705876376645765,0.026849699176242955,0.03683846847847549,0.0034336839204104266,0.08982606693176572,0.11839404298950548,-0.006097476759741998,-0.012449456037333696,0.010359246664199389,-0.014573479472461933,-0.014054280942707331,0.1285050070759319,0.4976796275711859,0.010222154594845234,-0.015598487327513172,0.005283568973076963,0.6018317042638476,0.1950231906796652,0.24696219841095393,0.19430565862022836,0.1549379422902171
AACACGTTCTCCCTGA-1,0.02199711758220015,0.12019184086612421,-0.003910956755136479,0.005398211849960311,0.5195402879330275,0.1655620165074354,0.1631555063029524,0.09096535037149533,0.14352058370350138,0.3123255482024988,0.09960345956179954,0.08204576630977276,0.14294687177904558,0.09854849679852902,0.10116309073138785,0.025398849969184973,0.09803114299092146,0.05995697669987908,0.061997917885723994,0.08918631166967698,0.04879824544409137,0.34347576886083164,0.12795539532608685,0.052969396631366794,0.04003316630633437
ACACCGGGTCTGGAGA-4,0.14934788281511432,0.43594098102866824,0.13288296585756762,0.1827757776127461,0.07082171683036816,0.04073145138729292,0.031787474379510995,0.07465954723618068,0.0993422608969306,0.20227700961143374,0.04720666274982661,0.05004337706679994,0.03870274123129069,0.02521036180509758,0.01607904171120081,0.17286840522570032,0.144173019852234,0.0529138114655979,0.04565453470800049,0.043783142490246674,0.11735968889257038,0.2744093855797895,0.2681198617789521,0.2258727230987306,0.21806390776500276
AGACGTTGTCCGTTAA-1,0.1672754699123685,0.335549289339646,0.20694741735910566,0.2723531085601672,0.039203038452190926,0.028958187490898752,0.06728067356746342,0.05043616318089656,0.05372523632625235,0.18733062007942658,0.02757169464878828,0.02284982945696848,0.01310609912533833,0.0186515853591221,0.01976600061749618,0.2804362349561866,0.16753313420640528,0.0680964213475134,0.05670148817596546,0.06211078502858519,0.07622778274774518,0.32522613142653656,0.45176268056237184,0.39183075402761974,0.34543517472997165
ACATCAGAGTGTACTC-1,0.05146900698597268,0.16422071476518682,0.037529951617761625,0.14904901734177206,0.07132060022719891,0.04251849532527283,0.08681997528134099,0.19119369518516383,0.04503294507205247,0.37777037305079975,0.1880645519888102,0.2123849875757751,0.16289144513880058,0.18641325751164708,0.16769433620126287,0.12050560750811629,0.11479263753497893,0.22509399193356364,0.43382723002176515,0.4462166237981603,0.0001693230057229797,0.21236884616226837,0.2302639679703466,0.18467383232379367,0.08057437219115343
ATTGGTGCATGGGAAC-1,0.112260065875964,0.2113576387055251,0.3900384471867176,0.3655126494155536,0.02229831351713963,0.03478139663969326,0.05278540303587434,0.023629834997372246,0.04573659341295027,0.17312968438869944,0.01400017872504781,0.032354141304083504,0.013561101973778833,0.018559088013074796,0.01095584382865988,0.3883770788139744,0.12932929105817284,0.08340442408850031,0.053537480502501796,0.07158065551407175,0.04099963569148736,0.25999702373210415,0.40866707513292744,0.46723155011004774,0.252284411725678
ACGAGGATCAGCCTAA-1,0.04134291633067185,0.17512131035272,0.018768096770651523,0.06150501448278515,0.2270960776531421,0.16476895564001184,0.1881074630046053,0.1352376215518639,0.19342958038845184,0.0198108558272418,0.09331704741485825,0.09116579814739242,0.15792210702849488,0.09378655938306428,0.1072586650950908,0.07455544159929023,0.10076186086687206,0.053176257985501664,0.02910414316613019,0.07032796806570492,0.04820864414372383,0.13544210712226076,0.19824102140692795,0.1255604950908609,0.09470385514506165
AACCATGAGGAGTTTA-1,0.17175643760128867,0.23793694889963196,0.5474463902620863,0.47942385255232994,0.0625459149893351,0.07957492014375787,0.07724061091008363,0.03077404975288669,0.08228287750136315,0.1372858471526005,0.008909198761640688,0.04086602214782205,0.018049554950884655,0.02448888263477483,0.015161369032829919,0.4906751312039248,0.11966783428589302,0.05867889122718942,0.051908167075731,0.04182890767213615,0.04690360906280461,0.27289174967539154,0.38379959426874655,0.47476713427337425,0.2770987800351282
AGAGTGGCAAACTGTC-1,0.032312345214066715,0.1914436465629967,0.06188944392451434,0.14047839029232723,0.15039641732939524,0.1305646411913302,0.21722721290707026,0.30514756362755735,0.18786460764816734,0.41092129937954347,0.30110413977724626,0.2801187440653537,0.2830557620974042,0.2827555454421357,0.24073891228466843,0.1369737000670998,0.07541771304278909,0.1863803925240476,0.24947201659777457,0.29550680025768833,0.0009377857522649939,0.014278219576229994,0.20482663755765032,0.1639734259258036,0.11715118819824971
AATCCAGAGAGTACAT-1,0.05596719688321807,0.15465612510789423,0.02463228902616492,0.12475444006500976,0.05300556204198351,0.03751928842902018,0.04679668401631219,0.1980311695808813,0.05903264974545018,0.457741242924821,0.151566703716786,0.21114315693152466,0.11592626213746329,0.17862608370014793,0.14135227983531773,0.10810502201300952,0.055052666579121015,0.17940281130257965,0.2535948846233867,0.22263095607334263,-0.023408909639167773,-0.13307894344027524,0.17837521527806968,0.14614463435072003,0.09275894277866524
TCTTTCCCATGCGCAC-1,0.18484956588726378,0.28480354702009886,0.4185056358306968,0.5137706735501845,0.041362063765036004,0.01960449165319967,0.07477149995957641,0.056254268617843294,0.015148454443601828,0.2542027758176186,0.02704757151083692,0.040672313989881005,0.010456395464245849,0.04366790945571902,0.02582454227453168,0.4916740111601329,0.14165998791357312,0.06069948966885826,0.07668757497268378,0.0695089465340216,0.06294399038912049,0.35453354200435483,0.5246481067329559,0.6069602515018183,0.30824818453779657
ACGTCAATCTCGTTTA-1,0.04470062161967284,0.20667842100206324,0.06089586996530751,0.07108140640828506,0.21607814731350614,0.14931434830780696,0.19255530517281846,0.13949587800213417,0.2078615555625027,0.0731929849092974,0.13509153915372193,0.11772507089305247,0.1600431841162334,0.10708803073697086,0.0988323024952044,0.07145814724781374,0.117950394827818,0.09271363348091834,0.09675371453650637,0.1293373340831476,0.022796701209127215,0.1321864002629058,0.21759501435572745,0.1342762659359861,0.09999634004690444
AAGGAGCCATGTTGAC-1,0.0636843158020941,0.20620041266916161,0.031528273826966435,0.12613716086134932,0.10033841031212566,0.07389476966070845,0.1436430559605816,0.24890640969012343,0.09646610019739978,0.3879500024888157,0.24448050193940216,0.2764201619623799,0.18039376136422436,0.2697296613301104,0.21197845354964717,0.10680238620796696,0.10534336174929909,0.27648204024125816,0.34212012977168343,0.47511840431027563,0.003926992680976209,0.12447224797937247,0.20508808131797773,0.14672700023572857,0.10989067769966779
TACTTGTTCGCATGAT-1,-0.004008767588838007,0.01974791225735687,-0.004639173303073414,0.024261572639001437,0.14013509397893265,0.24499862618579696,0.14493885759573868,0.06131633684257584,0.07379321213288582,0.05487423702662008,0.12334074863194007,0.06996593628725677,0.14016371080991766,0.13399083889731936,0.13579460285363393,0.024487620517757498,0.04670826705942638,0.057866452001582705,0.05928515776841733,0.1093322139222993,0.07616277075884638,0.018916621180583768,-0.008228500640347131,0.0208958839944557,-0.006321335746052878
ACTGTCCAGATGGCGT-1,0.058226109066109664,0.22361135461011608,0.06566523689835738,0.09868774253835341,0.17385432543627424,0.12298444793273297,0.1737832856096693,0.1429679694720824,0.15347850972130134,0.27667463704425704,0.1158762510356198,0.08845452286564977,0.13968313525189727,0.09736752083710462,0.09883933868801127,0.10448993890279121,0.12299409825356443,0.05187207936769572,0.05233153707977954,0.08177043153463481,0.02120450411347917,0.3422204552151061,0.23064792243784785,0.16741243681913645,0.08843611979760943
ACGCAGCGTCGGATCC-1,0.013173970717463337,0.06936877060815186,0.06837145012077762,0.02641692820358261,0.06573950289043357,0.1820291857686311,0.0684225345754104,0.057284566392725604,0.03168090421936962,0.07453745018176458,0.08905836456081309,0.06692456278452001,0.17480048027580083,0.11231298310459964,0.11346955354579141,0.06469402544751719,0.036940296500685296,0.017986181188205424,0.01879654383634731,0.0628429223478266,0.03033520967419649,0.07002212296849075,0.07699870498808399,0.06422804052626933,0.014106235095861461
AGCATACGTGCGCTTG-1,0.06148705017883918,0.21178389537283235,0.06349648568109609,0.16098829201117892,0.09606345592243623,0.044193130726839114,0.07978597529381512,0.19947624043088616,0.10663678094390806,0.2492967127597986,0.17735556453191356,0.18708809895571007,0.14578404181704083,0.162686173967394,0.13022634635915953,0.1158392844789312,0.11129127045795952,0.26054193355495725,0.30091867176790493,0.28053442035666754,0.010597763874791733,0.12365438045686906,0.21141468370089148,0.1713996516970436,0.11277644071221735
CACAGGCGTCACACGC-1,0.18025164355849066,0.3142787356059772,0.4314017364628324,0.09956208477444273,0.047538070960919575,0.061245488344260184,0.06193949127200812,0.06687926016362987,0.06759944625513818,0.22152536916112284,0.024560055839609678,0.038554118156885774,0.014774398755583826,0.03278965454915559,0.011459071305405,0.04723699804641389,0.15827552828571984,0.09974775636916157,0.09273344471298131,0.08552796538038239,0.09694675197855812,0.38471146408492846,0.5133540557274521,0.1211444878042476,0.33990769677213983
ACTTACTAGGTGCAAC-1,0.06299647671605206,0.2091876488261083,0.06747794465089453,0.11842984798322242,0.05397214802069719,0.020582414621275077,0.03572623439122825,0.17178297587582964,0.05953896154727822,0.3511413968232981,0.1886090281585702,0.19226933473639155,0.1275800446968339,0.17941394626712534,0.1621839315851583,0.11349522023644429,0.06985740494792156,0.26463997715513227,0.5697108446432083,0.29033053045638096,0.007630869390213575,0.08075436733123972,0.19179365480513816,0.2012564113198145,0.1277939405599174
ACACTGAGTTACGTCA-1,0.027690573926666368,0.1974938197830137,0.04204329034178074,0.031416136173601165,0.6602153053853871,0.19382831393258054,0.24577463060789834,0.18225591625556353,0.2546740542306643,0.2610987073452854,0.14645126061452524,0.09492739538206017,0.22221284260882068,0.12446391144521354,0.10258729451770453,0.036142438704923036,0.11202006001248402,0.07299135886090947,0.04565552651135951,0.07224528383838674,0.03375575860516969,0.16040509058557526,0.1996058573867549,0.12615760598811745,0.07029703422760479
GACAGAGTCGACGGAA-1,0.18386086550756095,0.34317459502913045,0.3134680500831312,0.3790768159513425,0.04660215365975707,0.029245378591729522,0.07102329859480526,0.047040657692478935,0.07247384645987748,0.22368956287575184,0.021257238289351905,0.03489617480361206,0.005799613585143543,0.028310296903924222,0.020268125666040093,0.3693408476414041,0.17089041401793784,0.06781422434800322,0.05564499729909789,0.06354705476035544,0.07240450521919246,0.4002476967212862,0.063296825393977,0.3685550742744021,0.3296448841965843
ACATACGCAGGTCTCG-1,0.15899117011784464,0.26098769953040296,0.624279059397667,0.26295634348919433,0.034319839470327636,0.05432616985839906,0.04702289722161444,0.05166001566368771,0.05929505229338231,0.18263751711374235,0.023257105541631636,0.0450652431947696,0.03417072630889522,0.03951598911470537,0.031561319368266685,0.4717214717155446,0.14256097174447874,0.0700945144420717,0.04763253246230122,0.07371809739148591,0.06530483789959356,0.29426609421203165,0.4530465691561388,0.4947794544261195,0.27617827822027397
ATGGGAGTCTAGCACA-1,0.22923799922289997,0.03912578477642315,0.043298977302112594,0.10400435280292725,0.07772289931195751,0.00899108010205294,0.030513679326643006,0.0074383572802444,0.058894205626894985,0.1343544915694854,0.006603699662849355,-0.010179113131972294,0.0017201042665843007,-0.000503366415641179,0.0002020207966650175,0.11024099976151568,0.5093101347953107,-0.0044596991538358955,-0.004026129254646359,0.008907612618491217,0.24316840484653754,0.23253093814263215,0.1447591458694669,0.1646612965730486,0.2261425081262395
ACTATCTGTTATCGGT-1,0.022651066084588594,0.16709131698744145,0.03277664139310874,0.061499025830076756,0.2059173607710088,0.12740585779198854,0.17634594227989434,0.12298468551102792,0.15970748547504804,0.09504584261603885,0.0921268219665644,0.06627168360873281,0.13334653243147654,0.10246294115313663,0.09483692124757218,0.04368273969455998,0.08684515066617185,0.06280902218111224,0.04884107637819383,0.0845576406958442,0.012113299992858815,0.1407002543650006,0.1766294691992256,0.12100449247064789,0.08156244344012979
ACACCCTGTTCTGGTA-1,0.09505462200870093,0.2183533339840106,0.4859579632260713,0.29353997823256234,0.05103067093138681,0.038955019632226945,0.05422176189340047,0.11964860960084875,0.08814362333152698,0.19992927043196637,0.10427991608782178,0.08307758493160745,0.06688269612331926,0.10230563268951912,0.07704707870530927,0.28950260503560454,0.07607098875536991,0.12912407441177293,0.13241607901092564,0.11526358959688732,0.011934727624675496,0.24614100441365203,0.2750019244653998,0.18095932032641507,0.15770075540900982
CATCCACGTTACAGAA-3,0.10559440179497544,0.38704659693578897,0.0884433054060674,0.14157781013181145,0.07901613909183759,0.0648435189243623,0.09818661876756155,0.17420786389569798,0.12907150301706483,0.281161240950016,0.13211705847198144,0.17580735529682073,0.12885432559459498,0.14570647857136929,0.11724343656431668,0.14088709300677466,0.12872295644494053,0.1575887009688068,0.1917744841593615,0.2165913469727295,0.05169487206913219,0.3260297353857303,0.2631827242445758,0.19080058191192367,0.19481488776621772
ACCCACTAGATCTGAA-1,0.01964720028045802,0.23161035085105214,0.07997655749754581,0.10261157832480307,0.15078773735033904,0.14706174597245802,0.15845331679449584,0.16631679522846302,0.14273717519456147,0.24812504907654995,0.10077239828026957,0.1224357287577888,0.1407745848206495,0.1130236230273024,0.12473503135956737,0.10016694311693874,0.08345491477478145,0.09405050629733053,0.087667323053816,0.12201218502830238,0.0024003995728848794,0.3130573855756764,0.21010372518575207,0.15102495150957826,0.1037968341911777
AACACGTTCAGCGACC-1,0.06486080199055937,0.15493924190828845,0.08446381147110495,0.13261656451328585,0.13381594499801155,0.09921295625953679,0.1263935614468513,0.26465838821597776,0.15824704894568123,0.3431345286780742,0.28896236555346605,0.25379221719429196,0.20609734788287035,0.2627213789642816,0.2913751099212353,0.1149787368939881,0.0878955100130137,0.2498151451118597,0.40051737244788804,0.4485020004845736,0.030144148794004146,0.29862571872921734,0.2186821709941996,0.1708930226306786,0.15828774408820184
ACGCCGAGTCAAAGCG-1,0.08868533871032022,0.23204786111944,0.06284362197321999,0.1460343614088005,0.17513469928404274,0.13941884370467053,0.2006540079949321,0.272150717892415,0.18711754253243404,0.5152634962677286,0.23951249522175183,0.23710484633419032,0.2512583046432582,0.24563301093121684,0.21530988029468132,0.12060894154275803,0.14056234666873113,0.18331913179029238,0.20381867969575185,0.23873589454439964,0.01784149938612857,-0.1153630688175815,0.22737142233592922,0.17611932755778292,0.09226215019131304
AGTTGGTAGCAGGCTA-4,0.1477332252951828,0.49888632447621367,0.10469163513867029,0.1740991376685987,0.051656490139698946,-0.0021205096030213846,0.046610977456290434,0.04737358955215642,0.07780155114713071,0.2137225857463086,0.01195593074655876,0.021112002970799057,0.01317108541688209,0.0007790477009902455,0.0024275570143900103,0.16885644833405836,0.18818660118215258,0.01426137758371084,0.022282206907774577,0.028152177896351643,0.0997278088170919,0.35076736445954354,0.3435959086391332,0.25190812256808826,0.20648123897817003
AGCAGCCAGGAACTGC-1,0.05367604738254185,0.1927779853265456,0.06086525603338487,0.09236967237653143,0.16135150587789465,0.13020034020404725,0.16832626954201055,0.21422223139098437,0.1857267507096962,0.3797673019448588,0.24576605332502574,0.19130560065038005,0.19826602324958642,0.1883129281393731,0.2374475568383581,0.07191089036393007,0.09856147898611234,0.1962716039209557,0.191981545621161,0.22688981195075011,0.011780152787144787,-0.11149003559578309,0.21436738107582123,0.14794363163583987,0.08297619311219716
ATTATCCGTCCGTCAG-1,0.09598283883985281,0.07056249286858805,0.03658137206790826,0.0727016948067548,-0.011687868044803302,-0.006733142710646558,-0.011325884541003342,0.030225488340259784,0.014407603012407,0.0019632821872332656,0.02948474047823217,0.03736968622914107,0.03638683996170677,0.05698634213660763,0.05813817408244061,0.05980427920966085,0.03700355512318557,0.023526240602184223,0.042615487412148906,0.036029737348712065,0.04510596462347958,0.01089000868663488,0.01758865522352525,0.07366657990515821,0.06350278600013982
ACCAGTAGTCACCTAA-1,0.028572471365741352,0.21355619589013586,0.052151546480339706,0.12754500566532814,0.07288592369664265,0.06041610226369408,0.07630761781879511,0.23766535839113248,0.0670778609150403,0.43170282879298644,0.23342005126230325,0.25460153518101386,0.19043835332157627,0.2261795906363774,0.1728984898200718,0.10928217221481927,0.07806456159668772,0.22258155555892226,0.5406182596352598,0.2748567964236883,-0.0017323484780259516,0.12442305671118074,0.17154215806262121,0.1409032004654534,0.10082824643667991
ACGGAGAGTAAAGGAG-1,0.14604827498232142,0.2869062158346441,0.4589643544458179,0.5632789452130735,0.05276359209195814,0.0741546357188048,0.07746752608665394,0.031507143414574036,0.07254516832034491,0.19961658646375677,0.020082562440404485,0.033021021441199325,0.02148216840900952,0.007890403010654157,-0.0017511687235184487,0.5482744390024147,0.15769292066508425,0.07836530641942728,0.05749825658196101,0.07531302674865836,0.08126610746661192,0.39553026759440857,0.5181823324917297,0.08807174903782145,0.25166704533503087
ACTGTCCAGTGCCATT-1,0.02564032951248475,0.18485603490882643,0.04644838770284869,0.0760239875765926,0.23281349266835558,0.15407086350824317,0.18461114271493367,0.10108356668779443,0.18178046474979961,0.22663679956146582,0.08263708777001744,0.06528569288713337,0.10109509046021528,0.07615041802435922,0.07709575299587502,0.0766091740860045,0.09849272910606634,0.06168094369865143,0.06240469701584221,0.06014942775037781,0.020611798574868535,0.28829660300815546,0.17167503348848223,0.1105453573879884,0.08546008052116771
ACACCGGGTGCATCTA-1,0.07770828509191309,0.12677702804597477,0.06602388715913908,0.15424149819245067,0.10588575955311845,0.13122115824538078,0.2092092720124609,0.5609521623197078,0.16534663900041666,0.4876987536090396,0.29581848608642547,0.285514614718593,0.26494251955217013,0.26669032809022775,0.24475535493732403,0.14214576047328387,0.09228087200336502,0.2323208902734768,0.24973082503265306,0.27848179046434063,-0.020810749419767908,0.25474621052598173,0.1825822419908183,0.1578045565256909,0.11080508905275856
CGCGGTACAGATGGCA-1,0.20167031864542748,0.21904654768236617,0.35878587032914877,0.5523870395799392,0.03973764690906026,0.051646715293816745,0.07397661111354227,0.05997491023158415,0.07820546283307679,0.2144232417178119,0.010999273981529271,0.03316976135195082,0.04038909523288183,0.03789231961744007,0.00973164250488826,0.46482303358498706,0.16553149212246032,0.07964409342145934,0.059998264961596645,0.08365284495988826,0.05938353664166712,0.30934598089195603,0.4087630369383466,0.43582302660350847,0.234671656948833
CAGGTGCCAATCACAC-1,0.15294586517186345,0.2613717716051918,0.3032614144242022,0.48251474420484425,0.1559618829294786,0.1073476115177055,0.17307340022298762,0.12579883240979048,0.16835093575879476,0.32849326319042177,0.08385186623689783,0.09087260044178602,0.1414636678976894,0.11455314801745553,0.09055147640552516,0.33866762071787604,0.1877265206442602,0.07978000774567084,0.07681428500150979,0.11541940246528973,0.0689145371892007,-0.011417912374403181,0.40118408781070375,0.4061382729963416,0.18156430938997203
AACGTTGGTGCAACGA-1,0.08020538664021205,0.18284111122154942,0.06103612128725575,0.1436763305582288,0.08969301302612413,0.06574948257021519,0.09506622019607856,0.26448269982373657,0.12421345995434863,0.3789938437610415,0.2009872911577065,0.2609114712574118,0.17466501234540843,0.2315677424472869,0.1915807989601123,0.08913675398481449,0.10919016041894654,0.26865528631469354,0.31083213188411746,0.5049706032283163,0.025892283375838387,0.026468662017247378,0.22790392158507397,0.1485888390479928,0.08267989913940663
CCTAAAGGTAGGGTAC-1,0.08321213351371201,0.2882204868093459,0.05015892608388252,0.14299014513105016,0.165085164304852,0.0869870686771535,0.14306015105937775,0.17735283464611903,0.16025202368116964,0.3717280538009974,0.15682650741574206,0.15419202551769284,0.18061307013808575,0.17629113585433637,0.18755680785055823,0.13723417167209376,0.12456224145853427,0.10954469354855924,0.14600036755562196,0.16377489656190808,0.021278586895799523,0.4431049617026324,0.3103783544092003,0.22068870248607858,0.13004059713634378
TCTCTAAAGTTAAGTG-1,0.10463310569566885,0.25747195535010226,0.09577636089476808,0.16530618522005236,0.1633335788427296,0.08507542815487326,0.14339725135129114,0.14028408151129676,0.14107116171408435,0.01401826476087276,0.15493585780419844,0.10781076216700172,0.11239057355682236,0.12992418230649225,0.10635679185500305,0.15829930751382645,0.1856550048717779,0.22040556782834178,0.1815350323334702,0.2138762523133815,0.06927825730344618,0.21690932756334316,0.2896389649707751,0.23643987497009605,0.13666536628118692
ACGAGGACATTAGCCA-1,0.027367929335544217,0.14913011651841473,0.028957199726663562,0.06668953262025601,0.12669603738662888,0.1066240898889367,0.16560382307590021,0.08864856821023677,0.1376553755542119,0.1792015054306915,0.04830430131397863,0.06114965515405657,0.09298597366916471,0.07642652403801962,0.04573251753301497,0.06818698673070718,0.128936428936174,0.0247643350433676,0.026819602024369157,0.06325443408554023,0.04360052450249513,0.2374403645694623,0.16610102518399844,0.11923232319956427,0.06744618540417796
ATAGACCTCAGCTCGG-1,0.06555923212748531,0.05688424106398425,0.1693638058519884,0.11343054468682902,-0.01041537291896254,-0.0060000841880790065,0.04527571895247489,0.03698570952744588,0.047356684607191786,0.17030339239109343,0.012432105141333527,0.017367371035267174,0.04360983049372376,0.015202678039713568,0.015718059177942948,0.12916729229496524,0.024688924504822143,0.06823512059072401,0.05039021292716302,0.06116128465352806,0.02159507030851976,0.15341974365284639,0.16664807163745032,0.18208300298804664,0.15783848190522828
ACTTTCAAGGTGTTAA-1,0.06729609705678534,0.11121083877891261,0.054393899879929805,0.0688420451216765,0.49181070412389793,0.19186922565711306,0.45087508028208,0.1833170176959002,0.4843436961210507,0.4143426790464864,0.15720256651339645,0.14852992199483045,0.47927153104746817,0.17562046428801836,0.17719080732760342,0.07054550340002258,0.12504370114639685,0.10729932941959525,0.08893754768870114,0.12145902133583882,0.05752456699408008,0.40490894649655274,0.13177572024172943,0.07640502215977908,0.07473936032831964
AACTCAGAGCGCTCCA-1,0.08648245572998062,0.1212100988656637,0.014441606219404695,0.08464974885466954,0.5720412988382741,0.192289500904847,0.49011666618246025,0.17427255410087286,0.2339213479547684,0.24068044306905348,0.1180374531926666,0.09766747853611991,0.1844870407597526,0.13144405297647624,0.10570100595119607,0.0882810098135319,0.13919578292496293,0.08139238946351422,0.05251139283923919,0.08113592401084084,0.0508324678927053,0.19504993932616246,0.1604074459530698,0.09847877081119524,0.06927428880164148
ACCTTTAAGTTACGGG-1,0.2543983080370712,0.27095348472460895,0.1066663762187802,0.160259908436051,0.1863498253353846,0.10403867735016534,0.170860684286857,0.10181793942747233,0.1729221095828627,0.27862315377357527,0.07996348167897624,0.06729441430790031,0.12886300981990492,0.0734310574355592,0.07610392033966167,0.1738997862518218,0.2906978440048526,0.057727227419273115,0.05335234114830971,0.06850386835946105,0.19760280827439952,0.5099687065552702,0.2732490474790362,0.2964187705589197,0.24854365659469696
AATCGGTGTACTTCTT-1,0.06231500742348883,0.1848222588456307,0.044963491336631634,0.08807993708384881,0.11169851231556595,0.1057012487513177,0.16663734160565602,0.19212947299125804,0.13186165503977945,0.329447861897397,0.20672572712895476,0.16323026229078633,0.1882879133636152,0.16909780954039194,0.1820282330850953,0.08868944395515498,0.1024505742349442,0.1487996713742275,0.1710153583416145,0.18574829644485905,0.01820178306502255,-0.08185189109038402,0.210977329002117,0.15709202432542616,0.07532372570179281
ATTGGACCAACGATGG-1,0.0597389350374408,0.3047377997248344,0.10493603684816198,0.16204583601365502,0.06370074608206966,0.037299241544523416,0.07850254258298743,0.17301695011374008,0.08815604180490698,0.15206064172131542,0.16314540074228415,0.15717175816436957,0.11772379997219982,0.15968977738774895,0.11933359912207207,0.15839741092781684,0.12063227178430855,0.212015218243827,0.23571779829589123,0.24711815130785256,0.003146397352911686,0.1945405065128273,0.3138223541205164,0.24904961549869103,0.14453212049172695
AAAGTAGAGGCATTGG-1,0.0432354700826732,0.27690112126211025,0.05814713498079099,0.11079419725791376,0.15799716669410427,0.11520053265621666,0.19154883929389036,0.30491595931439053,0.19985753470691575,0.2967042603292887,0.31116860029047444,0.29263805672646853,0.3354812319765916,0.3087667594500494,0.3246471639455492,0.10478136969870776,0.15562023590591173,0.2024510123359439,0.22573202022538663,0.25194674276346335,0.02630997049108641,0.0835465292827378,0.229155240970329,0.16620245943897377,0.1253445628488525
AACTCTTTCCCTTGTG-1,0.024900960165705168,0.1019756229664592,0.03181694714538884,0.06509136533999756,0.08391480168050042,0.11524585796808354,0.10214560723907835,0.2005143354852617,0.07601244890136687,0.22174278462958838,0.273820835374623,0.20150763903237848,0.1556418488513968,0.18816313046106994,0.1919035355382171,0.058619914244829326,0.05338752497404235,0.20425767127100672,0.21015270102340194,0.2187206579292274,0.00038562737864786083,0.18350754344610964,0.09286837414725195,0.07830659389079142,0.08302576608224926
TACAGTGTCTTCGGTC-1,0.1988148751637101,0.32121439661090184,0.35584377409619455,0.42892074518790535,0.040206004920438645,0.014710260399865206,0.07133048474851127,0.04635817548405414,0.03833976002755215,0.20853297979399946,0.012988411163729072,0.025808372157746097,0.0063365824807817715,0.02743808583100198,0.011186188020550226,0.4144198341092681,0.16083285350917953,0.0637186224193824,0.042440419765236506,0.0657909299515853,0.07335924367644586,0.3772757365625012,0.001550659126028568,0.5258838573139847,0.343693251881738
AGAGCTTAGACAGAGA-1,0.04131284200588011,0.21606820613697367,0.05649499406664381,0.11148668909525757,0.16991584658930836,0.14625309276250156,0.19066617048090687,0.2911799652189186,0.13432199418860438,0.405523292304026,0.31112354404292386,0.31312258547559724,0.2477587167783501,0.29209088532451155,0.2970800098573618,0.07655036314071369,0.07552353821289479,0.23612550444342287,0.2507911401947226,0.29447742852096187,0.020812433982151234,0.03761872028167467,0.2378279966704316,0.1780034469214165,0.11097917584937535
AAACCTGTCCGCGCAA-1,0.08090794776363862,0.20569460315234583,0.06739324560182433,0.1342376286568258,0.14524538292229455,0.097153656871422,0.15238099869655847,0.24746441468802555,0.1904257261638556,0.2247961105653053,0.23323310692127353,0.26619295968047957,0.20320467875702236,0.25867558704083765,0.23906020490734203,0.10851961920547466,0.11665881072182717,0.2695937937551354,0.2885181289139891,0.5278953654091221,0.02222428595729856,0.33524379753244465,0.23192583709258502,0.1686919356040225,0.13930118430243696
TGTCCCAGTACCAGTT-1,0.07845173654125584,0.260202138721061,0.0565618011284939,0.10555705513111253,0.19032235688083907,0.12563141497519484,0.21273392910933167,0.17541788808994005,0.21428864926854935,0.3413060846353677,0.15157154445925278,0.13483822878006071,0.18908763060763037,0.14647693734226588,0.1576300202830597,0.09059750643972933,0.15150229196437315,0.12247300855895596,0.09737555221351427,0.14434034486289166,0.03538983413099244,0.4159864149706361,0.24395573783035404,0.17188737534561657,0.08088273114820982
AGCATACAGTAGGCCA-1,0.07793478560848897,0.19451661223889244,0.04058511179866899,0.0873756265601133,0.11913637105643037,0.08633477493974887,0.17199304515049066,0.18775648519819063,0.13857837556101565,0.2837542185824766,0.1758436006804109,0.1525692550657904,0.16805851241882364,0.13802046600823528,0.15187871400702088,0.08805051713662587,0.09706428431471771,0.14974772329192237,0.16287709198306213,0.17720343137859376,0.016749359935800012,-0.07028325603291746,0.20640675209010118,0.1204891920972636,0.09233262742529229
ACAGCTAGTATCGCAT-1,0.14204809248347652,0.2838028129706741,0.3407607632347459,0.38124128614898745,0.15345944836159622,0.11316968419115554,0.16787439936143653,0.23359458097113414,0.18149930038375528,0.38094475715428977,0.16836522859791198,0.19792824521110725,0.19177625763339542,0.2051649349256055,0.18173490277557156,0.3837416275656551,0.18237171040777123,0.15390000424600758,0.1798682665579566,0.19697635764775168,0.05789985294123199,-0.05786235014643274,0.4123286272728178,0.40184249810459977,0.2466127006844122
ACGCCGATCTTCTGGC-1,0.036122585614705854,0.12977518427820087,0.013000893248491265,0.0841804886966038,0.23382380540642597,0.15818385066711413,0.24427422176374686,0.25164930844007,0.25159504666728133,0.4643416537776455,0.2941845856003381,0.22866793584862008,0.28760284283672966,0.2714862850959481,0.2531489042280834,0.07636321809885026,0.10603688730908377,0.19081277755602793,0.18628518323032284,0.24458396824304213,0.01373776097805169,-0.1097416627469732,0.14041590390202444,0.12736508510746017,0.08586308230355642
AACTCCCTCCTAGAAC-1,0.026493835188416436,0.17090349297453425,0.020678978129009547,0.07140711133583719,0.1486201367205798,0.17073913769139992,0.15419188613568863,0.19979873521271263,0.18917904014801581,0.19211428378759093,0.20953278296034955,0.13830894765398416,0.2413691606945181,0.15244244011477487,0.1703910479522663,0.08003195884007062,0.0935883203568801,0.1503059183621554,0.12371407177160916,0.153699553908538,0.03234249334383664,0.12064302936808549,0.13956462825882263,0.09101335174358516,0.057622434148325984
AACACGTAGCCACCTG-1,0.07976310563318131,0.2020130761714424,0.052947772329831055,0.08088031258491526,0.19240826750565457,0.16668565236367108,0.22003362043927496,0.12082946446175893,0.20824079208632115,0.26636013536178227,0.08344858015647316,0.07182502864463886,0.15229492861722968,0.1042250852828844,0.10559812107865615,0.0654460216214609,0.12135449648477308,0.05895340682855483,0.03512720325931345,0.05832172358711109,0.05659508242828,0.31650494533777573,0.2004972017873704,0.12719864381075452,0.06893159247456669
ACTGTCCCACGACTCG-1,0.2003972305405297,0.21698478421189243,0.035361152304651575,0.10655179915623475,0.08757818303191063,0.026034981573582427,0.03494135993169323,0.013251165981391023,0.08511816493696803,0.1191800479274724,0.013046489683869657,-0.0001733648481296284,-0.0008529286623511819,0.017458718351326043,0.008165855553954847,0.09241547620166302,0.41363080998866825,0.027496061134931117,0.00164416480846228,0.021051545017727262,0.6111868586058746,0.20434855905684468,0.24004480537400646,0.1616827600977323,0.14846914980250403
AAACCTGCAGGGAGAG-1,0.03967651760717005,0.19720585378266167,0.06652118328561243,0.09518608914972077,0.19606693915281448,0.15977341433906103,0.205577349097802,0.172668181343882,0.19973472323224378,0.2530774922324157,0.13173467997090774,0.11293277416633025,0.17676158218969598,0.1354827942849077,0.1369202703243404,0.0874629693087825,0.10801769929948807,0.0873357189796324,0.08228478569882106,0.1372912744608667,0.02944038545929425,0.32596887954653275,0.24810178685694392,0.16106715570716548,0.06122321199813898
AATCCAGGTCCATCCT-1,0.06985911740670822,0.1890132012266044,0.04502779262186534,0.11628202421892311,0.12426105117776455,0.11709013164564668,0.18151847640063956,0.32297137021216926,0.18910788170219558,0.396738055975308,0.2287691579618932,0.24551720663433296,0.22881476113408805,0.23899628457980512,0.22982510856670293,0.08519511381658622,0.0756943298535537,0.14379183098126308,0.20758474424926918,0.22727835185181874,0.0019693959132640482,0.007655295292496832,0.1969124915826379,0.15725427318638593,0.059653340709528005
AAACGGGCACGAGAGT-2,0.14436004266795713,0.30493275038705614,0.15102876570348392,0.16280369353437557,0.04659095719443898,0.026668159044270657,0.0653372700936449,0.03638340325534249,0.042955920037892704,0.1764979752592389,0.036106935496982226,0.007196100278551703,0.02927160580247722,0.04379456830916583,0.02135664569850862,0.18408341540249476,0.15210532409771832,0.04218834484693036,0.04702126963535978,0.06545621252131144,0.10815934033142417,0.26999263124662337,0.329252483186112,0.2735907452337859,0.4910344147051427
CTGCGGAGTTGACGTT-2,0.13307383985981322,0.27908318647981584,0.15726866957054703,0.15977083734193964,0.03880176045930455,0.03219520639852256,0.031202454961657744,0.05458941079495881,0.0338777910650439,0.16685435932807505,0.06144700568211162,0.04079462367207523,0.03819670906326514,0.05316507194895078,0.036925369948468366,0.19796866062751056,0.13906575760858203,0.06667569635018289,0.07916922298395931,0.09191443762922467,0.10831377488560823,0.24058180700347476,0.291295663900066,0.2561265307780583,0.4323722295397706
AACTCAGCAGTGGAGT-1,0.06014864606229195,0.20950996133210512,0.028578098732679438,0.10390260656923819,0.1225351688373108,0.09382225139986561,0.12972481472571668,0.252762301603172,0.1213383790791086,0.4128705769864098,0.24901585344123997,0.2567639367883894,0.21123308952412556,0.27308642148960766,0.2283953929673835,0.0933127241233506,0.07569014786134498,0.24570038933214883,0.34171769846306294,0.488837278266523,0.015084141417778231,0.03588149851410573,0.21358448089818358,0.14093636283771369,0.1108053379340587
AAAGCAAGTAAGGATT-1,0.008590583027502263,0.16900442567768068,0.018368485249966055,0.06889581184284836,0.1630170279113457,0.14008805877256647,0.20587545899462634,0.1921860562304698,0.15484834889714869,0.2894271211490682,0.1592997665856573,0.18866681568059537,0.2410258561035214,0.2071602024633631,0.21094467705189007,0.07050778919977431,0.07666597979058858,0.15025633586002785,0.14389216801851007,0.17674236739761684,-0.006312835422163807,0.34253113913440864,0.1878821376929342,0.10909282176977116,0.07894917573833339
ACTGAACCATTCCTGC-1,0.06497732343872918,0.16483809084073386,0.04778617767697459,0.1223316592520252,0.07303192855280662,0.06088249142979405,0.055702670924952985,0.2490232261312748,0.08135240474815747,0.2717229342981088,0.18946019313471685,0.24752310208273648,0.1971280760756445,0.23958966227154116,0.21059529016418668,0.10627523262889334,0.09381852330517935,0.25227960176017195,0.3168169444133397,0.5042393589737938,-1.0732624578334769e-06,0.32036074192706016,0.21564201737814492,0.15504567840140554,0.11654232041661171
GGGTCTGAGAGCAATT-2,0.18386358603830658,0.32615246907910866,0.1382940200366828,0.18098424752381717,0.011351478376018716,0.012509140546500387,0.03143279320650795,0.028397753656913237,0.04221184271619637,0.16214481396790295,0.013744776944490002,0.006595452640600429,-0.0037182326286464285,0.0035397892807112813,0.0032668729174473833,0.19901423991725423,0.18149697386074404,0.05972873067024359,0.06584839283639907,0.05673254912208634,0.10346554274044122,0.2769293821471117,0.3616392504913943,0.28747665017698903,0.47766550500778077
ACACCCTAGCGTGAAC-1,0.028217073463296948,0.20514525264305958,0.05530953787931128,0.08413167902136934,0.25698344439226695,0.1872440700386642,0.2541210261771787,0.26077818997025254,0.18351316696643544,0.36343459400021216,0.20149448925945374,0.19960247620357596,0.23363568090730633,0.2089783509459781,0.2129363137660227,0.07185238374050511,0.13510068253249294,0.1798763302496691,0.11586685416546057,0.18889766402253663,0.021154757478943558,0.015796177230674995,0.2074400853412298,0.14552439129453962,0.09290722272923137
CCGTGGAGTTCGTTGA-1,0.1823831360791304,0.2686715856401312,0.41161709124853924,0.49219511745380357,0.024028687337475728,0.015762158492840215,0.0438450437639619,0.06281556150777752,0.03904789962605617,0.1874393315636724,0.02030215268103485,0.025600778902416382,0.02339420666037666,0.02866143194941761,0.02001098757955476,0.47701854570681346,0.14427412667227008,0.06285571243512204,0.056194076119417055,0.058640711451835026,0.06261507738216401,0.29427804406824964,0.4698731039386728,0.5447044461727989,0.26935764530786804
TAAGCGTTCAAACCAC-1,0.06127836260821538,0.24555739750218325,0.0454496130127208,0.09748587839443691,0.21419488750895285,0.12733066997214715,0.18886366086660625,0.14534157046414956,0.1682440367765294,0.28129845555968686,0.09944376488672721,0.09164220001283277,0.12271951239921573,0.10607456955881821,0.08574869225606122,0.09462045392301364,0.1376370336511668,0.08619367290183591,0.06772122340419522,0.08468163070716644,0.032989355506992175,0.3432906053817807,0.24105136571528088,0.17410169409412943,0.0994935848275869
CTCTAATGTAAAGTCA-2,0.12359737214274877,0.25254057667892077,0.13985874724824165,0.15242851809883945,0.016625166150343155,0.01579245354892786,0.010365040741022036,0.025526706737505987,0.012457768755331378,0.10783911392152122,0.016648772685170538,0.018095208247982702,0.006766800822926901,0.006166449294775944,0.006622962539563706,0.1912941677946495,0.14509842771089254,0.05127374336932879,0.06257418817628001,0.0425525344729929,0.07302963250956263,0.22469543422325042,0.2954051326491054,0.2643050517720321,0.4568776373675008
ACTGTCCTCAAAGTAG-1,0.05305350778130439,0.2042556401468817,0.03661898042772555,0.08179727179753689,0.12701678726358182,0.12849180798047405,0.165243567078478,0.2945008849930089,0.1598514361426228,0.5558470936349981,0.2907555186848432,0.24836327663482877,0.23162674793978355,0.2503846836309388,0.23422734147462612,0.07760748187151027,0.09901488771905144,0.2142625161005665,0.22326432437329116,0.27280093276170725,0.01891613750095677,-0.21303523210819988,0.1790557120342994,0.10970332163468692,0.09213987534966776
ACTATCTGTCATGCCG-1,0.05959066147762397,0.2249495173080223,0.05687326757911966,0.11762398845982075,0.10828122674391547,0.10305450100299039,0.13157785376976244,0.2524863177839942,0.11682824071286396,0.5884908680150273,0.23460594276582478,0.2540101192602502,0.2371817965478771,0.28228248232909897,0.27879359171065293,0.08780781845687967,0.08836887054661476,0.20691516781448416,0.2534280085122345,0.25401770008798175,0.0052345269487840546,-0.18204089842168963,0.19339298589420964,0.16288247904962352,0.13058397515277848
ATAGACCGTGCGGTAA-1,0.043488869993257934,0.18284808580435327,0.05650224188275491,0.11459654045164826,0.1849761253978645,0.1524176076605669,0.18105441773115907,0.09366576845447903,0.21023040692272343,0.15064268576116152,0.06216034279324312,0.06825629499480809,0.1522621810578186,0.08144191843347083,0.08423404090947344,0.08465720678531954,0.09868449254104167,0.058508686922723006,0.05965630100215725,0.06337074256332778,0.03038941382093683,0.07084383649820702,0.20522016228700798,0.1333582612244565,0.08216905389063812
AAACCTGCAAAGGTGC-1,0.3908548080246086,0.011398448461726576,0.037537165758071374,0.08036772109836501,0.08909712913999891,0.03066749445621037,0.08019142994712848,-0.002686071167213445,0.08449564804177495,0.135464686772551,-0.0026780953097878205,-0.008959388366934726,0.0258855654084594,-0.010995184178648401,0.01296218235081036,0.07697355923104925,0.4433566750652482,0.0050142256774552574,-0.01400934193967209,0.0005165308860209831,0.5205274043038672,0.2068872096441856,0.24719103042387097,0.19217436488820505,0.18179449167935022
TACTCGCTCTCGATGA-1,0.17453360359743006,0.2840526579821539,0.15455189012568732,0.17061082912835757,0.04840818953849561,0.013940642189375322,0.04461522024958423,0.03246189572031627,0.0368424248208217,0.1498243506307931,0.03124774900298094,0.018750817592029085,0.023822832860271433,0.022166678970216177,0.014411788083217901,0.1978150834668834,0.17325538826418335,0.08079256548523464,0.07019747008638229,0.06995467844977306,0.10953993618772691,0.26697818711276805,0.3662067888883247,0.28249089033544783,0.48074826064204074
CAGGTGCTCGCCAGCA-3,0.07598747830350872,0.29742997575812913,0.08597825865242929,0.11974740321052758,0.06611769525161089,0.05314211648096427,0.031499811936527,0.2001217110613971,0.08602418329900755,0.22497496780147538,0.19717914688450017,0.18302866553011923,0.1406314398656422,0.16932128937090812,0.13598771850754787,0.10010014313244359,0.07527278958636069,0.17926955534665426,0.22725249353288451,0.0797168140750217,0.035255254075879344,0.22535422521725476,0.1627400376498464,0.14802130323215418,0.14143041672756457
ACGCCAGGTGATGATA-1,0.08568211396435742,0.17307014243212376,0.053031950180304356,0.14295803213531905,0.0727828737411906,0.06315549986747251,0.08435820622559828,0.19666253665192449,0.08877860195349004,0.4400619523432821,0.19374462152208147,0.1757327568748904,0.14127009980978644,0.17897197983797267,0.14434752441678486,0.10900152841531695,0.04449509204351341,0.2115098779142292,0.23553533012775862,0.24247046792359747,0.023181029498153927,-0.084894713841177,0.17810842482692013,0.15767545303381564,0.09845317590123336
TCAGCTCTCACCGGGT-1,0.0885488502077353,0.32077223906725927,0.07416956137431213,0.13028250714470088,0.16739891942851426,0.10639879719889514,0.18437520470036323,0.17854442158284597,0.1937818950479966,0.3455244749817509,0.14000163408237912,0.14928644763356722,0.1699711538547428,0.16557410553125232,0.16384471912397386,0.12264336384472989,0.12763796789917067,0.09923982828728947,0.09470897325227887,0.13805744124138114,0.044233311775545237,0.4276321649429516,0.2822458112680089,0.21244870934333637,0.14220688314597266
CTTCTCTTCCTCAATT-1,0.003699841427372981,0.18002347704002317,0.03112032570664248,0.07874899529871755,0.20046415917406255,0.11600655722112008,0.1942184510102559,0.12191203825280032,0.1787045116823273,0.10331054334816721,0.0899207139504868,0.06370900533214752,0.12042222802685228,0.0836397123854686,0.08490657989415214,0.06642637016577665,0.11310169850833307,0.077479454584,0.043087105180210215,0.06637876167836453,0.031827142378889346,-0.025649170011290193,0.18492564920880517,0.12741277238262091,0.04937744881441118
ATTATCCCAAGGCTCC-1,0.22967539571483897,0.23553761926025077,0.06208036867839608,0.11351364667974578,0.07055219594403152,0.022742385739873895,0.06291318806069679,-0.0006644708443563194,0.12314114739002442,0.1219119460526859,0.009248467219577857,-0.004169159640476627,-0.004932854423270745,-0.01693729951131044,-0.01641125758213657,0.10083264238643995,0.23797412845812715,0.005973106388674983,-0.0012226080856975715,0.0008741399894605476,0.23194957222579404,0.2413605960585187,-0.08475499696575416,0.19939865780532484,0.1745855769905611
GACTGCGTCAAACAAG-1,0.07803806591931155,0.2044040022275278,0.051868876536303114,0.09972892869824444,0.07784055836698142,0.06491780787653142,0.09496059029599166,0.2398353186536962,0.13499350002791552,0.2240769958042167,0.23373356363659836,0.2636136193941332,0.17673852565254428,0.22201385341411786,0.20334604760656327,0.10013779620298727,0.12787976533185164,0.2043212751129462,0.2613911723288977,0.2766616505126588,0.05831620722945568,0.10750938931798017,0.21670236423164302,0.1985158021042939,0.1270368441310816
ACTTACTTCTGAAAGA-1,0.035654416307946975,0.1891138075252516,0.03221832119665213,0.0561272289555799,0.23777500749687333,0.1327409155176253,0.19111297951813142,0.10320633187246829,0.16697390318737937,0.1370493085393902,0.1117738221573751,0.10287038038644372,0.14270351451827637,0.13279217454252307,0.12760773839591663,0.05244531047421722,0.1273547379093375,0.058728764310153524,0.05896620701439693,0.08863332170678115,0.055617096658555784,0.02516850409697199,0.1926173818555413,0.13990929155299925,0.06091871485560478
GTTAAGCAGGTGCACA-1,0.0814409045464304,0.32569179916670415,0.06751091441075448,0.1585582542819585,0.1672603804651044,0.12800335861282575,0.18367131799789818,0.16623120630924673,0.19982459083173404,0.37321964228008275,0.1109786314255623,0.11226380265113113,0.13596927011248916,0.11817403759398012,0.10525077052765174,0.1506298340231515,0.13472168063599055,0.07642683412787761,0.08534696620221971,0.11622513922601815,0.028378166415256565,0.4811789593303711,0.32416808095074073,0.24849394747223172,0.13921297469565902
CACCTTGGTGCAACGA-1,-0.007504082336327874,0.030248784838094768,0.024303160724366557,0.03457265553530425,0.19977322576688597,0.1892673224199953,0.17903452940187292,-0.004818117274645533,-0.004047268991889184,0.029201569556785253,0.03636103964608096,-0.004252737838868648,0.1841660155176957,0.0402721798169134,0.040866330024278495,0.16706134309481738,0.03324871291378014,-0.005049703879822838,-0.0049352228566655965,0.03128818612958662,0.18862588544481368,0.021394532762562105,0.02545949036301021,0.1712849575439648,-0.011262154858996481
ACATCAGAGGTTACCT-1,0.061702467212175066,0.15548339539922232,0.02693770481127441,0.07178596450726416,0.631454303937739,0.17472089170027133,0.23189341136439054,0.16374033714649686,0.22630748267546635,0.2487895855271092,0.11467266062942107,0.09523817928129398,0.15653893120958948,0.10721206147107873,0.09944490470819602,0.048167539399750846,0.15136321986219042,0.06613966099953257,0.060449515075950436,0.08078568566529451,0.05442817756441957,0.1696068491221772,0.14797022081696162,0.09458022822772655,0.044792710486155636
CGAACATAGCCATCGC-1,0.04769340196638121,0.2217270221584654,0.05441174334446182,0.11516631033621343,0.20768296691763932,0.13241197253956455,0.2159293469679162,0.14667454710647929,0.19550539320985208,0.2783208700164097,0.107372877510459,0.0984796365176125,0.14762398471462415,0.09799479630929175,0.09941670065266518,0.09397736845870855,0.13577856933499177,0.07990661717777033,0.054129515977052504,0.098393571008758,0.02766710609766331,0.36172709741333015,0.24318922108366747,0.15781609549619374,0.09234870525726452
AAGACCTAGCCGCCTA-1,0.014950162110544014,0.13787354651357175,0.13543565423592152,0.13670283174750006,0.11374802013437844,0.04201892158715402,0.0523329778231626,0.12634824366224545,-0.007562215757621261,0.10496143551884997,0.12732338554136768,0.1148132564896345,0.07427377141229906,0.11177180034064578,0.1333849847469936,0.07659172519332597,0.12974298870953646,0.02011619931454947,0.02095589960754205,0.12583449330007315,0.11927396513832329,0.1374335374502127,0.12857687026929634,0.1351860999963516,0.016549875855228484
ACGAGCCCACGCCAGT-1,0.09126723556535055,0.16577032783481402,0.08085989794494322,0.1655771790674414,0.08051304635965893,0.04717809802224241,0.08405465405543423,0.19903727274651303,0.08753885251309451,0.2734339150912433,0.21753229242405903,0.23306910644412854,0.17975193738505382,0.22808828481239865,0.18439658414210464,0.15125693597039575,0.09002949171830223,0.2867376043955892,0.6178245962415149,0.5205200117695885,-0.009054224745938637,0.3121351183552785,0.24371956014751012,0.20258264765705344,0.12243746447071106
AGAATAGTCGGAAACG-1,0.05079984356251405,0.15900974483097566,0.07850800838556656,0.16034819254606178,0.10298819465302354,0.058460783857253805,0.06430974191696494,0.17974686197060913,0.06781465161475532,0.3342429446402816,0.18648515008141012,0.19874956501375507,0.15894308213665667,0.17335142324279806,0.1545909981665179,0.12194087180431593,0.10860598159490314,0.2611844220185122,0.47563021465461075,0.29058569305164234,-0.0005628087208190101,0.18941906261131924,0.19329165529956213,0.1944820526050962,0.0926196089476382
AACTGGTCAGACGCAA-1,0.053177835121935906,0.24948146113169017,0.050251128269229645,0.1351836791483657,0.10846747690727715,0.11650663975810277,0.1893897818742295,0.2685462292890575,0.1657511700756736,0.29249091817305534,0.22559274374290195,0.28105387014448224,0.27535988239036485,0.31390457505445113,0.25622306685176943,0.11913939269472984,0.09902221559377015,0.1461429881273152,0.21000948824910498,0.2201219934465262,0.02224065515606787,0.13781258385413056,0.2605178651568644,0.20309946368458193,0.12908091432402852
CATCCACGTAGCAAAT-1,-0.007702790054496538,0.19325063007403445,0.237353142567753,0.027123858717396795,0.22587507939809606,0.28559978873603464,0.20263255046943282,-0.006292085252590937,-0.005285417536667999,0.006529951068529037,0.20338616730349657,-0.005553743820204022,0.2322101227106476,0.2597157980980525,0.2591044033450719,0.02561124520638752,0.024859114568228317,-0.0057281228224125985,-0.005598261472700515,0.02624799528897929,0.24250055263245568,-0.016362625517272696,0.20437882820718956,0.21240785126720718,-0.012707348915775301
ACCTTTATCCATGAGT-1,0.06381046829138853,0.17153013182236396,0.07723933646479758,0.15709043590975913,0.14063194730518463,0.11070434410161192,0.17143418335434804,0.277702051809433,0.15182574730586623,0.3480935163670713,0.19884164030171053,0.27267504448435115,0.253775908352575,0.2747894524976552,0.22137162229892926,0.12088318167618255,0.09376706483087022,0.18708578449232904,0.24070796697718874,0.27301663483323263,-0.011150938226236607,0.03672220402293586,0.17352147981942304,0.14253326104506273,0.09889016110859906
ACACCCTGTGAGGGAG-1,0.1010913507309266,0.18684935629585364,0.05144398127197938,0.15692837236058815,0.11025626326325652,0.11535874655685206,0.17784973279325522,0.2848311369791403,0.19915809621773262,0.3911657116083706,0.26036994861839563,0.2926112519479139,0.2605419698267411,0.28580315836576864,0.2631693319306878,0.11877588751091032,0.10322525694267355,0.24050925318509497,0.25961277824868606,0.3167457653407834,0.026010218213427957,-0.04308727082488194,0.2030481614152075,0.15435889261251867,0.08633515649301128
AGCAGCCGTAGTGAAT-1,0.19585896062060965,0.3031647362241366,0.35651169549915934,0.4136533596930825,0.07698829712048122,0.05594666662862133,0.07359810511533375,0.06363503753593498,0.09510124735050991,0.22170867470688563,0.05257817160425111,0.05434524083423985,0.05215339192715453,0.06334464975647298,0.040097736435128824,0.40748405624915424,0.20940947897831882,0.0928438506173463,0.08043133922527972,0.10277940815452147,0.07384863098952794,0.3596893752036337,-0.036241333731418725,0.5536362998193236,0.2996808611223397
AGAATAGTCGGCGCAT-1,0.06573891626466978,0.21298117924000307,0.03587377886887876,0.1069226533877617,0.08195117585052174,0.099442154235663,0.13975754402874668,0.26719578801845156,0.15707413342329465,0.5264210756892985,0.26481097532502323,0.2651769682354672,0.20428089782006403,0.24722893120205186,0.23171048378669182,0.10308815680081643,0.0855474439848666,0.18423619580714093,0.19841164050224622,0.2517194475010574,-0.002229153469156467,-0.11089880588114533,0.2134289185140331,0.14597176235441325,0.10225149613660778
ACATCAGGTCAAACTC-1,0.050277401812111024,0.19651625537480955,0.039768350039048404,0.09860393321689036,0.1069558314318695,0.08287968960662036,0.1240772024478529,0.25474678411632945,0.11867180160131668,0.39369905732063853,0.19968867536683482,0.23990834488948384,0.23181619787131105,0.2633648863413757,0.21282746352171855,0.10131285855862474,0.05735685019861838,0.15974789913931287,0.20863628321083214,0.24851292603913597,0.010400778452573266,-0.0243413694794224,0.20303204910541003,0.14326734516864872,0.08379591780404735
ACGAGCCGTTCATGGT-1,0.07048119157057949,0.2681519199286092,0.08609811559115524,0.15462558889685146,0.21270762359922654,0.12733272549905209,0.18730447740461018,0.26870654131686805,0.22265871230761547,0.3800512230611048,0.24376284299762283,0.23695060527685535,0.18292234457589376,0.24384735338584093,0.20044208303368527,0.13465535382829547,0.13802985224160194,0.2424432499389461,0.26007910598666323,0.30910948907901015,0.02997905529164382,-0.007019822661887838,0.26513236960458264,0.21385988278928467,0.13923703349574731
CAGCTGGAGGTACTCT-1,0.07912025689260434,0.20144490867542272,0.04562651189271161,0.10680088708421547,0.16507619207615454,0.16173770095164386,0.19664123602242659,0.12473956124464165,0.19331517515977342,0.12387680451416985,0.1408688525513617,0.10244701468082716,0.1555573410897027,0.1262438064505721,0.12735112829291678,0.09529168140136623,0.12239885395978635,0.07373690566352878,0.10493842311835981,0.12317644856392627,0.013613828064904382,0.07052109942541292,0.19126542891971612,0.1323643640627812,0.10440748774048292
ACACCCTGTTCAGCGC-1,0.15541180189691886,0.2490476326715099,0.49680674365427274,0.3733338466346156,0.005105946876214949,0.011147415707643526,0.03424542947536485,0.04674101509388688,0.03532830192723192,0.14129347970467693,-0.0004854306660148405,0.03216560521347451,0.01840604638760918,0.015584950163071805,0.0041571279231371215,0.45742464813140327,0.16243837978670791,0.06215088364634355,0.04310303634296007,0.034201267201667364,0.04405898430430767,0.23338897398293207,0.41374316904449454,0.39811798077910804,0.2525347307523907
GTCGGGTTCTTGCCGT-1,0.17467741109627713,0.30249226831055315,0.30651973367639745,0.3409384906498896,0.04734414797124505,0.03492379369091319,0.05280059929101529,0.03576504022027017,0.07520695532916488,0.21614994036708277,0.043601614308942174,0.010222042868512218,0.010278601489153428,0.03360307615116261,0.017590159569741866,0.3097908067306759,0.1788758318374546,0.06428105073110457,0.06580774905091685,0.06016586982598851,0.11265768208961269,0.34781782347992707,0.10372785788863843,0.41379188342461487,0.3334305927401698
AAGCCGCAGTTATCGC-1,0.07000008863006209,0.17929885748539232,0.1186878121303704,0.15855797901842547,0.15186806575414039,0.13123595915029848,0.15935374417909273,0.3262491587964176,0.15245318141968445,0.46988910124581684,0.3119459757790056,0.34052326422258494,0.26158289873618445,0.32965550003698696,0.2769399038369219,0.1428410250924707,0.09090748064575568,0.3039700552668492,0.44646058081361173,0.4499165131562457,0.03563746095800205,0.21073799439467886,0.20609287904213633,0.195836456608196,0.13872019426891974
CGTTAGAGTGCAGGTA-1,0.16730616491265865,0.25153243541483516,0.3799935867918888,0.5453082596598605,0.04224298644292167,0.05392018364278416,0.04670393124858461,0.06157837607154344,0.07037109839873942,0.2186991622264095,0.031068876157421897,0.0451490037114891,0.04354977615900383,0.04905425478184699,0.02108812240330449,0.47915519785796507,0.14922381117513278,0.07562500099328755,0.05490235430420386,0.0890970936320522,0.08304416832609747,0.32888742483084854,0.44334829579901663,0.4675514362948439,0.21781046411200827
ACTTACTTCCCTTGCA-1,0.06457069496489344,0.1916876333188357,0.05609733093852647,0.07390554959531388,0.2092445090332675,0.1377073218535657,0.19260598115307112,0.11356608897092092,0.15951573020949852,0.1755360589683971,0.069015703632813,0.08537766284249904,0.1839220616889477,0.11362235914353476,0.10449708258441612,0.0673981981542271,0.11115240321364583,0.07480884828877411,0.0588758855160419,0.0991849299786245,0.05024456225876362,-0.0015250479260477817,0.21373491696321828,0.1281387609509776,0.089042586490223
AGAGCTTTCAGTACGT-1,0.03549410206249373,0.18261664900967645,0.08278463823066955,0.08495165908507839,0.1727482810932273,0.12937879911501396,0.12730786667334645,0.13203052600851334,0.1440859666039871,0.24999199991922696,0.11113663682999665,0.09355448958546961,0.11138648045435465,0.10528883457352807,0.0966541619103717,0.08241156411786389,0.08526787029204828,0.07056648930343497,0.06518386155621779,0.09440834280951653,0.03686961934270514,0.32492538125242276,0.2074721963276406,0.1409005434478305,0.08666952552481556
AACTCAGGTCCATGAT-1,0.02536964548164708,0.16826127572499233,0.05561624322258788,0.04533985677208931,0.5664256982115842,0.12985450298120327,0.2265951430451759,0.11730382897871972,0.1876968184456915,0.32079755534636056,0.07420041347635918,0.11577723496816618,0.17272340736061692,0.12933698620399725,0.1202668423831393,0.041874302830179094,0.1006229137831736,0.08148065408873895,0.05753931828738609,0.10530405201343043,0.03702330277717081,0.3125132877373899,0.18698255765514038,0.12930248794761015,0.09461479420376652
CAAGATCGTAGCACGA-1,0.06847090518346931,0.2413236793853187,0.07473842440807141,0.12368245027815189,0.09467151029144476,0.05065577536066992,0.08903809021728115,0.20387967404326485,0.09268953245628674,0.3757755915793859,0.19376101432766699,0.20696247573167975,0.1532773399751171,0.19974318094138238,0.17860865615963004,0.11381448182228852,0.11876154480683002,0.22953999198583352,0.2614102891363022,0.29087511449494324,0.002791667159073442,0.3241802318797895,0.22623726902487434,0.18139827372612816,0.12992714050909893
ACTGATGGTTAGTGGG-1,0.05510969412057419,0.18717933519699778,0.0377193772304625,0.1030962841008171,0.06256293673514894,0.06071239515472553,0.10875879594048322,0.18824535958105307,0.07989559305214412,0.2893375488814748,0.23383655011270835,0.18710891082180536,0.14005461214216253,0.19423984467531047,0.1869699111883466,0.09580157604805097,0.0984206236529371,0.3970521805735915,0.3623022349821193,0.2667259834835729,0.02409168018143803,0.26001227243934405,0.21016082109970566,0.15137492641686123,0.1506483337217745
AACTCTTCACGTGAGA-1,0.04210455599440785,0.15649351106665402,0.05024320318247579,0.12839976137050643,0.1049469459297785,0.11846316249855733,0.13286129085848386,0.24568616541686092,0.13848366292156314,0.3352100134847381,0.27383163054045,0.20861342277370673,0.2254130135873007,0.22419152572986623,0.261610272107624,0.11981074166254428,0.09214876226256317,0.2249832488177344,0.2490874049020414,0.2805342666401492,-0.0012323954142044187,-0.0349637980036469,0.18352904512766405,0.13038007752705943,0.10294391296980819
AAGGAGCGTACCGAGA-1,0.07107814266254348,0.2856847753158925,0.05876932083669734,0.14516712287929623,0.08447460525182256,0.06878747348365546,0.11811860558472385,0.25376561682091964,0.1334269545637154,0.5473590727231135,0.25059698406387965,0.24688020730835944,0.1894391354691864,0.2305533308567484,0.2105704964015238,0.130766253398323,0.1103671720323956,0.2746734825614365,0.3157768367886252,0.33607185598568384,0.007850035587073234,-0.1591148940606978,0.28887098326107086,0.2074654162940652,0.18033273715035777
ACGAGCCCAGCCTTGG-1,0.02747108906973737,0.21578541097425244,0.05292852328693706,0.10736352871145037,0.18867292004165237,0.14300991747880598,0.23021603955300166,0.15354442003536978,0.16696503962126774,0.11469529390105368,0.12236477885440708,0.10156324793831056,0.15509773582841713,0.11388360380726974,0.11701590710343385,0.08079634981397947,0.07230519919531113,0.09834238509072459,0.09189947505996823,0.11835416004426771,0.0034265211950436658,0.13198825327721883,0.21643392399378789,0.13128929614537588,0.07200748744445111
AGATCTGGTCTAAAGA-1,0.10472195674483316,0.19239483127240772,0.05822994172125083,0.16156462026893145,0.0657833662633897,0.045405526452413525,0.08126412611927303,0.22116217330256294,0.09654849469308628,0.21818326611657687,0.25025630292734863,0.22624699552941258,0.14915074845151746,0.22027484748026163,0.18836617506739375,0.1184276283024926,0.11157034536777635,0.4899190082431566,0.5528861072332563,0.3215768726900352,0.023223445718313793,0.3093927556492795,0.2360996281276194,0.19772010303585447,0.13463084962282668
CACACCTGTCATCCCT-1,0.07245649352774058,0.2491648260236676,0.04506460687620897,0.10908748697174427,0.14984632315380156,0.12415424829887729,0.16225831532370494,0.25131332330001926,0.17174497293876426,0.4081430789605732,0.23021778154479167,0.228472763318449,0.2018254642018413,0.22712243876433522,0.17674734890391838,0.10735310090440638,0.11321376679058177,0.1749923050035402,0.20124772956027287,0.24851861603911973,0.013243152657303801,-0.022976953712505147,0.24860115805198849,0.18261626743333823,0.10080625101762901
GGATGTTGTGTCAATC-1,0.016232205525937793,0.06332637587292478,0.03247967175264356,0.046088371022940146,0.10621836766107531,0.2022974332079218,0.19530113971276988,0.026468354507735596,0.0738883021485845,0.08096326171548951,0.09181397241768251,0.03146091595731328,0.06855237835749513,0.06506581379907202,0.06611256626615748,0.09249752551646193,0.0418290752873894,0.022301102058632567,0.02319463077145263,0.04653884457324984,0.07258357421368723,0.1040640176057913,0.09369544734640158,0.05377664004726045,0.017646377159528066
CCTTCGACATTACCTT-1,0.19170330892014628,0.3037497322702665,0.247330124199483,0.3135181271730732,0.0445016844409486,0.04042272349508187,0.056642250169913845,0.049084107190645106,0.04062308022071204,0.17291439097286448,0.03900668546631669,0.037691398090273914,0.011263980262326306,0.024687871726158186,0.025876906145186264,0.3158270258419203,0.14351687283697181,0.06605303165988934,0.06898595530590199,0.06190808813290752,0.065532420463204,0.29814011530372486,0.4553078919727444,0.40032023394503025,0.3488048071401749
AACCGCGCACGAAAGC-1,0.16287435708964346,0.2823887393859944,0.38818279293802754,0.5730940873470259,0.049784273665267005,0.04571822671724789,0.07949092247556311,0.047567099431615946,0.08563473782101054,0.22894584288057432,0.02112726198614662,0.03378437732726228,0.023064166748519882,0.03708304552778187,0.020537238579652724,0.48771386683171764,0.15511703637996596,0.05563511391069855,0.06600479771877292,0.0780658360436844,0.05937772326929712,0.3332058414774558,0.45635247142443863,0.49352837269325545,0.21205957515908747
ACTTGTTAGCCAGGAT-1,0.07681723888879104,0.17360082452703773,0.04352827601991118,0.12992843977815324,0.1461723712652014,0.05944650613415905,0.0849009383703371,0.18634366615195247,0.13507608584935396,0.14978937011054075,0.19584517698820672,0.219787852859421,0.1710634865581084,0.21553779253238528,0.15521738812237743,0.10461996993165246,0.0842896419148056,0.2794918757719396,0.466963992292181,0.3752543250211489,0.020455424331384857,0.25193593298445904,0.17622229979715226,0.15791912245559966,0.0790126363704325
GGCAATTGTCTAAACC-1,0.06362360411596134,0.17130253503250173,0.05217550530882527,0.1086232579932707,0.12262051000429428,0.09462016133648918,0.12660019995897465,0.21968351506763495,0.12051564116130113,0.47136828284691407,0.2461660584908805,0.234940525675172,0.18591976830494816,0.2177556937424414,0.2312092439938697,0.1005086504677519,0.11249422400138219,0.275851591606161,0.25458901700580416,0.2791632870608709,0.03332119933965568,-0.11969250195013788,0.20809692847795747,0.14322324286633423,0.08441429896441037
CCTTACGAGGTCATCT-1,0.07938266035085269,0.2147549751529504,0.09423468006245869,0.10783387777731542,0.1725236412295758,0.06882777987380244,0.1334403781790096,0.10765324552393477,0.09919297004635916,0.1841840297510355,0.12633279577450404,0.06978825674887872,0.1150044192184723,0.10758512654251419,0.0764574694369841,0.1017750015260599,0.15395659111533988,0.15943821478276665,0.12701276194556216,0.16746852668290463,0.0727310583615103,0.1168519612177577,0.20987832204314888,0.16632568211674256,0.12795085483023705
AACGTTGGTAGAGCTG-1,0.26277142407592424,-0.2753909077139569,0.09336748644688314,0.13811480284419517,0.10644509484520116,0.0498447506112221,0.07489814513561842,0.02776574659321945,0.11648115607460312,0.1361197631298941,0.016321312903249875,0.013826513135397515,0.02497048253513075,0.021898838856564476,0.011297929074666355,0.1410830004594268,0.6809316870685567,0.04291231703144309,0.024258795859349765,0.03514848228839872,0.26248666312878444,0.23611404311864434,0.28399627848231185,0.259590414535587,0.2115255603345239
AACACGTGTAGCCTAT-2,0.022437387412200988,0.18299134265704103,0.05173001511264088,0.09904632103764825,0.20855135404114308,0.11682123520347319,0.17370858368690345,0.13394197339059685,0.153556540341288,0.23340779972673184,0.10131210196533555,0.09137642943950013,0.1406366902719353,0.09871158317393554,0.08670976197355967,0.10173032695853584,0.12160659029370925,0.07930301603720753,0.06253283977107406,0.08936942702552468,0.03828645828808635,0.3094495050752288,0.2060464444259761,0.15841094389424834,0.08437009685144603
ACATCAGCAAATCCGT-1,0.13121318797230005,0.21769163143173795,0.4200082212800936,0.21355468966266158,0.039455911596645306,0.039522340339545096,0.04191474904050046,0.056903963081538875,0.044309181082387676,0.16230532987901486,0.017890230276058856,0.05422016416058338,0.03945383360043637,0.03580686376669044,0.036747374167228446,0.3262399641351396,0.12948234377642479,0.06073466445846237,0.051144756966918295,0.06280536094563079,0.0006010108454433412,0.21666461482533936,0.3408641125782288,0.39640007282292783,0.2027288295381684
TGACAACAGAGCTTCT-1,0.17288304256590017,0.2776953611005362,0.15981178080598307,0.18999046644256412,0.000855787712954836,0.016624092077125625,0.021091077543597226,0.04322685829452315,0.03144595730698208,0.12028395757871767,0.027097393778847186,0.01976234938755675,-0.00017617904714531304,0.025164337942773105,0.016408451008139688,0.20899146000800686,0.14615937179068705,0.05450022384631202,0.06698108670917657,0.053202016284319316,0.09676149940872163,0.22750903490772367,0.3411760254752825,0.28999076611355856,0.47799191437152555
ACAGCTAGTCTAGTCA-1,0.04125404802339939,0.1863459486306077,0.03829768550668512,0.08310914526395669,0.20675260607584367,0.15165570555156369,0.2135752123577755,0.12476088294186038,0.15512098452223727,0.23054987336456467,0.07888926303175663,0.07379987006179013,0.16465696131474367,0.09753175904763374,0.09006417296403842,0.07657042144205539,0.12803668039439736,0.0715716852138524,0.039196489409708136,0.0710710062373014,0.036022294737394434,0.3098975443173003,0.20401945093027007,0.13958055227518223,0.044123308597176704
AAATGCCGTCGGCATC-1,0.17906432802684594,0.2697224778576322,0.37222120002508224,0.5492316720075435,0.04765960373687754,0.0292686372383829,0.052422092044034044,0.06287571452485152,0.0654843240760349,0.19981616330078153,0.012870207755800247,0.04196927812906259,0.04088036532785092,0.03683615215394163,0.011510828268173063,0.46398769421100283,0.1721725421559743,0.0616306847491473,0.04970595676416006,0.09031029425307606,0.03408902292021058,0.3299567909065856,0.4408567434775963,0.47201658600079704,0.21441405307208708
AGTGGGAAGTCTCGGC-1,0.22766897860423976,0.10141325422649175,0.0706101808756032,0.10197923468731021,0.1061346208627906,0.05472147706882506,0.08479429925346109,-0.0031526745365001237,0.08937828140164389,0.16571739858997805,0.0066133770281437375,-0.010499947844939456,0.027895883258629763,-0.01276596149179459,0.00015828927825766942,0.10132419877005756,0.5604264431187304,0.01372194964716294,-0.005085341202919559,-0.0003883544322219629,0.2558750832143867,0.2357661076467386,0.1715803183274987,0.21190254821456425,0.1921263572453431
AACTGGTGTCTAACGT-1,0.12883025872220785,0.23067134148292323,0.07799788320583134,0.10812583877711648,0.071093111485525,0.02905721293945927,0.05184987593125866,0.04821073772695554,0.10368256675523883,0.13332907035314492,0.03681095686434347,0.013205924908054412,0.058352684080818916,0.020771504596385274,0.021707369100910222,0.08902787845798381,0.19592400879363775,0.03272377842767711,0.024550806727481212,0.016726284535480123,0.2277142689821307,0.17982769307951071,0.19323393606022385,0.1485155331016755,0.1730099664813626
AACTCCCGTGCATCTA-1,0.06824773749075122,0.21362088834669904,0.05463841703738596,0.07402421281989972,0.2180975810433261,0.20016308662137336,0.2522435272995285,0.22163036744637896,0.23238528755428411,0.2798525315179001,0.19729259746275574,0.1956444980714102,0.2418386887942468,0.17011803201039405,0.20865324466580285,0.05816171805088837,0.11814135602121642,0.14280482592876384,0.12890407745526014,0.135557919684789,0.046555243170598844,-0.06974811186632413,0.17868831584863926,0.12576720513531353,0.07925008125066034
AAGACCTGTGCGCTTG-1,0.19476426284865767,0.2504105161594717,0.5451088010400776,0.15631120492752698,0.03645733501108193,0.05032994439693704,0.03988977982309744,0.04997010246604898,0.054823675367718844,0.16847892571248768,-0.006316194301349294,0.025557041863860385,0.024267162285010833,0.020370498162820435,0.009781792043762226,0.27012985901033554,0.16150761007748404,0.06825658867048032,0.050688912304847865,0.058098487084802475,0.0677289532122434,0.3092671845821174,0.45482026888333044,0.1820724628084628,0.2544987782493533
ACACCGGAGAGTGACC-2,0.08167506865685269,0.20069797716745996,0.08534419058745585,0.1128544347734286,0.15516860616645753,0.08352763311507123,0.13335505208822154,0.12446204647139107,0.05405405605656732,0.3146836456249478,0.2203268384632633,0.11981486605910242,0.1298772731947156,0.1605153203809574,0.15198286688343365,0.10387303521192688,0.13683807219951852,0.49895664153500713,0.23499097323808332,0.2513948510668838,0.026517782742357155,0.09381744133469844,0.22814827890731013,0.19135716972000627,0.14637909733464224
AACCATGGTAATAGCA-1,0.03991003305913829,0.20691597760721142,0.0575405923052195,0.12520883465290145,0.20301021167967925,0.1019572067690055,0.16854538932924615,0.27581255330783067,0.2092011228456081,0.41649158373332096,0.2601675563892098,0.28727252416403504,0.23364078292030155,0.28939669966048015,0.23715598811362615,0.11219083005848937,0.0861379597166416,0.20636025977799596,0.27685879054949464,0.3057591150209122,0.00413443673149977,-0.05564017033859887,0.2441388163254722,0.17117352264098246,0.10641694617230106
AAGCCGCCATTTCAGG-1,0.059346870935980775,0.22242453829933787,0.02234275604055655,0.09445387811300804,0.12381040402043485,0.09422696064301954,0.14450859295249602,0.3364339640542141,0.1653268513554276,0.22262202765373787,0.2522652656285821,0.24888720929087044,0.2405781658877022,0.2652335086731439,0.24457180410264903,0.08366304937311482,0.06940263527804574,0.15424621033383976,0.1787733749341721,0.2355899559209295,0.0029737298194662675,0.057381631516087356,0.19836242389247466,0.13581873957886748,0.1280281260218827
AGCTCCTAGGTCGGAT-1,0.16050979996787038,0.16671821630482056,0.020286937645373336,0.04678609238898097,0.03344336310325503,0.03207961902091111,0.011799005823019001,0.006837553078899878,0.03681676889320301,0.13294547514292224,0.006368480874258134,-0.011719925092408923,0.010460353024883325,-0.012435842374517007,-0.012260676926111604,0.06410186169974276,0.2888851572326766,0.004573987603788515,-0.011876133541614235,-0.013198192665407407,0.2692994623921516,0.13830858342937707,0.1746822526770696,0.1348447096542798,0.10189521360896887
CTACCCAAGGATGCGT-1,0.04889630549232267,0.2206858320360908,0.05416030064249164,0.1056738393332418,0.18081059103639183,0.11518939578737228,0.1792743699946658,0.10765666222425249,0.15907129480444615,0.2470291611949868,0.07848591702997108,0.09590803175452968,0.14306694550995067,0.08749365376409948,0.09057380879897187,0.09249670647185709,0.11324488573407643,0.09033856805988327,0.057504295632248355,0.07733912165004884,0.020471427292887045,0.30729202968429037,0.21921611124093462,0.14475163600336263,0.09295244897017571
AAGGTTCTCCGTACAA-1,0.06291545364760738,0.13627544876107103,0.04728847366628457,0.13374812306059666,0.0879685032903587,0.05133164311964512,0.10601891870793269,0.2706994785671954,0.12234735369721393,0.23292246478177775,0.23391649261066225,0.25130504617478866,0.21936625969293697,0.24515451087689324,0.17622896889347578,0.09849634564190099,0.08823904163953519,0.2925741478157649,0.46020422871398836,0.395565621718153,0.0038920040655472206,0.2915633385009648,0.21716206224325416,0.16166619404591986,0.10680836179304383
ACGATGTAGACCTAGG-1,0.042093316191697615,0.11873494477175249,0.03467088775948234,0.07411703171044559,0.4609774829804222,0.19524598692711473,0.2095475681562044,0.13070028351726592,0.21702883861783276,0.20629581743182057,0.09899659045339443,0.06694231077036226,0.11679893843382771,0.07716593863803006,0.09593133903670119,0.05726419075682595,0.15108478331638114,0.06061955045308333,0.048678185396428146,0.06455552631935305,0.07032139810807096,0.07541060523329852,0.14401483671821633,0.09514780576045759,0.06301714157221604
ACGGCCAAGTACTTGC-1,0.0626542282288333,0.23977031630030932,0.01740867916367791,0.09701954295083293,0.24419328924977465,0.15395656449106426,0.184538794859307,0.24033908741423307,0.20610046571065377,0.23849504341312527,0.1794102458208601,0.1824872166247424,0.2069082902750987,0.19397363330610634,0.18611731024344744,0.07494581534451217,0.12504311441630114,0.09550303156725784,0.09868172822925975,0.14323341588304958,0.02837708718810625,0.07913406304249578,0.2337283909930841,0.15187443748439014,0.12144809397260957
ACATACGCACATGTGT-1,0.04640917082465329,0.1633941554383412,0.03566940859074964,0.09762388686186632,0.159529242385294,0.12141713532890343,0.1463490873173718,0.21811734148034878,0.15015833758333397,0.37401227888392913,0.2757912143035295,0.1663409782488872,0.19600938904204424,0.20541488710750042,0.23221811358347577,0.0738911968443707,0.11074075329141757,0.16134306755304284,0.1667521050104422,0.20116982365708494,0.012514555081260367,-0.07926984811371357,0.1815098495902156,0.13285830540151797,0.05888065487067303
ACATCAGTCAAGATCC-1,0.0807503438782221,0.1718275737645943,0.03442815838005051,0.11736471855420497,0.23510805549789518,0.19353694110609299,0.21613434323129754,0.24151667434200924,0.2545323913928864,0.3120735898616719,0.2051856903264724,0.20193045570851112,0.2641978432275484,0.23794992050847247,0.2577622862276096,0.0870699846137273,0.11238962163373112,0.10397928110899848,0.11634359006965167,0.1252325158156659,0.03765855291028476,-0.11339820815709556,0.18928887478075873,0.11457707657620786,0.118488916213229
AGCATACTCACTTATC-1,0.22353729461264163,0.20288117070235254,0.05177397899602006,0.08551197567133906,0.06350612744726737,0.03072586286708937,0.04133816306570799,-0.0022834193239893693,0.08379750156115107,0.06916415084334261,0.00872672068289929,-0.009171857428530028,-0.009661485603377387,-0.011140716128939515,-0.010659498439891234,0.07510283354202725,0.404243935765633,0.024502424016820734,-0.003176897161025238,0.0005551878940582665,0.509119078203949,0.16585241503242812,0.23664794168078504,0.17525748257953164,0.20821064917858048
AGATCTGGTAAATACG-1,0.11254285216747777,0.2685755519120212,0.08256828493210853,0.18923622009858024,0.10759772220728495,0.09986836725750921,0.13530558264201284,0.2903619312585627,0.1497461515326284,0.4840033724223972,0.24108651437709502,0.27468214975907446,0.23101579499427174,0.26255626657297787,0.23375847357713173,0.1561726771286834,0.12144542302355575,0.25799199367401354,0.2899571732934185,0.316558176852602,0.01903154604055828,-0.08490971088959748,0.31012879316703806,0.23205758138948426,0.141325724411556
AGGTCCGTCAGGCGAA-1,0.04178486736618112,0.1968768697761685,0.03862731857447564,0.08842800122257435,0.23155731561737428,0.15294221938658864,0.25093605051725304,0.13603714136448417,0.19373387511348036,0.09783913549123133,0.09725891994378706,0.10770512154303408,0.20865345385843512,0.13900754651971642,0.11063076666750687,0.08869317519591063,0.12203004608176102,0.0802565697886319,0.07456926893568461,0.10498075590895742,0.014882108720643444,0.07708738013654061,0.2058723909098035,0.13596056221872124,0.1131116637681414
AAGACCTTCCGCGCAA-1,0.08366083487659239,0.1383511380314963,0.046832246990630835,0.12186376452760836,0.15725061003813937,0.11721642774557156,0.1499098272980905,0.31715169236213503,0.1870004910873971,0.24631983683531886,0.28587177933810476,0.3500733890577078,0.252577261664118,0.3559080559653821,0.30172368426201507,0.09379268285847396,0.14810987944712486,0.31214980460512126,0.3600859539262568,0.47690854492232726,0.02417975158451007,0.3390816324747415,0.16127374499324337,0.16003274746340793,0.08061007225626937
GGGCACTCAGGCTCAC-1,0.1943909982281839,0.3379518536362739,0.35888105935876763,0.4032405926748547,0.03990569137194755,0.01515347733554257,0.05487239161839115,0.03853792382784557,0.03886583073659069,0.20421412335525013,0.01025471432837524,0.024389493540865607,0.004937678063420073,0.026885274250285595,0.018835397611687857,0.36359503279915767,0.16167833596340905,0.05498021108365479,0.06298248694472532,0.07060273400171402,0.07196208217461479,0.3949581966939945,0.09173038056820712,0.39999611024921494,0.3582337083462305
AAAGCAAGTACCGTTA-1,0.07545715822869518,0.22536343720147245,0.05764918723763054,0.09291721003677074,0.22060033457478698,0.16017648054021097,0.26332036596556097,0.2733478060120066,0.226094191930414,0.2723182254216567,0.21501915280581266,0.23848219517872557,0.23356715945019832,0.21010900955291334,0.1858199804259488,0.08660675664716684,0.13699169519040522,0.16659529423248243,0.16408348619226054,0.19622206580619894,0.04784094853658568,0.04410246972565653,0.25794857398873405,0.1721819121270149,0.10539789582276748
AGTGGGACAAGCTGAG-1,0.34635312670471435,0.27910794173057424,0.11598894570024867,0.16767428628095998,0.08928738562478244,0.06451120923092904,0.058685693373218266,0.04274851054865712,0.11182362259569661,0.24652731768433805,0.009946246406542287,0.020502090634461293,0.03074521633281882,0.02712861448545321,0.0063912900416084415,0.15995650700599665,0.39900118305421284,0.042650777923314356,0.03515085354694251,0.05888814699171432,0.5083109303563693,0.32204487879880017,0.29371436048325655,0.28258117402767324,0.22647690468636247
CACAGTATCTTCATGT-1,0.06306827427603215,0.14717464874744668,0.07202468621399828,0.1093450273963908,0.11646184781242855,0.12816964773990397,0.10080048362582701,0.19294604407400046,0.14759900457540867,0.32963049876793743,0.21902267948255383,0.18600127847086906,0.14817045998587572,0.17217704948506746,0.17389745822211844,0.10672550634590793,0.11864222514685994,0.26247364204478046,0.208980311155439,0.2223991369718243,0.03932812660308717,-0.051213450824315485,0.17653038774957375,0.14530099019760512,0.06829458956822272
CGAACATCATACGCTA-1,0.1534504828420087,0.3028005723705795,0.13552388457983652,0.19522702685011128,0.06240499615246833,0.05391772434876251,0.08700415040124998,0.13729671260231394,0.0909944836442461,0.2979279223441463,0.15229859846860763,0.1480738113780908,0.09456632293138852,0.13696335029645443,0.12310881039194546,0.19284004020744352,0.17176963457623712,0.16833304987864842,0.20383123012277043,0.19714694677636482,0.08158739181895176,0.34207298091294497,0.32568358257724356,0.25971387766531795,0.39787306058377275
AGGCCGTTCAGGTTCA-1,0.05600754699709346,0.18478096409364766,0.08413878470123931,0.1683226025459819,0.1650668517525101,0.11918981471704528,0.16295896647693373,0.34055898896557174,0.19159383215092946,0.3647318735503934,0.2573855087329149,0.3147255615611959,0.26071243681985357,0.30323578624468533,0.25426155949668233,0.11937605537582091,0.08256675709700446,0.23681170453464617,0.2572296250648408,0.3081633862160922,-0.0057828516737192925,0.07816812254739258,0.2560664704850685,0.18448705659990428,0.12312857171907904
ACACCCTCAATACGCT-1,0.06025525473385098,0.1884181141739612,0.05860760955669377,0.08535046751167692,0.26253556722120475,0.15947933292893254,0.27436408129043227,0.18899919885001665,0.25736027955980584,0.17094218889387558,0.15749207190034267,0.13111640338846234,0.2516378724300036,0.15229456566308203,0.15458656211945213,0.06896288753898376,0.1363780047614396,0.0857142943962523,0.07262299663616824,0.12634410393288126,0.030364049923725947,0.10024943321625415,0.18975895489187788,0.10443701197274555,0.043450449857177914
GACCTGGAGCTAGTGG-1,0.09104027021466857,0.19876046206177772,0.07668673463279199,0.12521856231411413,0.1444284762672454,0.12327373352726549,0.1397929029511398,0.2408415516195894,0.13238733250094534,0.42453007180539204,0.2901950294235765,0.23306343120072678,0.18307916318207787,0.2394581209948339,0.23186651490565552,0.10330366251914104,0.11977459692847528,0.29295655178706503,0.3015639128101498,0.3256654271665951,0.04605596517352992,-0.0839037534638367,0.24345578831787612,0.21480376056525372,0.12661445742253233
ACACCAAGTGCATCTA-1,0.032654924142396784,0.18380919565306075,0.031953805819616675,0.12280123687086561,0.1124382574962206,0.13953358693777923,0.17029652059366585,0.3024063356367961,0.1499107640100336,0.35449078391280064,0.25038343097370314,0.2733294067384128,0.25352079693677415,0.24200787290617778,0.246067615759178,0.10002285680915728,0.0714322833075632,0.15306087285484013,0.21599189385815803,0.26873069015965806,0.013422172664131695,0.03182238502899745,0.1918516907704727,0.15538550899678108,0.10681766152684195
ACGAGCCTCGTTACGA-1,0.05252982031850961,0.17849602776032775,0.06472216459376476,0.08405869812143284,0.18688230812808662,0.1265498491598382,0.22306462679744457,0.2985087769781396,0.18943762360941355,0.30533467652769863,0.3180277897192897,0.33221381963821006,0.2977443773585952,0.3721981645494242,0.28791753096962,0.06991216683467909,0.09463920698174548,0.2426211330657058,0.292264479953203,0.33844535912566504,0.005845739280137427,0.2440505171810784,0.19557646442444768,0.13204803825229394,0.07304816065518657
AACTGGTGTGGTCCGT-1,0.03213181656377156,0.08765217992208535,0.012100303272840734,0.02387489070959586,0.4983300574799618,0.1422770148709548,0.42158336785547035,0.11954715714686966,0.16693233458936085,0.3406758629986534,0.09080176717522187,0.09726994533926397,0.42738013793875723,0.11774605125139537,0.1058204845823791,0.023729192080603843,0.07889395905845345,0.06019533343743269,0.0506596870149209,0.07981183474382449,0.023132099217062118,0.3013829834207504,0.11752440174619581,0.07707853393969828,0.05261418979860465
AAAGCAATCGTACGGC-1,0.08115543435935395,0.09725926401352067,0.07282815386735189,-0.021933381229922326,-0.009431061391146639,-0.005433042366327283,-0.009138973164805162,0.014024402254831862,0.02028886988765318,0.08047998771350659,-0.010649276066648356,-0.009286136513643918,-0.00943106132210241,-0.009853384645497475,-0.009714594486555265,-0.06678627751405551,0.024643276279483144,-0.00976928793713868,-0.009547809984138284,0.008427938789839936,0.021004417843478996,0.13021193080480917,0.019910654497474953,0.018958690279392156,0.0900052668219443
CGAATGTCACTGAAGG-1,0.03437885329501923,0.19430027987506873,0.07939552439255095,0.10461037132317007,0.18374491831156284,0.14727971669402484,0.1447237834172112,0.17200461248361718,0.11289056216113245,0.32901775975253156,0.22003325765965365,0.16600060671236821,0.16416247651540822,0.17496315287568256,0.17962446177954833,0.10709928170115883,0.09639959983294275,0.5598338390935479,0.2675256313056536,0.27096049440931774,0.025886008188563167,0.07218300602123318,0.20644784447140252,0.1702561831070474,0.11458709384728283
ACACCAACAAATCCGT-1,0.06075958075096347,0.2207916724376137,0.05318066322677611,0.09772969466526951,0.21394649026990423,0.13270316765587803,0.17586842521023802,0.1205517177910875,0.16188142661051727,0.24699956636411716,0.10295371822087547,0.08908451109963643,0.14978759445006384,0.08046561452985013,0.09164518554322933,0.10773807212462135,0.13106085187099173,0.08726475609716453,0.07485695061118161,0.1054884962313272,0.00754082105937944,0.30933174303319283,0.22715624595922157,0.1636836591393047,0.09533227371629276
ACTGTCCGTGACCAAG-1,0.04710197359547211,0.19416660975439182,0.03141820918799265,0.054480107045755205,0.6126359425600042,0.20235343951029097,0.2581548545854641,0.16265511461455653,0.2142399932132017,0.25967881071270504,0.11630642576552518,0.12723030532610977,0.21372215812248502,0.15447272266127246,0.14536186831805734,0.05357981847111958,0.11711859607679043,0.10036102037617552,0.06449725620431435,0.10734266629512904,0.06565043666902175,0.12313344836929323,0.18794833296907432,0.1112363100017687,0.0726682832223368
ATCCGAATCAGGCCCA-1,0.2558166102014311,-0.11727385807203429,0.038832006233965544,0.08964756766654483,0.120891047143229,0.048199644322918324,0.07466054298333971,0.015124665345216864,0.09362768323138985,0.1543050409057466,0.00476614666722032,-0.023366671311648157,0.0342457116783174,-0.0026132913637359123,-0.001924518036389429,0.08783133001277812,0.5465459597172829,0.03070382112887969,0.032505327491918375,0.007036923215811837,0.6353464169941478,0.24824195000269775,0.2560611158675276,0.18261274692811844,0.16896450599323273
CGAGCCAGTTTACTCT-1,0.1368672944637071,0.30770835060638796,0.3763135001029976,0.41837691975107993,0.01936347847746334,0.013532331625058746,0.04121787279526469,0.049371850939228315,0.0248243996685581,0.22688855864324728,0.002552388975837025,0.047634060490600684,0.030281700336685705,0.023648625037164875,0.009227855878183039,0.4246329917058079,0.16725793522075133,0.08981965809009909,0.0649936203242613,0.08266237740378524,0.04053849422923306,0.34579257378108874,-0.11352454238173879,0.5652474368250838,0.2953701228126991
GTCAAGTTCCGGCACA-1,0.18001709039523586,0.2895295151301881,0.18375899101073856,0.18097261876555285,0.03924900047814209,0.015241328769527121,0.01897770480250557,0.01717427611636879,0.011051259492921716,0.13285781596801222,0.02382061793367305,0.00040608410350237694,-0.010671215800842886,0.014466308088915756,-0.0011402719440676556,0.2216726106290087,0.18457664031368803,0.04354296798333854,0.05522166013954508,0.042326871431269564,0.12565718400971077,0.2520178692260622,0.3361848548528141,0.28755842920580077,0.45374693567921615
GTGTTAGCAAGAAAGG-1,0.13091711823017424,0.2726355733775576,0.1612084500050424,0.16405300853729904,0.0400892789394574,0.00048036991774923584,0.03579335815032376,0.04066805794950318,0.03734673674907911,0.14501865755955115,0.039487105615693435,0.018550487407626923,0.007155771028518503,0.03051683442271212,0.02282658774245235,0.1802232032949122,0.14036974173730857,0.06665495232880404,0.07902551230006152,0.07635467978301917,0.0833523038970381,0.27346771618590754,0.3133483425979059,0.25081175521427596,0.4401209693996787
CTCTGGTTCCTCAACC-1,0.05332687944266641,0.29668180150072243,0.07338880349492893,0.15245582336103827,0.152150407398692,0.11102859111258623,0.19832414655947958,0.13679645619648417,0.1654045421333404,0.3020460526448139,0.10302548127943369,0.08105465398222034,0.1293275644447486,0.09139554779504577,0.08709113418676447,0.14798116050758364,0.11960015961098983,0.05179233839549289,0.056336067519294215,0.09884261953409512,0.025689686286469896,0.4526311340409948,0.2872145713982184,0.20867200365032443,0.12929238888338002
CAAGATCTCGTTGCCT-1,0.23185602949131195,-0.11361399912509416,0.0855815455995995,0.1551313825430646,0.09050582109072981,0.02247504051433446,0.07129873911775192,0.009865684582608286,0.09848983864424685,0.16013511395272514,0.017102089100904966,-0.0035076240439196656,0.03770739326563864,0.0035385672881103674,-0.005501774588274207,0.15648928964697822,0.21970144922246623,0.014950195332897253,-0.008802055237789638,0.030949600414292764,0.19543047927650334,0.25976250969913695,0.25525975207358415,0.1966924975505604,0.21638279042249467
ATGCGATCACAGCGTC-1,0.25386111600238154,0.24583916306027662,0.0752013894995238,0.07160894854280385,0.07501264696193496,0.06012456677780396,0.06488682622242403,0.0247013499012998,0.08357871663143385,0.1791361073670532,0.024867751839499564,0.01967022078573506,0.005155332212679433,0.003001085431503704,0.0036978587107620617,0.08250823999366952,0.4074778550376165,0.008751947842190832,-0.0007848553332416108,0.013499359819088915,0.6306138153175616,0.22816234472023808,0.2271089965624131,0.18606376289254467,0.1854152962155588
ACGGGTCGTCCAACTA-1,0.04868298035795026,0.15744860927312665,0.060499397022981974,0.08430666124845562,0.1732445217916934,0.10869986597675375,0.1466340365240275,0.21495619007489197,0.11442988069210157,0.40798509945785166,0.22427153153346432,0.1679435823954456,0.22195786559345237,0.18933349102102973,0.2151220522757211,0.08541773079207947,0.07954114507107952,0.1539218531164184,0.16829002258925047,0.17364373077613127,0.017548850541888112,-0.07824954019693091,0.17606129412207838,0.14285231512992078,0.08774294451093251
ACTATCTTCACGACTA-2,0.1191727715563632,0.31856981233054255,0.11434874617310462,0.16493207797921366,0.058258924777108194,0.038708130617049065,0.07565654390557368,0.12931089181166378,0.07420342678337463,0.28979497634187673,0.14538830665024363,0.15447849163063632,0.10809273382800513,0.13497864792416883,0.12847943591781774,0.17162503242825244,0.15083607163593218,0.13243614449449773,0.18859982339914344,0.19800132756156072,0.07069650085671023,0.05072374477070655,-0.05570414984828466,0.26713612548461996,0.6511881299603585
GTCATTTTCCGGGTGT-1,0.15080366634888012,0.27534621484437316,0.3908753314122521,0.410487345366067,0.06051301634312211,0.05520760193877006,0.08354375412722705,0.05228554862774391,0.05203595354169097,0.1907770903723477,0.04890557524744685,0.0408674510734678,0.03002800999318628,0.03369871158985889,0.018891322053718396,0.44398842211945866,0.14035542707364984,0.08208949884096005,0.0716411303339898,0.07603225923972408,0.05668650544882855,0.32902934166860187,0.4223115008230429,0.49992730390230566,0.24611653498566885
ATGAGGGTCGACCAGC-1,0.5513924111137417,0.07601650986922867,0.0870119442524552,0.16132661491662018,0.05791513271910086,0.004394028999828728,0.05050037186628385,0.016847302700877614,0.10034877917532647,0.2030308906833804,0.016594828460837225,0.005417473677284237,0.015490458536051053,0.02171137980351036,0.002898160651729486,0.1792247045199801,0.30883996113642426,0.005323469429274653,0.006110520227764959,0.022701701287727312,0.23090135682147764,0.29575076837760805,0.10625226756559471,0.28077293550039045,0.23845296366293134
TTCTACAGTTATCACG-1,0.06661581656754374,0.24967686286817803,0.029705119340906326,0.10523924975889949,0.18689659431343747,0.12083588497915408,0.20565897675617997,0.16125065765082397,0.19889812076891517,0.2272981778918899,0.142202643796767,0.141315525218711,0.1924418423753256,0.15068264803994255,0.16552034248533642,0.10454681822700351,0.13092710319823106,0.11829974496200744,0.0791404973785727,0.09650621715634483,0.04118202940456192,0.024660386501601027,0.24439725153737965,0.16367254055900277,0.09495499244897773
AACCGCGGTCGAAAGC-1,0.03547122813496204,0.18161256123983485,0.05810736004172747,0.11404015943011458,0.1051130000497814,0.10794412086472935,0.13341197886599018,0.19798880010168324,0.1270775260901076,0.2498389817660598,0.2171787850998327,0.20714877246329322,0.17822495442762556,0.19203660998121827,0.1616546966673005,0.10411883964115479,0.058428465230322,0.30475520524922317,0.30397953828249946,0.290502574734233,0.0028865522935701817,0.2682889637797939,0.17192758474608627,0.13176808344999658,0.09241073527007648
AAATGCCGTCTCACCT-1,0.17988232686746394,0.20038414158088055,0.5153253709226212,0.3339144340101195,0.028720934862333503,0.024553015432229118,0.03218712793761787,0.031788877592008026,0.023351067880262723,0.142455481035474,0.0005459683764717151,0.009139357943356182,0.00811682786667668,0.005369596132978182,-0.004746489299650756,0.4591597418625765,0.12912868837201022,0.04289785609712475,0.044912870479763105,0.027503226326530267,0.05074658812215529,0.219171953074323,0.3571943771058529,0.42955819773880577,0.22085246263191344
ACACCAAGTCACCCAG-1,0.30311000938881544,0.10331861213789179,0.05959408599850073,0.12600700975006662,0.06388061599084438,0.024832734428407024,0.021572007565747505,0.0310883321688876,0.09577540032970772,0.1598049133920751,0.02035093238914808,-0.0022192253604118974,0.019000010412192462,-0.0058489389108136594,-0.005158026161715115,0.12574914112676672,0.23273987008652477,0.007409330014166697,0.0087804112370587,0.010868497218726564,0.22212631598736318,0.2606235943261512,0.1357865112721384,0.22076537233500576,0.22331595007547914
AAATGCCCAATCACAC-1,0.020441033563257716,0.15241608132877169,0.00032611296138132566,0.06732060661317188,0.20079918588597506,0.1302970209861621,0.20966798485816723,0.12006960236888457,0.18344974727745714,0.20291799634891888,0.11838446272232118,0.10008286240661107,0.1096123248118324,0.08118757563610472,0.08375330967648177,0.04693559317882024,0.08642580597291749,0.05439810020158185,0.07312469463475421,0.08240853649640825,0.030500348132416644,0.022222234719506243,0.13632374990325055,0.08401403554920205,0.035046117458647115
ACACCGGAGTCCGTAT-1,0.07054185333224253,0.1548773759904446,0.11626816170137118,0.1490861645578745,0.1400206538499199,0.09774962198142038,0.10791714489478761,0.2143883089891295,0.11204801324051127,0.28551899956706045,0.28224381189006553,0.24999554237803023,0.181222207760446,0.25799419296735815,0.2145104709838985,0.13687513249169309,0.09257494312372208,0.4760948311648912,0.4172186286018908,0.3688486012577015,0.03652983044494092,0.3004922404598466,0.24508237721642098,0.21716523949567887,0.10472097347052257
AACTGGTCAATCGGTT-1,0.05619874041062202,0.17417572954825966,0.05030313376201264,0.10046416833605651,0.1413829431758024,0.09058784846369969,0.14901956181260007,0.3244580444398229,0.14118961501083882,0.3258070790083667,0.22251924320270908,0.2757822313685148,0.244873451200338,0.30191046808909705,0.24663203495425007,0.09234455447928616,0.0767240390150239,0.23269941289479731,0.26347124223341317,0.30169787789427555,-0.011950999639475119,0.06067129883535147,0.1917513512869249,0.139944574663572,0.0810855921464522
ACTGATGGTTATCGGT-1,0.419553075652155,0.17061870898866296,0.12327089080447057,0.16315755331798276,0.1174506296403777,0.05966576775374018,0.04938023746403877,0.022092858076637533,0.1141027143154618,0.19287064789042974,-0.003012171945166276,0.0039029468758413105,0.0030864771440987366,0.0007954582862636206,-0.011882875659509285,0.14039453663960305,0.46838436796562766,0.025456096487506776,-0.013823834398145546,0.0010060553929665793,0.5240712346174451,0.2579248488649151,0.25412692978229445,0.26662706159411187,0.2620457341549986
ACTGTCCAGAGACTTA-1,0.2841222684047428,-0.037303019564498,0.11204340324394968,0.15647990308970053,0.12414881287647223,0.057287534140689614,0.05936512839584797,0.05517322662794631,0.11994079647390453,0.20922648559210208,0.030761534338171616,0.01567147355092837,0.04129090461894266,-0.00045991961383355916,0.00019513247767183748,0.16004356519777144,0.39452031139288707,0.015234827495134717,0.015609771966303622,0.0268563405862663,0.5323376533414401,0.28455822741598547,0.27279595950858615,0.23064861582024254,0.228888868313368
AAAGATGAGGAGTTTA-1,0.24509191388370785,0.22902839110187667,0.06514145024895898,0.11418671389531573,0.07651511018508284,0.03122266488361969,0.04271963414310088,0.008100250906979824,0.07109773593973129,0.11164042367702566,0.018427860371876117,-0.009010505645575454,0.026100630884516425,0.000401370608267281,0.01254392863188504,0.0985248959809087,0.467139061866307,0.01549343712613147,0.016196336644096216,0.018499924281991886,0.6132770987902174,0.23013565688539728,0.2422113004840934,0.18294565862315304,0.2103195208992414
AAGTCTGTCAGTTAGC-1,0.041867721016979276,0.19910629156575252,0.0432030118942002,0.09008126679885867,0.2863556232206437,0.19628355569299422,0.2602545588795189,0.22041134159707426,0.23075057439203342,0.13356373941953847,0.16425710082631406,0.18217242417089305,0.2522368894040845,0.19113421861854593,0.1861465220923566,0.08425020951408654,0.133164562147578,0.14223192786479025,0.10067884267795957,0.15715720210188538,0.04909925750204584,0.13235916542066278,0.20273336544698803,0.14409696071782457,0.06399938939878358
GAATGAAAGTAGCGGT-1,0.1658749819384827,0.35560594756448366,0.2404967977186246,0.26280164727441213,0.04460890035762402,0.01733356894687714,0.05849078381751689,0.05414108690372589,0.04278789355406778,0.2099770523679993,0.0342559892775761,0.038433641908214106,0.04464236370165151,0.024515760142839012,0.03504199262844556,0.27549875711739413,0.16474371545255806,0.07132580059568046,0.09326535224001027,0.08963084834873512,0.07767541125559896,0.3487040994378436,0.27017899659182104,0.18756784056741296,0.41068537203827904
ACCAGTAGTTCTCATT-1,0.04761709242134852,0.18637334516248028,0.036761812251081216,0.12957286387695818,0.11296298704152961,0.05755647592104463,0.08291746896877332,0.20558886435898377,0.11113534259274258,0.5422783678547166,0.2138706736298898,0.19743895661177396,0.16854058178682835,0.21212735874255673,0.17296061615501865,0.10225711890781283,0.07422295764558744,0.2433627174101743,0.28825851967948196,0.2773210462660494,-0.012308312898547532,-0.1500578319784633,0.19119495235510323,0.13884867013702146,0.07804369058926287
CGTTAGATCAATACCG-1,0.07871707862159608,0.17267589201504696,0.08839645710668191,0.15607421185061304,0.14040848674231982,0.10908659357194742,0.11928714421563835,0.19888291566870842,0.13823137738101068,0.36655386450094757,0.2522517864083673,0.22226881833968837,0.16781484889470338,0.21836376772324362,0.1738245446597035,0.11261935060210865,0.13670695152693307,0.4595564531275315,0.3022255262570451,0.28419597144256414,0.011024719498459404,0.10593671423578363,0.23366850581155585,0.18305973465338105,0.1357771358227481
CACATAGCATGAAGTA-1,0.0918933748933014,0.2441675787639175,0.03966081568731334,0.09446621545517692,0.18359024387073739,0.1456551302239874,0.17995049922642875,0.2216017805976061,0.20797025231321864,0.5010800356017032,0.19213892591652318,0.2136462623234044,0.24999708801417578,0.2351291764436464,0.26069166059640825,0.08391492297959814,0.1488426917471351,0.14983631076865278,0.1613770563687141,0.19336078322378494,0.03751341263388073,-0.12449249658390171,0.26034079955576256,0.15964822953284766,0.10669530853586308
CGAGCCACATCACGTA-1,0.05335358813800096,0.17798929987498327,0.05077485006408952,0.11158308906196657,0.1653408294813589,0.14378956090565795,0.16215698672308482,0.23848002050579437,0.16741195319157595,0.45560853827602243,0.24274316874234173,0.2658239682737833,0.26183894866591373,0.280946188669293,0.27489425654740696,0.10622273809427447,0.06203224539925259,0.16054470996418857,0.18364006609273698,0.23266892578464554,-0.012622903578080704,-0.09072328599290282,0.16473549367586626,0.1502408256582387,0.08112738307155548
AGCGTCGGTGGTAACG-1,0.17004630079300315,0.12755008318520802,0.08172154990411168,0.07681377393047838,0.14119638044343802,0.1520835211464342,0.17291437510068133,0.09654063222572544,0.18078993660059084,0.11461475427521431,0.09447866610755457,0.08832343092218715,0.11387588091075276,0.10703083701709327,0.09562565911312573,0.0653544427572486,0.13622223750699716,0.048717198991134275,0.051014816488802815,0.07014592391476153,0.18686825939256194,0.10125064025057612,0.1475511629628392,0.13682233149573575,0.09867881402678322
AACTCCCAGATGCCAG-1,0.06784236493752231,0.14661855487998396,0.042849864114651554,0.15789841422425355,0.1173275195770148,0.15643351928976001,0.1803986023566858,0.30384167163442466,0.15841506010134834,0.37115912851111743,0.22353345936682018,0.2647329720761858,0.2884986130571076,0.24845315804320137,0.23784052786656726,0.11924614020192943,0.09215366234495946,0.1820614783858587,0.1673754750054547,0.20989364844800942,-0.006657371672186355,-0.018709460911028153,0.15270430416358438,0.14451596047233126,0.09556195399491359
AACGTTGTCGTTGACA-4,0.17442672476472748,0.4639657222767429,0.24622404325118108,0.34590850029149656,0.07755538226199168,0.015436644926454695,0.05794733605197094,0.07020621723808702,0.09280655895750074,0.24313255216577156,0.04421890614262466,0.041463296655482804,0.045966587710168184,0.05100649546506573,0.041203749207004196,0.3603641028234116,0.1706785516336794,0.06683298366462127,0.07434711486834349,0.09698351876833992,0.07283080106699605,0.35876217427721346,0.40601789896586743,0.3936298237083496,0.2669551568511538
AATCCAGGTTGCTCCT-1,0.06891784671772871,0.201214227076477,0.05780055886362077,0.1405831453519888,0.05771030627152245,0.01966971239211931,0.05037052996917984,0.1946174341680062,0.0952176143074249,0.27869218705894055,0.2035324053780017,0.18727086782786695,0.1523180341369178,0.19248056773367095,0.1656377148475412,0.12359777784704888,0.11259951105048796,0.4089416948116546,0.5362861736526876,0.47343461888385113,0.0001024773492565263,0.2612775827245454,0.20230351403851898,0.17243067310498258,0.12674300742381606
ACAGCCGAGCTGCAAG-1,0.07977871136143493,0.22957391002938207,0.05464648898870123,0.09596381297995839,0.2531489201605031,0.1501143598683572,0.2224730567239398,0.200454363261959,0.24031183942665887,0.19992900181134748,0.21730631354340868,0.1736855194579433,0.24862254690121446,0.22017365972051378,0.2351743342350033,0.08528908543135871,0.147952920725334,0.1156982506363613,0.12822158965636513,0.16968085896510066,0.04674145967083495,0.09022304071035078,0.22016377679123894,0.12638799615587173,0.10890962606294557
GTCATTTGTGGGTCAA-1,0.024194020051195073,0.15483693480839933,0.19624370019742812,0.16367681666663086,0.1684348053806183,0.043432865792809375,0.1770606111315303,0.0390135106240447,0.05057429546142121,0.20114330312108789,0.038104335804732194,0.04719113094217631,0.17811171629381348,0.15900857411324373,0.17026139154978984,0.23719590636880405,0.04496171254341102,0.04706535239344289,0.029070218898570876,0.16142864442825586,0.021565220212913367,0.1718776763025712,0.1771495146493409,0.19199896804613367,0.011398646150484883
AGGCCGTGTATCACCA-4,0.12150331701946164,0.4685170725642724,0.08427483436082742,0.17480661349007048,0.03561792476307406,-0.0021688747424144458,0.0276548367994849,0.019428937040057985,0.0671499816222,0.17295158798398477,0.010141073821832922,0.012220554608625249,0.010749749121542895,0.007558404657276716,0.008263295007077655,0.1531792817607242,0.13508558486742392,0.006145547756482037,0.023138684661822853,0.039303638477846264,0.06307863847425033,0.3665738784568588,0.3386309565677776,0.2598434422639146,0.21222119895731079
AACGTTGTCGTACGGC-1,0.0783699484392366,0.16609458961357879,0.06591336656503485,0.12303046186360052,0.1681020697983286,0.15342439302088257,0.16439426934689713,0.23639579095140578,0.13707917567006184,0.3702515104208133,0.2815469495431294,0.24100039080950034,0.19339648427743156,0.245024865765226,0.21779406646869848,0.11495807567940071,0.11401719976280132,0.2358055612580865,0.2699717613716546,0.30559694848985064,0.0597972983442606,0.3197717818925676,0.1752465996477988,0.13926164708595876,0.09774354253829537
ACCCACTGTCAGATAA-1,0.24484222000367437,0.24812832166833396,0.08615088244218097,0.1238117560674611,0.1427587750109522,0.06440177299822776,0.07035634411475236,0.04519606808404355,0.09680545782926706,0.18825215702253906,0.034697961849344115,0.023747923615178128,0.0446938374151186,0.009700976990686786,0.010435846435032665,0.11676374310292958,0.29969317146135227,0.05844566119647487,0.02372068481727679,0.05041452700676232,0.20326766754223563,0.2466206827418139,0.22988701544181256,0.18026240414049685,0.1752628022114594
AAGCCGCAGCGATAGC-1,0.06272647951278089,0.18657333105135812,0.06475869723897221,0.14348904893019002,0.13176947316146848,0.11158667270758336,0.1499604242887709,0.23887628376176628,0.13085418703138624,0.4171181775738923,0.22517451242014264,0.2674089647060925,0.22204576911717744,0.2700730299896835,0.21508843979307773,0.11785406892899121,0.07850129153894658,0.225703036268864,0.28445057537164614,0.5450303324061178,0.0009270902665890907,0.07015354212959077,0.16927824491778407,0.13231074897218198,0.07304163890657067
AACCATGAGCGTGAGT-1,0.042844039142447665,0.16860903990021256,0.020246254753828206,0.05778744362356005,0.1938924340225544,0.1291549668945485,0.1587215725408931,0.20804612575154022,0.16754684404557932,0.40753192586052256,0.21816122122357456,0.21592996301296202,0.21219427819200673,0.22649672478744,0.23157411240980358,0.05989574804237428,0.08569746142885823,0.139547943682402,0.14248604138279056,0.17724962931988078,-0.007593349873800953,-0.11644376532008104,0.19004436798035154,0.11920411048690366,0.07278102672111458
CAGTCCTGTGGTTTCA-1,0.048598365968496426,0.24384027799993632,0.047197828246940084,0.09857639388885708,0.18800736906427667,0.11840478431234208,0.19109685744525653,0.1588613762303991,0.1679702760909058,0.2809323236089083,0.11571941574004109,0.08951411308225168,0.1508555407233646,0.11056228113330055,0.11229817862270394,0.1001121510130031,0.09716171172814388,0.0775587590827519,0.05871003445877213,0.10475429329340046,0.02674174191806394,0.35721080917616843,0.21692330091821885,0.15605035521543714,0.08865884301940587
ACTGATGTCTATCCCG-1,0.0633616383271804,0.16679427054985435,0.08219717748476457,0.19509394098185198,0.08340290254987244,0.025988795971965836,0.11360631425124773,0.25367412220300123,0.07844160790578676,0.30308307306749116,0.22814915476959355,0.23045761388767066,0.18625044658324932,0.21492892798692537,0.16775303032385272,0.1655286592458052,0.12049749341514687,0.3189809340022513,0.5275947302565416,0.3365686933760574,0.013413586637483267,0.09860058690158298,0.2034081245978152,0.18121789069022717,0.1268834902944831
AAAGATGAGAATCTCC-1,0.06883097093881607,0.12164172788674155,0.04492766383594404,0.11435165892760447,0.12007255077424665,0.07619982462758362,0.10505752214178829,0.23446242243701285,0.08758823336236513,0.33269955732818496,0.20605721654496081,0.2312470024609556,0.20512778031082327,0.2054668640532056,0.1788862859507362,0.10697986323846949,0.10284510097611112,0.2226570947270426,0.2672167760976745,0.27590277195839236,0.023817387997240834,0.24464807355085558,0.14554801188791172,0.11754481973978813,0.08416024743623042
ATCCGAAGTGACAAAT-1,0.07462559873807635,0.24299090861216352,0.0716171268534555,0.15048492363667032,0.1359832124320165,0.10679304065854972,0.15168996687456598,0.24431472932209883,0.14914791871894065,0.4792913909816785,0.24330128404884513,0.2298620928357989,0.20867096875718513,0.24111441314832824,0.21783338605039965,0.13365392657885708,0.11407480730132699,0.23193413541290595,0.2692046823957971,0.28078587678415523,0.01423851769972103,-0.18196794263075988,0.2700674735258991,0.20528914070288243,0.130229083675882
ACATACGGTCTGCCAG-1,0.042758386483597574,0.14676555236779706,0.06004771688186151,0.09185794331796746,0.11414444616204637,0.09629958247075397,0.12006363589414486,0.1826810403235062,0.12516834520561526,0.2189909996710052,0.10671407770638089,0.1277750586190926,0.1573309701540285,0.12776361866387984,0.13150564459827002,0.08001657118744032,0.08600409265514068,0.07361414709025374,0.07706259063925663,0.12145327745287934,0.003949226655528498,0.2762613635130661,0.1455411907627479,0.1321142248989163,0.08302856096841159
ACCCACTTCTCATTCA-1,0.042164734235349235,0.17932245132871566,0.04387972069369763,0.12806046610045113,0.10388025936600731,0.06353130098577807,0.1435130295869354,0.25839697089367786,0.1854022029153585,0.3667541231347276,0.24521037893770672,0.24622037122725973,0.217632282886611,0.27209286482372586,0.23376917160334357,0.09622013172729352,0.06863917268420487,0.1944743544307585,0.2448365522100971,0.2793076233005372,-0.0007074120098450817,0.010899219814963243,0.21734391106777423,0.13618730770341314,0.09691268650229992
ACATGGTGTCTGGTCG-1,0.19496396158950638,0.1394904335548698,0.016245322555363338,0.17729336226394965,0.03196656767287596,0.25696172025803926,0.19395605440670857,-0.006044674391728704,0.03451666929524753,0.19808801393361958,0.19385334467164816,-0.005335365256595211,0.031996547550708236,0.030150267252159236,0.030654288479676665,0.16922995047763928,0.1910885756148958,0.02559047069451398,0.026265488853001843,0.2005929239087205,0.17539397916876978,0.025407376959461395,0.034377329529914374,0.16961728447295785,0.006969690835712467
TCATTTGGTCAAGCGA-3,0.1380811917383332,0.5017462350440148,0.09176883413802404,0.18131601895022784,0.14775458384582899,0.08619486329248496,0.1425369849099353,0.21742080982946257,0.17792666805931723,0.3754381543129381,0.18189446249213867,0.2125645322534767,0.19420022057148828,0.2013982657430019,0.16815231151560106,0.16650970532916448,0.18900933218393023,0.1820709270794781,0.19347036951877045,0.24542530286897113,0.07218646979722107,0.2868490447791506,0.32845307502457277,0.24189842230890013,0.18464693914552827
CAGCGACGTAGAGCTG-1,0.2056559806632926,0.11779518150738526,0.05957913789330765,0.1329697992183218,0.06689220502710815,0.009926238070718728,-0.008542412410786333,0.008378878621686054,0.07507462476110656,0.14028165968727552,0.0420779161394361,-0.009948184841905936,0.027763537449617116,-0.024269887043362196,0.0008057423211995405,0.11238481433799474,0.4118628216134837,0.023572231209341328,0.005941147789727349,0.0006056595785232485,0.47797876825073,0.2216817371689061,0.21323515493542522,0.16544508439665503,0.27814226546172593
AGCTCTCAGATGTTAG-1,0.05439641675574681,0.0928819137069999,0.02374015292715214,0.08190950854245611,-0.011592031798847725,-0.013020189810156563,0.01283489561930926,-0.005502003856164402,0.0022764229223593427,0.049299141736592,-0.01576692516720578,-0.011081849412196915,-0.0116096396143712,-0.0018142634996906794,-0.001177240636739244,0.07435043450721354,0.045468361153377775,0.002273758014161097,0.00404679660187015,0.01459630055877971,0.016236503171366184,0.12219597056008083,0.10905448784428651,0.1073431581634879,-0.01591724414963814
GAAACTCCATTACCTT-1,0.13871689352879837,0.4553995321905749,0.06187117257121044,0.11521879203925298,0.058149058375695166,0.00027628058331681147,0.017715643198632263,0.01651238024888876,0.0852915597951997,0.16533327130314468,0.008398032756681528,0.008718955758825432,0.007376712889828068,-0.012236770806480493,-0.0037493197436045075,0.09820265626464929,0.16745409241336207,0.01223632678101257,0.00666569492526269,0.013299770512515007,0.07992348477115477,0.29462226682487413,0.28539259124691774,0.19879650575050045,0.18522726519731586
TGCCAAAGTCCGAGTC-1,0.056033912592482873,0.24129912302992917,0.04782242316331668,0.13777840656294107,0.20547792961284364,0.12332844192295969,0.21372376542301952,0.1377324591613555,0.20524951222524157,0.329380734283175,0.11528184860915565,0.07250033374098208,0.15684879694598913,0.10053860021679355,0.08814820710286596,0.10779577949781044,0.1352736790841449,0.08708677010824603,0.08346461438258741,0.11000523355694482,0.023053201158107873,0.3830716258204064,0.2580233169263653,0.17102341716395225,0.10129089437221393
ACTGTCCGTGGCCCTA-1,0.020299709631769493,0.1509745522787565,0.044562202457614664,0.07525830397545555,0.47806089830116083,0.2178938203941059,0.38751383836100267,0.14132046103974874,0.191788885616899,0.32994563300733054,0.09240083240893916,0.11215502401093096,0.1910662209226607,0.11582132545001288,0.10615184321747241,0.08701060443965483,0.06284028698246993,0.07477939172150472,0.037640950193844856,0.09326885588046376,0.03294597338806345,0.3080058910944226,0.15516562871452877,0.10917450590293043,0.05034418147541847
ACTTACTCATTCCTCG-1,0.05969596786905146,0.1482068354127631,0.04885595380287518,0.06597740621401972,0.12269172984629177,0.08398581982777695,0.17249787625760118,0.08547116294594857,0.0971539026741385,0.123656743888514,0.08305206870790678,0.046601815361001275,0.12358178221301254,0.07342979140841469,0.04268977100323116,0.07255649107586187,0.10441046334626781,0.029244270996802855,0.04967713699830545,0.048568824300731,0.03936934468791825,0.13052398698419965,0.1589694975681034,0.12997896559941782,0.09582460314494634
AAGACCTCATCCGTGG-1,0.016075025981785954,0.14321115737339785,0.052337443439546265,0.10155803860010765,0.21660637918975625,0.14576286572538752,0.2232750597809664,0.13378159586778382,0.17859317912015782,0.20985426654420802,0.13279530346517546,0.09812398917539869,0.13643933972293515,0.11806139562447379,0.1210863991913231,0.10340117395734408,0.09193496844338865,0.09205431451735532,0.0686443406879506,0.10262526491679795,0.03458106826543027,0.28098227079965704,0.17699902617289065,0.1218622944730163,0.0682094708178744
CTCGTCAAGACAAGCC-1,-0.01290031679884054,0.13840482827844153,0.12682018072635032,0.13817104321351056,0.019317928809515703,0.21216971785363326,0.020479869875037263,-0.008468584766506682,-0.007113699932343213,0.12062952917188098,0.13544243716383197,-0.0074748431441696616,0.019339508001314464,0.017845283551326127,0.018262393336565895,0.1455452666553359,0.12530323735888485,0.014072333712812765,0.014805806447107531,0.10420994615845372,0.10205424884043839,0.12946954476677972,0.1392949103458362,0.14547270927558734,-0.005133387637726238
CAGAATCCACAGCCCA-1,0.1764067023457433,0.2503644189929428,0.38030808529130694,0.5811264508454126,0.02046477323704972,0.03497246433553857,0.053337346183730074,0.058468814236527895,0.05609219419357548,0.2206124718779135,0.038083944719854275,0.03379189274596232,0.04132519618232876,0.03812805793694632,0.029594880861569774,0.5058898940234012,0.1652570171998748,0.06318944731009053,0.05809939503304165,0.08112643696504718,0.03577017636535604,0.3239486999054162,0.4382378540905114,0.4677754583688528,0.21233928353086975
CGTGTAATCGGAAATA-2,0.12077914519989698,0.4712222881800502,0.09831852916745515,0.15432498709317238,0.08391851004831158,0.0052681573420963876,0.045296218143878964,0.03005425047779647,0.08641695471538959,0.19496615732528488,0.004564986493251012,0.002228563517324862,0.0134461900485703,0.008984446428624605,0.003919485686124634,0.14241531715106048,0.158708012349144,-0.004147519334916682,0.0021467960392407507,0.027818820532946275,0.07125938791737309,0.36559333677181427,0.33163038604034617,0.2517589901739693,0.1814774194058437
ACACTGATCACGCATA-1,0.06742727790150743,0.1340420077544095,0.020415270894361043,0.06905099665114549,0.08592984109272415,0.057632459534111315,0.08916412351951115,0.17767882315986885,0.05306255786807754,0.2929590345352446,0.17675829624553968,0.19370381937414233,0.13849081306402722,0.21657073790436973,0.2079430096252823,0.04781768426485905,0.10259320594728885,0.16950467909958966,0.19573911736160216,0.21338610347329906,0.013024656753585556,0.2377258160885958,0.14313055463212518,0.09301547763862542,0.07907603503047031
GTTCATTCAAACAACA-1,0.01114714502516939,0.23327422698789996,0.025681047361099073,0.07489199821437603,0.18904821988532258,0.11370158498158156,0.18308313884115002,0.13134328628283948,0.1441094463510653,0.2796313710530958,0.0942920230070357,0.08536987549637433,0.12318283661396988,0.10004796877089939,0.1022369118408876,0.07181736546813487,0.0987812416277351,0.07457647579803792,0.049588531344797564,0.0754376273390076,0.01665967873514459,0.371851249561907,0.23292049404381218,0.1561232253024289,0.08317224351343402
TTGGCAACAATAGCAA-1,0.07592237762084683,0.21267626966079975,0.05273106013780104,0.11383883540807307,0.21153108559192085,0.12393900987054471,0.2205990765216104,0.2478529180781752,0.20570987796345322,0.36901082982778616,0.18919559494787472,0.21638496765072823,0.2553138006152835,0.2384073071973838,0.23511663929052123,0.10566966438389554,0.13238221026115435,0.14174461079485381,0.14424621805508245,0.17981781503231292,0.012523230039164446,-0.07740047904353317,0.24048778761149492,0.1694692726418466,0.10324874164216212
GAATAAGAGGTGTTAA-1,0.024496434022924143,0.19305667529039833,0.06411370546582404,0.11831578518671343,0.12066710353571576,0.12270027542624061,0.14013825758417467,0.26303445814195164,0.13210450210979746,0.3428620563263645,0.2490238721240913,0.23890143886739312,0.1650915553090366,0.2472318802686298,0.2389603992595458,0.11177708203364276,0.11971393236437611,0.270655346690231,0.30127502457660205,0.28490977537247886,0.041361170395975005,0.010855418764357102,0.19684911572609803,0.15951724742507717,0.09674573921261197
AAAGCAAAGCGTAGTG-1,0.0578928500342016,0.2348123684252883,0.07953200338868283,0.16304928799535554,0.08858113506000215,0.08464056617269265,0.14978604565745007,0.2538671043093661,0.06828807515435324,0.3457256705853656,0.25019493818391736,0.2944036821519273,0.21763511911665862,0.24391512534306867,0.22473424874492381,0.14313599667816088,0.04927429623230238,0.2127855252120354,0.32088472959891057,0.2041855278115234,-0.006106394397515863,0.256982693889947,0.23711758445119052,0.17754968260565276,0.11635107118938416
AAACGGGCATGAACCT-1,0.08793674469626454,0.3174624851625064,0.062095816166179235,0.1394028522475879,0.16333350365763044,0.10024376994032527,0.1646963541879447,0.16819074296589645,0.18969179588140817,0.33224735499729036,0.12310789394936822,0.13905050319833986,0.14544556782568654,0.12709572528001495,0.12291244206331539,0.1345522782669015,0.15441116529960436,0.10040378116224874,0.09768645032811756,0.12913683458992836,0.05889620944486827,0.42800020834111274,0.28054259648831,0.1894449330113299,0.14229033000571062
AACTCCCGTTGGACCC-1,0.19735618681938488,0.26237180498904666,0.47052257816527676,0.5163238317079707,0.03878319393797314,0.01932798410377098,0.054534999226434046,0.03175260704701111,0.04697682085399324,0.18882597508429552,0.01946571834438295,0.012788907779401549,0.02172859502811264,0.01716880973551097,-0.0006568314559386948,0.5205595077466671,0.1352083124109097,0.05555889766493072,0.05705559419798446,0.06634047265442607,0.05008355215946137,0.28207854180611813,0.48260753849132143,0.5775390416536627,0.2940122405604845
AAGACCTAGATCGATA-1,0.06711049720319846,0.24702052418256654,0.041391133209086634,0.11638851735672318,0.1960040621724664,0.12336585989760658,0.19638505715408014,0.26527842394812995,0.15385168578634686,0.3137156320704976,0.2721847523302625,0.26450277649967746,0.23557677346895817,0.24544124037543494,0.24862550022459215,0.09843425200639268,0.11674645834945749,0.20991568300925584,0.2240879269201286,0.26018973626351916,0.01680600382847917,-0.029351736974190534,0.2567928672360885,0.19180744588656418,0.10469742786394418
AGATTGCCAGGTCCAC-1,0.05160374437586078,0.18328695881391846,0.056423577075585304,0.10787711116825678,0.19078011214437657,0.13371358673694872,0.15184076867131702,0.20056237158756968,0.11801705812404298,0.36640816967793133,0.254900412993334,0.19633891410198598,0.19447396161865677,0.21720141812626217,0.22228948430114034,0.10399224379373485,0.10474853601517654,0.2080997151710262,0.20374636653721637,0.2214734502537012,0.014001657954127375,-0.047805057031918834,0.19325110520564773,0.13498182206539894,0.08537622544171092
ACCGTAAGTAAGAGAG-1,0.06494717273928291,0.22368544130000279,0.060753067667166906,0.12379840176482385,0.18447988610553404,0.10900771224059255,0.12399082186558695,0.27303128534168025,0.17707986516478455,0.4182331505495933,0.24474249830613035,0.2911752423310201,0.2392914933011565,0.2961495108683281,0.2434449291585257,0.1147694042966015,0.11496889213695671,0.1516930528127901,0.20454703104653846,0.23894104446739545,0.025596530296698505,-0.07990478661279146,0.2134967547604019,0.17119570266945106,0.1044778749605406
CGGAGCTCAATAGCAA-1,0.1580851995435014,0.307365322864891,0.34410324916195734,0.3992033143075241,0.04438501933066065,0.011797059070973882,0.05712310892583047,0.06442970022976315,0.058493058405959114,0.20724062656548708,0.0319715950057597,0.04782707597289064,0.036038567085453166,0.04796372210995823,0.04075431053779598,0.36877881659745315,0.16197308321593318,0.06957844007102433,0.06588686280391391,0.07616369114403848,0.06630012313112445,0.33999561692255903,0.016551440758203535,0.5165306124435693,0.253100214161597
AACACGTCACTACAGT-1,0.0414783982160367,0.22233536954693614,0.01679672331372745,0.05275145218688828,0.208998477372545,0.163161599388758,0.2188115956514656,0.14324474380998395,0.18025152228595337,-0.0054810135310289455,0.11985765713217623,0.10101854446303891,0.18705463091510544,0.11376559638890975,0.12652869126175476,0.0701529959211465,0.11953486615919605,0.05184589387105476,0.04509547380302778,0.08433024329249524,0.013736941490770966,0.11927879604919088,0.15737930566972272,0.11071961303041587,0.06712663583861149
ACACCGGTCTCCAGGG-1,0.0016333873739494491,0.28513793185088815,0.03532789719771982,0.09286901873610705,0.1759661429818732,0.14801198492469203,0.1730138655232051,0.15159676606410277,0.19017370738188727,0.30112509335177734,0.11720844405094552,0.11325614142205546,0.1298716828309465,0.10325559529253522,0.11618981826883172,0.09375097140669912,0.12728699245659186,0.10954007051557421,0.09544587306979493,0.12916458159675742,0.027171551143291714,0.37786175655711146,0.2682308996068079,0.1853586086540985,0.10790304475056148
ACGGCCAAGGCATGTG-1,0.048923038245110996,0.1810273742637047,0.03676652602487874,0.10023983005254776,0.21323671395755045,0.15070000427815786,0.20169486302828252,0.12189429186607088,0.17571924031361696,0.04465463304333543,0.08368497502357701,0.09217558810022052,0.19385417774528418,0.12300493853738546,0.1271015401159666,0.09904964569566443,0.10445552809632501,0.06378651320781248,0.06709964730011336,0.0787831989414876,0.02126874106946476,0.11850016605818539,0.20203810568532993,0.14795783462098777,0.08314107817449878
ACTGCTCGTCCGTGAC-1,0.08186357162044611,0.25566692536560864,0.04369596600276047,0.10562239184449403,0.17762758920456367,0.141665273071233,0.2134088633351721,0.19532140755287347,0.18129873719046058,0.21799062436133135,0.14852699567132263,0.15002396261568482,0.19646067834136194,0.1366077794291074,0.1672139105219635,0.10393256245943613,0.11287380259024049,0.11267816955147278,0.08505096328598938,0.14102571173850145,0.024278586551131194,-0.006459252332238251,0.257015510405922,0.16321274112558468,0.0832998376095042
CAAGTTGAGTGAAGAG-1,0.0830922480442345,0.2868511683476701,0.07696575379557148,0.1767488779887813,0.190276684327579,0.11705582647777676,0.20679230812177007,0.2270587082961057,0.19667565339030843,0.32884032970766,0.18055837856385668,0.18554755474472953,0.19834620094888383,0.19192211794183142,0.17519982184394747,0.14379470485087248,0.16986573557430276,0.18608268451879326,0.2195289947517297,0.24586393067838952,0.030821676705369037,0.04955995042376116,0.2967919004398145,0.2155425673118078,0.13489369921044925
CAAGTTGTCATCATTC-1,0.4896845634636142,0.07642177781626555,0.0691289824375185,0.11119836534916326,0.08334786308749063,0.028905370966063704,0.0510588806295785,0.02596092129514063,0.09204472760969018,0.15996180446951613,0.014680316583700607,0.0003233530376550835,0.03468313322277296,0.008465385493791519,0.020450238659616145,0.10685884829609976,0.5087399268089086,0.03872895593546052,-0.006979357099303046,0.005669090438209641,0.5707662550962793,0.2094678939325204,0.20452473253708559,0.17884519047015965,0.20448735171175447
AAAGTAGAGGGTTCCC-1,0.08510181138765475,0.2085289702058011,0.07368318751213287,0.11570301384189573,0.07405445299478663,0.0038733766571066213,0.06662255031061938,0.010191752764930973,0.10807009311468055,0.15045814730215618,0.01911241808957385,0.007576219841545097,-0.004569755941605235,0.004026972567389119,0.00484377138704856,0.10281118623233401,0.15272174008288708,0.04722481546971292,0.024243551780425435,0.03879439339718565,0.08321785822395923,0.14418025883278224,0.02407431723095027,0.21801454449763633,0.1985000355311103
AACCGCGGTTCTGTTT-4,0.1148399417672483,0.45489179288897985,0.07672634568441436,0.1504810452252875,0.11998669941465448,0.06940007570632939,0.09478589456135668,0.0633136015919883,0.11872427915653905,0.2307233434776888,0.05943949342147028,0.04404405143523499,0.07581160852812587,0.04799986674760516,0.05083484323708417,0.13760347907744444,0.1360650669180152,0.011462731039168273,0.03173471456893734,0.07268302714415051,0.06824445677223154,0.36053095459552736,0.30934171250807946,0.25556143002288323,0.1882456177667664
GAGGTGATCTCGAGTA-1,0.1655694938104214,0.29552878329623095,0.36880758654722995,0.3976835163539095,0.06773834154470511,0.04544109874878405,0.054706280002025966,0.06354755995623093,0.04725366202151008,0.20109051471245468,0.031604172780977366,0.026800931143337613,0.0179806953795679,0.045903482578249624,0.02275812567580816,0.3858122301270224,0.13937414178072158,0.06714615845920847,0.08358125632630206,0.08310066689465548,0.073207699593504,0.3330578168539737,-0.09067638158410457,0.6172656758170743,0.2419332680148553
AAGGTTCGTAAGGGAA-1,0.06343695237458016,0.18443664499321416,0.054179549327239666,0.1148717973874372,0.15246845129741649,0.08993132660200283,0.12364870376477918,0.24237356073529834,0.11429564613119607,0.39596173096148224,0.2630825641563445,0.2583190353150028,0.23966156541549263,0.26302968172365093,0.2429212172589379,0.09232492547914785,0.10193697569929412,0.330405008975055,0.2816911201318414,0.32600005462296905,0.024786834525620735,-0.09669667011154433,0.22873768105335132,0.16180338544871903,0.11363184016089707
ACACCAACATCACGTA-1,0.06677913679597033,0.14475255944252174,0.05094112921891689,0.12746285984410605,0.07705584806448798,0.021903522432958778,0.07014322814936096,0.20326170221287265,0.08405744892656791,0.32162960239976746,0.1729852828266117,0.18552079979570427,0.14951925897846843,0.18074872137760362,0.1644665756525303,0.11495210151724587,0.0936924115687938,0.22716056988849612,0.26099996001863357,0.26077026520838303,-0.009129128724093565,0.2644619781305771,0.17330584178927327,0.16225350737247404,0.10471269148122976
CACACCTAGCAGACTG-1,0.04973741641301951,0.25270640082482093,0.1107741276955804,0.15158311165249252,0.08988139296189532,0.06890442646119797,0.10625240441322013,0.21850617614331339,0.10094381553886682,0.32400038304606815,0.17290345076799335,0.2151379413753023,0.16793957105917157,0.20023592137086907,0.15508772077759178,0.14030768461980606,0.06921344715930315,0.1966759561332596,0.2254121256920507,0.2656667767593483,-0.010487611472558913,0.3756629698365937,0.26724551049489154,0.24083167561393357,0.14001141041019746
AAACGGGAGCGATATA-1,0.21527880521710896,0.2009146793861148,0.03797850209620937,0.07898499550985924,0.09807966105884158,0.0712258109674385,0.06564432257145315,0.018592791175815655,0.1088503699829129,0.134500266188585,0.029284679768178636,0.003096712254046968,0.03730586781025519,0.0005472824438365323,0.0011271766907193761,0.1005174524500552,0.5025662315403423,0.015364091061688748,-0.013088616709660498,0.009803587226964457,0.5517485956195965,0.1935916213841342,0.08780667949952205,0.16325659903624604,0.14938092720263288
AAATGCCGTGCAGTAG-1,0.261538141973549,0.2347265640534423,0.08804548732278376,0.12374895636197235,0.0897836207449279,0.052073625396038964,0.05353407624913505,-0.005599618707131764,0.09774844963954987,0.11932379993664569,-0.004798012501374189,-0.011880235894842953,0.011882247859950446,-0.014066461443093323,-0.01353207875028881,0.13142990463777673,0.32164156748852785,0.021764869172792384,0.0034904748429869987,0.006421133139875359,0.5221410312888435,0.19082565821561312,0.24989720639158053,0.20340491591107965,0.18819679742853648
AAAGCAAAGATAGCAT-1,0.03393322393135378,0.15194110697619645,0.046475275539433564,0.12307257804594071,0.12394428171885392,0.11690633022405796,0.13073138361919412,0.302497101149051,0.16299954338143022,0.36828177721307015,0.2565138198529799,0.24800506517160348,0.2437855196783601,0.2556113784131147,0.2224527209637206,0.09659920371029258,0.07900463760702824,0.2364608264593711,0.2344932174116913,0.2490818735211395,0.0017307926744162486,-0.001037838745114096,0.2005909107756304,0.14388495991454706,0.09331840342287646
ACATGGTTCTTCCTTC-1,0.04739653848335584,0.22648542331192886,0.05170739248325543,0.11963569818716364,0.134764584664058,0.10631689731302729,0.14431750434250923,0.18947933728438257,0.1478781260704413,0.3927898558527316,0.23780139214200316,0.18447014999468825,0.20637772944405108,0.17184741774031692,0.1873367739204638,0.08502455819428441,0.10164448111194231,0.1361418017077901,0.16820352208945943,0.1628166505765968,-0.0013284156912748563,-0.056360373641491546,0.2609855454704348,0.16638835922179304,0.07209687542323982
AAAGATGGTGAGGCTA-1,0.06301753555343695,0.282099618825085,0.05496224412487478,0.11133555620430205,0.14976526991410122,0.08433560222162259,0.16070831974226468,0.16541446972654036,0.12857181053396782,0.3383013475113041,0.1285552945749928,0.13908817492381564,0.17285502484076912,0.1692971178583487,0.17301012923992834,0.10647139268136348,0.11049838086520883,0.10870074105238971,0.10610257572985501,0.15440462044142772,0.002955093769136473,0.41371528911517824,0.29269648906696133,0.20466767864225577,0.1385009870608998
AACGTTGGTTGCGTTA-1,0.03748032168074878,0.16933610756244352,0.012028963412280349,0.08563128507153901,0.19158480914879444,0.11864796533600898,0.15548339016129395,0.1008324438708512,0.14143799788678796,0.1998411390324479,0.08986894654440146,0.07714890043290476,0.13797809817818216,0.11062712636581014,0.10265745301508188,0.07788757445149647,0.12647381608035713,0.04897029746629074,0.0589661579399845,0.06563827579452425,0.05194844569890272,0.28168940358834255,0.18326167426724274,0.10821941313216167,0.05822911037699604
GTCAAGTCAGGACGTA-1,0.04786657857234141,0.14199822000916937,0.043593495631439556,0.09386137022134344,0.10819536527292817,0.031995809462025834,0.11365329576070604,0.22731396542960206,0.06263512265071884,0.3411162371575888,0.21436380570280164,0.21164407896370177,0.15145532741219328,0.22201534428575517,0.1999318535007765,0.07147545229630925,0.06379585335662304,0.28259052982835375,0.25807931918501226,0.25681920727273344,-0.003982440582582019,0.28256457881935065,0.18799983877274773,0.14051982271611363,0.06716403343235572
TACCTTAGTCATCGGC-3,0.10553294250325718,0.4466160941173508,0.08508079349283491,0.14573274003388914,0.04664385247828548,-0.0016984452864231075,0.030425494393128142,0.03443030490561478,0.044078927737325406,0.19401996753100562,0.019586914211257987,0.006365974288286917,0.020401715166178325,0.016019818948542614,0.01708389509931923,0.13950972294343061,0.131942366846898,0.00349284958281973,0.017646311440297567,0.029111311342661594,0.040427928083261525,0.305299388452047,0.3256784428761717,0.21874245336485557,0.19032668634187536
ACGAGGATCGTACGGC-1,0.06366894134158628,0.06406732410721143,0.04362997738985922,0.0852311994995235,-0.009552292637002196,-0.0055028812177077,0.01609328078227663,0.011763303449056328,0.01702358234229996,0.06267210017912458,0.011379964009872331,0.015903153367896116,0.015387317595596712,0.013919234968048946,0.014391580112371778,0.06459606227258786,0.043830673055983885,0.009516356834845969,0.01023897983620188,0.007134388601786317,0.020798635246345107,0.059367348681529084,0.0656613387418761,0.12737906102071547,0.04414238142753301
ATAACGCAGAATCTCC-1,0.04956998091681712,0.20169240558842363,0.07143644563195084,0.14166224639853622,0.1472023074875607,0.12270029219712261,0.174328699985374,0.27719182465913855,0.13902319013125933,0.5608986356482019,0.199213137908693,0.251501546991889,0.24310314331419428,0.2520442005404024,0.19660171979414104,0.12065796960320685,0.09654221976657434,0.21531543356354887,0.24923754830551662,0.26839864245054845,-0.0014435338012653764,-0.1644904122645124,0.21404865694389985,0.16425667717205247,0.090718720295607
AAGGAGCTCATGCTCC-1,0.14570486978481023,0.12753201729138441,0.49919196767986784,0.4135623171254441,0.05657551517190554,0.08379173678540476,0.04113855221882029,0.04782999746480141,0.0621940860232247,0.06347275132445693,-0.0006431782316070439,0.02185381709182216,0.021190652800115346,0.019101592848175773,0.002298680207576718,0.42310978307233627,0.13355750938464794,0.10065837227129831,0.059358573355647745,0.04991338812096607,0.06131391234168487,0.16986929044358573,0.3302112265256247,0.3702299932302932,0.2030111591162429
AGCGTCGCAGAAGCAC-1,0.19847767893665696,0.2561779539083148,0.3489470720819636,0.5357118192256168,0.03649061456667177,0.022104941427421972,0.04955454640753225,0.04691377945406403,0.05337209648609765,0.18000705546019316,0.026058673105334447,0.048664143442783386,0.0272703543771728,0.023286226045983946,0.013741643591533237,0.4800238988598554,0.1745767884409433,0.08192271827226498,0.08570153371538307,0.09532625952219266,0.04813906632097052,0.27624378525219706,0.42733636356377996,0.48198411850657097,0.2082581060516806
TCGCGTTGTCGTGGCT-2,0.1471937441248931,0.459379174795036,0.09033904287815868,0.15910851465954257,0.06419199190340887,-0.00021030134901892518,0.04892156896076572,0.03979426339099263,0.08343499594690146,0.2099418097730988,0.008207549972281339,0.008830409983769442,0.014410756615549188,0.004795878716390742,-0.0029083618069848127,0.14575579639507374,0.15763911954431784,0.005484260719913184,0.014727250928254087,0.026699533425317636,0.06106189890440294,0.3530748094088909,0.32253777822886004,0.23603935636572054,0.22942585768446727
AACTTTCAGCCACGTC-1,0.037013180199352055,0.10502549549614455,0.045988393968243176,0.10188738154966782,0.07845180930956053,0.009610204824437677,0.04361214007996818,0.21602514515403862,0.059472681195738175,0.32290299292854757,0.19279976975567562,0.2012361127763006,0.13119027063961958,0.19866714328471283,0.16404916740504347,0.08400450655445679,0.05181473854041871,0.44362274911263777,0.5561103152983464,0.5012036481335008,0.00668102781849787,0.22128481524050259,0.14105145177140077,0.11835009497208905,0.09412469818282006
AAGACCTCATCATCCC-1,0.023915501045746856,0.18043613772611022,0.024440437994389844,0.06434891392251514,0.1857388916500052,0.1208663174272948,0.19054923944930913,0.08330173181012034,0.14284130351469743,0.20479801739223397,0.08181117142145179,0.045715152853328056,0.10809380882399394,0.06068157676398095,0.0633660874281543,0.061444011992445584,0.09108490902316879,0.06617150368780345,0.04137236678408546,0.0500493715285844,0.04046311477480173,0.27283529085333785,0.17761319482860505,0.12319043551678631,0.0837316613635978
GTTACAGCAAACGTGG-1,0.1509729964500444,0.22926589814315182,0.3590315735614444,0.3583866100791088,0.04091248724635633,0.02867481184060338,0.052047023327017945,0.03971108821495974,0.03662602544324974,0.17317083379915432,0.02195191250696366,0.016344058598830678,0.040253321846729494,0.03705111503985936,0.02960045208426028,0.3556439179217853,0.15499344370081863,0.07030234907222502,0.059156453255917556,0.07249394305827613,0.07241782753890214,0.30305727874000765,-0.11190328960470002,0.5830916649606336,0.27554463915585686
CGACCTTCATAGACTC-3,0.10253028507419297,0.4713461127964133,0.09167598230028566,0.11938720378054299,0.04278467636728804,-0.0010766003248349253,0.03633207897841186,0.023665582981683874,0.06674279307152843,0.18155082002918865,0.00866850067343952,0.017519687449411653,0.024246366216025977,-0.00404470966646569,0.004533547897393573,0.13654147488622648,0.13523140055213187,0.027150052518382622,-0.007027138275840886,0.02746682208273577,0.04524926964515133,0.3035929813313272,0.30938655983616237,0.2314208725255315,0.17958200012195413
AGGCCGTAGGTCGGAT-1,0.4745216625770579,0.2484249420420295,0.1010885452441356,0.18377936425898192,0.08017872142299856,0.0770262740864614,0.06995107435943616,0.04159419145461915,0.10199168214557323,0.17455476712641343,0.02983003334103819,0.00211263092356922,0.03954711715252814,0.023196690064065807,0.012023322559566634,0.14322335434612946,0.53051751935174,0.024846482073036292,0.025096512075644402,0.044112577156897655,0.24160371501773556,0.3396661387662685,0.2489360763902969,0.2594397972667679,0.23114612743228533
ACTGATGTCAGTCAGT-1,0.049440907443200996,0.13505308603988217,0.05221295496590419,0.13089702014405244,0.09018842101938808,0.04266639356145637,0.05377407610483193,0.2282778506699426,0.05647466137957887,0.20322019718137482,0.2228779752277972,0.23208114271459657,0.14911882637689083,0.2057344897454364,0.17570623672337007,0.1240283691087803,0.09025621163040456,0.28299603573266424,0.5216716723206535,0.4482289442674367,0.009435842085082998,0.30211152161031746,0.17070904831338318,0.13740706177851664,0.11812946632630195
GGGATGAAGTAGATGT-1,0.042975731362005824,0.043164986050163806,0.0775620208282494,0.0818826734289489,0.12880197815492922,0.22629956556203534,0.13365583678725648,0.05557593526861864,0.06780504281879184,0.049398072741723795,0.0547510366287217,-0.0030050338063825955,0.12859075708706275,0.06001379771896927,0.06080750440500788,0.08269941944972645,0.08988845049347988,0.052888409062742815,-0.0034872856235731546,0.048020115132334056,0.0701405177046754,0.016250859870216385,0.01609807071138147,0.07305734493680001,-0.006828506821222345
AAGGCAGCAAATTGCC-1,0.04665136564902345,0.1414075335871975,0.01160542808625243,0.10052006832496091,0.13091461916727162,0.10021022606011187,0.12433194010620499,0.25276670981973903,0.15666191944559552,0.436693713616944,0.248992265344654,0.2667248832920794,0.2233104875370394,0.2721043776601164,0.2269498561502763,0.07488286629670186,0.10482070907543811,0.21424858392364504,0.2714514201072495,0.2700009007467598,0.02086373403327302,-0.06806503077620933,0.17095715104861375,0.10347198765191004,0.10177413698597448
CCTCAGTTCTATCGCC-1,0.17608477073262482,0.3324941710409874,0.3489787781484276,0.41917178738037897,0.01675866232904165,0.009935220370320285,0.03824567555979555,0.03340759091294947,0.048452093019834656,0.21563119834109915,0.022011379272356742,0.020517114258629912,0.008852708460062064,0.022449843862869263,0.007180676234304895,0.39069006469199746,0.15540970857593817,0.0453498855194156,0.05352587371443051,0.07666905898819165,0.06234422466880725,0.3931505091919485,0.02839789676155559,0.4910254616797006,0.3047193365386006
CGTCAGGCAGATTGCT-1,0.12993903821182715,0.08790993782886178,0.02862792615984044,0.035901521864403485,0.028166548034100757,0.02794253676224122,0.03040140891606144,0.04121340530132805,0.010230867157864247,0.04819634384816081,0.004670424704782397,0.009058057105845953,0.028701900963578306,0.02643919790483302,0.007604034279761196,0.049654307687780744,0.16235511102125327,0.018919871772380158,0.0038839836090578134,0.000872745978123936,-0.011567685614408971,0.057360958054727886,0.05352782587729915,0.08217259230659861,0.04396923719295442
AAACGGGTCCCTCAGT-1,0.031068991065474474,0.1587099855772253,0.033070524918820114,0.0828754061571391,0.10268303765992763,0.09517776044871595,0.15863721224666796,0.24447327085050477,0.12617754011941024,0.3387492829898327,0.17545509132328807,0.23270099599223162,0.19033634402898622,0.22774695325020552,0.18342361609017582,0.07888898580047009,0.07151303606620744,0.1421222559634954,0.18806835403825328,0.24082116261068048,-0.017267424544920192,0.02505878490907051,0.17365757351796335,0.12052896742505519,0.06416909687391834
TACTTACCATTAGCCA-1,-0.010895492306528446,0.0285588699719471,0.2022607499995469,0.09746606797061519,0.027791177189040877,0.1285733269623734,0.1520569294060061,-0.006699789110780376,-0.0056278930492104145,-0.00019244508067833082,0.023028933143109418,-0.005913605883732253,0.027818279691290963,0.02609961386123196,0.026571556339703154,0.14771099861397433,0.09866908849229443,-0.007021819756180895,-0.0068626292116966275,0.018956145375303945,0.1388137776210071,0.01847354531723844,0.03754259552489821,0.143178946549741,0.02114709767441368
AATCGGTAGTCTCAAC-1,0.24004268947224197,0.26551965832248975,0.060835908667219774,0.10241323043234744,0.06526780018013871,0.03186496769807105,0.043266204746425924,-0.0012686939489366515,0.08567333662275663,0.1290243948467096,0.020482959208835857,-0.01992447402816421,0.0035331591265084536,-0.009774673167516108,-0.020843779892437162,0.09290422595458765,0.35029925564587017,0.02753153026605055,0.02868722376904165,0.021040173850605193,0.6572635132402529,0.22908240063018587,0.24136669378286096,0.17929238817837007,0.2028368810447134
CATTATCGTCGCTTTC-1,0.15398698142523626,0.27226494117188615,0.4522848762399489,0.6126390409481072,0.03318103986763182,0.019996110477512808,0.03541925941905986,0.07128769343073696,0.0720836054732158,0.21681112440394437,0.03050811344158355,0.03511947638446582,0.044101040259458685,0.029433240320728273,-0.000167710876848239,0.5474896558270997,0.19039550576017572,0.07832622401388324,0.06460165291729526,0.08327801981881991,0.07175216814848653,0.323150403430928,0.47597317527101757,0.5442062866091476,0.2475041629670101
AAGTCTGAGGAGTAGA-1,0.11750805280909545,0.19507145192963743,0.5546578436234944,0.4292085514950266,0.032609461874189324,0.04629246094509502,0.03615640451271822,0.04535354062629567,0.05064714285002552,0.1437184458668659,0.0024788053276179845,0.01139042663584416,0.02147761729633879,-0.0036140675409333765,-0.0029626610396698842,0.4344059729613954,0.10062633928089534,0.0654621845927372,0.040068212353495204,0.05601740239025134,0.026584779720524896,0.2461813058877595,0.3816827543676669,0.20756646560933817,0.2563799491709733
CAGGTGCCACCACCAG-1,0.18282928880495816,0.29303078814412886,0.3782939535867782,0.5497621114175998,0.039810527198507965,0.04419153928884778,0.07014367288549714,0.04236800378129939,0.07405781828095061,0.2438351668731764,0.0069653047070486395,0.03624488461536815,0.03452942297976859,0.022464812069208057,0.01441325202592328,0.47806509859213425,0.18093300590805778,0.07618013861700122,0.0646811490022708,0.0862491652335045,0.059875778111487234,0.3535361216449877,0.46578133726336296,0.49346427897018036,0.21778403708101937
AGCCTAAGTTGTCTTT-1,0.055879383732184214,0.2530513743433984,0.03550935614403456,0.1413237488354998,0.11738399454410019,0.08448839710723761,0.12220873550400058,0.2220584169483367,0.11781555680923475,0.544463754721143,0.23408973303016015,0.20361752330883623,0.17735364594045466,0.20347070000050307,0.2027267875928684,0.13054410262036664,0.11999437813871906,0.21239873071524462,0.25244687072786304,0.28032879180604114,0.015974131580322674,-0.20376274086442195,0.2498768307304178,0.17627243999665027,0.12953499943452465
ACATCAGCAGTTCATG-2,-0.010171475063024338,0.1303747203249921,0.15507700834420352,0.15166324693528357,0.02640476975478845,0.23482998090340498,0.027721451890346905,0.0224056413853567,-0.005833784896742478,0.026598333458082674,0.17036702697219608,0.02696369745150381,0.17200972616894952,0.18358575502332214,0.18082611067394166,0.1520784883469199,0.016575295517393753,0.024414516002170983,0.025346761593635872,0.17959980304497453,0.035032768799321004,0.028429384669975213,0.0990122065499366,0.14372850357429987,0.01790452101599277
ATAACGCAGCGGCTTC-1,0.0744418463212031,0.26656044609136714,0.09982575972878312,0.16228415924759543,0.08860882122750677,0.001381559387523035,0.07090103381335855,0.21631488641431654,0.0516971929780633,0.1425251720824233,0.1844914364729247,0.17681373492691116,0.15908429120218678,0.1826039565873697,0.14367449913831112,0.14458309986045018,0.08282609839088138,0.213767454656258,0.30019860073400284,0.28943013695462694,-0.002764762022719166,0.2573390941607226,0.2679108557137432,0.22203671498023805,0.16322071524992798
AACTGGTCAGTAGAGC-1,0.02767973945719484,0.16621342169452777,0.039520452787152265,0.07599400009129628,0.22875766491741412,0.15014388707690196,0.21451480404389436,0.1327725146365277,0.17812661839412294,0.21769019442659754,0.08599834141839385,0.08358180486984355,0.16484237274826571,0.09679249647803591,0.10795046981975713,0.07747645070776123,0.11532037610206129,0.07993278863213012,0.03860965742499052,0.07854851186707222,0.03820956143270796,0.2862937698958101,0.20628494695622948,0.1254218864560327,0.0810610004333833
ACGCCAGCATACTACG-1,0.04142872783875224,0.24375726565585332,0.04029215933625566,0.11498021702008641,0.2541963703641486,0.15665284283443112,0.22170875852114127,0.2339721119450027,0.23052929664578248,0.33985741264245994,0.19974508858378098,0.22613813935848445,0.24805102423879594,0.221307751354915,0.24770207378139136,0.09627329278235579,0.13901858038167642,0.13516517903537661,0.1397446546197816,0.17819140185665147,0.03408953184548175,-0.00731678117167027,0.2547263446074768,0.1825439036040442,0.13192355666359687
AAACGGGTCTGGTATG-1,0.4604481343958504,0.2163270169905278,0.08703166464522967,0.13671001759179185,0.0563849339715846,-0.01234038409679874,0.013115076762523058,0.025651420279567162,0.03865432005463409,0.1386938532668614,0.024689738794335735,0.023380749718132313,0.032245086736357495,0.01942398873433448,0.02037525682808026,0.1323183419997838,0.2924563491172318,0.011762119306821223,0.014168559403839015,0.04041924624562676,0.208200176737755,0.1719453172231546,-0.06075832172168787,0.19229236082751777,0.15636019824785063
AACGTTGAGGGAAACA-1,0.07663422626943162,0.18666810658125005,0.0568905291605849,0.12879336094666458,0.1662400409007488,0.11705119194130882,0.11756066280178223,0.22763201265937058,0.15563981608608454,0.5202835892314093,0.28492124372133126,0.23241275720073964,0.17366428016086602,0.2175874701139082,0.2197197288743048,0.09809095083601879,0.1437860752698171,0.17642785162931163,0.22426912301791158,0.2585062698438927,0.017304223706042062,-0.11978006967040362,0.18047766622151493,0.15032853784017816,0.10983006015892344
TCGGTAATCTGGGCCA-1,0.17738404643584055,0.3556909855262366,0.3674638540752768,0.40085324368898073,0.04974816095878692,0.025113456983688217,0.07177959042859318,0.08567816353567348,0.040479737881591024,0.239368145856569,0.045319523184240096,0.07042948525056325,0.03530736092358857,0.07003474974878109,0.05620030698508127,0.4202804284873791,0.14598269617839696,0.08596478545034048,0.08217729622314358,0.09759664494988043,0.06367439881519732,0.4154926357250706,-0.24119383285457713,0.6505129357894552,0.30218407779674833
AAAGTAGGTGGTTTCA-1,0.11007963875927868,0.16406259631001394,0.0533075703264046,0.13356704609975878,0.11220840761698338,0.09337926753310212,0.14394206941759563,0.24875240700212792,0.1090160692203582,0.26857465231398586,0.24600255022914397,0.26325481199905243,0.20605624639020045,0.2702909519072684,0.249004458873138,0.11807859104066534,0.07204867108051638,0.2903199236149224,0.40749316057722074,0.34628005094362413,0.013247851122827302,0.2875686405513215,0.15881350372781633,0.13241409159448173,0.10079692772952725
ACACCAATCTTTACAC-1,0.41497950159554853,0.06895472819848472,0.07495189090016222,0.1498869675322936,0.052644224266437493,0.024148861432704873,0.020934361457241972,-0.01110551758681954,0.07248560888093834,0.16368464074650643,0.009576481536837564,-0.027247806196605877,-0.005635746719807872,-0.007817404776731538,-0.01778321433654608,0.12049039817492749,0.4738234352909755,0.013276516439282996,0.006281657172696494,-0.0003043078427732193,0.5454644291003982,0.24592788789410416,0.1631573742389835,0.23232648445872073,0.22049388584047103
CGTAGCGTCCCAGGTG-1,0.20458439527035507,0.3101796641271539,0.4555827734408859,0.41936515220234494,0.04464046900765307,0.01697412288987067,0.06830808245689754,0.052368324598010677,0.06205682463535987,0.2187529998456657,0.007352431606627302,0.028315293892640165,0.02569617881552872,0.03232924481407657,0.014264937395774393,0.3590304617063239,0.1616250123049672,0.05739706689572263,0.05183668411735441,0.08673500699645502,0.0572886449209799,0.3807162105991623,0.5651276847284542,0.009974391751926999,0.2939953336951493
AACTCAGCATTAGCCA-1,0.04002233209177651,0.1939421577393952,0.07359229687446019,0.1520084049039666,0.11546999027110266,0.10171820444828997,0.11085768445589313,0.24149675082360106,0.11545099419925897,0.3589309667777637,0.23035089647328397,0.20467381810127808,0.18845822419600164,0.18917351740394608,0.18040418963977378,0.13687613932889978,0.10320234232945419,0.45789669786317194,0.5675017304943377,0.49653763744676677,0.019402121733414216,0.16350199546821287,0.23530714669551053,0.191288058327719,0.10953191013871783
CCGTGGACATCCAACA-3,0.13250418317420695,0.4860472635039039,0.08214809054169445,0.1405499825332948,0.06735102591587785,-0.003415327131100584,0.037251022849073924,0.018105625160563934,0.09219711756943358,0.1828936494237099,-0.0036406091154448854,-0.0029175224704867993,0.0025779441437373783,-0.015449437153490593,-0.014830949987194203,0.12129121888086214,0.1432563129765668,-0.00587257380236309,-0.005338309588280651,0.01357965201028101,0.055884326041852526,0.3003610440177348,0.30501316070828394,0.2099605575010529,0.21111323863265485
AACTCAGTCCTGCTTG-1,0.1888359035969119,0.24870461556153067,0.3873838487907338,0.5849674623330534,0.027006520096961313,0.047716783088370004,0.06747497640401302,0.06315360916160499,0.08222827973516507,0.22664189094036968,0.04130904976168148,0.04878817651947304,0.04604965458590297,0.05174444246329421,0.03459958892769094,0.513520928270369,0.16575728792233604,0.088203142999047,0.09241004237483187,0.10476449512494176,0.07024484600240058,0.3166971439318683,0.4408775071410364,0.4926733792403827,0.22405613528747353
AACGTTGGTGTGCCTG-1,0.05990501876333663,0.16425096017881027,0.06822016182051159,0.14690328698099378,0.06742584730321245,0.02602550473547587,0.06019507373780334,0.21729206015047994,0.07505454723054801,0.1171584242570923,0.24463786297204762,0.22868936072058407,0.19793414363751036,0.21160367095281216,0.1798496406129771,0.12141498218554488,0.11315335314713267,0.2756389913894533,0.40522716285709076,0.3397619968572902,0.003207964299283812,0.2385641279369885,0.21571004403906166,0.18793561847251217,0.08833859343756505
ACAGCCGGTCCTAGCG-1,0.03265299173932022,0.16295546928446564,0.04333023954063299,0.03983389561060027,0.5652702630346239,0.1602209311414302,0.16666247818978486,0.1052497439996369,0.1872551324773883,0.33048023918002145,0.12550744243717496,0.07603943338663076,0.1714753767208634,0.10366480143588094,0.1059210887479501,0.04733292324258073,0.11169933905077721,0.07528907916635491,0.05113103559558216,0.07494738038672363,0.04662122090252455,0.1931456483153441,0.17139645619238283,0.11294131989508926,0.06765727605347627
TGAGCCGGTGGCCCTA-1,0.07702968812579587,0.2708317571157527,0.0881768946510097,0.1622010909971103,0.1549548888557411,0.11432049179294466,0.1821931128416662,0.2676227483968217,0.16403409616732392,0.3910656928409174,0.22810863933536824,0.21144919009390717,0.2027299451667623,0.22663129798374276,0.19746869796080624,0.14019905463543927,0.1471756648320906,0.199893946373987,0.20502323913632856,0.25506409738328445,0.025052821651861602,0.44457792566206483,0.29328509787373197,0.23041626559868741,0.14379905551285382
CCGTACTGTGTGTGCC-1,0.05562745501887369,0.2464999603584042,0.058561383734127996,0.13736926889749054,0.22101344689605898,0.14033064651747418,0.220236295960951,0.26396411366726397,0.1999211242733269,0.31203568676458987,0.20480726702673344,0.20886389845047448,0.24006024378425872,0.21978040876928914,0.20536452761898086,0.13348314809978332,0.12663998005373564,0.16124589548719429,0.17035891274268303,0.20640995906361612,0.03529997872073309,0.07432449971855991,0.269482378024964,0.1879040038514394,0.14564705431801542
GTGCATATCTTGCATT-1,-0.006826989005693611,0.01027692046825716,0.031212310749294155,0.17161086485179172,0.04647048236677292,0.15366912520879691,0.048332554895050124,0.040836341051082255,-0.003746293792545031,0.033790160096009804,0.040001180372031035,0.04701243376134955,0.04651095387901048,0.18239139679873378,0.044798683781626644,0.22177838012136036,0.03641070296146247,0.03887344204261454,0.03983013520315582,0.1347950031402054,0.14467137856043402,0.025423633335699556,0.024799437016813333,0.12148178676800697,0.0138530558304956
AAACGGGTCCGAATGT-1,0.06880572535309588,0.21294565926435555,0.04470066464254084,0.141329320435719,0.13299763979132145,0.12587521729192672,0.18779485948996247,0.26403163029193794,0.1690974714552534,0.4095259325347868,0.29206800144531686,0.28118813842154033,0.240827503977109,0.2622460538462126,0.2433922135314265,0.12811192250651604,0.1003562498706308,0.20493558043038207,0.23991057937170407,0.30655439286592656,0.03594838063444326,-0.04792189533340303,0.22213462261141265,0.18468836063461494,0.08505119247016828
GGCCGATAGTTCGCGC-1,0.059629251922360745,0.2594813505414184,0.04342852283751946,0.11247902941077523,0.18992048095363762,0.12132081218649426,0.20666654104812504,0.13300672417290468,0.19616181635172592,0.30753559149259024,0.11580055958106962,0.08650683358555422,0.15699550442563812,0.10730329896518905,0.1027967941335463,0.12816320951851554,0.1532078828517822,0.06301795326611899,0.08164307095602728,0.10919729640718154,0.030546399566805812,0.4112363690081176,0.2636776062035485,0.19583979591439407,0.10406760040441065
ACGCCAGTCCCAACGG-1,0.047525350464231876,0.17062607546628325,0.05188799388579599,0.06166448687759679,0.22856309461709307,0.14116865439195647,0.17232249464432772,0.10513742436787572,0.20166068754967442,0.20705006793687292,0.10212321690731956,0.06922292570321903,0.14405200219365316,0.07300392771617238,0.08594256156957596,0.0818962145544258,0.14688266275955578,0.0594002866671977,0.03263596382502327,0.06036494212622092,0.06557290679765297,0.28593871680081,0.18493701127367138,0.14898785944340856,0.05213712156710641
ATCATGGAGACAATAC-1,0.09117919932635057,0.26353519544947923,0.09196186179251616,0.17209881688394893,0.1408543394036343,0.093745124634785,0.16109702736376297,0.28928416746536356,0.17087577859146075,0.4800070376715782,0.258409542781372,0.25800209107829786,0.21133002441409066,0.261229466329196,0.22263651053201994,0.14994716352236784,0.10226645177066028,0.24384166835651438,0.2977721514703358,0.3113180641112326,0.02738440961419525,-0.10760333887218414,0.31595001575552795,0.2404629488747815,0.16393895693515792
AAAGCAAAGCCGCCTA-1,0.09810565341614308,0.19415098782456325,0.04774591423854946,0.13492860994122852,0.14371429264014404,0.11265341797804952,0.1883225139557465,0.3138105032334433,0.23321317469817585,0.26366193248121317,0.2876561524428722,0.3253845034702374,0.29308631098576626,0.314466543735736,0.2717614463081533,0.11200051848913221,0.08163805269500064,0.21147156484555008,0.31033690390287577,0.3670528517773143,0.0029129228972177798,0.0795899287818224,0.1880886536811137,0.14486092144783072,0.1359099035276378
AACGTTGCATGCCTAA-1,0.06824862819434163,0.16319317841963238,0.05055096821013134,0.10331995495438784,0.13345668352840104,0.12473561214536817,0.1398307838665677,0.2745427766399248,0.13399589392149494,0.33610678725473764,0.2616855546066738,0.24982406177054656,0.2080890763675152,0.2215870373752031,0.2238753251069882,0.08761579230408091,0.08223534883722289,0.18717425461608597,0.23020744987726754,0.26580406348833113,-0.01165786862517593,0.06081899402361139,0.17448304840339968,0.1467570127028449,0.1148498534510766
ACTTGTTGTATAATGG-1,0.07981716393246159,0.15769955101022062,0.09266673277670859,0.17276437694507035,0.05641042066895188,0.03112953284266659,0.10585421239170217,0.17243925153253653,0.0530925360841135,0.32276000605580496,0.1619194180225441,0.1758124725102487,0.13159349253829236,0.17886279601880992,0.14573696222590202,0.14356780984605855,0.07404627330925412,0.20934583751368432,0.244044095024899,0.2411243563378042,-0.012647993734425048,0.2513083520279428,0.20028369366927948,0.1735254392042169,0.09324669925169064
GGGACCTGTCTCATCC-1,0.15063997110293523,0.30659800889351513,0.3350502601257949,0.3846980199623633,0.041226098803112954,0.025066588648420356,0.054135677439428674,0.045817091834276014,0.03746268039843169,0.18696192602887143,0.007930468339354388,0.019576139428207795,0.0018829721818787687,0.021586638305998756,0.006794362017030451,0.38016350941555377,0.1554460389392152,0.055005831364529,0.05552349758510244,0.055378550394323295,0.06220495704054112,0.33086315245862563,0.45009159209684896,0.5023947560870478,0.2740637700844781
CAACCAACACTCTGTC-1,0.1507391149042393,0.27719934853467615,0.3432403023185119,0.637288860390898,0.1085797139885254,0.07913236823408665,0.0896009298029882,0.17345092833320283,0.132095757243286,0.3727250606076277,0.14236505045346393,0.17951151046525954,0.12964572501457378,0.16410073566478056,0.12472981119122248,0.4397006003420616,0.16537204829443988,0.20245058693715318,0.2178860093353894,0.24798279582247754,0.03590927738047378,0.42425747568760913,-0.01616773448588342,0.3576939126082166,0.23904015372855425
ACATGGTTCCAAGCCG-1,0.0906730160761787,0.05425101351367814,0.2417371582208268,0.15408466695613138,-0.012526831949469276,-0.007216452727284612,-0.012138864999192289,-0.01397412097289813,-0.011738408029239967,0.06833319435975505,0.004490527672521953,-0.01233433510203297,0.008423105851543829,0.0070045116656967,-0.012903435524718072,0.16674828034220007,0.037081035506840124,0.0035679769727952042,0.02329611883379304,0.017991461711664443,0.010966316313190434,0.08687454215757777,0.14567126736260008,0.11593051873064013,0.0812409280496361
TTATGCTCAGTTAACC-1,0.0613864878438991,0.212461310086923,0.09404861915286813,0.15504422830846346,0.09873520466986851,0.10884194739545844,0.13882849802959712,0.19987283838797607,0.10072131508468395,0.22304551548405172,0.17922803461240955,0.1858465183272104,0.1861297808056929,0.210508615953743,0.19468328328502277,0.132745665588668,0.11036467074735837,0.18424376406210996,0.21610903052341535,0.2503333750088731,0.03836473539040133,0.18813500764918953,0.25987155258735994,0.21070521093358377,0.11296909903328835
ACACCAAGTACAGTGG-1,0.02268118138681258,0.18593912254978964,0.011142892895120254,0.06158759717479048,0.22545583932918384,0.1565200573773701,0.21156237937431527,0.129562243325768,0.1409017309538664,0.218846994226118,0.11772432281699279,0.11926013224346076,0.1281022653218588,0.12928075106581396,0.11256774075488318,0.058295543565023845,0.08328590295828006,0.11993550443350869,0.07711700567535847,0.13111059149085116,0.04039330975230546,0.3007608026538679,0.16845668676477626,0.12291177532685592,0.05356916341044439
TTTCCTCAGGAACTGC-1,0.0499552693021843,0.24239667730968856,0.07495795337744998,0.14045797827984627,0.12160099716248096,0.05426373053306427,0.08564704472980592,0.21761888562644408,0.15493256656414345,0.395438231644179,0.23446528153756582,0.18322838822983947,0.1772472449422851,0.19598670618926764,0.18081297790195644,0.11258757605457848,0.1185874728751042,0.2531206769824831,0.27147174585065753,0.2737040619915433,0.024956706290001955,-0.04922881305436009,0.29700767045323945,0.21589915466173962,0.13283025062007428
ACGAGCCAGACCACGA-1,0.03340248848628689,0.1671336341579681,0.04332709335481346,0.08118738468524477,0.232293171294091,0.1640816423730564,0.2004746315910107,0.15706149224783,0.15105691775709676,0.226207162586011,0.12865479024351953,0.10154745059216784,0.1810130336331948,0.13332277243439794,0.10621777315519444,0.07310993291412513,0.12427968628787434,0.10376953490486793,0.08178405067251415,0.11543874931936539,0.03577980282058576,0.2870806766461884,0.18769330999390685,0.12895989287684267,0.06572176775422037
ACACCCTTCAGTTGAC-1,0.02398187319762358,0.17622024500710373,0.08129450963693213,0.09536340644160542,0.19890107123013004,0.13023824900609657,0.18543543269160295,0.1357826599403592,0.1435281016442119,0.23742917727298524,0.07839717521052343,0.0788272721757682,0.15955561670534335,0.12435551024840817,0.10874872015547248,0.09647209059500009,0.10049075692657854,0.06457870721891618,0.05199852936029775,0.07784427602045678,0.02817791604466853,0.2902546885301041,0.21301011846231727,0.1376780585099386,0.0637796868630616
TCCACACCATGGTAGG-1,0.08405714919440894,0.28437323164339,0.049897025126503784,0.13149560624841164,0.1743653014925743,0.10605161429414207,0.17464732684975093,0.17493967106050673,0.19358699086880915,0.3554803516952505,0.12595380347536506,0.14108266762190608,0.16818669209035875,0.15660660887281302,0.15220977678866598,0.12308247080537466,0.12910741441595167,0.08855986423172298,0.08346255306333407,0.13953736774224038,0.02171121158282069,0.4425066401719471,0.257963582916867,0.18651327601325435,0.1204517303031639
AACGTTGGTTTACTCT-1,0.031238781736166277,0.15481425894766163,0.0486955895023952,0.11032489084554374,0.06975722603275296,0.05833989622509791,0.0919965619646258,0.17737404058837844,0.08611830661485453,0.32985774150805086,0.19369840522081636,0.20713947470354377,0.16049417347165185,0.221948783430331,0.17646358570974843,0.09861006750940475,0.10693287173486664,0.2028336911611577,0.27045487731626955,0.2792762292077502,0.0020764191029162254,0.26053625536557257,0.16494112883080359,0.11844827192381618,0.05913459847797405
AACTGGTCATGCTGGC-1,0.15071847270205097,0.3111031186398589,0.1557694077277126,0.20161584517604977,0.09954005265606787,0.05246715944282105,0.0967647062900975,0.15940010658053208,0.11686144437972124,0.32182939998267546,0.12671994411832083,0.15813484383053264,0.14011030930618804,0.14820281421563095,0.12102947586292317,0.19617774992081494,0.1933615653144728,0.13356031203098756,0.16674294464460349,0.18027389438832958,0.10197270155219908,0.06281898988816983,-0.0045369482348382026,0.28624762232001066,0.6499339812683028
AACTGGTGTCTCCCTA-1,0.053312149668478845,0.18148106783870727,0.041773651863653324,0.14208372698928073,0.07894296882733301,0.09779830385441529,0.09591985190155192,0.28961690255285366,0.1264872902678565,0.3024074284983506,0.27424785038187094,0.3200523508921164,0.23649059624386665,0.31212089841879886,0.2653359619530891,0.10893296962227884,0.05325650023661821,0.2730558045673313,0.3900382438180723,0.42319532385708825,-0.007896314508341246,0.30302450687957944,0.2021811860165862,0.18726882119649207,0.10133885501604777
ACTTACTTCTTCGAGA-1,0.040314218294317083,0.17359522477953207,0.04213921275819291,0.06509865696471495,0.2213021427685247,0.1460998712997484,0.17617993630703033,0.08144951586495967,0.14917520126867032,0.050948013022318724,0.08979516956537012,0.03717129143008224,0.11866711253985814,0.06162270083769385,0.05400648692651203,0.0625667053356955,0.1577979182714694,0.053937798502365616,0.03150396225263549,0.06152989959095894,0.04421528790973879,0.13296112634933888,0.18853914560269497,0.10321726152507875,0.050210916151428184
ACCGTAATCTACTCAT-1,0.04439543971845415,0.17020589019729132,0.04074944579241334,0.10115488444616565,0.14111296313059707,0.1150935339491276,0.1280728665995166,0.20900417651818043,0.14190310338035794,0.300139275121596,0.18869231207169748,0.1906175010803727,0.16660340308599075,0.17727410605249158,0.1920686954133265,0.05935627652573194,0.07448614248961462,0.13770936444124987,0.15809926602036933,0.15416344837404714,-0.010941405122192901,0.07664366308487316,0.17063409548154615,0.12145422804793066,0.07144909682050281
ACAGCTACAGACGCCT-1,0.050041191391780974,0.16321661880097865,0.04033328810934065,0.08752064821130925,0.22597284468136924,0.14493073258475495,0.17572480573734117,0.12569553043884438,0.2061435002022479,0.09777054723441228,0.1528976094161128,0.09200495363204621,0.13533568724376316,0.09453857397870866,0.09643760277144231,0.06957643534332056,0.14172014428942137,0.1047807116789009,0.09699099704470511,0.1080841315681888,0.050584951654860065,0.11723683263981353,0.1783261564408151,0.1169918237653049,0.0844527798868946
AACTCAGGTAATTGGA-1,0.06231257580142862,0.25485162534696115,0.07857707973729368,0.13217867093045302,0.06962455495163777,0.04049842944568894,0.10622531797475322,0.2271115133947799,0.12164849956879521,0.471399587989516,0.21282580236129878,0.23456612880850852,0.15763890458840044,0.23574754398158637,0.19553087656525214,0.12097911850018873,0.09069945349924138,0.2070021128781071,0.26955229487878357,0.3053428873341834,0.007604746538422257,-0.126446781237175,0.2534033525715223,0.1868091208379774,0.13191608749944908
AGGCCGTCAGTGGAGT-1,0.07849466690012569,0.27867819689779016,0.05312537980192394,0.12860391900420431,0.1460910126583456,0.08818491846971713,0.1769634445815651,0.1480175158521765,0.15517854982629997,0.32912462371076173,0.10730022303999148,0.11195315474981163,0.139601533492407,0.11488680856564792,0.1249239524951314,0.13509787200955642,0.12219954601694559,0.08165609576569707,0.07558175221194514,0.120070497360705,0.04380487739566309,0.42332740301586363,0.24962915495489693,0.18376168708515883,0.10986722892509546
AGAGCTTGTGGTCCGT-1,0.04676581240721829,0.16858479231996926,0.054383119807232816,0.11132881309077276,0.2185724073268075,0.17545989141763474,0.2534726111931433,0.1916493499769113,0.22193980684112716,0.13938102994214044,0.15432639441257803,0.11467596863954273,0.16641414090633502,0.13111611130232637,0.13498095156580942,0.08392691635683174,0.1301660281840445,0.08539429242215887,0.07749361063284121,0.10220631518588501,0.03383061309463988,-0.012946817841537006,0.17866606615008068,0.11259889034255101,0.04738480585213689
AACTCAGGTTCCACAA-1,0.0614457910153795,0.2155117253112917,0.06678010897629197,0.1672116484291599,0.147924795328709,0.10855479841386165,0.1326844020683364,0.2715084288694628,0.11280336560112118,0.48776531211477625,0.23559242935815897,0.30376917728614344,0.18913149232015605,0.27207476438967065,0.2516605023514312,0.16062781490486147,0.08840483555051305,0.19932268755371296,0.24310869477200436,0.27145440152950845,0.008368142387844706,-0.1302069672946281,0.25865396225507364,0.21327002318854144,0.11406966951755411
ACGAGCCAGATGCCAG-1,0.020526507847786046,0.17778382867241763,0.061944396255160725,0.06963880283265142,0.18203712443756634,0.15009224623165912,0.22141448573022626,0.11137958735401322,0.1734948563808846,0.07401353819611657,0.13701516652146226,0.10138773746200849,0.16104575367524895,0.11190204978493137,0.115052468485468,0.07936748608084725,0.11697018759332857,0.10453757085063178,0.06696617780452144,0.0995091181127224,0.01184711976856328,0.08965829708427486,0.20460884918927466,0.13848057710101608,0.07497249839132182
CATATGGCACCCATGG-1,0.017072505885180785,0.1491630554149691,-0.03269118176555779,0.12121793980483396,0.025141111361845183,0.006307375681723534,0.026428162836168397,-0.00718181801849261,-0.006032802382082862,0.025026063834028195,0.0205846666591879,0.025350291450913727,0.13404091562884787,0.023523558856638035,0.023976689018476525,0.15889636997561096,0.04580342366872549,-0.007527017763350679,-0.007356373956232756,0.016662923710931185,0.03739164802867534,0.0149119291011037,0.11760682128215715,0.1207708187534813,-0.00024847106009987186
AAAGTAGTCTGCAGTA-1,0.013027328497566545,0.1963747009569032,0.07719898676678698,0.1127953185978095,0.04549660733443133,0.025617504307948364,0.12276706241407571,0.23799282650607337,0.10232322591164171,0.36763885315728045,0.2239258935497646,0.2659418181890743,0.19535349067305693,0.23464668032242608,0.18990712499691295,0.08836871802894102,0.06656788550036882,0.2602751209667373,0.4337503392122417,0.44247954576313153,-0.010218748046629235,0.2446974083541424,0.20392050971449513,0.1742126639012259,0.10469571788950754
CACAGGCAGGTACTCT-1,0.2280138984019237,0.22812764080852763,0.0740423363071433,0.09157444027708857,0.07381535904134745,0.05141041179267159,0.09000004308135426,0.026792758492843807,0.0690617120612324,0.1380024469689324,0.01581730958198429,-0.011819171995181723,0.023697864519264325,-0.0024751566487268613,-0.01346993503208098,0.10571832387963238,0.4100101105307787,0.04034881375656297,0.013439579628310262,0.023750322672246346,0.570560100954756,0.19858989307001526,0.22161214751162536,0.1391224043610123,0.1415723890234065
ACCGTAACACGTCAGC-1,0.05996142763144465,0.1733115350965739,0.06834570770686044,0.10992726041151588,0.1356574728989493,0.11553496873512495,0.205229816264844,0.207035044374355,0.1851021828220397,0.3992525199893072,0.21525157312793647,0.19088740237034502,0.18833691626937893,0.190894633371246,0.2190708567679383,0.0883637343653306,0.08913980954044683,0.15725148478542086,0.19218150397879077,0.21247694916298798,0.011485517377280445,-0.02496602216073249,0.1669680970635834,0.14948170361237018,0.09503426905698975
TCTATTGTCTACGAGT-1,0.03583974652706806,0.25521979590287913,0.03503971938960072,0.10262500781738168,0.20005096858043303,0.11054570960688148,0.17655869991783835,0.1790988331842616,0.15130102752934452,0.32924091147643364,0.15958686647641,0.13817216521492443,0.18719298215704314,0.16546072514326599,0.16234411023005937,0.0886964128098812,0.10082154865428743,0.11105513706562724,0.1196056859409757,0.14469114571904923,0.020717750599034374,0.382937599561822,0.24826293678402536,0.14866118247136095,0.0969791435489582
ACTGAACAGTTCGATC-1,0.3817042395659061,0.22155067349425855,0.060665174037119005,0.13053995372680477,0.1098788480653087,0.05038800915703228,0.07575707262224006,0.027047724342375436,0.15620965474828907,0.13856441804193792,0.026790096862492035,-0.010288436502504801,0.0478713009700332,-0.0014019620973049938,-0.011860907906500615,0.1040054047875943,0.4401469468403431,0.03405877793803772,-0.016145481596015462,0.017215434521592264,0.5893749766870544,0.1833504189982042,0.239641104698051,0.16607792380743439,0.15916298313155774
ACTGTCCGTGGTAACG-1,0.4286623706483654,0.07410037499791824,0.08445644933902219,0.16975345468727407,0.07038463988723173,0.028405581958200577,0.03662573737197457,0.004379795329765106,0.06500687118100795,0.13317028725395022,-0.007392190051570891,-0.012181721691950087,0.01066609126407247,-0.015417464804398442,-0.02595042311187592,0.15439642275230933,0.48764198763120514,-0.007065579228597325,-0.006292986800068181,0.0057405500872355865,0.19133312292880178,0.23781100285204473,0.14420735605112314,0.2186714908836326,0.18770110896883732
CATTATCCATGTCTCC-1,0.050297375021985356,0.2307303303515392,0.06619164121608791,0.15860935912756144,0.11161800595163118,0.054372684696731996,0.10119033349285383,0.20125823577289045,0.10815026834760899,0.3602645229681447,0.17968907361477549,0.1934602449793283,0.15094332135781524,0.18479452658807358,0.15395579820526975,0.13942694929992142,0.10488893681086776,0.21020207830488086,0.25606255033297004,0.2697645390230273,0.027799501406632687,0.03917416877711878,0.23492030346390422,0.1848811659967713,0.13832644676651354
CATATGGTCGGCCGAT-1,0.046085746360913525,0.23391832233250992,0.04635076262407166,0.08809512016761878,0.1802433683096712,0.11905063272112726,0.1993855292749869,0.18470675429916403,0.15799182888693658,0.2869286387634703,0.13111075669948394,0.1374713003840595,0.1924154273494687,0.13624160112158312,0.1476207122025253,0.11438325616710542,0.13818262490124608,0.06854649492215491,0.08775317717290174,0.12462627218167938,0.029928916922550716,0.3944679813361038,0.24354976103229825,0.17985631013678208,0.10367169063904098
AGTGGGAAGACTTGAA-2,0.09742515267712729,0.32056271611473913,0.07771298201273245,0.14748990794551714,0.17638765449490873,0.11727780398367695,0.19417400755214506,0.1633179589212017,0.18618030376574796,0.3591773047222271,0.13270161485251833,0.11003086682224593,0.15334438059845631,0.1263701060427468,0.13783968699827628,0.1508946627769546,0.18004689839569693,0.09189170384082024,0.07619150200296576,0.11360529907531236,0.07098762036994102,0.43666039045353255,0.2821442913102238,0.2289876384748271,0.12804138347049726
AGAGCTTGTACCGTTA-1,0.19033780495869662,0.3074171458397418,0.4228744949610501,0.6206800279945002,0.0561731170279011,0.048569531197798374,0.08022614329794249,0.07776549434599293,0.07262540156625304,0.26039225998103166,0.04774093818457673,0.06666529035159739,0.04571230325612916,0.05050070774316047,0.023335793500619553,0.5673252330194396,0.16788254152777704,0.0899431438120864,0.07877428532836683,0.11548778433832314,0.0437694493438145,0.3779445193605368,0.489154889251435,0.5387376223333499,0.2779436614270407
GTCTTCGGTCGGCTCA-1,0.046740559885139865,0.14130719434023706,0.059183866817252725,0.10543543474128719,0.1501805794042652,0.10731404650004336,0.15631556415718004,0.23661418376070914,0.11116980310462882,0.44580167616778904,0.25658521640768955,0.2179854678015462,0.20067421172496436,0.23507152967631184,0.20440052163208472,0.08192144001902689,0.1132827745728729,0.3886443402971925,0.29542410901951816,0.40615736804116015,0.023689213600013862,0.22763420989389804,0.1880283854337345,0.15310277833448202,0.06672041414025806
ACGTCAATCAACACGT-1,0.04087507766971239,0.172804411803911,0.0008540424696082162,0.0586183454619408,0.19963650906580732,0.1433432729860078,0.1739078658278508,0.08671106093404354,0.14559016194291985,0.19829797523300582,0.08498136354982427,0.06995596771034285,0.13448571785380364,0.0638752304163456,0.07574459028400396,0.05028061754526447,0.11795496034912958,0.05152849294091429,0.04365406673818028,0.06946250961906113,0.054433208017553816,0.2576061011517014,0.15653445799220117,0.09416168031581383,0.08973293609356317
ACATACGTCGCGATCG-1,0.10306983449519912,0.17026583318528393,0.43750624216137135,0.2362414803987672,0.09814943703595556,0.13660724812179012,0.12891690649498422,0.20918354998041724,0.14796013839650546,0.25745072417954484,0.21619224453434852,0.23038130241584376,0.18869913058272136,0.22463984173697543,0.20659215039075624,0.253208136307392,0.1185675835426513,0.20601466518635864,0.23975603136712337,0.24782636761505566,0.040331270395773236,0.19781528258722753,0.18283775503266603,0.3213550115233093,0.1460074011925907
ACTTGTTAGGGCTCTC-1,0.08333654063996712,0.1661944295922273,0.05214997607708101,0.09215876585953381,0.14960389643482305,0.12984660712550375,0.18156130873588597,0.22667876213622926,0.16110980034059394,0.2969697549015201,0.24391245884588397,0.2161111393985943,0.24528135526414696,0.22312709847850218,0.23843708974908945,0.10864090184784493,0.09690221665384167,0.13639704655077897,0.15946093069614814,0.17163514869301089,0.023778489995875524,-0.0012162636271373082,0.19755034011057296,0.12210254925680394,0.07254561931304801
ACTGCTCAGCCCAATT-1,0.05709927375424944,0.1374120401935893,0.012387890893814606,0.0551810385563566,0.15303440523367268,0.1738947118018615,0.19993628631782032,0.16628287800639865,0.2196573107296458,0.13056294134633792,0.13029194187227652,0.10132249281153603,0.17976866079724754,0.13124273602125913,0.14732978598717072,0.04462093576452406,0.09956131920879503,0.07271184256896289,0.04276790929994515,0.05391209527915518,0.03554460027214254,0.03733596457362225,0.16691901549054128,0.09210130644676547,0.0390414810235977
AAGACCTGTTGGTGGA-1,0.05849925460440703,0.18880734113072936,0.0596279292124509,0.11859119727577401,0.10431416928045088,0.12318832121182234,0.17592470258138873,0.28955761512266404,0.1420569982820015,0.3251771813231476,0.19292135077161768,0.2834348316755303,0.22500615290413017,0.25202031361448374,0.21783924888076098,0.11232679577520653,0.10327509526530923,0.13514002817317844,0.20013042911214357,0.2279730856431611,0.0024684242205251835,0.03928697017619003,0.2139497604904033,0.19111803055779691,0.11635377810491347
TACCTTACAGCTTAAC-2,0.13255649639030156,0.4537078662664596,0.10248105159253737,0.14523472250696315,0.04386246087067865,0.004401019260959895,0.024258140573909855,0.025346805506437982,0.06690210398448923,0.18818299300243144,-0.012823238318618799,-0.005409854557507811,0.015104864786034696,-0.015381259712330096,-0.02078882906191783,0.14782308147589504,0.15115606898212489,0.021327467329557495,0.00496318012600008,0.017697073329173474,0.076328290380206,0.32955283855078893,0.32455587991060414,0.2303862952905588,0.22157208283733226
TCTGAGAAGAGACGAA-3,0.17038254054128177,0.45305430328254315,0.1203419283680255,0.20817315243075724,0.06251638710876262,0.0150148092603901,0.08002595719139385,0.06173886367491655,0.10440367991145517,0.23589740885075988,-0.005814463530187374,0.009431153636364613,0.04089888252702421,0.020127237828344784,0.014005505028006607,0.1871772000330694,0.20157299089079272,0.06246665802302536,0.03515042611050191,0.06048013541694075,0.10017234353419638,0.34008005179725825,0.32208849090291797,0.2452066793475778,0.2232419108252275
AGTGGGAGTTTACTCT-1,0.4833405604797826,0.08716063821486643,0.09502249200170498,0.15200611569250186,0.08739649049250975,0.021418019104810147,0.04924675078043424,0.03387087816220932,0.10673848379771289,0.18042876441992042,0.0163322287414862,-0.005584044320648467,0.013914077134661055,0.0013081573641598055,0.0021364344405605884,0.15369754665086124,0.5363357339053576,0.034184349262803226,0.004612655143526551,0.01265397525075858,0.20769000106720648,0.277391286414464,0.11601521095452187,0.22541986235441686,0.21735021601641702
ACACTGAAGTGGAGAA-1,0.03911913628096874,0.170597804662738,0.02954407345958386,0.06266796435669962,0.1572942193080092,0.09283117614610596,0.1631861797949884,0.09012020010938983,0.14926673779364188,0.0019177767332611848,0.10529692955462094,0.057309956687166826,0.10724644588519115,0.06943052086158226,0.08213131330752252,0.06399756842437625,0.09788082340889376,0.07202918031549632,0.056146203065210704,0.07483115590533039,0.020764733256451666,0.21264180507094738,0.1686529066058184,0.11282412997222001,0.07721508602511354
CGCGTTTAGTCGAGTG-1,0.030836059587347805,0.1729119166393441,0.14052408914203204,0.05718466162870317,0.018552720805388754,0.04103126321651537,0.019699824318750708,-0.008665009663254937,-0.0072786989036276424,0.07980861863108077,0.014444825382905585,-0.007648218664789099,0.01857382756760157,0.017096988708225378,0.01751000384411967,0.07598327685969482,0.031129388900118977,0.013087047198194646,-0.008875614956149056,0.03133112506531106,0.06005073373736907,0.08156626859787809,0.12687643407435178,0.1037401944235419,0.023263234836128247
AATCCAGCAGCCTTGG-1,0.046441745478604746,0.15837713929166367,0.04164174530892453,0.1011009594874862,0.14527290494495185,0.12289722092684818,0.18673881853337831,0.31683382948697497,0.1704557172614547,0.336894689992307,0.24059153296071603,0.26003675961353717,0.2546949548192037,0.24133477846739215,0.2468890424270883,0.08703022383549344,0.0898584107342706,0.1605111580929656,0.2022667653709902,0.25947183363610665,0.000694784307232857,-0.016651156585817763,0.14422868904740524,0.11687474943846958,0.07809101162326797
CCACCTATCCGTTGCT-1,0.191623851598057,0.015733441153721092,0.20149781062010783,0.20784713791657886,0.00865669293230576,-0.007495006985693947,0.17881450829544598,0.23320348176586655,0.011079531500970975,0.22218475891415146,0.00517122688385409,0.009867597406311752,0.1835069551109545,0.007822179984921032,0.008310930325058474,0.24284016834434788,0.21119521298097532,0.01930186686862632,0.004032056804206475,0.015773869463748626,0.013144140894158749,0.09825851178484163,0.2394572732542417,0.23862965690576676,0.21559560809870879
CTTTGCGCAAGCGTAG-1,0.035879870239169616,0.11184713895368797,0.10837318996934642,0.0976743072754504,0.029365897126823547,0.20747224017695537,0.16672864024493453,-0.009784609479962434,-0.008219174480121041,0.10447786648694792,0.023734533582569682,-0.00863643963026003,0.029396480008714778,0.02736781684193633,0.02792970922695217,0.1279808001232257,0.012856617329868848,0.01742957321646166,0.018180066526134915,0.03819339920119542,0.029911684593478816,0.09840708285557713,0.10813230890491393,0.13997222115920196,0.012354833278907953
CGGACGTTCTATCCTA-1,0.18922566698537058,0.273596416531263,0.43099534342928714,0.6243117103548198,0.03536746699934996,0.04817855285324822,0.047595557416060856,0.0512994493256987,0.07073373186143836,0.2359553397432625,0.013975179508742488,0.017762350106527425,0.025614848227347334,0.03030948379451176,0.0032693934912040026,0.540442689429335,0.19741075325921012,0.05597543864853876,0.0647830820981536,0.07906128925758187,0.08296727191734814,0.3510428622946765,0.49525049387875275,0.526638773216252,0.2589469580227197
GAATGAAGTTGTGGAG-1,0.05194094199133344,0.19929838972313377,0.04830567043695006,0.09502560085336255,0.15163070719020785,0.12982492118536287,0.19604644454114986,0.16924243849388534,0.1371646287986182,0.17260775175943752,0.12029353532879997,0.11705809154519112,0.15100971913382039,0.1326331362469499,0.1287298653495997,0.09318330990074139,0.0874798036647513,0.12516756652922298,0.10797814101380099,0.12871817390845183,0.0017098792614674402,0.0894981255008826,0.2520294662566301,0.1697539582997233,0.12355709819081313
TTAGGACTCCTAGTGA-1,0.07439127977215133,0.2080700138259942,0.09494476584159867,0.14424067788978948,0.0022979198980409383,-0.01890931059518327,0.03131044586281346,0.03309922593766712,0.0076140826536224586,0.13828179532634288,0.008821886706472134,0.01088528189761204,0.0013818891470800635,0.023473070478533038,-0.00031622019640929153,0.13139227511625137,0.1279312429706822,0.06026010097668488,0.048879432459117786,0.06231701127613452,0.026422511496666364,0.19433735885054906,0.1374576283376575,0.23955348226276665,0.18729019719332426
CCTACCAAGCTCTCGG-1,0.06959179860785551,0.3207069286896993,0.04745447316714372,0.13044181103100794,0.14968015384229602,0.0863521228180798,0.15970766878232137,0.12404876176600448,0.15397743547408316,0.3076856931178776,0.08808832767549102,0.080357504547654,0.1166478684270683,0.09099175389149383,0.0937047551387272,0.13161811684322366,0.11897434703912227,0.04556570774043869,0.04460827936600525,0.08839017588615594,0.003474122321451458,0.44485149258391493,0.3080103900183165,0.21064585605945252,0.13298418889633618
AAATGCCCAAGTCATC-1,0.15333974397420128,0.24602166145840135,0.47608729905822245,0.4843170180698495,0.03210371481260366,0.030802519360323972,0.04573731299136376,0.024695023761537732,0.058519540019219836,0.1549814542421517,0.02114234621928042,0.026327645546326897,0.02483504144373493,0.02093523355864711,0.01270428055084024,0.4643701215506738,0.15094087984051027,0.039901086598227484,0.03429413054772078,0.06378018829897651,0.04375592298122814,0.28979261525784616,0.4821318055847969,0.5543107749595894,0.27786542279119886
AGGGATGGTAACGCGA-1,0.022429230889204916,0.14656213466826815,0.03993921602304195,0.058951062206727425,0.5179436175784294,0.11591382605538239,0.16173138445838106,0.11927888049373891,0.12031632089297625,0.3305167325272769,0.11660415301311836,0.09613294974957073,0.1991189451683076,0.13009189012164285,0.1333730507196646,0.06508548941091319,0.06367639978604989,0.07637672320607429,0.08970738270638623,0.08620512915548974,-0.004835821125939275,0.3093777711218588,0.15442297129707788,0.12056136452291552,0.026278362704374385
ATCACGATCTTACCGC-1,0.048643981009301306,0.25771717661537447,0.03487457713390931,0.098732396597563,0.19012696532678205,0.11806124946090352,0.18916217552822268,0.1638173098640236,0.16579355496817966,0.108984845954248,0.1757591724891177,0.16283666459157245,0.20671581522536828,0.18142025146023133,0.17735217457220287,0.08591921215156557,0.14358676549438423,0.12094353124447901,0.13172804389314263,0.16809051328042093,0.01790303766182557,0.09181357177803678,0.2797987814629516,0.18161421033556735,0.10653201368671414
AGCTCTCAGTGAATTG-1,0.03177017191380997,0.16141251328282505,0.02241367555923862,0.037328948016405704,0.13906020782099227,0.12799907548027453,0.14270857884720167,0.09139542385063959,0.12932114087961208,0.19403058129390588,0.0662145356084268,0.05852383619468177,0.12897460306664943,0.0776604756103027,0.08765524012044083,0.03837893027688512,0.07084013699337546,0.05446541065540634,0.04072504798511472,0.05960954978621711,0.006997961638851172,0.258355744143902,0.18124271309400353,0.10274334965415652,0.08385346630863032
ACACCGGCATAGTAAG-1,0.06294766858244943,0.25912925087162886,0.08922061695195321,0.1279911171127823,0.2089121559060252,0.13782429640686608,0.19466818667035724,0.26805660812676346,0.1797037122396598,0.30626436136292545,0.25542018091857255,0.2657584352924844,0.23786102197919873,0.26629850630440116,0.24995585655513322,0.1271867911387336,0.11851207086357547,0.23182272147811422,0.26238237941566867,0.2922480781589928,0.03721375829753327,0.001802355033763219,0.2323587951059747,0.18734937583749695,0.12185574835173019
CGATGGCGTTTAAGCC-1,0.059606008272705416,0.1612716675341078,0.05184016369958242,0.08029921147081308,0.6852187922989166,0.16148165944284923,0.22417682743306097,0.10705927194647485,0.18560988977689238,0.2221380143431915,0.08718315626239197,0.09648509097879371,0.19339899284399947,0.11975322359961342,0.1223733248350648,0.06812419557080247,0.12372770403540237,0.06138201911885239,0.04716840480595546,0.06698008240676048,0.0425784227534519,0.10328710464056574,0.1973650044772073,0.12295843276985606,0.0783284905432346
AAGTCTGGTGGCCCTA-1,0.011906735352583875,0.17473143983267833,0.022668036060305992,0.02396014234079704,0.18595573978384097,0.1672145065360001,0.23351663133222794,0.14898903313770095,0.1730420565191783,0.17128019250393195,0.12445979420058167,0.12179306107753894,0.185478404284332,0.11328287655402619,0.1270861598151368,0.05454477654786138,0.059701413873582194,0.07479814827353058,0.07822022009123146,0.10254606811247094,0.007764204171130285,0.07266964977826881,0.1410144636192271,0.07843228873656695,0.042704354810222986
ACGGGTCGTCACCCAG-1,0.17593220035872786,0.2876460377793994,0.10086443133294096,0.13369509959119347,0.1849207107132347,0.14029300104262465,0.20026245017009633,0.12475901355807818,0.21011753928632287,0.22224909090804704,0.08239967447391225,0.07552208346405546,0.1564463368098171,0.07752982628734666,0.07950361960760595,0.1331160259383506,0.22717789015294057,0.03790162959336449,0.023922614203759563,0.06061884233209482,0.18337074691562866,0.34031318391743226,0.28727997776675895,0.21990494349922046,0.17922368364908575
AGCTCTCTCTATGTGG-2,0.1114173724462849,0.4806233664255336,0.08918726071303971,0.13704475855906886,0.07188423978628758,0.007198133742783898,0.04224368750229844,0.0444033943133783,0.072120075444677,0.19943790633886238,0.016900439555854792,0.0067415844816264645,0.01878730487151964,0.022353845528487463,0.010512905046082788,0.12703994266185853,0.14050876979430554,0.013537969100963117,0.022602562648620837,0.03513124706165003,0.0710497694780702,0.36844473128929556,0.33547270096882364,0.2498751794044228,0.21414531474199114
AACTTTCCAAGGACAC-1,0.0620642975669968,0.2369497351706636,0.0816694474207757,0.1050121217451681,0.15442473925900813,0.14180162948024033,0.17049366933313476,0.16346765566890287,0.17941477107074952,0.10376105931187174,0.11174725169130949,0.1578038408769829,0.18624497351488353,0.11378483086484847,0.11613028829586512,0.11284115301200834,0.12636299813818383,0.07943634619233429,0.047213134653951695,0.08474683391724581,0.04654300528339718,0.1745489610190901,0.20962052390255925,0.1664996852774594,0.10105258200027421
AACTTTCTCACGGTTA-1,0.07721222489009764,0.22240503553497898,0.05355795760069626,0.107151658030411,0.20733980579931857,0.132857472772937,0.18972094264352254,0.1751205689566261,0.25952560322956886,0.13934289359872587,0.14453290573333016,0.1505530916031944,0.1913988547956341,0.16991909456627208,0.16758408068464045,0.10287842998001633,0.17003996091484036,0.1281535126921955,0.08989573704611101,0.13405614358276263,0.04020868400811901,0.08656605626732713,0.22155858966492295,0.15882668818779228,0.12046762682597636
TCACAAGGTAGCGATG-1,0.06630287460477202,0.16473493723092766,0.0755061851208277,0.125146593814082,0.11503278579151843,0.0957814097952697,0.1327687129597992,0.20235181438603836,0.08367160062863682,0.3317334810217139,0.2562308356256877,0.18426088700711082,0.1683065895215768,0.21962604211163037,0.21086743537751465,0.11665099538519791,0.12344253353755574,0.3554662464157886,0.28078487110289435,0.20824436186913564,0.017443378003718334,0.02898984378741084,0.21199677578484208,0.165484543263009,0.1045789160301009
AGATTGCGTCTAAAGA-1,0.07999733041561949,0.21027889354260565,0.05352181931880601,0.10810658447447334,0.15823524261190164,0.09328557653110135,0.16326682754514055,0.10157411240371614,0.18258539517602762,0.24770508029371693,0.09906571128393556,0.09031578108325787,0.10616110744402874,0.0730261547601158,0.06463604153936342,0.08378334497153848,0.14221655929810764,0.041519075518611295,0.061655320405894616,0.10439504155018764,0.0670508447566814,0.32902858885126895,0.19892375965511738,0.12903897575570428,0.1108145989343994
GAGCAGAAGAGGTTAT-2,0.1728572223072012,0.2928843190006886,0.1300368984657417,0.1520482222248098,0.04939485348349489,0.009552880069063638,0.029808938680474614,0.018434580589259536,0.056897176518305705,0.1579618988905502,0.024502440253671966,0.021598072432620883,-0.003876952831114132,0.015986513418408826,0.002642236825666944,0.15548784901230667,0.19111443166533085,0.05233323817760133,0.07203515828142931,0.07704942511015626,0.14327264981613075,0.25484696088788056,0.3142757008718312,0.23120412858537362,0.38265175383079725
ACAGCTATCGGAGGTA-1,0.0587593328385082,0.23597689102875358,0.052606482198960976,0.12460780638268944,0.1343316324277805,0.10650176918953644,0.17528877653487698,0.24066405272433894,0.14570900674772863,0.3225915375860254,0.3032739372841837,0.22209305437811372,0.22845406248008288,0.2187409834338293,0.23608330277606263,0.10034124961628342,0.08790869757294685,0.19078295797478215,0.2152336191553283,0.23868605444953744,0.011241309435273612,0.06527401256790669,0.21861150608811863,0.19338368471712,0.13530342557946923
AACGTTGCACCAGATT-1,0.0827237581593336,0.21154209293768556,0.06699796077913286,0.11798099164961301,0.17643239601962557,0.13668161485819771,0.20632334480209436,0.28967390855617836,0.1929356456432801,0.3659895533411907,0.2099767766699368,0.25872275174036585,0.25735174239050757,0.2714291441374821,0.2476360998737791,0.10261725139237673,0.11052076457575387,0.1759727631619794,0.2171659799737348,0.2377374097428637,0.03197876909194213,-0.07685375598282293,0.18973982017779867,0.14262658080986781,0.060887385480856614
AAGGTTCTCGCCTGTT-1,0.06004906560207268,0.18062731493220502,0.04511489207098793,0.07269833483837118,0.21008747830233784,0.15945204808892946,0.2355268290367056,0.14554061253012504,0.23690788356599862,0.1337344480682292,0.09912352244957708,0.093117036582475,0.172185800560707,0.11147239212968442,0.1144496947103294,0.06814669771705456,0.1492078581547708,0.09530518557052123,0.05674202086645807,0.08963531490061422,0.03748466032781598,0.012606596964965518,0.20116381355193258,0.11171017784017434,0.08901202024242244
AGGCCACCACGAAATA-1,0.06916384611294404,0.174080553947299,0.04316203390650243,0.06275744800502285,0.6421538104637431,0.19270403143380502,0.2409936001431833,0.14888380956357644,0.20279822716374787,0.3277592158205796,0.14830471346234075,0.11838229545859419,0.2086409059779905,0.15357397711882462,0.12323642412046182,0.05486916811398042,0.15160489520511924,0.06459193006355424,0.08661148918503729,0.10672157825930756,0.061645367420635165,0.24341883933900063,0.17143512803464409,0.1130726626946111,0.06189243820013704
ACGGGTCAGGCCATAG-1,0.12075902846951463,0.22002968251168323,0.03983651273695598,0.0870910812077268,0.1885987555918548,0.10129030618640013,0.12770729902940864,0.07966824879813324,0.1602297883494581,0.2306145096658839,0.055670911931456624,0.04712759338124816,0.08848120482710388,0.04134924921812358,0.05061172480859339,0.08956373357517423,0.20538595845877242,0.051996257823041604,0.03850863814300297,0.05508424134471562,0.17603096158787152,0.2888026055367563,0.23043085492949356,0.1664750863093217,0.127233499925191
AACTTTCCACATGACT-1,0.18122879827713062,0.23952501734291926,0.4835141724792871,0.30237265507949423,0.03414936487099767,0.01589978817034874,0.04010552097116455,0.035665570362754195,0.05251830769952537,0.18066308105168033,-0.0013631039556494479,0.010050072278690113,0.008962874873630672,0.005503591544572585,-0.012704715631274007,0.49483284345455053,0.13977127910342071,0.05556043456816712,0.0503618095509521,0.053103200849536375,0.05617904557833595,0.2859762465807683,0.45238097167488023,0.2581127704183325,0.20370983721846914
AACGTTGGTCGTCTTC-1,0.07767626050298033,0.2091318756852683,0.06590911339815013,0.13772821705624919,0.19286768868042367,0.11390674247363797,0.18975223820145437,0.28218142841102284,0.19784814741016485,0.30127315255587905,0.23482152782960394,0.2800117412947853,0.2730580155596324,0.2845077809164019,0.26469288362844684,0.11513736180223234,0.11680259892049823,0.21940632475919233,0.2750662212627654,0.2790990122523285,0.012348742714478982,0.06793502265666504,0.20753595331015307,0.15819533424484397,0.1103333009332108
TACACGACATTCGACA-2,0.1259183938301963,0.48154758252904467,0.09404140518033785,0.1484295149914592,0.04784377170445687,-0.003217141409409526,0.040720259806271614,0.05464464310344303,0.07207855770490817,0.1960240520113626,0.012736484119931358,0.001522261478260042,0.031610584241290124,0.017658559152640835,0.010957900376190068,0.13808699366697164,0.15908591132296196,0.023096065975280126,0.0238726656458786,0.049696206921566524,0.07104285470124831,0.3128364698098666,0.31131095583259955,0.2173293884721604,0.20639698288340935
ACGGGCTAGAAACCAT-1,0.19189923239061457,0.18748476239655887,0.07775229644542112,0.0990240471488394,0.043300472531725476,0.0439216549349536,0.05735109032548083,0.005443393168410822,0.08237246821780243,0.13047466193279894,0.005397205174565213,-0.020045985090656894,0.021444031623323354,-0.011286329090547078,-0.010835914923285636,0.10581138413705088,0.24589638489539128,0.021096913208939305,0.004762090030589087,0.01582423687765195,0.16178796490587902,0.1671161766946164,0.19129047341318903,0.1636100319087344,0.14712566897343485
AAGGCAGCAAACAACA-1,0.06528217829019031,0.17148971104617844,0.04982363982554046,0.0904786493619755,0.20503986396657095,0.12691940946017985,0.19072782197554625,0.10806453231130216,0.159614550140589,0.21504279722959954,0.0977145728160754,0.060685821593435635,0.12553606718224666,0.07626585373466559,0.07852185595773056,0.06844030389895306,0.11208040818122314,0.0822664216151046,0.0751867791232386,0.07199686436591368,0.03190730068199183,0.2706284973712306,0.20036540422993274,0.13225264319702176,0.0661676308795262
CACCTTGTCATGTCTT-1,0.07606065056008286,0.21051686465270122,0.055610569833926496,0.10691811287700535,0.16475362694880474,0.1514547009409566,0.17320854022944418,0.1048502422959903,0.1563393653012,0.2313314279900756,0.11094272020000592,0.08154915028654366,0.1659999264075133,0.10535512872298751,0.10761718032092103,0.09458298478640591,0.13164892016022559,0.09633197956818143,0.0815732556131694,0.09174744121671202,0.032310115519650975,-0.02178882656814519,0.219253581802062,0.14919744139644822,0.09645137669571555
CATGACAGTTCCGTCT-1,0.07158375744818311,0.22961020338839763,0.04112559290757724,0.1325783845427359,0.18435438902795992,0.13209676111056007,0.2010274388405321,0.20667599686023472,0.18243174475098886,0.4737730156060543,0.19496208296533415,0.224188873190805,0.21028952747311513,0.21589525914739757,0.2003284923533337,0.10209086013964587,0.11961359600722136,0.17464933702037552,0.22032247237156136,0.24598984694934364,0.03523708966064305,-0.0924421014627324,0.20389423086525965,0.13680023922045836,0.11417593572352831
ACGGGCTTCCGCATAA-1,0.024915146293895313,0.172859385605732,0.052587443595099585,0.0900853831954736,0.14356442127816485,0.12331660896988125,0.14983124588487148,0.1341713255384344,0.1433289353302722,0.22106430615652015,0.09387635383550089,0.09049758614142654,0.1334139515050472,0.1045993308389284,0.1066506278201863,0.09251717380167805,0.07714288986002389,0.06921085221050594,0.07140256649799859,0.06891585338095964,0.02980975070798691,0.2909738523800893,0.20781573958777622,0.15478862033732993,0.07685784704542464
CGACTTCCATATGGTC-1,0.16416120127220202,0.23602045309605313,0.3379777269955219,0.5298676120163337,0.007982169936364282,0.023257037653783248,0.04213314375042849,0.058590923933221094,0.03326702501094086,0.1751630610107664,0.027652538666821835,0.05102873114703515,0.03921758245337331,0.034961421933701435,0.025311748104227344,0.4543268433878308,0.1414730882555887,0.08689890059503932,0.09807268280989306,0.1064885688424611,0.037619587887574496,0.2660480908428418,0.35273743786643913,0.41359674291466286,0.1482249075130541
CTTCTCTAGCCACGCT-2,0.1268522927853404,0.48336953686972706,0.06263428463543291,0.16202163021487773,0.06908100837338738,0.0075000284419682465,0.0494144207199101,0.03624779502664577,0.09437312958389743,0.23190584458382718,0.007716228836922614,0.0050005765248096815,0.018719800985318096,0.013374969853232704,0.007358397580652201,0.1448488277279595,0.16819520490666848,0.029391560208941597,0.031083241587000418,0.050251352092921905,0.09121064415677635,0.3695521774152269,0.3217993430482795,0.2379260778005817,0.19828216698125922
AATCGGTGTCTGGAGA-1,0.07452787982090381,0.15381757090413592,0.004735516135521097,0.07000186575600546,0.22945602335526927,0.15808227453821372,0.24984059601446512,0.18608870787424384,0.15185023900113542,0.3686758853980502,0.14701408822591303,0.11927969792878093,0.22758790775207177,0.14908089556615098,0.13916786428593136,0.05014341858081555,0.14267798648510674,0.06998418404795435,0.051810338382179716,0.08078733713877419,0.06215881725668284,0.3746890730071253,0.17418271101435492,0.12027759526188458,0.06780382572848459
TGGCGCAAGTAGGTGC-1,0.06258726802911735,0.26720401884082157,0.051549112298947285,0.1284765959168434,0.189159545195401,0.1123851385951893,0.1870165705305543,0.1787742894471311,0.21567331873514012,0.05690052341766961,0.15999854697241114,0.14645355006001065,0.18141741670323752,0.15278361001644164,0.16470639878647667,0.11059671937216319,0.14810207888073768,0.10407307951181716,0.11838185603748616,0.14550809740149653,0.04964260837034376,0.14879026260468167,0.2410091509377617,0.15767912524290004,0.10780228901383707
AAACCTGGTGCATCTA-1,0.055256766587101665,0.22188442637621916,0.0449865197655741,0.09975753179226658,0.12034089460053965,0.07884650868170312,0.14106905383898077,0.22582113033266618,0.11801184163389099,0.3007464051448803,0.20928648804797617,0.20990396028482933,0.21713524747211746,0.21818043217457653,0.19628132061146203,0.07907782879131012,0.0878210219553157,0.11560362216944843,0.15991938133558298,0.20462244416397257,-0.007184812215088753,0.01150352865743392,0.1992569554441075,0.14500933601536495,0.10763031667369423
AACTTTCAGCCGTCGT-1,0.021672265781705464,0.031450175503260035,0.11190486125309115,-0.07288832521728854,-0.008516759633293569,-0.004906331747023459,-0.008252988132685943,0.011848123534715765,0.01735284790762601,0.06024242245545751,-0.009616873516842093,-0.008385884613464532,-0.008516759570942889,-0.008898140423395613,-0.008772805386950293,0.016540149926783907,0.004699665251728768,0.010574485728248796,-0.009731662516196962,0.007875256857162482,-0.007699068807865042,0.03563503770691547,0.08196338556854245,0.10831137066339261,0.028496735795351676
CTACATTCACCGCTAG-2,0.17316136259912424,0.28468839032028354,0.15987431206255406,0.19251944499194912,0.024194853501049104,0.02855570382805112,0.05226987241032065,0.048411278889466,0.029762972583815616,0.14632554723479635,0.03989500993382405,0.026648305179508055,0.008141242264935029,0.03908821689838345,0.015159606926178572,0.2130811700594048,0.16628466144704093,0.05143014339634839,0.07865769395068663,0.07053574491381714,0.08365740834222966,0.25585851482543853,0.3382718012411305,0.2735731426762637,0.46801443672868565
CATATGGAGGTACTCT-1,0.09042334995689413,0.2257511207117935,0.0621289356816326,0.13009839502229478,0.22939067331321109,0.15529065874856463,0.19430830800313195,0.27348835923387615,0.192329103446573,0.5292622269155272,0.2694572941922213,0.2459091501665638,0.2305215001241329,0.2579395306927982,0.23137561934057224,0.12117307494505646,0.12791809937068568,0.2748736830248649,0.23660602739208786,0.2756736526282565,0.030459301163869468,-0.15275758208712614,0.2568888642303368,0.1715367043604641,0.13420115350021514
CGAGCACGTGAGTATA-1,0.13766639438484252,0.27167055771404114,0.38569015221826375,0.4130515296962559,0.026953691272997137,0.032187617091483656,0.05814795521097853,0.03488103259800991,0.04106024572313811,0.16741723474697326,0.009521010264532432,0.036785137748559606,0.019314774499570322,0.006774978019628783,-0.0005966073043057849,0.4282212557199205,0.13444309744681043,0.07033272472276204,0.05611870185722545,0.06562924051137133,0.047469289971411956,0.2873017720675271,0.44313873690608124,0.50875857007682,0.21771791313860692
AAATGCCTCTGGAGCC-1,0.04341825242914271,0.179987017733785,0.06797151433791118,0.09357301161309785,0.12645792838251266,0.1363270678693916,0.15488966231983176,0.12859925090149074,0.13745038865923442,0.194927145455352,0.10814703196678284,0.09833595279167853,0.1379912915593638,0.09962392738158954,0.09175606140643648,0.08186552226033975,0.0730625941959696,0.05756540032219604,0.059570451979042684,0.08280486702740172,0.015711793298606874,0.2932377538883861,0.17232060255604761,0.1597358114052708,0.10903227186945176
TATTACCAGCTGCGAA-3,0.11936642899045839,0.49768365349444355,0.09915278912078833,0.15379146318811485,0.04016779990948376,-0.014114630257156462,-0.00439072477695883,0.013309699173273782,0.03527981166303396,0.21971178110679104,0.012408742403826195,0.01306864111779048,-0.005789853838725664,-0.008963542451296491,-0.01680831053703462,0.14468864742032156,0.14524253364212455,0.018620959612514174,0.042577605337360734,0.047959557667500125,0.04993417176230345,0.30196534654252044,0.32290404850462756,0.2444834940068775,0.20436431395036234
TCTTTCCAGAAAGTGG-1,0.1544429047815823,0.22047736928144684,0.1413174436214943,0.1246487253413915,0.006271605085387072,0.01093354235712156,0.007560955377559469,0.0238665550066078,0.021486968871746732,0.11902131976889753,0.012754610781650483,-0.004838876489868149,0.006184711449858425,0.016757973476163594,0.016914824013978032,0.158726775550807,0.11986922712935574,0.052305962499172146,0.08582654157726052,0.06338390696949013,0.09063437838261308,0.1647368619834986,0.23744454232543957,0.20808574994963033,0.421314908288972
ACTTGTTTCCCTCTTT-1,0.04716753856406123,0.16625318355342503,0.1190310198038101,0.11169970188796628,0.20265232010397713,0.149111129764015,0.17034088257067848,0.21086741185225846,0.1760567752543507,0.200210039567862,0.15054851747623405,0.17834566389853,0.17505297301223885,0.14105296957095012,0.13189979987028064,0.08885766675472397,0.10741584745083242,0.12138909316970153,0.11454055127766234,0.14658780382910555,0.06180251393850187,0.10464818960346581,0.2170562691073707,0.15542618306007047,0.09563696023929485
AACTCTTCAGGGATTG-1,0.07580127671499393,0.2363989442299921,0.057270243840829335,0.14544365787146438,0.12548411612075006,0.1229862197761897,0.18705899975139545,0.22270845017736296,0.176901112716498,0.3814980070722502,0.17158672064569624,0.21021929637183445,0.18932126797433504,0.20012261793271596,0.169487515873099,0.14047239582089358,0.1164018643655793,0.183477579798191,0.20813108642971723,0.23911563887154866,0.03847605185876706,-0.008434020527822066,0.26195682488841615,0.1911303092258633,0.13298286278098806
TGAGCCGGTACGCACC-1,0.09404978009459579,0.2410447441853978,0.04742396670816175,0.16259167920749606,0.08813818363087252,0.01936331005724768,0.08381213951954511,0.18453492976973973,0.08673375149784728,0.35406863870544053,0.20248071354116703,0.16870919144500696,0.134505050350141,0.17529814779408867,0.16700497980367632,0.12121025085013416,0.13330460244213377,0.29823430334620177,0.2883560638235896,0.29601156084580316,0.005215510986035115,-0.07274463483440902,0.2615538431881659,0.20520183610492557,0.1466042557970444
AAGGAGCAGCCGATTT-1,0.012325216308728989,0.14737034777577446,0.038263230416758255,0.05163824236613218,0.14557796215751057,0.10066322502448675,0.1521984602972418,0.1751058387475255,0.1427669615333378,0.3328454682535994,0.15028197978632357,0.15107196608235374,0.1995902334186668,0.1528631810959182,0.16887056341032225,0.03919424361814787,0.09501340677066854,0.12190576288730319,0.09401643567176589,0.10900889903224457,0.006992797589197259,-0.04008385595157934,0.13419355824368862,0.08350496247117574,0.061085157892299555
ACCTTTAGTAGGACAC-1,0.06000651666458282,0.20747553432254326,0.08028470857152048,0.17489585951316142,0.11071015195847193,0.06124412512688396,0.1280571098830401,0.22926134705770548,0.12267188740651673,0.38747564949912716,0.20456358673684746,0.2473900834489852,0.18370191989499765,0.27014316542261685,0.23137184336227426,0.12977472732004874,0.06089250453772607,0.16486061695391652,0.21945421845529603,0.22529089656737805,0.006687055411415087,-0.023254582902642963,0.22611471017890755,0.1881440821938312,0.12224715544471577
AGGCCACAGATGGGTC-1,0.5056989292782795,0.1108019568137007,0.07096763382745816,0.12653001411736745,0.08244295476217105,0.04842268031568487,0.06213521584069057,-0.0059089174998542115,0.11473649612746706,0.1690303208632921,0.004402199747826183,-0.011700194443906072,0.010547903768209237,-0.013744333320638609,-0.013203248685602353,0.1371781565766853,0.45784281605834815,0.048467427291427695,0.0033971185599512435,0.014573603326287893,0.6351096834295666,0.25249962886388205,0.2288408676961041,0.21320558086323294,0.16465307424263148
CCTTCGAGTCTGCAAT-1,0.20005504312807992,0.06083461727346007,0.1751664973691607,0.13239583011742906,0.01049172076931321,0.03191023309912338,0.05835791423526201,0.20623846601572207,0.03718139103483286,0.07400919580808298,0.02701737845675779,0.03451432697566629,0.18517316127281988,0.031213497215577684,0.031951393997264335,0.10461918499544096,0.052857439001533765,0.04038849634507506,0.024043006997244914,0.019183753637161318,-0.012152017833655807,0.09096653546610839,0.14121683679845096,0.08970589450023664,0.19295373243211816
AAGACCTTCGTCGTTC-1,0.15606152971201567,0.2641613309582093,0.38891696655450236,0.3012133988785096,0.022881783150026213,0.05459484939199252,0.035659904399315226,0.05881279449388585,0.06027036012712283,0.2078985573820277,0.03815251259799288,0.0333822850463336,0.041439609376615213,0.03761200735834365,0.028825638448147596,-0.1586942597806973,0.1261596785967721,0.04316708906027083,0.06222113475630559,0.08527978528862376,0.061189381906860234,0.3242320725364683,0.4338638092538078,0.47414214597517157,0.22511760024727018
CCGTACTAGTGTGGCA-1,0.05425455140400805,0.23178629255801403,0.05321814005763736,0.10899682119623458,0.22956951581711257,0.21818110338016425,0.25046721687202506,0.235060146367793,0.23540535275587796,0.2511724439616975,0.2520511396314371,0.2366379142471397,0.24192639049312614,0.21894251546876192,0.2343253171589331,0.08899552713379186,0.13466217741253017,0.14712405446407723,0.10567989031391545,0.1566326299727848,0.03986493815447095,0.06135555844809478,0.19601685431583585,0.12910605008698167,0.09480860287678629
GGAATAATCAGCTGGC-3,0.2112839665654073,0.30486949526244955,0.2293080885774433,0.4233460596477109,0.057444580406648564,0.013184253856851185,0.04157009953028833,0.05041856053932879,0.06712048616257528,0.23331174972439508,0.02408591964230763,0.0291584202420136,0.03573405334520015,0.01310981098197262,0.005832506188533067,0.37742752913455474,0.21427001589284944,0.07658410021786287,0.053099368630165907,0.0755905416678712,0.0861801131395793,0.35797849414438404,0.2277573303853877,0.24371342851713965,0.2769407403549706
ATCTACTTCACTTATC-1,0.19839513018338503,0.275871298120784,0.24767219444317254,0.3134400526584572,0.026373474959903335,0.026291896333160134,0.06609231151199899,0.03405378286926397,0.05299146500987336,0.17570210572644285,0.017573047271044546,0.021537159757139053,0.010539822349779144,0.015276721653024473,0.016504418984363882,0.30257856206189515,0.18740496772988963,0.0465191242605925,0.04213008947516618,0.055352115187520826,0.0805248560287108,0.32195432522108236,0.07186214535613974,0.26923280030470736,0.30511637706307704
CATCGGGTCGCGTAGC-1,0.18340648760892436,0.2978535797290301,0.14421449278607168,0.17787011717623885,0.01432100753052676,0.03546157650340448,0.01621688763147964,0.02655532509758114,0.028013976928669426,0.1445295870117991,0.017426013667921833,0.01710896428143903,0.004943517816286435,0.004646427966319331,-0.0043415904236370215,0.20182332151678908,0.15618510551880255,0.0721432267136486,0.07796533162857482,0.07051695478622996,0.08435619864873528,0.24727529087517378,0.32449313470103286,0.2848494610625664,0.4622243993157002
ACTTTCAAGTGGTAAT-1,0.05209219576441577,0.17873809094147022,0.07406509238168046,0.09722584420447611,0.187221934669546,0.1519083714091555,0.19319987602856842,0.27162150236357546,0.17743202913731906,0.32779981219358906,0.2515178052999941,0.2276656666740519,0.26620321825280174,0.2532884485344831,0.24724590434271795,0.07663702919442043,0.07325868352422031,0.20179737677558848,0.23954524105985886,0.23612463089075061,0.006876587791319792,0.024226044301314992,0.2360644125471593,0.1599258734180756,0.09243265657255877
AGTTGGTCATGTAGTC-1,0.030582588238206698,0.15409663504933024,0.04933125186993395,0.07132873244567889,0.566616120041033,0.17950094501783362,0.5097056267786337,0.12034303230114268,0.22753692631605582,0.33522283711317563,0.13274852339435408,0.08712367537149611,0.20990231003304907,0.11972595459722708,0.10911610990025625,0.0877813569903768,0.12651583634697539,0.11250592823664958,0.07274534312654012,0.09949752084084397,0.023487479120453077,0.3345694256999109,0.15587456637822164,0.10840555638507296,0.06206911768645027
AAATGCCAGGTGGGTT-2,0.0473089519276015,0.11052450410692155,0.07242238457657087,0.13648647321554055,0.1465856971001672,0.1058084534460149,0.11928352205689277,0.14304652934203804,0.08773916070030356,0.08912518468398088,0.17046905989916916,0.09976039700168506,0.14709851830840917,0.10678356425326245,0.10944697871444502,0.11439438158601649,0.1192351321671309,0.0982361368733233,0.15001160780667624,0.2007933339602563,0.03242480061279927,0.21187585636705283,0.2157173262420021,0.15121667594692548,0.06549184278710636
ACATCAGCATCGGGTC-1,0.07831225229896809,0.22125093851333483,0.052381010412883455,0.09008342957912195,0.2102580849974831,0.17196873561766304,0.21923054072515363,0.15414837195868034,0.18268100003518106,0.12271382819149929,0.1436173788661135,0.10692070953397839,0.17773673133648804,0.138551585160728,0.13167709722002785,0.0825006089755947,0.15537758656061046,0.0927999596224265,0.08771099472353541,0.12108031026012611,0.05534899978190372,0.0791960009942529,0.22281542780903707,0.14610691291431618,0.08216256337259038
GTCACAAAGATGGCGT-2,0.149704422566722,0.18472575385372614,0.13368178513615966,0.11431809334726546,0.04494024578099795,0.017444804876639974,0.03205981405617375,0.05089451329799573,0.03410068585105185,0.08540004918898905,0.03670216805428021,0.03164337574901979,0.015473112266819583,0.05622842049229616,0.028529402237785557,0.162266770655242,0.11757001193631705,0.06080505267895804,0.08900656028174485,0.07651821734887033,0.08624661653847118,0.11935716270282792,0.1861303983064018,0.18574654307571103,0.34805183022341685
ACCAGTACAATCAGAA-1,0.04525033553732646,0.1665381843237527,0.02826286362206596,0.08691899535681942,0.13229003954277563,0.08971366446552599,0.1078536923548448,0.22825831642576905,0.15457219516589016,0.5498859528665535,0.2616905823052607,0.1965593815892893,0.1930087241222804,0.1924884330953868,0.18771581353855327,0.08774130677344126,0.0907454263106033,0.20924232180311444,0.2231492218874348,0.2115991624426631,0.02991248385083135,-0.14067302342185936,0.15551782553512036,0.09540460093495283,0.06159101706657632
AATCCAGAGAGACTTA-1,0.04346854592197183,0.21066265826769523,0.038823450439065404,0.07557257481991818,0.6875609780237859,0.13598024760650976,0.19433910891469583,0.11603602764914299,0.17903099024999825,0.21955088823688407,0.10543393533454988,0.10619759811179463,0.16614551055541335,0.1288142975061901,0.12979986729622725,0.07811667772108397,0.0636970571104952,0.0586416203955767,0.06344541978380043,0.08348813493006219,0.022798502369462223,0.10180453456273522,0.1951732161401394,0.11228163114085027,0.06627923562422572
ACGGAGAAGACTTTCG-1,0.0883126078802326,0.19661954965739642,0.07930766793722303,0.14721121251080185,0.11511156880087758,0.09703011173746953,0.1298117983765961,0.24162782645916264,0.1627137082696603,0.3506348996052428,0.21680211775444716,0.24570534453489035,0.18149846854063725,0.22040045706757455,0.20416085324254207,0.12333856430223218,0.11409381649493455,0.2572184297311116,0.27958177194156875,0.2881961422350483,0.0387430048390326,0.2986047143888677,0.2127613072386277,0.17604000444355875,0.1336274450682617
ATCTGCCAGAGTCTGG-1,0.23622506628444545,0.1422517025940589,0.10946969130034065,0.13514953950374972,0.08205208269300841,0.027964649834936683,0.06058217157091375,0.014312436570610987,0.065232262614616,0.12585125119785046,-0.006917605432681551,-0.0007717877886617594,0.021999330020742607,-0.01459107103341151,-0.0030333437368678215,0.1488569652019544,0.23850336009035356,0.00877061152606511,-0.01618282927810212,-0.011402122553701525,0.20036588611509595,0.2567607544684371,0.4181686552308489,0.2501695261587576,0.16578655904995868
CAGCCGATCGACCAGC-1,0.1745524498188879,0.28514039578585537,0.3719294585176567,0.5823311500973851,0.04027294491052766,0.04476750258460737,0.06322817806933106,0.05462687347076962,0.07735515642345064,0.2177058070759399,0.021096030892849327,0.042451016235428754,0.02313543897844777,0.028532174597301573,0.01241348681783966,0.4992654865727707,0.17602312144916793,0.04763925303089822,0.05612398549957768,0.06426765423278247,0.06786529836055546,0.3722608845960686,0.49799634614783095,0.5305246262383982,0.26752060667466265
CAAGATCAGGCGACAT-1,-0.012626924757180925,-0.0036086427373047255,0.01888644787161701,0.03858503584867846,0.019094155073923334,0.043423665295505405,0.04913616000406095,-0.010074169302825496,-0.008462407765150788,0.046745590921801715,0.014610226373922269,-0.008892021208107038,0.019116709024079782,0.017505893210017855,0.017957978847368737,0.026120402294980253,0.02665140106422185,0.011794024637699201,-0.009265426357188324,0.029232119695761158,0.05273710002390927,0.06038465574611088,0.11639178423426957,0.04423655081490635,-0.0068571996016251885
AGCGTATAGCACCGCT-1,0.24631891326388453,0.251858469939615,0.34732679073504685,-0.04790195449155779,0.042067847636497346,0.03592136037528346,0.013358859893502622,0.061631841420794316,0.04956071025143506,0.19267572726004156,0.011590182205741158,0.03416173157429874,0.011791351261790942,0.02848589715719803,0.009353000884106451,0.10827054253054796,0.1974543339400964,0.064442807653641,0.07382714519092146,0.08811080744796863,0.08102786855052113,0.2877130831391013,0.4075573484437253,0.43927933927461843,0.252161682864116
ATCCACCTCTTTAGGG-1,0.13437078536154454,0.46739611318106533,0.09237238780656461,0.15669973504636192,0.04920079575560244,-0.002745587839440787,0.03714303863101905,0.045527347095120484,0.09313249461866847,0.2523202091456477,0.042894650009596275,0.03433612294491845,0.017750929571411056,0.013743838068379711,0.02983363798347347,0.14538403166038,0.187027724139102,0.0443835108002174,0.046132366345284705,0.07339004993953334,0.08685053482984163,0.37050382902367546,0.33440724666018384,0.22893184346421636,0.20229451413759736
CGTCCATGTGCCTGTG-1,0.08257296276261097,0.24679160085023777,0.049207918020215236,0.14025765861404896,0.1569978859890412,0.1561057273128968,0.18870978457794088,0.23892470322027487,0.20812072894954486,0.29549801486693106,0.22512787021145556,0.24793149478737872,0.2741183053018238,0.27179542231843973,0.2547709219376918,0.12476810611595462,0.1510461437394999,0.17708520973766864,0.15757261616251877,0.21219255457646855,0.019263071915084865,0.027145340727393368,0.2753857991554913,0.20068519889112219,0.12020177339514372
AGAGTGGTCAACACAC-1,0.19360206918268716,0.2025954110513032,0.08110721112727623,0.0939818511613622,0.056641545532268064,0.027472968612561828,0.02586777639999016,-0.01238894383189854,0.052762628480014465,0.13943744632676225,-0.003273668342447656,-0.00898035943555816,0.023159111051780732,-0.010773013613803957,0.0006112825472699975,0.08539401078279632,0.2725398876759324,0.023353371583259765,0.005685513510328799,0.0087005837444097,0.2207805866715957,0.18420796713660492,0.19686835827245996,0.1571942706879193,0.14708090768376994
AACTCTTCAATAGAGT-1,0.0594632907068717,0.20093529003951363,0.07478724351933591,0.1447606239512802,0.10536881447058005,0.07682007829256099,0.1121671268787175,0.259849648698448,0.12969279333556932,0.45421740149621015,0.228720345385295,0.2690846779603122,0.2122780490081413,0.25155561122345715,0.21514249089389206,0.11759548388764501,0.13060188880370557,0.2103411656158257,0.3056863486770643,0.30798962793258605,0.010046506973684784,-0.05345343757538652,0.20174917932764416,0.17054943178264217,0.11709944239376989
AACTCTTCATGAACCT-1,0.13821035439261845,0.2357784386537251,0.5146353373878261,0.3211567415041039,0.06534379291862488,0.06562982911088112,0.058602161197259126,0.034756587099159963,0.061226382618385394,0.14494905908716854,0.01279276634904735,0.02229807670662263,0.021462817181299363,-0.0033430330447438614,-0.002681524130592248,0.4303798679385117,0.09875929093311052,0.05061522410209762,0.04200327549149502,0.023500122686045895,0.040183754232687004,0.2763245320310632,0.40373871926587146,0.35607328174328307,0.2510864392048418
AAACGGGGTCCGTCAG-1,0.03528968564221167,0.14570075518255904,0.05074742972142829,0.10183931480419667,0.0988398021662851,0.1142347217297466,0.12929485244977273,0.05269772331712619,0.10844685177394382,0.15068350707991718,0.0937221265404159,0.05217003518227078,0.07489580221969791,0.05849574451648031,0.059963393982647085,0.0766565858944077,0.08399776185815795,0.07454609655319691,0.06762626459412768,0.08213070526981317,0.0198582823306711,0.3836241756088406,-0.13525321205564741,0.11688496573410015,0.09184912977915936
TCAGCAATCACTATTC-1,-0.011286116167331764,0.1786292054127316,0.16148162661885476,0.15691546905963644,0.17732689786080036,0.1123282717598678,0.08238684027119522,-0.0070643252640612934,-0.005934107237345751,0.16677452912561666,0.16085184641220193,-0.0062353657339649215,0.15375106460309454,0.16426734630900627,0.16575695597560058,0.17383314982983944,0.13807995415422858,-0.007403877627051995,-0.007236025510126349,0.16895647887065807,0.17731357346066165,0.1773847167243069,0.16611993954560542,0.16723081682435212,0.0003386390051228344
ACGCCGAAGTGTACCT-1,0.06511131597624059,0.12614326361103975,0.08808284125544234,0.11160054104882201,0.10534138053402105,0.11144960328534398,0.1679408500622635,0.2854705680058271,0.1145622440284884,0.23420143626720594,0.22027870674056915,0.2879607370619404,0.2515051037198353,0.26805558432890764,0.21659728371344117,0.09601647393880937,0.09734332606568591,0.24770970585398033,0.24840923574771082,0.2371777325477719,-0.005595851049766392,0.26518184318688665,0.1468922799018986,0.11436131698599089,0.09754436816423503
AAGGAGCGTACAGTGG-1,0.25223595045985714,0.08017860421789423,0.058253261689969256,0.10745248834877699,0.07644877979155568,0.06396767857161985,0.05717146978981656,0.032068525180938307,0.1064009929266264,0.15844670180350928,0.022306729236333065,0.01043842750580746,0.06496973259964099,0.028279177248116145,0.029315360819668217,0.11813800020689934,0.5500706944475612,0.025309771403434746,-0.007778475507232965,0.04327998467980555,0.21920331406091953,0.1946305811639872,0.1641980390473735,0.2147396500805666,0.16600788765382482
CAAGTTGAGAACTGTA-1,0.010973129661376497,0.06767600373267006,0.16519336229981987,0.13065800832813548,0.020555579744774406,0.043977704844393825,0.021742367801112727,-0.008165359086252204,-0.0068589871839224645,0.017206559215743066,0.016322128551343226,-0.007207199321774373,0.02057793345044726,0.019054451980187452,0.019478522636678337,0.23759329422772446,0.011563915959256758,-0.010781371333327705,-0.010536948600697926,0.015911714122527794,0.029567276848072713,0.02785034773534188,0.06570515240593168,0.17191905769301757,0.021661697377443636
AGTTGGTCAAACTGTC-1,-0.00572050740084708,0.03663222513609813,-0.0059915457020086405,0.015440433286096919,0.12956387419491724,0.25005312974714866,0.11834483049934683,-0.004070422660570098,-0.0034191976821943224,0.014643228401643962,0.12496236879079546,-0.0035927810557638148,0.1567844610730723,0.24652399187247145,0.1349628055401589,0.01564631730577154,0.037738092097478936,-0.004266070734675466,-0.004169355332309348,0.038824557567446745,0.14420989279975147,-0.010585171531886633,-0.011448678348582937,0.013375114190552503,-0.008795155138604434
CAGAATCGTCTCCATC-1,0.10682327221406597,0.21974887738962692,0.0705414762723539,0.0858032064193259,0.11559080257954915,0.04544623983335771,0.08323354288953082,0.06452162722715951,0.07451992931112662,0.1865675476143614,0.04301553930219078,0.05727713979567199,0.06835228587514333,0.06278220711774804,0.06447555963323538,0.07397670116818546,0.12212202719863,0.04954028767424243,0.03500955842488404,0.08754981703207089,0.10027666744850355,0.23875164732948953,0.06716053609443222,0.19522300980752766,0.19708581835482547
ACCCACTAGCTAGCCC-1,0.04336090244268383,0.16901940644822558,0.030681901501941722,0.07559934985423253,0.19236448146207225,0.11735129431830027,0.19902519315120099,0.1462754453273279,0.14935723922022578,0.24007478410577787,0.13605848839297494,0.11858497430306655,0.12829399551980694,0.12987780109152447,0.13238376159752863,0.06382075272156011,0.08987957394574335,0.09341323856728975,0.09551790202179027,0.12314980335939017,0.02770883945348121,0.30214509933864836,0.1707170488403329,0.11458496829799053,0.09528576032108704
CGTGTAAAGCCCAACC-1,0.09821110718731839,0.2844814185014489,0.10686904167170508,0.18820297448887158,0.020311266144949627,-0.004143861744326344,0.015150685602054612,0.0038537832339530695,0.006940005335330384,0.1050490300463845,-0.0049023192072390346,0.004749049207466108,-0.0060093560120901834,0.00813771143208195,0.0007098409317836047,0.1657366511460716,0.12834842660285034,0.042080011170997224,0.037871580231608484,0.039125996328931184,0.05791950667816669,0.3932221556566023,0.3296326479855884,0.30125014490185337,0.19200529573295205
AAATGCCAGTGTACGG-1,0.03896032038671905,0.20876706533380035,0.02450690669656541,0.08053850018164742,0.19886540386857818,0.142647702530372,0.17367163143358036,0.1942839252695292,0.17839847138822604,0.3605460003825986,0.21095815002392584,0.16920832656048837,0.2220035776111285,0.21103211207649236,0.22545956083388952,0.09174098468259757,0.11057288567369401,0.13841388581208455,0.14210713275191905,0.1651531452511262,0.0237337624526219,0.04629040036840352,0.20170257562140964,0.13653284552953893,0.1006948054595949
AGACGTTGTATGAAAC-1,0.06705757944842189,0.27812974576558835,0.07421352860368456,0.14117640742261697,0.22177845619250663,0.1513023289496588,0.22074176937902742,0.3052562953906061,0.23032823244706613,0.47512380390840697,0.24876628189346772,0.2569748578790543,0.2371396501275727,0.2514062450152351,0.21891135046135807,0.12882212520250336,0.1267292959437386,0.18532739536535367,0.21531935688125106,0.24139448362157598,0.016082468456506446,-0.08570910323255244,0.27621333485419475,0.21716995314962645,0.14186185503394189
ACTTACTGTGCACTTA-1,0.029555563472136642,0.16926046188117472,0.003700030994545029,0.057055332550119825,0.15990702242076352,0.10716321723468684,0.14341956519139587,0.20315027542672157,0.12685728059412849,0.3477352245192498,0.20022747910678365,0.2132865003557777,0.23202378523348227,0.25328709652131987,0.23402047878036267,0.04307525238072273,0.06075186243678652,0.14700882342004246,0.1808738110930815,0.20154648741633033,0.026910356203778813,-0.09984162517060971,0.1835575380788863,0.11386998531059221,0.04351366926081253
CCACGGAAGTACGTTC-1,0.07233185789758316,0.15759896982443047,0.07118407101920599,0.13217453135889431,0.15042431530019518,0.16027921366551315,0.1919524679371105,0.29152583945102944,0.18746806278996792,0.40955461307531615,0.2906940791493195,0.28175954720714785,0.22119163522321264,0.26361185004780413,0.23412730827904557,0.11792450221657465,0.11891141546265448,0.21240222297518874,0.2528388322616975,0.26683030631111787,0.03821604390708262,-0.06873563455084321,0.21556549024389587,0.1671729956156514,0.1163437918275977
AAAGTAGGTACCGTTA-1,0.09758565069069995,0.2285642061064319,0.08832075087015655,0.17757880777327442,0.1208377989226763,0.05731230128969729,0.06153864396204713,0.20540171217036937,0.09919076820390442,0.3820469865453928,0.24291326737574767,0.19883335941096142,0.15687085772662382,0.20391143981000046,0.18491960965299342,0.14670215305021805,0.10962289108749161,0.2860530729136477,0.5169058687799505,0.295488436322294,0.021124385364626016,0.05181997310032915,0.2158912756925401,0.18788371845466084,0.14344394144151054
GAATAAGGTCAATGTC-2,0.1263535962439535,0.2961596454156512,0.12510428400917867,0.1508111928848156,0.09686452389862975,0.0678988131995349,0.10266312138070562,0.16525281450286666,0.10326662411754291,0.28604423660524286,0.14921118029896518,0.16207620820755625,0.13333215915704272,0.1483640261796672,0.14177754464862252,0.17699056469310667,0.16123192241313866,0.18235626113030015,0.16978804535207953,0.199075599293539,0.10299002840791781,0.31679511905203256,0.329373870515846,0.2688988576646477,0.408057650343765
ACAGCCGCAACCGCCA-1,0.14400260608005758,0.23606791408790329,0.5576322987242173,0.39754027172939455,0.038124429341118794,0.049080376265802604,0.058923334447237116,0.037996493385771955,0.045082440127242024,0.13900394378946718,0.01123633278756346,0.03170493879663432,0.02954328788970621,0.026877124126171926,0.01877441839209051,0.4382115696094452,0.11591883905967072,0.07016700768307826,0.05034083231268109,0.07446052316194952,0.026365809915949726,0.28466910345999474,0.40208214764773487,0.3420792111895031,0.2329732522368231
ACATGGTTCGCCTGTT-1,0.05374469381347386,0.20852055469199512,0.05792110414057506,0.13876248928423837,0.1844220854716857,0.1521603410737392,0.20296237581982643,0.27129717931869574,0.15075343495722004,0.41135807961633186,0.2903771770577878,0.266988463342444,0.20233718172607504,0.22527703124664866,0.24030466243055887,0.09562342355047049,0.11552187310121503,0.19831681706281065,0.23196093644948296,0.2544530183406961,0.05234862307074093,-0.04094113424030665,0.19442642146169278,0.1452867455364326,0.08182842670819263
CCATGTCTCATGTGGT-1,0.1789985073340221,0.25315900816867204,0.5581951243594,0.4372576165879958,0.015179272191987173,0.050864178451076165,0.04184478559446011,0.04097257002727723,0.018984217736324013,0.13477354783219525,0.028178950449572207,0.027781156370183274,0.038347375125201866,0.023024536535275204,0.023962315059051265,0.46945677304543937,0.16909437499665822,0.07563887251475454,0.05683144902749653,0.0647291078238168,0.07036856779184324,0.24033417918417102,0.4281941553918614,0.39704604291680745,0.2806714403073363
TAGGCATGTCTAGAGG-1,0.16490149527980655,0.24331540231698795,0.3726498060797046,0.39323931560099507,0.028671730193246404,0.03232192852388805,0.04059751158251508,0.051278958607191845,0.05155313297071576,0.17082766216204284,0.010589216049891869,0.029472711079656367,0.01974478019086508,0.01590568110606819,0.0003717329550900377,0.4278907358289109,0.1675215560919138,0.0853720991855998,0.042103431587392125,0.07334398348712778,0.07692029757859364,0.29265025043418447,0.4297798566128497,0.49411946754225833,0.2359965551279058
ACACTGACATACTACG-1,0.05112011234579433,0.2188262065673904,0.058651344286216794,0.13432335548512217,0.1890339545700051,0.11402358153801541,0.22399766541101654,0.31132769814117195,0.16867454467558665,0.40107938407290117,0.23352368397197448,0.3374294460187233,0.3063309198956861,0.3256973988839734,0.2834618251649811,0.12753787985619233,0.11748292789547751,0.19559239737378914,0.2590547795250725,0.2967132905684224,-0.0013946348734031723,0.07565217643089833,0.22149274407482641,0.18395999071262842,0.10155763461019299
GGGAGATAGCCCAACC-3,0.1591297597678365,0.46970973282468254,0.09634483836889643,0.13447647190799092,0.0745532422348778,0.027233312024958878,0.0432612705465013,0.03810688685367498,0.07301177049789628,0.21746526155174084,0.02122004319301801,0.016785769501275322,0.023290787737617794,0.011709466094547268,0.03566549625331901,0.1405246279664131,0.16525945602958708,0.04696760932185097,0.03466924580245741,0.08419030429537253,0.097276579389269,0.32130850146925977,0.29306133874894574,0.21706519169762895,0.20349634670977199
CCGGGATCATATGGTC-2,0.10248233825865433,0.2352539647719934,0.14266393634156435,0.13143606544620123,0.0586286236659242,0.03570061922311426,0.040417509655849684,0.09473941075789959,0.043326487433191924,0.1962700550121778,0.10811189323308378,0.07945220272489605,0.05144545549891614,0.07788862126729608,0.07954016522915211,0.15672317823718268,0.10609795014353192,0.10787032971228891,0.10098547703767492,0.10055332058826,0.06642568867336254,0.2504150214836521,0.2751011321483593,0.22660943109072412,0.35617150043579027
CATCAAGGTCAACATC-1,0.17060798279276948,0.2396458150908852,0.14550143569861426,0.12688714441081075,0.03984818665064575,0.017822941831370013,0.004792621634168318,0.032327080436918405,0.026911258043069586,0.10937994269815028,0.023585401437917906,0.014872088371418526,0.03082448941521414,0.012027516868338674,0.012563161718839628,0.1705625406006544,0.15591725159390443,0.036973841789673154,0.07337994517431418,0.05190540482776521,0.08309844136388131,0.1938100807216919,0.3126496127466687,0.23053243443437096,0.45731935172155147
CTCGAGGAGACTCGGA-1,0.1766685336544521,0.276458285234044,0.3457783754249756,0.5478638947807798,0.0373999592185771,0.048558814190304146,0.0579386372544112,0.05237861908678041,0.061541327232579726,0.1903800620594469,0.0181343539438593,0.029831746728061576,0.01992923502346715,0.024971618594763573,0.007640258869198726,0.4812860006563838,0.16319405872263593,0.04683675425648566,0.06484034558014502,0.07311352811641088,0.05769484766086859,0.3210450965045127,0.4222670968345798,0.455265986615536,0.22611931598480864
CAGCGACAGATGTGTA-2,0.15973374082784594,0.2643922063463167,0.17903293847199778,0.18039364667542607,0.029114621001932454,0.0018450650670414031,0.012391609392103497,0.04664733577914466,0.0065590954870648165,0.13917952275280912,0.04534458781879891,0.021539740812816285,0.011729788879203852,0.027689991473057587,0.01944536019590872,0.1957235387511776,0.18305069209397934,0.0799279965198146,0.07800861360935318,0.08390635725949928,0.09888491556726847,0.23274231712333737,0.34228363282177116,0.2675571297020141,0.4809455623969137
ACACTGAAGCAAATCA-2,-0.01126512205864434,0.13320305963075627,0.16069799355983733,0.1436353297825646,0.02664583210428871,0.27628275489599335,0.2413216958315542,-0.010584609628381576,-0.008891182986688942,0.15982851476772972,0.021158084683759515,-0.009342564182309858,0.02667480881502434,0.024699946905286298,0.025249662148228266,0.16329199816238887,0.010258254868144013,-0.008557849018749697,-0.008363835402306504,0.012630123096601557,0.0262288884434264,0.13280813521978566,0.12864714426675972,0.153424295466255,0.03798965724769794
ATTGGACGTTATCCGA-1,0.07308946598985397,0.17186887983795904,0.06707828276048221,0.1505813436942866,0.0974909306017476,0.06289228814943743,0.12683231972176495,0.2636224970065082,0.14425988479543372,0.4210849509952633,0.24970854587420319,0.22232743765685228,0.18314356721087757,0.21864458478855076,0.2004612606634307,0.11905080700254025,0.09510327601102711,0.4207722017670377,0.39902560643953455,0.306204621754161,0.010028677772745123,0.20687909780010943,0.20063554045092807,0.16220602209796475,0.12574696232240293
AAGGAGCCAACTTGAC-1,0.15537015724482275,0.26899102226228266,0.37693477308196177,0.5698928006445354,0.18164723133428196,0.12567102802505614,0.1472525582103224,0.1102143721237185,0.1416875321665204,0.2752387071065403,0.08779716280552423,0.08645193117200589,0.08338072641977896,0.0763609386700762,0.06082195275992769,0.43830542364796976,0.16805104585690123,0.09100014213238408,0.08660990192752009,0.11026815812702198,0.07216280329592908,0.40121736684148124,0.0881030866141552,0.3144155456349453,0.24264811564490377
GCATGATAGTCGTTTG-1,0.05822504464625175,0.23078035384263645,0.06925128303854426,0.0975840097508452,0.18755378868868766,0.11238540956852223,0.186897381290284,0.1392505577671634,0.1739239120571186,0.27609831810363195,0.12880504553152705,0.10094863869357507,0.17223744047065181,0.11633844784395046,0.11720821478429062,0.10298608320284346,0.10293371455000253,0.08872061322202728,0.0770779539018272,0.12653721409380358,0.006357961542942459,0.3342896130163365,0.23116606070562776,0.1664052768449024,0.08903897659498894
AAAGCAAAGGGTCGAT-1,0.03163522523815312,0.18213029828129115,0.017733294680914603,0.07230005362342563,0.23701667244515426,0.18190954008126314,0.24378456099086537,0.12863985355467059,0.2011277377789901,0.07489662644450855,0.10606794863150085,0.11549745599161641,0.20154798127092866,0.13051862669529798,0.12161681744888606,0.07041769656464628,0.1327280299372207,0.06952643910955972,0.053245431543061515,0.07767124206402473,0.04172554794580378,0.1254593510751908,0.16428646948771272,0.09961191906063868,0.07238420300355557
AACTGGTTCGGTCTAA-1,0.07508873259161077,0.17776228428738253,0.03868478212128733,0.10309201264810415,0.08430436275199961,0.03911566435729161,0.08956164911189647,0.19537556127772843,0.13426106485759562,0.36325786452066994,0.14954361740610644,0.19006995354036088,0.12667403980954542,0.17637844814841389,0.16891590936101836,0.08742140103409167,0.10270682086610532,0.20094144474001724,0.26634149358832865,0.2828260416816323,-0.010493740485640406,0.28336164992511725,0.18845111221764568,0.12136512659182351,0.0715020961904852
AGAGCTTCAAAGCAAT-1,0.006559297716501574,0.18691562548026397,0.04139288582484012,0.14322465052147998,0.03749929403574835,-0.015959509162327454,0.028180691663200926,0.2500880682458528,0.015940597843030525,0.3731592938756362,0.19902567493195986,0.23748457480501556,0.1491213703958965,0.21876138007807824,0.15827937889544252,0.09450705616214156,0.084948720587489,0.281400841884509,0.4338103783986013,0.442910582263248,-0.02138310817500804,0.1895855941560491,0.21667605927132105,0.18470342525143524,0.10082461271903662
CGAATGTCACCACCAG-1,0.1808125866334345,0.3150864556825669,0.33046921901112825,0.34521142967083,0.047170990471053054,0.029819240096736734,0.04506422838705773,0.05490367780932429,0.04849174556250019,0.20359666312803987,0.03569827937910776,0.02522763278920283,0.014690655257073268,0.02011814359661919,0.012273764855133366,0.3551998819334678,0.16585196374544875,0.07087276479961713,0.06569447727649858,0.058687939123333234,0.07283751881972508,0.34441575743484876,0.029234126510218308,0.4772192282814784,0.3278914833722335
ACGGGCTAGTCGAGTG-3,0.1351969652933856,0.5079940357562021,0.09149182538340472,0.16916180144183848,0.07970994725047514,0.015029136867169168,0.07373100260914452,0.041265648952794325,0.10490378293100056,0.24097941252144714,0.008644629105191988,0.018982732893730613,0.01024021454377962,0.0051331481768296305,0.014521040720306534,0.15235025963497703,0.19673574471252117,0.03585768774742651,0.02193728286989757,0.04885607586777641,0.09149265770496662,0.359724457992687,0.3405957639273154,0.25236046381723204,0.199576861534026
ACGAGGAAGAGACTTA-1,0.02611931313212176,0.1243013336935614,0.021055086452453978,0.03609929313889238,0.1904281161707305,0.15992673413595784,0.1838398480980909,0.11516593632114262,0.14507355742148495,0.15277991081520842,0.08861217970752598,0.09380704973844775,0.13553484877881813,0.113275288180086,0.12886225775881946,0.04069428693342538,0.08972532382027351,0.05586546687961939,0.046263007312248944,0.04836256492946408,-0.004159566152225479,0.02630731975690048,0.15177339993259967,0.07630235140498792,0.07353802628722443
AACTTTCCAGCTTAAC-1,0.06815930224344197,0.16173426366688498,0.009710192643330716,0.08454171289629796,0.1115654956560791,0.08793913154039235,0.11684461045659159,0.23793354426108757,0.15200338259407473,0.41476182703995557,0.18211994208869023,0.23851626700761344,0.21147538397438465,0.23958027843820007,0.22359315795413065,0.053489983952195216,0.06961750232148575,0.16637466359691505,0.1795677879205356,0.21724133720424393,-0.01221590045179516,-0.02768722121877678,0.19814124058700097,0.12090124966981566,0.05854209927733118
ACCTTTACAAGCGATG-1,0.0644306779876887,0.17227438526790684,0.02127775757209408,0.07921535798442336,0.23113316858045105,0.1472492590720617,0.6177164769181992,0.13976288756782498,0.22169935918002456,0.22319635565223614,0.10843920778093562,0.0952942532319942,0.17227325348060005,0.10939875540223984,0.11277912803751826,0.06112666944299006,0.13413617635792105,0.07099475241152825,0.05428707370479699,0.09598541589021997,0.0062532050912722185,0.23348129414394012,0.17215762501098372,0.10948060745045789,0.07983174270756244
AGATCTGGTTGTGGCC-1,0.1969684366358644,0.332137218648055,0.2673787785696483,0.29989129574419626,0.03137713358943584,0.030516784977025747,0.07806924600024105,0.03669371991411956,0.06303372479314195,0.20288804567327648,0.02764588331936328,0.031220666977675175,0.03004719530359286,0.018924317369167797,0.02004852636985305,0.3070628166346367,0.15842276454658208,0.08893017176044214,0.06391555923153883,0.08331501081665592,0.0610159539940216,0.3153252199426777,0.46419821408256634,0.4140215356949114,0.3839627515732995
CAAGTTGTCTAAGCCA-1,0.46144626170142117,0.14115620766962805,0.04346572307382301,0.10617415153048997,0.08257065827697918,0.011204181577638118,0.02075759193373579,0.012062447088145588,0.06387954899797978,0.13569825609799055,0.011706982492867769,0.01914346746782084,0.018260881010569097,0.015759071719932304,0.004288693724488073,0.1041323333713473,0.43729854221028325,0.018424442496776404,0.009952750588275315,0.032753908501417635,0.5517271902197786,0.2114604075210469,0.22905941279470707,0.19553277284581827,0.1514052793473007
ACGGGTCGTTCTCATT-1,0.0623781600188241,0.19874948121720076,0.03775360690051383,0.10653299023666662,0.21515670523842997,0.1338384290408665,0.18718842718564502,0.14590415660642703,0.15637410400611107,0.09391339581165671,0.1015278508262701,0.09916724600712015,0.12078804398931242,0.09017601157653442,0.07003145115326703,0.08007042774963952,0.11729227378473006,0.050274556971928355,0.09099857248480141,0.11188503984938374,0.01823196993882544,0.10849093665454915,0.17301098652045457,0.12306548881479647,0.0740027583753204
GTGCGGTAGAAGGTTT-1,-0.009745016197875475,0.02738219923737316,0.13519164984833093,0.1323250585162202,0.1300877257453597,0.3189389122969859,0.19281421463532608,-0.008477182858418508,-0.007120922419634519,0.019192190670324502,0.03058124310023842,-0.0074824322975113435,0.14091100190511377,0.2938594723669494,0.18803237989448934,0.13526339362434026,0.01882006258993698,-0.0068898651812725085,-0.00673366615769824,0.019597730110267393,0.24489168757624477,0.11591463527427306,0.11547266457793069,0.14303447614269577,0.0031632425837037456
ACGGGCTCATGCATGT-1,0.007686856189699396,0.1380343373969,0.13674166206061472,0.057902753216911164,0.021641265000625694,0.048526638551714255,0.05485395767082139,-0.010750730614156415,0.023819657179721378,0.0423692397042328,0.01670701967234273,-0.009489191788439846,0.021666347881836013,0.019893100091156756,0.020389900755846287,0.10209226206858847,0.028974564172930557,0.01251803721663167,-0.00907255737317736,0.030202108873311033,0.024546301104284858,-0.0013388759790069725,0.15546447724956253,0.0849453789135574,0.029931214867937147
ACTGAACCACCCTATC-1,0.06334801581199939,0.21120914881570182,0.05951242529418492,0.15011646244067609,0.10147841421714365,0.09327706239302952,0.160487917752772,0.20824538889034702,0.12195995035704303,0.37800925358886944,0.2376746670135273,0.23340500537924724,0.19211391847927586,0.2380051188668091,0.19810847799356818,0.13603986264711115,0.12104908155127614,0.5350538063228529,0.2976581695359162,0.4556206219491131,0.02121915589684591,0.10882447019977835,0.2378172576418706,0.19017413083334947,0.12921527653925233
AACCATGAGACTCGGA-2,0.015052517537138035,0.1386154021186225,0.15214126609643924,0.12872949147361853,0.13705776633800254,0.20641949239202456,0.17144838572664226,0.02045177479042795,0.026811900509768238,0.04971967304930077,0.0474293545544356,0.024808782695270037,0.17194563538522464,0.052564277708803904,0.16880154578442247,0.13946633623014182,0.015508293214933046,0.04528394575647494,0.046663467184832615,0.1640790549416721,0.034319137520202214,0.13293287855969935,0.12297278578319899,0.14539215690325685,0.01467986877410201
AAATGCCCACTGTGTA-1,0.0635196447285417,0.19050980329607287,0.047969847706696885,0.1263505521727177,0.12064926760350293,0.1029007114791142,0.1263680108558888,0.31217809468255797,0.160423513991288,0.4262687813149024,0.2848338792485065,0.33364498014403365,0.25592824606629855,0.3238033451361279,0.30129458498889605,0.10098588605079493,0.05515837711676271,0.25998823999386783,0.35403705001363717,0.3695851390280147,-0.01958835114152443,0.33384177922453195,0.2142550735884309,0.16509621630623378,0.11084385859055186
AAGCCGCTCTGCTTGC-1,0.02076776194254913,0.14781859980297413,0.022033306995330338,0.059789647710239695,0.0858905660637161,0.11416911957417658,0.1394999317172711,0.1920475684473602,0.11880268046883816,0.20042476572129558,0.15771429064900208,0.16283955226356633,0.19569621463478573,0.17427347902227866,0.1654718730190855,0.06999292907585536,0.05935483767662876,0.09712888702859514,0.12886839367211,0.18044190768321852,-0.00808716232285598,0.0668447360757902,0.15597170033453792,0.11187630404545014,0.04847776700083056
ACCAGTACACGTGAGA-1,0.030146539122410637,0.1652507196473836,-0.008151382021688558,0.0725293769623808,0.16029496981550517,0.12990273514795275,0.1454439611981794,0.1725867409705122,0.12538079618253792,0.3095740017149002,0.1906842193569633,0.15502114357941593,0.21093877624772048,0.19979982259257884,0.21497617239259445,0.05461790536195455,0.1320602234002516,0.12079105047547556,0.13315157482327053,0.1479709548896723,0.02266121991505575,-0.024887312952940662,0.17434290027931626,0.1041239556050258,0.046544504132696514
AAGGCAGCAATGCCAT-1,0.31806763485575934,0.20967082556676261,0.06298877389048106,0.1063066276633937,0.04265715518998079,-0.011859126970495957,0.044726784967782096,0.014402545363908162,0.058576793203799,0.16252192443020663,0.013488386727054104,-0.009147459631380027,0.022130105880973104,0.008500512467918582,0.009820771242199442,0.12661464558157154,0.22745763256185045,0.00283356107618559,0.021983560574856318,0.0158301026920953,0.17071794602375306,0.18149447664896928,0.23328140313917356,0.17122309346224174,0.1571429103228989
AACTCAGAGCTCCTCT-1,0.0741882968735782,0.19934202483332622,0.02774964834440903,0.10356406700860762,0.07645422481329742,0.09777475759829023,0.13276405511973038,0.25158531018579505,0.11171044545166564,0.4375859508983272,0.2698081337407019,0.28017667038644173,0.2071286454881109,0.26094655726294896,0.2505553304465248,0.11947300662086338,0.09037572198612272,0.24287483985219066,0.5040335824811525,0.5569536508285138,-0.008761488915580649,0.21013753122525,0.21673741188501588,0.16871742749825727,0.10147399268089734
AACTTTCTCGGAAACG-1,0.05827015119626516,0.23897567754235402,0.08573494943896816,0.1465264098780816,0.12202218467568005,0.10384211718808942,0.20585079913081383,0.17083338627315728,0.13154773578770979,0.0814344254109799,0.11038416388609767,0.12228910954135376,0.12080432176165273,0.11262650717374807,0.11511375114026218,0.14611839037909688,0.10264944508517156,0.05541489192640755,0.05914728365604997,0.09021651320514185,0.014719888129381593,0.1179080237318843,0.2272083937256865,0.17074724494493781,0.08759220012601648
ACTATCTGTCCGAACC-1,0.09995316811095982,0.26955397133648407,0.33546502439568066,0.31710228445838695,0.18507695992650156,0.12193208927819625,0.20793750019409776,0.14449643834001108,0.17275483357942015,0.35226312438826207,0.11466884297214222,0.11098059446688685,0.1766643310725327,0.130969506247793,0.13346796319490578,0.3101021589515092,0.14405476936462935,0.11413935949688682,0.11025784737291593,0.1480474474814116,0.045550612482983595,0.44621773504298057,0.39379933009020684,0.38903809352632607,0.19725762390845636
TCCCGATTCAGAGCTT-1,0.18214808877835048,0.3379271992834639,0.36223590872848893,0.4993677129672966,0.06657390553127339,0.04952473660758928,0.07957443450892965,0.07079707838961166,0.08218368212019293,0.2250166674877486,0.040565825413108,0.04877411450743389,0.036675025056499194,0.05177988521782071,0.024068750272019233,0.4018312187885151,0.16231057756552994,0.08267737701545763,0.06047416862344861,0.09008498914680896,0.07088648605433835,0.392135201497981,0.0291843593296915,0.4780038415989186,0.330427909314984
ATGGGAGGTCACACGC-1,0.20299919435815053,0.19122005995084604,0.08606304174832363,0.09061603439690026,0.12531892614569176,0.050639571490227894,0.09182237117152346,0.018067812357755484,0.123161631790393,0.16143601227004628,0.028921285917657868,0.014455963922441455,0.038613094115802514,-0.0003709781057964117,0.00027084671424957364,0.12207117408504473,0.4788857864732699,0.03306998760464276,0.0056757517039070305,0.018102441707868053,0.5221450988836975,0.19437731905553,0.22592116611951166,0.18096628480712834,0.15060050549017223
ACCGTAAAGGCTAGAC-1,0.09556047565318695,0.07457458373655478,0.06455201532720588,0.048982342891302315,0.015443532382075844,-0.006528776538348079,-0.010982118223993685,0.01134172968220347,0.017789593297673996,0.0973313790890507,0.010812018125609592,-0.011158961427933708,0.015357812711135751,0.013675512142661642,0.014238070951280834,0.1162587909417743,-0.013169160129265651,0.007807062363576019,-0.01060517472726273,0.022678895959785124,-0.008390135787048968,0.10382117521358708,0.1644705560246932,0.03358875602351598,0.12133298516821392
CCTATTACACATAACC-1,0.13837288314790797,0.30998039501830466,0.13579419205236354,0.14758710056500643,0.02288419568926147,0.01379513112716535,0.01700397790953999,0.024861411085404028,0.03614456059731717,0.1674216865818206,0.02377679922485748,0.017531547154310326,-0.010977691423132253,0.01380692466115688,0.006021895310925316,0.16167584795321588,0.12909629595916033,0.050877786386030535,0.0617719833082525,0.06882993344820197,0.06976532709490219,0.2683904056939729,0.34985054479074523,0.2717474179838417,0.45880196310085886
AAGGCAGTCGGATGGA-1,0.07949261176397134,0.3425099957551507,0.09135462239260068,0.16974056442762284,0.1446018999730664,0.10049404005006111,0.1477873278656726,0.17998109078289026,0.1675522174048408,0.3563794693264306,0.16025369669054293,0.1553826995070378,0.15206661637583427,0.13570426673752783,0.13223602165903187,0.15973708135069029,0.14089302401721684,0.14200631616833287,0.1536021994870175,0.18424183677955946,0.02916182960360028,0.4564014045911374,0.3230401988331998,0.24725596833331742,0.1467393472942031
ACACCCTAGCGATTCT-1,0.15363571188895006,0.18212800506064952,0.4701890691635582,0.37450798529405127,0.0614871968025027,0.05962382245058884,0.07859304881417778,0.08702428233124729,0.040352462989256516,0.12490476792216897,0.026981264475700033,0.06281836631028093,0.04834552845340767,0.04434272386682897,0.020346094859656768,0.41074989685055185,0.17148172084066618,0.06902459632455826,0.05990282310790822,0.069863369763676,0.07123480790379529,0.21922877556753576,0.36018251625500897,0.4180820152093328,0.19579186923799966
CCTACCAAGAGACTAT-1,0.038648445262926635,0.1477266255495143,0.031311519470779044,0.11808673353164086,0.0955682557265254,0.04884078768629916,0.07615975478760044,0.21286964495659616,0.11796762435249782,0.1472496916054328,0.24292836602245885,0.21112001762945057,0.15767431858491174,0.2185893617415854,0.17576812008753168,0.09772848295800425,0.0681093069274576,0.27656908099623295,0.38982086230144564,0.320711232154943,-0.008668608502062908,0.24897333840243657,0.1485049496214466,0.15066340576122447,0.08344998478802938
TGCTGCTAGGAGTTGC-1,0.07850908813225385,0.3488733210182955,0.0852710159618124,0.15624366196648226,0.11378378523638634,0.0769704391171297,0.12885324602988563,0.1324362648857549,0.15223487830890228,0.2919502133066706,0.08730379191210587,0.09322776964673893,0.11882782454892092,0.09718813872659207,0.08605273702826138,0.15842901740428922,0.13507173577446224,0.07316435250701803,0.07136112658549139,0.10983493628693396,0.03350336534951026,0.4379464929094691,0.3161176582919356,0.22845630621301932,0.15394098931209174
ACCTTTAGTGCGGTAA-1,0.013545473842108363,0.15538858740312123,0.032510312212282,0.1302524290197632,0.09821810960441482,0.06742680059627823,0.12900502440742967,0.28745981209440585,0.13405668203668653,0.3331969193555014,0.20147767572594869,0.25351099823254286,0.19550915832862786,0.24442249642016306,0.2124020131520441,0.08844930479744917,0.06098742782328975,0.2057830985512682,0.24201700051664962,0.27690963034605315,-7.01457637054697e-05,0.03238161765271658,0.20197402776397866,0.14613825199121172,0.11013602201053883
GGCTGGTGTTAAGTAG-1,0.1529155895289249,0.2776442681667707,0.35067595132964285,0.3742824991930364,0.03698633427757565,0.03686739087118174,0.04964247271576471,0.02772567117844763,0.036763527413958795,0.1958899761872572,0.013216558590681467,0.047097097446668824,0.015139693788471499,0.025555123396132837,0.02002231357648732,0.4193173662700303,0.14563413267905,0.07820387037494275,0.06658572070725369,0.07039482136158154,0.04418192546066583,0.31703526063820686,0.41847976835073636,0.4826278720009729,0.2308767521263342
AGCGTATAGCTCAACT-1,0.2626174310504569,0.28674864225198016,0.0747204999423072,0.1840416764748795,0.10582141919969588,0.044559023698764695,0.07653160461967194,0.016064541465254514,0.10525353881089493,0.19590454215960207,0.005424564453734764,-0.007473072991871926,0.0151574097812762,-0.010503865073529649,-0.02020854618909802,0.1579126155075205,0.28097476817224165,0.028100223885642213,-0.004168105484598338,0.02724464829689368,0.24360593864637595,0.39611386659769793,0.3181638829235829,0.2675512872095464,0.19216005222447213
AACCGCGAGGGTGTTG-1,0.0711415804025544,0.18845516544407293,0.03922758848681299,0.145857827869912,0.12300225493485613,0.12695801467169926,0.15302423496643858,0.2848659600604597,0.14723941230152285,0.4966253841844732,0.24020280217693196,0.30928891875980363,0.26716429249822315,0.3107732656238605,0.2831257682773717,0.11356640567970215,0.08496680850586975,0.1588318775118194,0.1660663043272063,0.23314907169911991,0.03207513557730931,-0.11670683950235645,0.24296197794698934,0.18031757807947466,0.10118224181281685
GGAAAGCAGAGGACGG-1,0.056598299039696084,0.23889947190911262,0.0745751728899333,0.13577388144900215,0.17124645684570142,0.10438693183503837,0.18217704815288993,0.2207011261755662,0.2245430206969129,0.08506531601520188,0.16647963869297167,0.20237839691432494,0.2347647973382974,0.23221993434813124,0.20822730143719928,0.12947611344959406,0.135978495000543,0.12424260964563823,0.1624375174115406,0.20356531905237374,0.0242895675071977,0.2507510810813695,0.25112346935952173,0.1870091331684164,0.10220213525888784
ACGCCAGTCTGGTATG-1,0.009039822395631664,0.13688507784688803,0.030667523012136856,0.049606868478514636,0.547609878936125,0.17275101059332676,0.44453129573514166,0.09753277109563795,0.13776592831194612,0.16079227558943432,0.09554434570330987,0.08900238603006416,0.15334497694366092,0.08248505649475867,0.09660266717360515,0.04498507977963557,0.09837275695750702,0.05417036383546025,0.02348284685458143,0.05622287563767105,0.025216808227849496,0.27274983694857124,0.14594206394140558,0.1034971877541952,0.08228148069721217
AAAGATGAGATAGGAG-1,0.05808281706849455,0.18259555873641486,0.036286313499086384,0.12843119400018171,0.10142213854762301,0.10820192958149527,0.13059165742920412,0.31111110067834985,0.12479329041138534,0.41254194416779266,0.2653755043845169,0.30070566709116875,0.2244493197742045,0.27040921061127554,0.2399370087768751,0.10997160293114805,0.09930828224169509,0.25115146679919315,0.31543537742588396,0.3137716835220175,0.022625021004656354,-0.020408484050078377,0.21080944217473724,0.17777517365459852,0.10175314451567237
CAGAATCGTGACCAAG-1,0.12036208705538416,0.28404012311239235,0.34249621926634843,0.3773270889106517,0.053786180193840065,0.04040631347969373,0.05755498422519276,0.04452138083054802,0.06066470814255253,0.19792077141508319,0.03268526595631587,0.040074108325695114,0.037609814609333186,0.01868698050602269,0.01866420778569926,0.4222705288875652,0.13901590211300419,0.07570591144316957,0.042136604896321386,0.06429751995273741,0.05152156542796759,0.31386564122905897,0.435239031584457,0.5015376911458609,0.21836575674845554
GGAGCAAAGTTGTAGA-1,0.1300670710929611,0.19039526781899072,0.5737692144850145,0.40809885765791865,0.01857182463722805,0.042356844751760554,0.07533842657672778,0.03131855481628242,0.03550592386086814,0.10924806435019603,0.010258020183658087,0.030673884054942053,0.03029450572819966,0.025890370470226128,0.016937002637611574,0.42215158887257326,0.12291173124472261,0.06096939233061658,0.03633325780215374,0.07585123453986063,0.0704006790123729,0.23329744913693615,0.38448247118560347,0.47460062633687194,0.22987987940185928
GTATTCTAGGAGCGAG-1,-0.010745376229589383,0.11432548444042896,0.10765782383878378,0.11308874078415095,0.1745858423305827,0.19805454224409838,0.14816276908274145,-0.006573887177082672,-0.005522134105783474,0.11448061505229587,0.11758623924829897,-0.00580247784618104,0.1357336771852893,0.14342492952374689,0.11410808345345975,0.1082196560721844,0.13327012566130622,-0.006889866246784994,-0.006733667199054663,0.10254608269869771,0.15162417671733744,0.00727565650578504,0.10717049921259388,0.11840242168324976,-0.015954972601649364
ACGGCCAAGTCCCACG-1,0.05234306477596728,0.15624230318350332,0.07443149335792583,0.13421870952732384,0.11547397893513475,0.08724661431097455,0.09733499510405445,0.2605447111864368,0.12630645471686394,0.41522437009066077,0.21503000434025712,0.24352089111446876,0.20102318151167586,0.24755607625585033,0.20544883617851964,0.10567201727978402,0.1057798786495123,0.15283847175285642,0.204076190669187,0.22214384457499628,0.027312805886733193,0.02813076901014427,0.18790520709248473,0.14191807019993102,0.07141920499796821
ACTGCTCAGTGACATA-1,0.030395807128880584,0.17474279055857686,0.039821882418608574,0.08648393110317891,0.16215224171948756,0.12624910786751675,0.18986353505646125,0.22174712305335337,0.14496050671421853,0.4825601579276445,0.27360007415572773,0.21936939964859042,0.1946794534246435,0.21279854098302123,0.19790508136433022,0.08617679237484056,0.10338007332441591,0.2048150905909855,0.20087763958611843,0.22316485965144311,0.019525657811547307,-0.10371811439761451,0.20677844528171727,0.13549933213918666,0.07938252172487573
GTCTCGTCACGGACAA-2,0.14767193422673644,0.30345266384420727,0.15995944254643493,0.16029175253730632,0.057979489554909905,0.04258755868664657,0.06187749295712198,0.03254184931991646,0.028231307250264966,0.16251347939842947,0.03143871162386301,0.01038007859424114,0.024369531357257876,0.014628356836732758,0.014594482848511533,0.19849337397598987,0.16564432161928372,0.07316286911124195,0.07107224867098093,0.06955382619897241,0.11373300786911017,0.2423116182227616,0.34463807804744945,0.2854908752724184,0.4650256767744828
CAAGGCCGTTAAGGGC-1,0.20854316099909942,0.24534861928511967,0.0563204213330555,0.1227899691076805,0.14852138245380442,0.09680846770047148,0.1440220456515717,0.19988361058722792,0.1634644859396059,0.37882871306650134,0.20235181943953257,0.2082341468543524,0.1707410247660535,0.20154585039137815,0.1733011356945881,0.10374764376409017,0.23230585411951146,0.2179812256553548,0.251671913510902,0.2712318897235742,0.16678950617362504,-0.08966491347019634,0.27003331997770424,0.20752001398206604,0.17350718769814308
GACCTGGTCTCCGGTT-1,0.036696112624427527,0.14924518677597995,0.08309098671641844,0.11518786275812273,0.0921126275636792,0.02694205590736898,0.08490217375184425,0.19665791433903115,0.09009386803042803,0.04026174895022028,0.22598682328603434,0.2065730028986302,0.16586849677993268,0.20206426196008248,0.19380853018697133,0.10088712142550763,0.1066897071402418,0.4260902309893886,0.26997937710891523,0.27376905800399676,0.015452466187029333,0.25813551088199754,0.16435083861617525,0.14810342025854437,0.0932524570229339
GATCAGTTCGCTGATA-1,0.07325147877916709,0.28920933510890817,0.06430939421459217,0.1460725522756459,0.17396502230911554,0.10235835529506086,0.16560265198185428,0.1654266474036765,0.16143827832614444,0.3386663979312928,0.10666552104858613,0.13298434501340628,0.16293930572357374,0.12258909292023279,0.15243267029705115,0.1351932594404602,0.1368626613702626,0.10398121017652734,0.0896525437616487,0.1395136959065287,0.042888840598910696,0.42612336827727226,0.2727550671952778,0.21168542178472344,0.10098613949747447
GGTGCGTCATCGACGC-1,0.01580034627492891,0.18641068335875716,0.1806744732825962,0.16869629635209105,0.17832044356001828,0.26246501733499666,0.19325587043216902,-0.008506682018368586,-0.007145702023066134,0.17317953322269783,0.02335735066952742,-0.007508469894062741,0.18907892559883935,0.17550533632349302,0.1735861959564954,0.18167792844967628,0.01589282265602772,-0.007648219989057077,-0.0074748284258057225,0.016147402981487126,0.1639862283083923,0.18130483110093626,0.15235623279323568,0.18091993593201466,0.014819116355450392
AAAGCAAAGCAGCGTA-1,0.02103878514609898,0.2259163589035729,0.0542545065197378,0.07824671570743195,0.1027463966643964,0.05384281305259661,0.06891686879826749,0.020652487400360197,0.08682785203421711,0.15001822590444835,0.009748032038072599,-0.008066815971354557,0.02797375432971948,-0.00999900951884004,-0.009526773922905043,0.07338614963975887,0.2994371979764491,0.007969026978545797,0.018122298090905962,0.02057428316837319,0.20911774480073003,0.1607952789245172,0.20679952063007034,0.13842121285286793,0.15904081083239366
ACTGTCCCAATCGGTT-1,0.04116907626871257,0.19853143143405066,0.05773883408566701,0.0986420075405699,0.19226279090156412,0.1558829549802465,0.22194229660966894,0.17755410052172563,0.19829028894889808,0.05095016142363603,0.1272307503918036,0.14247533396020334,0.1494886770503423,0.1312986043210047,0.1331322038573784,0.11216900885293807,0.09913895811627203,0.11464972942652425,0.11778126933341057,0.14297214594887173,0.015730815253998744,0.1833476931597446,0.20699174945706625,0.13410165965879894,0.06843597913772759
AACTCCCGTCGTGGCT-1,0.16879997061008328,0.21923163690132585,0.4894291562126819,0.32359064180783037,0.010322416836455944,0.02620288062470745,0.07301645151337133,0.055093894864267266,0.07702957998500808,0.20842398380292493,0.033966500876409865,0.045994378702046215,0.021464214847943315,0.018082644986421943,0.007421336666547665,0.42400651818325186,0.15040578967965615,0.051702996899162905,0.07326446490660748,0.06938050719100484,0.06592384070361303,0.2718016236267972,0.4359142285566615,0.39963325376209163,0.22734530370614342
AAAGCAACATCGATTG-1,0.049689531662742356,0.08929701519159354,0.36403459494000734,0.15988508716124655,-0.011741410962737406,-0.006763987695053705,-0.011377769187902627,0.02134195719112181,0.05043117299870813,0.07767972014130242,0.0037368362121611015,-0.011560983492815388,0.00743726953828838,0.0060931289579633716,-0.012094401835838379,0.14545868752746982,0.010150499708042634,0.0025655426672051337,0.0032106519524289635,0.014537586228051996,-0.010087967225771393,0.10638459467124378,0.13168540505320298,0.03202672327087046,0.09304151887751617
AACTCCCCACAACGTT-1,0.05362833844458859,0.1754644769415037,0.07041586451871638,0.11667383267062804,0.1288588467755338,0.09000395625158913,0.11039338910620042,0.28354387626525923,0.1157400930716441,0.23285689329121534,0.24918980914833874,0.26776512734629154,0.2263977446037702,0.2730714884532499,0.2200359234307144,0.11850524752192572,0.061150028641182456,0.22657225376463186,0.2968540999056032,0.5287855643421914,0.003614790938053402,0.3036805164174363,0.2016583833420311,0.15007441416642514,0.09073140411032106
ACACCCTCATGTCGAT-1,0.07914250350251657,0.2497893210809423,0.05373332976268563,0.13621080798322657,0.15546080444302773,0.13525932447652217,0.1641954516029216,0.18291732077594572,0.1341465583808946,0.252253376831316,0.20052879456253267,0.16101194860827905,0.16947035516390876,0.1683887536234808,0.172400595569483,0.12829655869751588,0.1418534634095259,0.12206533060474593,0.14299265788731622,0.13950832406904357,0.02458682864894001,0.11055889785020123,0.25303877404478514,0.15011537797815078,0.10635847737260559
AAAGATGAGTCGATAA-1,0.03733238101874355,0.22321279786712594,0.03916139954657935,0.06035754176805212,0.14914731226579295,0.11018394823513478,0.1776777659183321,0.21333204836449982,0.139605504160475,0.4040458479016745,0.2285354314953065,0.19527163087329688,0.21301889262775184,0.22264836056813714,0.21755036096682656,0.056778797773228494,0.09604806131655216,0.13769737197602244,0.1828431634850558,0.20493696181508647,-0.001700868577329767,-0.04731345241398685,0.20610162904605445,0.13826573896698524,0.09693942464143013
ACATCAGCAGTATAAG-1,0.08495713685796698,0.18983979381021016,0.06754571980873551,0.09344330930561862,0.13199077970598083,0.14600621008487882,0.16392303119595628,0.1964202835729069,0.1699912017569681,0.20636177391486113,0.16307063627688909,0.13660782836294308,0.1931951176792492,0.15753772883787537,0.17373086740784205,0.10819497950896664,0.07763927173960265,0.12046637870329802,0.1062372904317188,0.09830277125902562,-0.000677473010317215,0.01696911442948691,0.1799455033696257,0.15026070641040892,0.11423389118104904
CATCCACCAATCAGAA-1,0.06933585930959273,0.27702786369683724,0.05901376545799723,0.1616739093971946,0.14004886214371357,0.07789280671918626,0.14265879765654646,0.25809167107916353,0.15938881174489122,0.5946849182301325,0.23195028468996878,0.26113655169015054,0.21062506701254688,0.24761970107604722,0.2134654372409451,0.1446786948959533,0.11328178018120778,0.2507734816894553,0.2888004047919151,0.29931422196342633,0.009462979837185628,-0.21040928951109392,0.2558859454705937,0.20326586988404996,0.12738028811795665
ACGATGTAGGCTAGGT-1,0.0734271902893352,0.19336483454761502,0.04711257558719597,0.0802210066252417,0.15524895975624353,0.13827252739243895,0.2180579760119265,0.20396274391798414,0.1805473961884653,0.4272848064529776,0.22977888926825893,0.2161817288492534,0.23468912365115605,0.2304496125257,0.23542833792763382,0.08461859062416843,0.1421049825219338,0.1602991154956882,0.1738646256422034,0.17548832737596315,0.019882427437130794,-0.08648131404243113,0.2116564846495759,0.16256231663786266,0.05789518352493562
AAGGCAGTCACCCGAG-1,0.048430429196083175,0.1671924111093639,0.045543593171286846,0.14050366745694387,0.17112439584017927,0.14754193923677425,0.18756278222946304,0.2977525659450037,0.1727694836955309,0.36750061067309875,0.26788172974545044,0.25161362850014096,0.23578999078173427,0.25219802734081087,0.24612243228282188,0.11240858337652843,0.13441163230396838,0.21960281977007826,0.2535867418430096,0.26576332674999414,0.012946621280949776,0.31080395443053616,0.16068461844051324,0.12431943039496424,0.06640083721726817
CACACAATCATCACCC-1,0.060406016055473674,0.10941835320953225,0.07802701454203118,0.08628811411100602,0.13732930214093986,0.1395055348217767,0.09010799315551599,0.3280307493192663,0.1307030350411506,0.33858078026797306,0.2115950789559171,0.3309717592144531,0.1906698358481863,0.3045459167785003,0.18431332545214252,0.08730689181952511,0.08437008362006647,0.19736448809516008,0.3100229041701885,0.32852110032094456,0.00276308237832419,0.2313296107050713,0.09621036682434485,0.08492010007973194,0.07977262155629034
CCGGGATCATACGCCG-1,0.07026064484798031,0.1965502603388503,0.08945561874108635,0.1267553345337533,0.12242134231862847,0.1063659384830789,0.14888025985690528,0.22410117217811534,0.14432202041902661,0.4956481369849918,0.2033648003800846,0.24225184511445233,0.18687459723696448,0.21659491676213571,0.180814481723854,0.13135520320085153,0.09229806694048366,0.16144028209025,0.21615193236574934,0.23555769648358046,0.029810600653753943,-0.1427734554952799,0.18047608803839743,0.14296865177138576,0.09252348928090112
TATCTCAAGTTACGGG-1,0.15126691552130317,0.3188879939981015,0.3688499376197806,0.38523392831200165,0.048666427732230455,0.04513061373281973,0.027293004369832344,0.08003184922214442,0.038881191408133585,0.22028404882185956,0.04373390250603782,0.04269741970287226,0.04214565394404899,0.052843344895111395,0.046923547593253935,0.36953638176452414,0.15685668144509507,0.07503855987779698,0.08341098702677661,0.08803606544844171,0.044038986216036156,0.3728813028081194,-0.0799740779254388,0.5990416349697447,0.3051697356854959
AGAGCGACAAGTCTAC-1,0.06290011596640836,0.25215507953328725,0.08720342459260363,0.14276141757071034,0.17323793199370752,0.12354741544839482,0.20152221035955478,0.20210255669811492,0.19670461087835822,0.3020908274269501,0.1460146082364097,0.13594210713498345,0.15336315535373005,0.1345782711401485,0.11765938655514274,0.13137415552863765,0.09202570603481225,0.08227048273793534,0.1175143243078678,0.13204341206318318,0.012103608111183342,0.36942030491817884,0.25667670384180413,0.2037868887686826,0.11480186294720289
CACACTCTCTTGTTTG-2,0.1474970351724468,0.4887137019392326,0.09817763083458758,0.17831742389295532,0.04478726009527065,-0.003636492798504217,0.001395910956335153,0.022320654740634785,0.06353674239323284,0.1989353718922134,-0.0001088365932802072,0.0014071312064316975,0.001317684645155691,-0.010363014089499146,-0.009905141532382101,0.15922199454927938,0.15857363617639328,-0.0021117228044342114,0.012556800209892761,0.022695704397786603,0.08261428269790554,0.32998847853931357,0.3529383903247069,0.22615535769162992,0.21518665943379706
CGGAGTCTCACTATTC-1,0.1422874316497063,0.24501608555492277,0.535546087408816,0.3568554684679972,0.03753038429797628,0.049867583231758626,0.053963178077089016,0.07307941064199046,0.043575109271047574,0.14926049305642525,0.0068067414227383615,0.039298338694474785,0.03832045562546384,0.03454895129678219,0.01214746699561352,0.48055876856841784,0.13131434227498562,0.07885116456352816,0.06233194757309522,0.059700402750239356,0.02458287261548689,0.2502242428725614,0.37946438703774094,0.4812862902811075,0.23328345133627176
ACAGCCGAGTGAACGC-1,0.05614616131482583,0.17429547918205776,0.05195264676694324,0.0808845641099511,0.2589463009992564,0.13372306201001577,0.20458395224906134,0.10746777113313942,0.20049050364867624,0.22388442247845589,0.0788051458150598,0.07414741175264006,0.12534742166979027,0.0969523325713931,0.06988427328289705,0.06489959678177892,0.16555904359584922,0.03700373018118443,0.03895053469938837,0.08703294191022155,0.05992557146040562,0.3137197223800412,0.18004347434210746,0.13764215803835983,0.09116081642880537
CGGAGTCTCGGAATCT-1,0.07928027162334135,0.21941787554400174,0.09277021368028573,0.1574065601530352,0.1046571279982997,0.061496583473693474,0.0996984205358173,0.22583774057361394,0.1157245906907465,0.45045464568997257,0.22423701261286377,0.20585933579384919,0.164712983816879,0.1908704636986985,0.18285466414845955,0.12910370173589508,0.09907281775384363,0.24336880850241002,0.23354143687613518,0.23587599150497646,0.03361509868550168,-0.05682115505339368,0.20589762669569095,0.16793985689065985,0.13306027831404652
CGCGTTTAGAGCTGGT-1,0.1546644516570342,0.2663076213350825,0.37398427055377076,0.3821920368713742,0.027928263353506427,0.026898591456292625,0.02429021276740032,0.041428516312729154,0.04082766198696643,0.15563032819647302,0.02375831782398132,0.03704735832816185,0.020585210419595372,0.023609047593237682,0.00908285649102284,0.4178178853906903,0.11738376547082112,0.08508664030222124,0.05910733749968198,0.06533058583322662,0.04096104432063566,0.26802051255290793,0.42695646726290076,0.4830940427878295,0.22699702328707197
AACTCTTGTCGTCTTC-1,0.1446133913468326,0.163253183436334,0.4522157244346687,0.35587322913743225,0.04159616470511977,0.08916914219988084,0.08769816570237748,0.03398828421581335,0.07682817471397656,0.10861657780698364,0.03297269853420934,0.04248786214502239,0.07015301864848239,0.05230584313200701,0.05347352024586425,0.3745465121113987,0.1539333371083284,0.06805599337907868,0.07107478535545839,0.09423640815711311,0.08341992935178405,0.1726502678108808,0.336117758863074,0.3651848969806149,0.20731793481867566
AGAGTGGAGCCAGAAC-1,0.014951011492414592,0.1434577954878896,0.0409938466208421,0.07673305881045155,0.19898885806426464,0.17954888912369069,0.24956824243696651,0.19851821479786927,0.17038345482228873,0.24537179635753623,0.15902592960262413,0.1877917634419029,0.24071985698224996,0.18848836770735977,0.20610716858827427,0.06320253388637567,0.0752902704958138,0.11522865588003373,0.08905009321078367,0.1385025436159064,0.03571044931414756,0.02440958075976136,0.16261986780341037,0.08460547051760119,0.04983541973234935
AAGGCAGGTAATCGTC-1,0.04566294272898146,0.17010804362451307,0.0690343533223659,0.15445153940791528,0.17973641394641549,0.09335178170341786,0.16275165813139245,0.29347909120072585,0.1576107132333176,0.42668553886323063,0.2875088965618235,0.30349297668267705,0.2569205164984165,0.3044626649866817,0.2497472462822889,0.13430263973674594,0.06899024824056951,0.2409012855582046,0.3909057389036633,0.5119782880186291,0.0016232414442702832,0.21874804111663587,0.18553122857667897,0.15952535987624572,0.11454284197963366
CGCCAAGAGGGCTCTC-1,-0.008984192492491666,0.16581070199504624,0.17547629396592748,0.13796374354439594,0.20088216196047992,0.2920567965009126,0.19668381677061073,0.18783944351250254,-0.004591013460255449,0.17488051357474646,0.21074349472739684,0.20142861946757878,0.22758333864290917,0.20724529504671493,0.21111040763309827,0.1638579873703764,0.1788591100013584,0.211671452349733,0.2114171496136482,0.20735528336022946,0.27173205530564815,0.14022649165631706,0.015765435929456097,0.1448196683160556,0.007875470466418701
AAACGGGTCGGTCCGA-1,0.03327556589723872,0.20881384449346632,0.01919888228858884,0.1027789138453967,0.10816598915806447,0.06806533660257141,0.10365997777665562,0.20007100336720682,0.11839828982064718,0.3585178389995207,0.18015369516925478,0.20440517260765512,0.15112097327137822,0.19058632113057808,0.16424919979343186,0.08406979930678779,0.09212638042998775,0.2209843848346346,0.2705701374166269,0.28932486168603794,0.009674058254664759,0.30411245090009115,0.18934061516943868,0.13458654171911522,0.08861285291210443
GCTCTGTAGAGCTTCT-1,0.14417609649933255,0.2721077691401588,0.12549189218832443,0.15113174800583146,0.025246588428211363,0.012153475470673783,0.013354703804552281,0.024683688132044718,0.029878895339795517,0.14208059271365564,0.030930740469713065,0.019221411422626247,-0.0072424672476435695,0.008545600726517387,0.008412830141752764,0.16580215626364175,0.15369735107498078,0.05719988234611341,0.07552129358470248,0.0594674598549016,0.1163773385070606,0.23835285408792242,0.3063647549398708,0.24536812709842787,0.43579796673948024
GATCAGTAGGCTCTTA-2,0.14932831701016985,0.46832696513330313,0.1082528614311307,0.15835994284028354,0.0556059245604948,0.010392053278853852,0.055961019349976465,0.02233240882595868,0.09352869111849968,0.18226333099834077,0.0002236886054825328,0.0027080532248314674,0.01568037711219309,-0.009039771815391343,-0.009382957602910611,0.15664489976600188,0.18041313928040875,0.011003006557648513,0.007205898439413155,0.016740326685511796,0.10024847618727191,0.33855777444126717,0.310600484204696,0.2498510499580955,0.23115226705011827
AAGACCTGTCCGCTGA-1,0.04250810911174119,0.13742518684282165,0.01933971723695843,0.043635063313951596,0.19379067757415147,0.16114361417698425,0.19829419088994765,0.12750195778367315,0.54420799973722,0.4005929758480697,0.12641012830476783,0.1071286374805584,0.14749717984553082,0.08476561280172838,0.10067556600385334,0.04552010024161252,0.07764063637765646,0.07949494046944162,0.08310483991692667,0.08995413959253881,0.037806343299801565,0.355889808140369,0.13147291175128872,0.08989073366885829,0.0635218639595285
AAGACCTGTATAGGTA-1,0.06738177433485491,0.18217692291118734,0.06103767245866162,0.1336394720539777,0.1252782124738937,0.10704063748331646,0.15525017534942342,0.2597209663384129,0.11293380849447415,0.2973759214814115,0.21720496412473908,0.25351515397993263,0.23452826816894326,0.26851698737380053,0.192567815651854,0.13214432266369633,0.12445725116620025,0.147308620731988,0.2197215730726201,0.24302148729208356,0.01190834111973031,0.015569595020246883,0.194927686879358,0.1759846942175193,0.10656028078075015
ACGCCAGCATGGTTGT-1,0.0324790506958298,0.18006812364018454,0.05515888299924455,0.0687209442891469,0.2141170739593304,0.1500692475027811,0.1921304660485936,0.15144682221264208,0.17588692845577727,0.2713998906738663,0.13152819071043664,0.12476051866327281,0.1445224910012544,0.1050957945207711,0.10877331318123501,0.065261704612182,0.1736662232747405,0.07950019699018869,0.09025796995756807,0.11667303438480466,0.03573712963340958,0.32457962608004604,0.18341731460127106,0.14058194239677022,0.06050699463745721
AAGGTTCTCCCAGGTG-1,0.10301342411823727,0.14106671730391426,0.32775869323163204,0.12107292262996312,0.02212207637812387,0.05297287992678944,0.07735783533085919,0.07958394381862946,0.04379383952797121,0.15377860739643118,0.0315220500762229,0.07545780541002368,0.05663977240699268,0.05298006324028001,0.03722521697051622,0.378756164712738,0.09030648977428975,0.11382050958546287,0.07344172086287568,0.10286078697979521,0.007558891061503748,0.20973389312248614,0.29505376167606945,0.397893726962936,0.14554252783372643
AGCTCTCTCAGTTCGA-1,0.06135499007585757,0.1645304663666901,0.02902790131436534,0.050895676785841254,0.23138907460522473,0.16912333635887983,0.3725000836895335,0.12705123336511223,0.2764254981279007,0.4240746455245004,0.07432950018051886,0.09127519688868757,0.19364468697989093,0.11613978683395718,0.10860037693824898,0.047443087837351086,0.10546954800104529,0.05093489547061184,0.008790925673761855,0.04980848830341611,0.02372422244432866,0.37572127951795725,0.19351350074823048,0.10991578389311549,0.04772128527279909
AACTCAGGTACGAAAT-1,0.06331400013368661,0.23676687057849763,0.044693133848085584,0.1339900026603376,0.15257953638867924,0.12204523762817958,0.20626119391600753,0.286677416156901,0.19480140372616211,0.5979931656621718,0.2894499793714619,0.2605939168393454,0.22575006963127647,0.24864075469494065,0.2529236147173987,0.1158888938126173,0.10413894677591927,0.21406673437412113,0.22556709921427487,0.26892199776633,-0.0059287413032523785,-0.19472491781945456,0.26255707077554163,0.18699217591398737,0.15502502279623478
