,ABC,ASC,CD14,CD16,CD4 Naive,CD4 Tcm,CD4 Tem,CD4 Tex,CD4 Treg,CD4+CD8+,CD4-CD8-,CD8 CTL,CD8 Naive,CD8 Tem,CD8 Tex,Intermed,Memory,NK1,NK2,NK3,Naive,T-mito,cDC1,cDC2,pDC
AAAGATGAGTCTCCTC-1,0.09185973963782246,0.21453196162621488,0.05120740116101418,0.12072524529536886,0.11301870697536862,0.07913077559762423,0.13889969793781196,0.19614464427674122,0.12811908825296056,0.6122063340052151,0.18497240120079148,0.17621501156428487,0.1644998947348075,0.1751511599314088,0.16250880450486696,0.09067447142848065,0.13162948473230365,0.18903957234293897,0.2257034340267627,0.2376706833153285,0.012843289523316485,-0.27369137855121956,0.22395593411140063,0.14807009271488042,0.09127514187362197
AGGGAGTCACCCAGTG-1,0.228186006780024,0.20586963611027642,0.08586336143232987,0.13826387602374401,0.09905095042103648,0.04890356602050544,0.06757727989470427,0.02711998113881947,0.12143781989208653,0.19391807416406562,0.01944779870342792,0.010251834199620119,0.01873493266506844,-0.010135031388408464,-0.0006560128881887932,0.1568541428251345,0.5994034974025042,0.054460005310383586,0.02444020703881027,0.03677353957662404,0.18875249510427367,0.27227220773027794,0.19496875976545694,0.23442682053231165,0.2066947631259166
ACACCCTCACGAAGCA-1,0.49984663594532486,0.2572259682050352,0.065520315287333,0.12635163810338856,0.0534259890453718,0.007624531844440385,0.045651572537108796,0.014805872540437548,0.0707417634878123,0.12961647812428706,-0.003856713251462943,0.0011702320783683123,0.04322456622396089,0.008692226011104393,-0.01074311061559395,0.11945459153040829,0.42527287795373214,0.03033677241473735,0.023000528458522115,0.03169059463795968,0.5795629462393775,0.31731948535597115,0.30859868933605616,0.15369836886669683,0.14040279275879203
AACCGCGAGTGACATA-1,0.02233958521876789,0.13941110606509244,0.03328515188977475,0.08374685702143865,0.07393079561092936,0.06934134086796762,0.1012473672328987,0.23146644767940805,0.10567843213090389,0.41696778139779983,0.20793453790149036,0.20954048612786014,0.2020008915117402,0.2269519857287517,0.19676385319946713,0.06965629955419043,0.04665529111432188,0.20960207547226703,0.3179947754455161,0.36942120202468415,0.009245207985490908,0.23220171341696072,0.12909112971797937,0.07434961226916985,0.10992618601429377
AGGTCCGGTGCAGGTA-1,0.027245782391078874,0.21492801186295285,0.0456221949283224,0.10345649087158543,0.08197772641774093,0.014152580050548253,0.06842646194309823,0.1664732822766493,0.05583342532180209,0.19090473168862962,0.17255799551260112,0.18051770823859442,0.12796255743217974,0.16441170272436112,0.13321917463764946,0.10868294325559202,0.07577096075483383,0.19816334878065386,0.22735252230740532,0.24514131998720617,0.0033726274225545205,0.14324539435621167,0.22044841049848093,0.17317916728975,0.13256419730213928
ATGGGAGCACCTCGTT-1,0.15566456982764626,0.27812377179633774,0.30280335829461813,0.3436147407486727,0.04612845923589457,0.014626181374975762,0.0260925814709314,0.038609301236650614,0.01912466118206749,0.18798376130858424,0.02088532296850725,0.01606684076775614,0.014252927972310198,0.003378192842207574,-0.0033952514266531973,0.3647763835595788,0.13618228744844216,0.056959917287866306,0.058419018409143285,0.05971121474546275,0.05260537163172735,0.3183804851146598,-0.0991567082345109,0.5656417960564167,0.2610987350027188
AGCGTCGGTAAAGTCA-1,0.004911658880011834,0.14234249329874518,0.028455571202942266,0.08127882625884748,0.1266354470087775,0.12634453022807524,0.13217174525654246,0.2636878762573571,0.1102401503772141,0.31701539211836416,0.3581481881452929,0.25024847350627505,0.19350307397812447,0.25926757144268736,0.22464276629196847,0.0653369848079583,0.059020027054121633,0.20552304896049314,0.38748229715042176,0.29032750868077434,0.01416924589678261,0.242910372797547,0.11010595302772308,0.08507003333359042,0.06419163737464949
ACGCAGCGTGGCTCCA-1,0.24976655514140073,0.22612868380499349,0.04190044434936228,0.10944860703870771,0.08239849725862833,0.04240300169651298,0.06511867206853483,0.04820845493277618,0.10145110614905228,0.16956094077571054,0.029969547761222116,0.009710626382736605,0.028899474076557626,0.02634737917564875,0.02733566751282735,0.08919609410620429,0.49829131911832314,0.0449692534053696,0.02078398405230264,0.037385744619951075,0.5019232413057088,0.30080487330839695,0.23655999119111176,0.14480973418074777,0.16429775701213367
AAAGATGGTCTCCATC-2,0.15582836443068468,0.5016623635515863,0.10457856438800395,0.16972945774493237,0.04420336178074753,0.008549205486361584,0.023527370053836094,0.01940341205636308,0.0841406735066391,0.21674234043879706,0.004723065621778793,0.000172223824774751,0.008007968201700294,0.002217907303440287,0.003453604460792957,0.15789809537333813,0.19645913532176654,0.033404778142123615,0.027353622159028947,0.03558471857752081,0.08643042098987257,0.3500619794616561,0.340329796969158,0.2483412125783215,0.22517391330358763
AGAGCGAAGGTAGCTG-1,0.0672648733803319,0.18994115310033638,0.07472869628026818,0.14792142000044525,0.11863058252145389,0.09211923978254077,0.12515892525219102,0.21473596762064584,0.1285435623781683,0.3028807186432529,0.22130394618407173,0.21919361179939195,0.18244752248124263,0.21321182850269704,0.18659860433054276,0.13235511316975135,0.11001780844864399,0.4231240096802792,0.4139648574480384,0.2876171856364709,0.0457293270051612,0.30801410480727104,0.223177435070284,0.1819299377411441,0.13001570263865062
TATCTCATCTGAGTGT-1,0.13868140441128765,0.2622872782071423,0.3822842536935229,0.4317480613454911,0.03280432804417492,0.044435297172994596,0.044076476205152114,0.04518473711537903,0.039154390696857916,0.20846578366549012,0.020251171552814792,0.02531710397232837,0.03926312253370244,0.02732074384390006,0.004819067071955803,0.4480195363806641,0.1529907436954831,0.09152979604234303,0.06463834125223408,0.09074408330517769,0.060457081068385675,0.3102599406116756,0.4232634742600232,0.5121923943899831,0.2317414085026281
CCGTGGACACGAGAGT-2,0.13604845073036545,0.30525789879071485,0.14560644395213845,0.1631315667951037,0.1326091538437815,0.08326547137009074,0.12249454559249065,0.1311076569179446,0.1136721889909554,0.2666632540666856,0.11504176075830222,0.10660369383509308,0.1386580400484375,0.13149718113243367,0.11701788638928386,0.17063132476191953,0.1613011855837355,0.10160817265317784,0.10149583384959339,0.12193840975354937,0.06625360281245296,0.10809111774709589,0.04041125730224853,0.26791468348894687,0.586372145281184
GCAGTTACAAGGTTCT-1,0.14985634939893963,0.2722970159517162,0.3596537537774511,0.40225116339894956,0.004769173093142753,0.013131286793462307,0.03134157586219023,0.03458454931308844,0.026620321855764555,0.15935333763576223,-0.0035302431585130427,0.014225650707208838,-0.0037325584056694264,0.009765366148056641,-0.005710960012843629,0.42393572902341836,0.1393046693091899,0.06623432542937271,0.04680550679921302,0.054612230576770227,0.04777924779575693,0.2688280461898572,0.4436728188590591,0.49643190794366926,0.241055704306464
AGTGTCATCCAGTATG-1,0.06168458303823881,0.24776096610537038,0.06967693973419944,0.13505956681416437,0.19142723639094536,0.11037243433866073,0.16591306478060627,0.20570404939607628,0.16895695255030818,0.3663661606870571,0.1728771914938215,0.18041401914624938,0.19258964464084943,0.1799581709482364,0.1684525341278923,0.13101199218042467,0.13723406839309024,0.1368936341027552,0.14141577752510923,0.18043516701392598,0.01378621031609803,0.0411914557825773,0.26002051463221826,0.1903401148325081,0.13597869858333406
AACACGTCACCGCTAG-1,0.32287769358288454,0.21414334738117713,0.07322383709127529,0.1200403521909017,0.07568375091990732,0.04463355718439095,0.024906190115448906,-0.0032209877704684766,0.09465081530982139,0.1085940496647067,-0.0042626174462014966,-0.019798325077100914,0.011675553325429668,-0.010504135812010647,-0.010036734285611358,0.09889786716828147,0.10173976552503863,0.013298840165244564,0.004919177158649712,0.015973291420085033,0.19968355699157947,0.1917738813691373,0.2482506817253671,0.17736270309190524,0.166856430234144
AACTCCCTCCGCAAGC-1,0.01659665943093127,0.1683176692335367,0.04558700056602495,0.10066018014233112,0.16343885149102788,0.12537547254616355,0.16122508970267527,0.161067730739655,0.13670043122847825,0.2222178042934723,0.14093852936778495,0.13751226062863414,0.16261581503238612,0.14511104697978858,0.12970772714700607,0.08539633984772153,0.07714338651206351,0.049962309994540814,0.06990779106999961,0.1111919067246769,0.012311574334378477,0.29082551162767967,0.1810608319301924,0.11960548706014155,0.0669917240313712
AAACCTGCACGGTTTA-1,0.4645506988754556,0.1870317213115284,0.06985271299363936,0.11126707709501568,0.058844565741990214,0.008966389393594025,0.027710507809811474,-0.0013842770826481474,0.04207738934833683,0.08851581042342156,-0.011557068481933492,-0.007260161229166267,0.0031488162851215262,0.0013067931524804513,-0.008639521066618628,0.09417671061166165,0.4611168837528031,0.0245669316086934,0.007073568416350029,0.0194271400097258,0.5210127415405807,0.1843498065352996,0.09653727531999534,0.16474218211588174,0.16497814294187507
ACGCCAGAGCTGCAAG-1,0.04740107365460833,0.1345877563502388,0.05139049112031366,0.11464241704696006,0.11035882236636929,0.10363426020240873,0.12563136156860275,0.18530703002513016,0.100111456487839,0.3693093715285679,0.2253588400147215,0.22599112736040186,0.1614683543068639,0.22005863185108193,0.20587858993369818,0.11254434466222955,0.06831168423942251,0.3979045386939624,0.35362432906602276,0.43190870391252895,0.03174852465021583,0.2896175379430359,0.1693833328012911,0.13340785453354426,0.0921730296186803
ACGCAGCGTTCCCTTG-1,0.022268951284163764,0.14254192143689676,0.012599057545768755,0.0335413924871771,0.17048388285693622,0.13398572956924004,0.6229390200412409,0.09577636899328876,0.1456780651305099,0.16754071543265212,0.07304357611789518,0.07685202123698527,0.14691989804772732,0.09326592595336436,0.09516988239028765,0.03472768284524395,0.06446588216544553,0.06832056331809207,0.0394813386128947,0.0599595705328813,0.03401093397117889,0.2488239703668702,0.16432350396445844,0.11048730281059688,0.05799370853503935
AACTGGTTCAGTTAGC-1,0.06039883807586869,0.17108333664565017,0.02675455682488304,0.11280175465433022,0.06945885773881114,0.01668942778836818,0.05543840623650122,0.18011131083852316,0.08689010664729127,0.4406797710014913,0.1769191341952451,0.15789600048021277,0.09985483941298892,0.1623981619706805,0.12104288315040448,0.09439143031067129,0.0595450327150162,0.2150740461721646,0.5439727306074121,0.4087589954755291,0.003563857739960686,0.33054285068027284,0.2115119744433767,0.15471094524336523,0.10980925592044428
CACCACTAGCTATGCT-1,0.08832655126691705,0.21348646741490773,0.03497280962144965,0.10577904791860333,0.18668547965613053,0.11580314862548453,0.16617414493695765,0.19487427434842292,0.15491515993078622,0.4751360485391653,0.15594518553657935,0.18294872288410002,0.20592241683242718,0.20514215491393512,0.1968331261600932,0.09499736571862454,0.14702146544384898,0.13761216513435465,0.15561446727047107,0.18583546805042564,0.03714893827582304,-0.10909897786483448,0.2140455960390687,0.1384477920852455,0.09032811955940101
ACGCCAGGTGCACTTA-1,0.0795300368217276,0.2267088299511808,0.061434527107992784,0.13898890030270356,0.16946851430475982,0.11121034222899136,0.17000437388439102,0.2378455063888483,0.16602734297700034,0.5424688703633882,0.22522168238255533,0.2198971801602983,0.18839823267775382,0.21703409670826931,0.20668969695251008,0.12028205311276595,0.14568706871386944,0.20641538374025015,0.24591840616318078,0.27053864776286485,0.01741913635848559,-0.1558492674616138,0.21708971145953704,0.15182963568693483,0.11774081848508923
ACTTACTTCGTCCAGG-1,0.04895106733494764,0.2028150746628669,0.042435638383593884,0.1018658707218914,0.16006862594267524,0.11568306451155133,0.15790237659287018,0.2520561476408395,0.12522953650528323,0.5805271885218037,0.21673522907153028,0.2561663678917508,0.24004059623177565,0.2557429466000095,0.23193649302049857,0.09296984695100238,0.118422103494026,0.15991691292255705,0.20614350497573042,0.23138296190270088,0.01729227337698065,-0.18657745279562793,0.1911994990780257,0.1198477960516908,0.08329286732687974
ACCAGTATCTGTTTGT-1,0.08027719050083172,0.23452266177600636,0.045326987640015526,0.14813282831504962,0.100855694492461,0.05660725738816409,0.10642526504520529,0.18678172256957967,0.11162303130121938,0.5533952333924067,0.16923320127273858,0.18285190838001425,0.15061654980286285,0.16883898320915952,0.1483598413737433,0.12565603122035193,0.1361059266292911,0.21252166107554699,0.2438048168836512,0.2559803925758668,0.013010650797107762,-0.18382777444471546,0.2481102105956433,0.1940730481805116,0.1131554660474018
ACCAGTAAGCTGCGAA-1,0.15623638764428557,0.25469372575989974,0.39022176450715373,0.38768515549509264,0.07119345312639278,0.05773582453536712,0.06798990912450574,0.060245302353243,0.06306082919730432,0.17048756804611792,0.027452132116701892,0.025365865656014917,0.023551656313299082,0.027454566278444368,0.012548408762192034,0.4014124548905503,0.13578682629806357,0.064303481869012,0.06583960486285545,0.07306805414817,0.05805023005618244,0.313048380721042,0.3896549773407954,0.47057766074546525,0.2586879966087563
ACACCCTTCCAGTATG-1,0.038502831206787595,0.20168119754112535,0.05399905356394944,0.15647026970981334,0.11873699697588426,0.11053159760627178,0.1671660092786283,0.23870258684175585,0.1522613355368431,0.31428512050824914,0.17224869961664302,0.21624120060850444,0.18149800142106953,0.21009759241302634,0.2028447114974068,0.13224824799450235,0.08176591994596985,0.15428073724835878,0.1957675935885687,0.25098506871689746,0.02333608467237757,0.042848910040916,0.19759282564289998,0.15606048627377514,0.0765750110881975
AGAGTGGCATCCTAGA-1,0.07708239485579878,0.15154268780095312,0.06554093947810394,0.11601293369923563,0.11713087340624571,0.14183606056292922,0.19170613254840374,0.19819000575186696,0.14658666004928736,0.38836837495502635,0.2350796544927609,0.19084704072195655,0.16742968361353136,0.1964508315056423,0.2011317251409237,0.12182404790935857,0.14645949381366952,0.188778748703737,0.1672885614403165,0.18411009397500802,0.022800840225439847,0.028903588162842924,0.20523360752682013,0.157145987561993,0.10811993076938169
ATCACGAGTCTCACCT-1,0.2007628292864685,0.19646574572757794,0.3882038274852005,0.25480027759130475,0.010280338473990337,0.024267630548606933,0.054929781880546896,0.05200110862955907,0.045888350420785026,0.13047343079842144,0.004012445997051303,0.03297991494830212,0.04118707090545883,0.02801747268653016,0.028224527917290174,0.027491824741397348,0.14206373697754487,0.06698104364017671,0.07824866262113048,0.07368368862266812,0.0627398511025582,0.19997054141229076,0.33054201188022453,0.40413244641383533,0.1891119388012777
AACCGCGTCAGCTCTC-1,0.16531309220612597,0.22217528787541618,0.567184651883144,0.3086316288371557,0.05811357499383412,0.04010532232549944,0.05181047443220321,0.03994196800997178,0.044964918163657774,0.1488714548813863,0.028733748755520577,0.02963404610770756,0.028621058596184162,0.026266346472800736,0.026560772848303885,0.44549190809629463,0.12057285635888108,0.08795134772968233,0.06552586004356753,0.0767929642837661,0.03742468203349036,0.22641780415967533,0.3885209829667071,0.4092025906737737,0.2381201563947968
AATCCAGTCCTTGACC-1,0.15538271210825136,0.26949653783940564,0.400167493892555,0.39294815529691796,0.07450935551467518,0.05055819711759135,0.06119235341436937,0.03922817945916114,0.04514218241032098,0.15500127253188095,0.03665261933002288,0.01311095561085519,0.030674871131210226,0.026892428492228514,0.01950492421917382,0.4117397595637318,0.13368713417604186,0.08161473832546358,0.053802874747735034,0.07704515426490005,0.06918472569746756,0.2877893737000449,0.4084648661853679,0.46733908131647894,0.24020252965212033
TTAGTTCAGACATAAC-1,-0.005177369468250237,0.0333566012180352,0.028595674510750374,0.040635969751147284,0.02877919513363702,0.03700268118978635,0.05361940374442244,-0.004070422660570098,-0.0034191976821943224,0.014643228401643962,0.04461489673941869,-0.0035927810557638148,0.051647683279949765,0.04911424975337815,0.04979499665961576,0.04118054848619309,0.09309044554121264,-0.004266070734675466,-0.004169355332309348,0.038824557567446745,0.07760919864696851,0.02823311143086053,0.0289005710007985,0.08454969536726699,0.01747905742407476
CGAGCACCATAGACTC-1,0.1525154312007631,0.2539518753448689,0.301219257800697,0.40936990554296177,0.035506431148773825,0.015600674282905942,0.028134505393785692,0.0432565944006027,0.042160612368714934,0.2072595730494621,0.023744615349216916,0.027826589532207666,0.02624937773850541,0.03102437789584846,0.023211105614599825,-0.2405817755596422,0.13728212699188375,0.06819995488446125,0.08042137444538815,0.10685869434890957,0.03346933887362229,0.2861387136380901,0.4035158275917964,0.39689841809985116,0.20618631506503102
AACTCAGGTCGCGTGT-1,-0.008198455877241193,0.023989776791786918,0.07707427661700623,0.04964743490430171,0.02932393197154628,0.05736028510511184,0.03071187835748269,0.23611590545376515,-0.005414359841409842,0.06150937889049885,0.22294803877017613,0.22018247078899464,0.16322939632230696,0.19738924240564476,0.12901317926646053,0.06584936165678551,0.016789563186184724,0.141523689855775,0.2332610405610617,0.23273394891428303,0.033560069962118175,0.03415820731147334,0.04720132024947053,0.05642198525324189,0.020140737157682054
AAAGATGGTGATAAAC-1,0.049545705101351,0.1826564201389913,0.053782948494962526,0.12786187248195038,0.1338969017076151,0.11429775011604927,0.15937475984369734,0.25528964795802384,0.12261801090678848,0.42246295266886547,0.1693852103134452,0.22160867419909755,0.2489973241569154,0.24560772874543887,0.2101624356062731,0.125204926207331,0.07869437193112534,0.19652675954789045,0.14851813324685004,0.22671982081982847,-0.007941601570715981,-0.015572575882276878,0.170223252515536,0.1444244907644409,0.0640996933828983
CTGAAGTTCCTAGAAC-1,0.15633980590669763,0.48113106842756126,0.08780632752887303,0.154217590920972,0.048325236816870676,0.006496626608629108,0.04977976513766292,0.03460730001312738,0.08696915137888298,0.22209636870274563,0.024737485255701245,0.01780482075928059,0.016925913458445283,0.005789116028484145,0.006123139878606345,0.14674949941918664,0.18333262341954132,0.033399903655123554,0.016888481432797833,0.049416910761756534,0.0834701620302788,0.3631324035374035,0.33511129901288034,0.24284325373107427,0.21134778138700358
AACCGCGAGTAGGCCA-1,0.0064345000216354375,0.16066698035810026,0.015554706579218331,0.07777879917791787,0.12439892780970056,0.11594657643651923,0.163123090205119,0.25273065636128533,0.13614711502402047,0.39575679722776036,0.173194864913762,0.2168751863493309,0.19094418336248573,0.2006390473652822,0.18333483352683314,0.08836339467961492,0.1166711909018771,0.1113824984569534,0.17916427084714362,0.1829607155006136,0.003251849915992142,-0.1366456399824102,0.17300003451990506,0.11595205385798396,0.07442264431487208
ATAACGCGTACCGTAT-1,0.15245322637316452,0.26686008879874185,0.3554038846841051,0.3375490449148564,0.0238971308482478,0.02865282828423505,0.06858200057942783,0.025301572085818184,0.05612331923978026,0.19045940568961847,0.005882624662606084,0.016736052147285088,0.007279673033309938,0.012465223876849158,0.0046123737563650916,-0.16830136108629096,0.15492818275925652,0.048629502574543314,0.05031151481680212,0.07313432447449378,0.07109465869906705,0.31576564925410067,0.4066825417870793,0.44706753043307157,0.19693389701290515
AACTCAGTCCTTTCGG-1,0.04586101305549295,0.1818709191683255,0.019007326834939404,0.11336740870756819,0.09069231589698752,0.07652365987948874,0.10293633296353355,0.2232373818800062,0.097528666431331,0.34696687464977416,0.2021508006872177,0.23934975649549609,0.20218290516696505,0.22309937459679294,0.1859318671212466,0.08968781130309605,0.06668435453258074,0.21119723167053628,0.2626369433630083,0.29578729686251776,0.001421415706718095,0.2856942296359353,0.171589300220143,0.1361743407488127,0.06005975847572912
ATAACGCAGGTTCCTA-1,0.0411343183209669,0.14741304484228734,0.021858366469870365,0.08483308041167759,0.12935782835079557,0.08335331192468162,0.1328312433150587,0.19195560180344354,0.13327161211267716,0.4563659259930433,0.1804068079605997,0.16051832166275107,0.16371083016447152,0.1631591633085043,0.16471788914308966,0.07347955537645617,0.08728541038742005,0.17063240292012619,0.1624749443717814,0.18620500737425405,0.01680292130621142,-0.22727279479612666,0.1646137715007718,0.11179276993166506,0.10693106712055482
ACTTACTGTTCAACCA-1,0.15968686052211176,0.1873904507554332,0.06279886830030226,0.09076094050071039,0.0901094029809436,0.023990387337258928,0.031082763858796887,0.010994157601757829,0.0669690309476905,0.110829104959363,0.011461007296717323,-0.011304105298704148,-0.0020209778620204734,-0.013172445050979998,-0.012722432202280701,0.08894425412414364,0.457981729315894,0.0006125226732707164,-0.007476100673237675,-0.004273632053142366,0.5869865235765976,0.018607340673014307,0.1892623028644086,0.16956270930845918,0.15046570102303228
ACCTTTACATCACGAT-1,0.05759848425747616,0.15774810671145711,0.04724960918486292,0.10665697502234749,0.07647615099293117,0.0744148297174442,0.08125637129905837,0.21811470431776445,0.10537426695845781,0.3216798763662018,0.17939488032959727,0.24397546995566857,0.1883760878530897,0.21720801409631613,0.19965487138270302,0.08334841923361853,0.07743881096780264,0.17899008366221256,0.24462440028529223,0.255435725180103,0.0004640358513177276,0.2688008790710351,0.17974424135900127,0.11408598208592374,0.09055394326011601
CCAATCCGTGAGGCTA-2,0.1470238424972197,0.4736241911307827,0.08489254095042986,0.14965327786995042,0.0667714290050487,0.0006529360934156157,0.018930715734324904,0.040618672420875086,0.08425786162192377,0.20237348413699868,0.009780098526718838,0.0009769291421364882,0.0179590831658534,-0.0024109750111149623,0.014891103275728929,0.14076187850351932,0.16470111412499877,0.0067576487364746935,0.02320514011666124,0.02872711356247127,0.09345819893758982,0.3380132476977116,0.305941133381541,0.21395969954226265,0.22948424901782144
CGCTATCTCACGCATA-1,0.20695325103931772,0.2252477650519937,0.20118345194244974,0.004983278197088645,0.21831625888258238,0.2672323913853977,0.18847778113388386,-0.005762214081718973,0.19990361084554711,0.21344975270684657,0.20346249127206453,-0.0050860501030022915,0.1950118145812712,0.1996781440252126,0.19592751042177867,0.19857760464425162,0.21487021896331168,-0.006039179444208686,-0.0059022661799347734,0.21315213767532182,0.24322988063758288,-0.0008566945566155482,0.19455431866418302,0.20076255403772852,-0.011557316842048195
TGGCGCAGTCCTCCAT-1,0.15440816657696538,0.2527156988623356,0.1709209327654603,0.1761078186555586,0.04676048012330006,0.031307619088458985,0.030007610286529228,0.0293270475432052,0.03332990375333282,0.12525298289971779,0.01999970096930071,0.013393706358247843,0.0003455253538385483,0.00897800605683862,-0.007580368878309547,0.18831919293219204,0.16603818308473606,0.04837199050213069,0.06893442060016869,0.061856417961013065,0.0777486668042242,0.2341953403697785,0.3199230675379617,0.2852883024586876,0.41964776971367146
AAGTCTGAGCTGAACG-1,0.05637832507849953,0.22050344197919788,0.04422002549867214,0.09433922192997313,0.2256823987116845,0.13554833971418018,0.21631694870432744,0.13080542999956346,0.2028893800316806,0.27695865726768676,0.09573162013168852,0.08943436370497625,0.17100392373508266,0.10897133663632089,0.10988358604585609,0.07594698898740167,0.14007477078334965,0.0901445001164471,0.06771600256688144,0.07798257442486504,0.0683180529975529,0.3279759935915495,0.21914499265678464,0.13548692083831249,0.07945350299863355
ACTTGTTGTTGCGTTA-1,0.014541307557463535,0.13347227929402442,0.012374506457508542,0.03792482841584179,0.18113292989086194,0.17271354680044398,0.18886380353316273,0.11516604387836181,0.16959808545623128,0.0307830679688815,0.11374310153105098,0.06465303115097165,0.12200100130626873,0.10313009444587967,0.09456610973150173,0.03879523765405784,0.07238764080185676,0.04838689064006904,0.059888745344437264,0.07778305093604777,0.03566625139985945,0.17580996814010347,0.13627633911360978,0.07056829475414186,0.03179784484336487
CCACTACAGTAAGTAC-1,0.039915688531126446,0.1868308721427834,0.06696484846278335,0.09470299176557263,0.19424970170283343,0.12786329929835377,0.191304502070644,0.21140148625970542,0.18262047286589292,0.4221402322063912,0.192673466832601,0.2131497187780323,0.20636543263329146,0.20620782895166748,0.18280537709680683,0.08205615568884372,0.0973298847538581,0.16869675439274773,0.224748368996642,0.24947268302928646,0.01913865454110836,-0.015978688421703573,0.16995709360177472,0.14689293535058773,0.10005100481908726
AAAGCAAGTAAGTTCC-1,0.0008317575888237345,0.14608871952450306,0.008810121217763795,0.02356074883169234,0.5499852734538512,0.14053917684287973,0.16173384780609595,0.08059148396250958,0.1800143408074439,0.31708069106347814,0.0896090315910802,0.08287153678527438,0.11848167656826694,0.07637865366482169,0.09009619395148268,0.02481696443193259,0.09610309520201774,0.06366881227622616,0.033814343289316595,0.06528499620537624,0.011489682566293322,0.29906055042520446,0.16060917441690212,0.08356493327938118,0.06588836487399448
AGAGCTTAGCCAGAAC-1,0.05673631087727536,0.22290357673032904,0.06968645392052111,0.11509675172432604,0.1632570938326515,0.12081947389486863,0.1623135238428498,0.14444101389128314,0.1381758422657034,0.27264871014423664,0.09113504335714588,0.11147981870164878,0.12885687952481562,0.11042936055463007,0.10555993850681326,0.11335051441386465,0.10450104445574288,0.1009370996830622,0.08583760513442179,0.11814085140340302,0.008557775883979699,0.3352063063153192,0.25521762818486243,0.170363895681903,0.12544834622646248
AACTCTTGTGCCTGGT-1,0.03929733575728069,0.1951230865865377,0.024804024679555656,0.06663831099387997,0.20152269210909354,0.12853585648210378,0.12683295611398873,0.12696269472306718,0.1734815228238333,0.06953194999599868,0.09900094386777615,0.06973812757022269,0.13719962910199315,0.0910335342698844,0.0836144477861893,0.046706595131939165,0.09763609990705803,0.043055915356518294,0.060871267118975794,0.07431196897722919,0.025107858713689448,0.1099424983689577,0.17604644167800754,0.12963871235268862,0.06707158127785452
AATCCAGAGAGATGAG-1,0.0383902532916681,0.1879175601185991,0.04309719646067517,0.08470593994208574,0.2449629358738232,0.1491701643956847,0.23154942339972817,0.13115577514547117,0.20668255534298055,0.20729996915400284,0.08418394362704744,0.09281228535976603,0.150204284606656,0.11362394045356627,0.1060043138424679,0.07355608576962669,0.12408054592662342,0.07816139117297766,0.03777993388127738,0.06860143720196363,0.036315708908947,0.3007655948563363,0.16750831634031846,0.1386949849970531,0.08121873992006025
AACTCAGGTTCCGTCT-1,0.06228995235407637,0.17248042731860178,0.03729102745224372,0.15636934327867263,0.09411640927843477,0.05657823006137269,0.05970018346811026,0.15317117073620076,0.11316669761579,0.4845455529850099,0.1688589025584912,0.16213004092789926,0.1552305993607178,0.16834310983479012,0.15999726626857425,0.11184740616441645,0.08209984499794926,0.18482112642860674,0.2436236844336504,0.2600506999460903,0.021650145632102897,-0.09235631986356381,0.186257132176294,0.17144358605865173,0.08741378604770259
TCTCATATCCTCTAGC-1,0.1355769047195347,0.48590255882220024,0.06609152354449332,0.12033107850515766,0.04568599965609523,0.0011360941386197002,0.056707286671398634,0.04355521586576371,0.08748499136395382,0.21413826004785844,0.017299678089805492,0.019652264316887377,0.027939132104131792,0.006332525217560133,0.01597864512954369,0.11234159773674916,0.17297439998540615,0.0448783782596428,0.01560466363466902,0.05705702602089993,0.07368048428440313,0.317288306288089,0.3136793150113135,0.19270898197852518,0.19934337456146378
ATGAGGGAGTCTCGGC-1,0.18831494384420516,0.25118780761237186,0.036499757635134064,0.11598960569794939,0.14130557093940857,0.09928965921081169,0.10722951981543849,0.1396201998004128,0.11169786932134393,0.30697529197130174,0.15336979789803254,0.11833329249753138,0.11153981993551434,0.10555827748779968,0.10031147012443113,0.11923201511147048,0.20797826971055705,0.11421365822198394,0.13279721838608086,0.15986173098049006,0.14993072184210662,-0.10610639810941858,0.26379454979596384,0.17146084621267108,0.1571238739201798
ACTGCTCGTCCAGTAT-1,0.0784385340190817,0.15223658951307367,0.05973996296346721,0.09124854575665295,0.14556042116547127,0.1504669548056628,0.18317202577542627,0.1368640110902697,0.16850118804364536,0.26880001260630787,0.12528140416095512,0.10729467363914108,0.1887851315270809,0.12774962009586474,0.12191073396442469,0.09335830886140975,0.11623642877485833,0.08363719750930486,0.0671355479512672,0.11376659214909376,0.03792483762416961,-0.014437462154129459,0.1773619432531532,0.14775379523925405,0.06450309300021098
AAATGCCAGAGTTGGC-1,0.05805995694155236,0.19541634050619633,0.03601278448451277,0.1160862041404031,0.09496271261998829,0.07967955551554678,0.0983937263443496,0.17687810197603301,0.11289789135672003,0.339493579334843,0.17567366400491816,0.20638544946860954,0.1802700281356114,0.2026214830475546,0.16510730689612957,0.09093942955370551,0.07904609507849687,0.1933674433267008,0.24357584270952395,0.2731562990270264,-0.007821022085591631,0.2872551967138188,0.1825158865618065,0.14093937516808347,0.08438310069510471
AGAGCTTGTCCCTTGT-1,0.04671130106183502,0.22060980254659524,0.025810001547371696,0.093321592687007,0.16312643278857447,0.12076363581369147,0.18151842086201814,0.22187643415187072,0.1653904933442259,0.39887054920463105,0.2479643295294591,0.2462484711134826,0.23149798637741636,0.24082205524592767,0.2338334872224794,0.096004183773264,0.1286858073501769,0.19012763609541614,0.21468230230720448,0.2666194709187778,0.02809009973641962,0.32195114846091644,0.21711457060212325,0.14239000601535687,0.06611501159012476
CCGTTCATCCTAGTGA-1,0.14971877466689706,0.2584147752241964,0.3189482999707635,0.32744411738428164,0.02521794275484096,0.025252903686716167,0.0536956022836556,0.03726898331017629,0.05618520382574136,0.16832308410875327,0.0149325476473325,0.026626192482009724,0.01792541828490174,0.021512523001823606,0.022681694129346563,0.35790279119908486,0.13772838622410566,0.06272277545930291,0.037932913414965165,0.051182016096646035,0.047204142323355375,0.2821315492870477,-0.14873943068833304,0.6249204618282999,0.22334671019093663
AGCTCCTAGCAGGTCA-1,0.03619695474102089,0.18534966999106853,0.08251186381906059,0.12279987736281212,0.1258896501556804,0.10925412124050103,0.13365475100976537,0.21009622315782847,0.13972163563149848,0.5341627587012368,0.1999757259767582,0.22287001499712805,0.18626636515259684,0.20628709082337668,0.18792423215266574,0.135440151197064,0.09400438929629491,0.1670678421979561,0.21049676528421143,0.2312016834717315,0.014242835891807382,-0.10864091136004485,0.19870359617102193,0.1827831257772403,0.09237538179960479
AGTTGGTCAGTGACAG-1,0.03763887546476716,0.15018650387669855,0.03181635798811184,0.06693602969519405,0.2187573865329288,0.15236758526615984,0.19910914038394906,0.15483248111209197,0.19365727327267923,0.241369166268735,0.12193510284847713,0.10811227329103944,0.19839477994317126,0.12689440593396162,0.13856245591549818,0.05307255103703739,0.10717965334117036,0.09760714754272974,0.07733419772167746,0.0995248071676985,0.029217198355812938,0.29390576497762494,0.17573781773692485,0.11922285803192216,0.08962567866961903
AGGCCACGTCTAGGTT-1,0.10951567726698898,0.30093966276140116,0.32972464534547735,0.3515751973227409,0.032363578451908744,0.01588676888614412,0.036908404953267,0.039081237245082945,0.012122207183491064,0.19097954048578655,0.021024079080961107,0.0254816451349774,0.008012432717378584,0.028857902770461085,0.013684588667474195,0.3804248877531635,0.13757791811220793,0.08032896969941204,0.08068956841932158,0.09410725618276208,0.05334883786617997,0.3315414849754076,0.4578319302663369,0.5087673105802619,0.27786213380748853
AATCGGTGTCTCCATC-1,0.08740601613753675,0.1921926896679781,0.13341970212692533,0.17451614154598458,0.12015576084805718,0.07557318500023183,0.11705703360262562,0.21815705397030202,0.12066098334187715,0.5138833208016753,0.19413667683869182,0.18508045809900447,0.18551730519885026,0.1968901087159364,0.1635700528238691,0.16811280824383362,0.12257504461449249,0.21375565474594255,0.2644044357433061,0.28048199952474895,0.08172242807162386,-0.17233785071655755,0.23287429336131715,0.22705162717644464,0.12081606333526919
CCTAGCTCACGAGAGT-1,0.05579261476488926,0.22597388693875875,0.06735090474840534,0.1632915446302385,0.08619974519946533,0.04998323145509317,0.10660009155957557,0.18054617743702914,0.11591669186709079,0.5146865672614332,0.1784041881601083,0.18260760967797138,0.1366842014133543,0.18562219346161374,0.1429067602229427,0.14332737165085227,0.10424007833054927,0.20264763671085811,0.26046539495135823,0.26689637406071814,-0.014614535009098978,-0.16486531612745306,0.2548413473543777,0.19934667614509116,0.13476036285726584
TGCTACCGTTAAGACA-2,0.11100612127111463,0.3934469913544766,0.07014796687105468,0.11912259429426918,0.06374038204493952,0.017782420994951406,0.02218965601259152,0.02842666287746133,0.06288697108707095,0.17352246005243596,0.01104232516954216,-0.006241925363594573,0.027567366165543363,-0.0009748394539956425,0.008674392189336239,0.1176244141572291,0.17173960255601786,0.03967790663432576,0.0025333686366899593,0.03153107920560206,0.05680167921528886,0.26100579473210767,0.2720024354506869,0.1769825171580775,0.1810913981081142
ATTATCCGTGGCAAAC-2,0.09901835424766217,0.31153459611807105,0.260495452020022,0.29678365464406453,0.10796826792484408,0.08899703661901928,0.14630081981102244,0.1612180768469907,0.12722417089411434,0.3224582690680234,0.12838450525907938,0.12962691201822857,0.1638922367226029,0.14455212356286448,0.134418678729164,0.3118831823902653,0.14998617957836613,0.12700951669348484,0.11534050669399042,0.14620468660872768,0.03149197909668433,0.6209827750664628,-0.15157537327268716,0.36792778873012794,0.21306590331810094
ATGAGGGGTTACGCGC-1,0.5372511613209852,0.19487103445734044,0.08676642569206125,0.14999804675231024,0.04194160965049022,0.03577061111691643,0.05258848678452182,0.031026125734226525,0.05752061333437576,0.1493495805368511,0.01399410243747249,0.004609884786795765,0.0038126590569558146,0.009904518217639609,-0.0065328656549245535,0.1619012707674397,0.22956126976558902,0.003459099424598544,0.00463736468834438,0.0137219712347115,0.18141567217544854,0.24550285806467198,0.23136881293619393,0.22160789444756257,0.20322517742016916
GACAGAGGTTTGGGCC-1,0.16636537356766695,0.4614828791750198,0.09873198542832211,0.15877926120314917,0.060183376619639635,0.002841134050199417,0.032413672919332615,0.03430017482527941,0.08618496187742725,0.21304084393504927,0.007667359494551141,-0.003085159926640053,0.008189597470938587,0.0036809866898472117,0.0110077592072738,0.15495967914295342,0.17789619185487227,0.016668180823839893,0.014081350796274735,0.03721735383661215,0.07624410144496871,0.34653646343147243,0.32965492991739465,0.23794196441768195,0.20108252366643672
AAGGCAGCAACGCACC-1,0.10969263640818824,0.22110783115521662,0.5514229771932968,0.26363137516373275,0.03640111011306545,0.039152842531776554,0.06960060925607864,0.029032567537030003,0.062003915233922804,0.13272125395643536,0.009226268515880607,0.018787295851735872,0.00783535768530674,0.014407068645799034,0.005488954849906256,0.41586956329585495,0.12173137469695905,0.06750792971743212,0.06125552986893831,0.05045691068503628,0.04539202764367057,0.2567268873934537,0.3675674086458681,0.38356461260924013,0.19990104157592034
ACAGCCGCAGCCTATA-1,0.1844451054786695,0.1423681109394457,0.07368973254984817,0.10184542282986153,0.07266955215566388,0.029893199864683213,0.06457822638562669,0.009520319068732264,0.0445243955530596,0.09373666778773151,0.009407779218730119,0.004717038810861796,-0.007102650184929289,0.0021367942792291515,-0.00802147423137061,0.10850367451788492,0.4105673987769411,0.045306829735324405,0.027230535454710377,0.029227228024359744,0.6117566191934796,0.1457891023490299,0.15811642860280614,0.13085203167520498,0.15018244197330546
CACACAAGTTCACCTC-1,0.24913225857673868,0.19818738973587216,0.10479561200379209,0.13527896836545064,0.08013482176524776,0.02051345255049912,0.04529680397979117,0.023335774933223703,0.0790325923636465,0.12077428940943721,-0.0008140140342727573,0.004708876081350242,0.02409674813637373,-0.006940306146071922,-0.015065570614311534,0.14639800262626307,0.18164571518734973,-0.0032798942893909055,-0.027110151268348003,-0.015353806612236995,0.17238580158985478,0.23365443204311975,0.22723574789848364,0.1985023390876848,0.1867125558622985
TTCTACATCCTAAGTG-2,0.13420581267926443,0.7136554603645635,0.09921035955855803,0.1676485665693814,0.15926688332318456,0.10599946268147853,0.12094031149154823,0.10523077290432452,0.15496522046790054,0.2888552268828667,0.076133606359301,0.06934822543192035,0.10979242918525024,0.08014783977966568,0.09038700187008171,0.15812599015152365,0.18996217507965552,0.07545752123023908,0.07377165299329949,0.0978578622477351,0.08570833771389075,0.11767666973193361,0.3139287204000055,0.2617553953944266,0.2136342888643899
GGATTACTCTCCAACC-3,0.14114420822473572,0.47418841151604113,0.07744885421013524,0.14298046813203882,0.051559136110774534,0.006503342715736728,0.027738365847831844,0.02837261703398943,0.0544602872842204,0.1986152261045618,0.013996499934632091,0.012146663858861059,0.0021548490740894047,0.012623929398438673,0.0068533077834042905,0.1313259936838064,0.15539263273435602,0.03375535965245958,0.012526712132796798,0.031188329813878493,0.08408272479550405,0.3387800960195205,0.3388585488791269,0.25511441999254736,0.21475334913025013
GGAACTTAGGGATACC-1,0.06614207869499426,0.18094864149556927,0.04407977749473687,0.09895267393504037,0.10516570545491123,0.09957850471066443,0.09247367169403496,0.16604805150542132,0.12423982718020647,0.4256875922819245,0.198315085783927,0.1685259501799673,0.1524403073729937,0.1819673376021895,0.15757678682121132,0.0929451857087352,0.10524170954033397,0.25301793062859435,0.2359718891083882,0.2502314895865922,0.027716296219975546,-0.05048710454056539,0.18219971040118624,0.14958306829160278,0.07338548736195698
AACTCTTTCTAGCACA-1,0.1450159611578486,0.2607114940355765,0.2911554199762443,0.01608433170494982,0.09912453636279657,0.06498381586815465,0.09894482960297525,0.16597101011682738,0.09625191938736798,0.2882019499114796,0.1303797086445196,0.16923617322199938,0.1277199770703261,0.17410816165465282,0.1351538883924209,0.20224898415857104,0.14984581635481115,0.159419030894877,0.18203156482832494,0.20860750695920344,0.04452652642873661,0.3389926430668731,0.061771813179180034,0.30765458283739094,0.21290738678251644
AAGCCGCCATCGTCGG-1,0.43802460457825076,0.004072126093681823,0.098796087425697,0.17968504785998804,0.0981529883271023,0.045889620861408596,0.03627863877847183,0.0246119582190155,0.08444188348874448,0.17909548575515624,-0.003820014768014485,0.0012056044270522405,0.044285639545018636,-0.011244363188690843,-0.0007478229531470805,0.17756364272616618,0.5687118595423521,0.031990099505906415,0.023422334769345028,0.02486912084178939,0.21199019397556707,0.20149063346960902,0.18642078737214418,0.20591005047575267,0.17411954399419624
CATTCGCGTCCCTTGT-1,0.08479344722188886,0.2686259194480255,0.09329084148060239,0.15354329350594073,0.15011832313904988,0.10408578615660379,0.16698780009014527,0.22626613293080144,0.15390556911637776,0.4503639275143157,0.21143095179644078,0.2107496633765272,0.195063835221897,0.2102708849487991,0.21122058195697307,0.1618525657615328,0.14495632556046578,0.20914871520724598,0.21539998429520643,0.2502730150910246,0.04305586862830615,-0.0406727772511059,0.26997779228154956,0.2016310448384044,0.14560757439142064
ACTGCTCAGGATGGAA-1,0.1587788602175451,0.24574578030790623,0.3571908347219196,0.35873252778063425,0.040381495943969434,0.05953789486767573,0.04346817127261995,0.04727092283520564,0.0649229591938403,0.1809982775366246,0.014075716762816338,0.033775688581411036,0.03145449476491156,0.02925152520571272,0.021031657491017347,-0.1362935592753693,0.15943888484715898,0.06360581999165421,0.06669595714470407,0.06111830934607972,0.08700997389696508,0.293781067052668,0.3890030048426539,0.4448064931494903,0.213159784380092
CCACCTACAATACGCT-3,0.1435408346757744,0.468584884074272,0.0927050092167194,0.1585748490921329,0.06761889863810887,0.007027404815691784,0.025903843844638508,0.03817162354988816,0.08046957459284375,0.21077815078377082,0.023984243629185758,0.017559343211449998,0.016436601013938432,0.004288688969270723,0.02517816153897159,0.1474421606513959,0.18071412454652835,0.049213866136407595,0.028871622371281363,0.040853390364051896,0.07737654810107707,0.3544156028862539,0.34514237191288943,0.2443795300916816,0.2121687947949017
CAGCTAATCGGAGGTA-1,-0.009569575115402764,0.11817458716776547,0.12230818281035893,0.1240771739006374,0.02343642224777368,0.1939306077503592,0.02468479895678347,-0.007523553348980435,-0.006319863640179394,0.00902774929382718,0.0190053461424201,-0.006640705940954902,0.023460624776043534,0.021864012307244333,0.02230578105116037,0.12606750672190462,0.011915199977948519,-0.007885178871906068,-0.00770641525199548,0.015174060677110603,0.02724921657640253,0.12214550304334512,0.11806812110745711,0.13969346728409124,-0.0011503303290492082
ACATCAGAGAGTGACC-1,0.07066207322541669,0.16534213489938498,0.010449752850602588,0.06308126576984105,0.16603543367766246,0.14493762929538978,0.18238323267931647,0.0995602388883051,0.16884881177399277,0.010032125060141995,0.08997246623989641,0.0889208334695447,0.13825602943397472,0.11858302207198874,0.12209768281945327,0.06499983848153555,0.14761517266367497,0.08364621887811699,0.0770665706036526,0.09603328562700748,0.04406513517242638,0.10735209489076573,0.19369754486799204,0.13480106922355328,0.07276888414801491
ACGCCGAGTGACAAAT-1,0.06710420449210876,0.14332511755639346,0.06903232968294995,0.1413137624936648,0.06376866159383696,0.025771528448549103,0.05587447234992088,0.2079776081046346,0.06914327038787652,0.3394196137051658,0.18656623202588699,0.18793066022184357,0.1504538690799622,0.17458410486985437,0.15596112088616934,0.1252042736111364,0.07362359004170484,0.2057374991510372,0.48844866796818903,0.4649728752889107,0.015122644934703505,0.1508376118808777,0.16666876737521427,0.16800503411920262,0.11545686978314329
CTACATTGTTTAGGAA-1,0.07206505696936166,0.319486331882437,0.08334316336425401,0.17009355082735692,0.13579314481466306,0.07988897636685015,0.14848064410667094,0.17509162501434752,0.1533839590577324,0.3617869050035317,0.1506142658184493,0.165179047817597,0.15549965658833345,0.16988266930237467,0.16067420716390413,0.16447384016121983,0.13470350879969512,0.15187073696923675,0.16256503857382196,0.19379333232095347,0.017519035390671945,0.45043968133273826,0.32326407930572987,0.23549184696577236,0.16533502472727188
CGGGTCAAGGGCTTGA-2,0.14815256968681736,0.3088825030588781,0.16325516360850617,0.14894847193307187,0.02904316944348812,0.03338970990144036,0.050017055827550255,0.038394368618355365,0.04407024865915885,0.17344018436904596,0.029579144551655594,0.023048892018005463,0.019484958882102336,0.018450451387995073,0.018517716206149067,0.18094751403425377,0.1612050024912309,0.05756101384514976,0.07079834823761072,0.06402011005629903,0.0819159532553124,0.2703851991421137,0.34589194200051554,0.275463603688861,0.42833939394617054
ACGCCGAGTAGCGTCC-3,0.18503067222721659,0.48400080013858093,0.07839080242316589,0.14822367365589237,0.06650631695189525,0.004741525845675653,0.059997576119083476,0.05416828262632284,0.05317485219188094,0.21944659274113004,0.010097635693075258,0.00877490348940647,0.036270030519967196,0.004269722922724491,0.014113019530666767,0.12866898131372087,0.17624064280484494,0.04883499742480922,0.042768505545927496,0.06293656745602148,0.08950550541234652,0.2839741586647619,0.27798014365072765,0.2094658023608105,0.21606656622259054
ATCTGCCCAAGCGTAG-1,0.05037801880098487,0.22304450904243764,0.03292969569148667,0.07135242618052022,0.22320383153885986,0.12668532256606643,0.18017952880606236,0.16456443015160893,0.19827821955785532,0.2950631157414673,0.12331874500912113,0.12095341680367624,0.16171604924925287,0.1363272892090874,0.13878413237827839,0.07626079785412967,0.13081211960975142,0.09179363104767363,0.06373488655924006,0.12156234800728402,0.035966904105462286,0.3786660101418603,0.21052924594998246,0.1234884515179729,0.08842264820486917
CAGCATAAGACTGGGT-1,0.1735478397651597,0.2791632332170178,0.3795959181156993,0.3204517740050806,0.02904147427600635,0.0266418700105815,0.04869349069981315,0.030206314670336184,0.06183585866749078,0.16042376194719962,0.011451077284370361,0.031235061703996366,0.013753756743170018,0.018826106669928316,0.011720035856516335,0.4197442720865989,0.17268867422771703,0.05564910022308068,0.06437111701466944,0.07025712816649689,0.05879414848607932,0.30755926032017905,0.4153841589290696,0.08297858220964789,0.23197391751010787
ATAAGAGAGGGTTTCT-1,0.6538231826918476,0.17750946435746257,0.09196433858916088,0.19234417577758056,0.06607349787265304,0.00011551591029879613,0.010163480043778973,0.05053213262654084,0.0570262921904838,0.1897173333626042,0.028671272039165967,0.023024336023998074,0.04775903769221769,0.027176499984542617,0.020632302708388253,0.18336781143715652,0.2314574592019498,0.0338456123284652,0.057851826377927636,0.03889804562349637,0.1510962100847508,0.27077920504683023,0.24947662716344152,0.22615616236446962,0.17821462787847028
AACTTTCAGCGTGTCC-1,0.013069519385167799,0.14928411769166589,0.0034288085839542168,0.055227047844998975,0.11723559399625612,0.1074404123365252,0.1581228955039979,0.3619668741799957,0.1653950740501248,0.44715279607171143,0.4400235631606785,0.24011536608632122,0.44871986425847,0.23471933403001616,0.24830356232745285,0.05135096304967764,0.06877685722742982,0.2213238463179715,0.220052641985276,0.24843649539084942,-0.004850303322065873,0.24782587107797802,0.1545232602934224,0.078137937351267,0.09197880788560261
ACTTGTTTCTTGAGGT-1,0.044851207986812504,0.20116497773812578,0.08857925678558252,0.09901958493401318,0.14680100485928255,0.1080039169044324,0.15190537868303647,0.2420871098144289,0.1255053177809235,0.35695787646426014,0.22511028748580242,0.25062613168286396,0.21641013869328937,0.2456647249879374,0.21096654194491843,0.08000863620840694,0.1006921704370801,0.21141725628448604,0.2120044366608659,0.26408995382299866,0.034630698906479365,0.2998660300520617,0.19374948230316524,0.12807785181720624,0.07892627953258001
AACTCCCGTGGTAACG-1,0.12390995697009495,0.22575162089939538,0.4119959608255951,-0.12151818482997537,0.048464113733197346,0.034591794278218596,0.06957639770970171,0.05608008107108317,0.03553977218849634,0.18864154649210615,0.029224848661162633,0.03314457662027675,0.03113799090041127,0.027597061859648563,0.011109117081089902,0.29348832013714066,0.13273229580726026,0.08298545398442794,0.0698957452112129,0.0924658237964777,0.03846865831872875,0.2803141765569975,0.39595551088962094,0.4467639268851076,0.2050914191170014
AATCGGTCACATAACC-1,0.18718771672977666,0.2647935493897219,0.3608290978845257,0.36775282205882137,0.043446931327268144,0.03743082201583099,0.04190268886887169,0.01958474096100987,0.05069266223195407,0.15968039443339715,-0.00849899197162507,0.015942767897830935,0.020812643513738006,0.0043310456418487395,-0.0028539190183591284,0.43921900512592876,0.1649099020999683,0.054114457816061494,0.03735453626534524,0.04339354924558269,0.1240984278329536,0.2633687810612088,0.06578193237310392,0.5083573113616966,0.25890365705520196
AGCTCCTCACAGCGTC-1,0.0662265570121596,0.23601724459210283,0.06134585908215424,0.12934774093027662,0.14220284857097681,0.119066485226974,0.1833778677673431,0.225894590576169,0.16292402117588442,0.46515904991309204,0.20848697008993988,0.2031000485244354,0.1891409451467878,0.20340645764318466,0.17382861579167244,0.13132962581287633,0.12504948255355036,0.161364508418514,0.22655835023402432,0.25712672808023807,0.011179354034079391,-0.05771105885521269,0.2089734243060852,0.15691686622268988,0.09592329206063321
CCCAGTTCAGCTTAAC-1,0.1921651618568308,0.26356026660979764,0.4057067072047156,0.26555124994696166,0.04002445223066221,0.034501658531783705,0.04230322519571518,0.031911648372770184,0.054818450088124165,0.17604733562416586,0.019831783680043083,0.014334819933299516,0.012489878686002591,0.018221073990655125,0.009790234612081818,0.31361526669490314,0.1682733876672708,0.051503718354742135,0.054174942888289605,0.09947847496244529,0.0908995483106322,0.27407846434312905,0.4273871148384373,0.2630173277587802,0.25465845871810583
AGCTCCTCAACGATCT-1,0.044869836691555656,0.18693355627142733,0.029266673560003304,0.1093744895650862,0.08292054261051587,0.10445090859210832,0.13584356313849055,0.26017250507439066,0.13140281926467673,0.48859923873380434,0.22418405048858803,0.22461573108212168,0.2175695440787372,0.20817757978656634,0.19208617020964877,0.09690704491661874,0.07056227771678646,0.16321292408709004,0.209798827220756,0.24381857184875877,-0.011597516871133527,-0.13321019262254943,0.20205637344254623,0.1521313107853049,0.09757571210461119
ATAAGAGGTCGCATCG-1,0.06392556156088923,0.23222710293416532,0.0256707765443416,0.1255814112276155,0.1731543235652481,0.08862203239511086,0.1694536941436012,0.1967780795701256,0.14397892501415138,0.43203432744879294,0.16766616078170224,0.20671409816570296,0.16545833109547844,0.18402392487286673,0.15455895986916363,0.09837301402352978,0.12809283646604308,0.1724774985851191,0.22392751971536334,0.22837100592272735,0.029886508768588345,-0.08205342148843477,0.21854770909649274,0.1739637090258812,0.10234360171094137
GCGCGATCAGCTCCGA-1,0.015054901914723478,0.14750299343981457,0.17793353473503826,0.138103294076211,0.09385571476369473,0.11449235911592984,0.029141216265181288,0.17914967701134937,-0.0056278888745660135,0.17635782485277723,0.023028916060765108,0.17275383248487017,0.027818259056317178,0.15824360003643886,0.02657153662952069,0.18602368630572583,0.039185544724605156,0.021995395423523332,0.02272145215409322,0.16023328889602517,0.031912317728847665,0.19086076654960404,0.14049558693046807,0.17302551084688814,0.0019660882950272977
ACCAGTACAGTGACAG-1,0.06052162430903107,0.22817076306964268,0.06641968335386497,0.12776763583640435,0.19048680386163477,0.11833571098139602,0.19235577229356632,0.13944363219461,0.18085529264956102,0.29673866678800104,0.09722155646030575,0.11105345550736082,0.15692762697977597,0.12265293656414321,0.12720356504531363,0.11807440353815654,0.10452631703893565,0.10408213669925734,0.0729097803823608,0.11129048194898655,0.012613772980529772,0.3864698319633051,0.28182938714518097,0.1691523483817745,0.1296549302988956
TGCTGCTAGGCTATCT-1,0.07739793356354438,0.280542157102295,0.06597357613321353,0.12040965501347771,0.15865861137092868,0.08755242798782785,0.153686616192917,0.18456299641896945,0.17644790850424869,0.13316903895488785,0.1490281625902889,0.1450831837357823,0.16711630755591592,0.15196910810465417,0.15029310549574393,0.10762004358971979,0.13730872261809376,0.11061264499202156,0.11652975753769772,0.15254000576426793,0.050469366299008785,0.21007563065205914,0.26160499217472966,0.18028690625268506,0.10402434966742911
AACCGCGCACTGAAGG-1,0.05921543322690503,0.18249754191840753,0.04279658033164824,0.08195519600554681,0.1550380310842301,0.11600203726129797,0.15456216619836444,0.23135918608894618,0.15850443891499832,0.3707158597734494,0.16100721593732018,0.2005079710792358,0.2158155885633732,0.18719343705408478,0.18989434692938212,0.07242539737395914,0.11375474815823905,0.13685348359160812,0.1752058733183355,0.22796975998842842,0.03162602296875213,0.06618221324290073,0.18552060604769752,0.12963646231218376,0.0550193439701899
CATGGCGGTGTGACGA-1,0.016497665905902417,0.022815812258138675,0.03687256100464233,0.21458859962678645,0.21378495512937276,0.0308604331720761,0.2228027690392119,0.04646562935722697,0.036048958837567764,0.22252245216271385,0.008293200634421277,0.11081111682370177,0.20691580974215315,0.1435822884851359,0.18928044094719557,0.22273680875332522,0.21661710102012724,0.1977688777874988,0.10527097653779285,0.13844198338542332,-0.00871604088907789,0.15130164453237085,0.22397977099373245,0.21894822399649497,0.03710396380860249
ATAGACCGTTCCAACA-1,0.056856159349756456,0.15357698873399933,0.055421783144302,0.08828177193178859,0.08300790856234076,0.060434001789348914,0.07523351370204066,0.12761542944177987,0.07830473457816997,0.252826788470557,0.1919873291929591,0.1502769910601231,0.1245619680708113,0.1495010103953786,0.16118752066515438,0.08514005331886476,0.05061925626608331,0.5371464594950132,0.425412489213014,0.23115487680027968,0.015348724847633909,0.23431148752763653,0.17993853098017232,0.16328155102111433,0.08910003134592541
AAGACCTCATTGAGCT-1,0.03419787844734799,0.21394395897400048,0.05384635559447086,0.12105057542770263,0.09271356005016297,0.07848144889879867,0.06506370037381129,0.22885050479877617,0.09961206189694848,0.39274993774233113,0.20928243602097724,0.22427085120387807,0.18521294668152108,0.22797808384682022,0.18079759980949542,0.12310700210041652,0.11287869690706515,0.22443204856284596,0.4764557072939651,0.4554975346288679,0.013655500306298082,0.1969480543378601,0.19529141867633015,0.14530829040086565,0.09310888357910826
GTACTCCGTGGTACAG-1,0.050435596582766244,0.19517384469029986,0.04593069965608946,0.11384513988277778,0.1130396286799807,0.031371637385889294,0.09328723391545236,0.189089386016379,0.07896988602521511,0.47637458196977533,0.18754725195570673,0.1776744988320873,0.13689123751972246,0.181458249358897,0.17408621653562042,0.11593703880881884,0.0688821713437387,0.2525316303132605,0.2512999327170965,0.2558471603334228,0.014694683008323576,-0.18408838546049275,0.20483677216217364,0.1700158296860158,0.14508717800792323
AACACGTTCATGTAGC-1,0.08212729622741577,0.25519654414670745,0.05106854176373564,0.0855768923964796,0.15817696002381174,0.10482561647751909,0.1590449920755157,0.1702799688405487,0.1630241918523492,0.27175982744103205,0.14361009767509647,0.1398005282312508,0.18097229003992948,0.154799827446368,0.13148476596591485,0.0827499139439595,0.15261174489957352,0.12360290210461847,0.148049807984471,0.15354327740396315,0.028995007700447176,-0.03633174576491641,0.23965322511748768,0.16159064755740615,0.09258942357469922
AACTCAGAGAAGGTTT-1,0.04317402182921728,0.20327888226828844,0.05592821772655782,0.11800047437701039,0.09916842059361235,0.06886256695858543,0.13104859091318474,0.21513966217345945,0.12718877070233317,0.4124297884883053,0.17790133200847075,0.24198712182969634,0.18718922861367182,0.2314836797386561,0.19788464458041677,0.10777242537507789,0.07142251218791427,0.16910098417972422,0.2648438026593827,0.27072810378971646,-0.0011861196344331204,-0.007100393462828634,0.1656492814897541,0.1327361715471386,0.09270588607962589
ACACCAAGTCTGGAGA-2,-0.008198449905174415,0.14783833652863373,0.14394393610343792,0.12865728970666956,0.12634236833392531,0.12366165658153938,0.1322954135353669,-0.006445581386496829,-0.005414355897384403,0.01525176978822036,0.1195829523281171,-0.005689228031063056,0.13121976238863642,0.12202596504983355,0.11997111883798946,0.08577301528390195,0.016789550956028944,-0.00675539333722454,-0.006602242903163405,0.020271836851020072,0.13572069982727744,0.12645934997737437,0.1253236774225649,0.08825035350319516,0.002887897600599916
ACTGCTCGTTCCATGA-1,0.06400982323083881,0.18584695054231742,0.04042660515525435,0.0720159792125095,0.6566893943516826,0.11697065815020273,0.17556936280672086,0.06149654431087505,0.17993656328482666,0.17628886140181485,0.05190296781551459,0.04381628483266205,0.0950310385498093,0.049895076617945115,0.05125817179188606,0.07310236104932233,0.0935328965956838,0.046763533753335404,0.03115263705846516,0.04796490495289154,0.038013329871646205,0.09864515592527406,0.16340186290546566,0.1092427229658092,0.06021423603895171
ACACCAATCAGGTAAA-1,0.06734634832683796,0.1465698422878271,0.033143629870644696,0.09675124235209415,0.08338318530210552,0.06529853143341742,0.10003460677124544,0.22252033626989992,0.11503736048642332,0.25897422727748487,0.1701869398498093,0.16550613612462028,0.18137086482258113,0.1702175934046078,0.1638825595797517,0.07020650226771274,0.0488228314747217,0.11425216919545107,0.17434452459233882,0.18066710826570603,-0.012319901662101788,0.11534081259289296,0.1886684470851371,0.13134540632458894,0.09440181789127298
GTGAAGGCAGGACCCT-1,0.16688492899116364,0.31131888387228546,0.23237143969389173,0.31023446105195485,0.11774011822689535,0.10839432295481906,0.12165882159391815,0.14861937881813778,0.12676007753314542,0.295796205598008,0.15096027911244816,0.11127891464010552,0.12408089687907278,0.12111119165261171,0.12985860444698547,0.3078440623030007,0.17306415518121315,0.14476900512148935,0.13032265276710384,0.1482678066128118,0.07484436247797974,0.16371646038797744,0.27628792120180795,0.5184600561884181,0.25152182938950557
AAGCCGCTCGTCTGAA-1,0.05803556010586192,0.20911351223513752,0.06555026922494617,0.10997765162824262,0.14609331443629198,0.11801330609810527,0.16684261637417067,0.21707403915484447,0.1390719208680631,0.4782260942369418,0.20855308414414606,0.20428396764919968,0.20601681090144391,0.20362706054730012,0.17600762359586983,0.11679263096236081,0.10676797677147198,0.18112700791520014,0.23136910284010573,0.2599395680418615,0.018619961674277034,-0.09740577728536126,0.23103848224176618,0.17899579353545536,0.090245728020664
AGAGCTTCAGCGAACA-1,0.36137249355144996,0.1535915408125012,0.062432630009060006,0.1534114300796476,0.07142269289412474,0.03732685476465327,0.05539024873952313,0.03414072309205107,0.08088402392693937,0.16482304229796985,0.015455447792285379,0.01562800603889815,0.043488123722869226,0.02058623881442747,0.012655043630238077,0.14365407912054062,0.14030207512127188,0.005098365508654003,-0.00977035325649194,0.023256856666028506,0.17436409257114063,0.2584179437435965,0.27001126188191127,0.18650112501468805,0.19226421228938215
TTCTTAGGTGACTCAT-1,0.0460886778688028,0.030231860911041526,0.14155215200317137,0.1472383887366944,0.04613146347517248,0.14049327431167175,0.13992823982302116,0.039956587416378836,0.02147780705147349,0.15070885535488754,0.1057563873903493,0.04718047470349241,0.020116828640416876,0.14584470516399764,0.1107063386082288,0.10844413459225141,0.008384419822656777,0.014339505375026772,0.038395926794562024,0.1359080300273917,0.022869019260611984,0.10585950907698634,0.10118433613422981,0.1507295129516261,0.04431239647394247
TGGGAAGGTACCGTAT-1,0.08186234203646445,0.2793010267931207,0.04944979110259742,0.13544485918783972,0.1859188186932711,0.1296018467249366,0.1947028472040832,0.14322052980371475,0.17751221121880306,0.3129722268288916,0.11698669376098698,0.09625764173899275,0.13496204300542378,0.1079104180780804,0.11061618229337163,0.13909195340730596,0.16854991090372218,0.06135179637003545,0.06306813364049059,0.09543124897109448,0.04491256928012669,0.39591154185815713,0.24526471804819855,0.19543015538940584,0.1081202122292274
AAGACCTAGACCGGAT-4,0.15905454448632472,0.46919128873329796,0.10931285177145683,0.17149014072696722,0.06331789602516427,0.0074592925176185385,0.05591012503870659,0.04047321202443983,0.07954996828300769,0.24950277432453544,0.018854997323310845,0.024540567905222195,0.031062193367106535,0.02446537692297675,0.026977268362701527,0.18749725458368258,0.19615167923442609,0.03325250561696754,0.041101783097535226,0.06383460467483636,0.10221479135761402,0.3763629503131404,0.34787279921284564,0.2752122365922101,0.20398642293068267
ACAGCCGAGCGTGAAC-1,0.07551530299228029,0.19601718480738275,0.08048736838498372,0.1251912491904019,0.1306867878756479,0.08805158923879654,0.14749006254218852,0.2561396181211045,0.16369050998884338,0.35599200778052353,0.19919790751856203,0.20839176590148983,0.20375239970342557,0.2028320534365485,0.1972362134517329,0.09383723169394732,0.08215763904498896,0.15648067102149393,0.19461858115794586,0.2338306767897539,0.02063926168853801,0.06827603567653986,0.19852502333177105,0.155161222225305,0.09762176248248569
TCTCATAAGTCGATAA-1,0.0505211293638253,0.1657881922335063,0.08413192121608205,0.11646831863913427,0.11526595228104916,0.1064519881873981,0.12993861686016214,0.17195196910517113,0.10291492016905843,0.3577205501816532,0.19705029645147684,0.16081486736310147,0.14758317015637973,0.17640853132950518,0.16978340288630644,0.09739947605307847,0.09253726769334664,0.492914952740638,0.22870640205102055,0.41074219728243583,0.043784738454138494,0.13292577260219274,0.18001350318975548,0.1433342344146785,0.10545638754720589
AGCGTATGTCCGTTAA-3,0.1574825853536747,0.4780793763061025,0.10136292816379934,0.15117808744571826,0.08498700571084412,0.02088721619399833,0.058872430576690116,0.04642856441842736,0.10353258801545451,0.19351096039189988,0.018718940467388357,0.029362665535306372,0.03604837621568549,0.014502022100632747,0.006222593403896168,0.14951929749687518,0.19010573198694505,0.032571986467849076,0.009571603848646795,0.05766408324330858,0.10023404883412036,0.3266533602423706,0.28895001233494544,0.23296269241430453,0.19907849006827857
AAGCCGCAGTTCGCGC-1,0.025023656098523264,0.18105574485670745,0.05251958632061331,0.10933418030824006,0.10994231742722989,0.10314073959774064,0.16396954461031138,0.2271384227673643,0.13943888863711174,0.3093454957645646,0.20629970031342684,0.24460936710472256,0.2377989958925519,0.255876011406339,0.22155424157016113,0.09953706947844129,0.07738868235064707,0.16295072371944755,0.22782663115727445,0.24519105479246822,0.028748074571869238,0.03341470304014651,0.18494166490538863,0.16630316286141875,0.10472452450595429
ATGCGATGTCATCCCT-1,0.1954265205442266,0.18297537727247906,0.06341769134884816,0.06779177959122021,0.08103315602479724,0.028786440529914692,0.0387416012003121,0.007688680324798563,0.06513284732601332,0.09769116725405043,0.017731248643686366,-0.007945817396781232,-0.008527189876920676,-0.02022211850127915,-0.01993727921590494,0.06959509129674223,0.32550980597338397,0.006525446369036275,-0.0024807084159944822,-0.006867957014500809,0.5653853597865915,0.1509121382509515,0.17621573116131833,0.12842847970278706,0.13055681553201914
GCTGCAGCATGAAGTA-1,-0.004008767588838007,0.01974791225735687,-0.004639173303073414,0.0552620650164446,0.06841956594157705,0.18028360431163673,0.07096091027590103,-0.003151673554423741,-0.002647438806959053,0.023438908318699794,0.059651099918803456,-0.002781842079932677,0.06847669841787034,0.06529414501606891,0.06614426926987636,0.024487620517757498,0.04670826705942638,-0.003303161228444664,-0.003228275792370551,0.05244920349820061,0.01830430581371856,0.017495065080166097,0.01755609063763683,0.0208958839944557,0.02638469525253417
AACTTTCGTCAATGTC-1,0.17617157123177452,0.09721284342352918,0.030830839080530387,0.09658174915457984,0.008583325296288353,0.02707484151097414,0.029790481343595725,0.022964633794036418,0.031080305655777213,0.010330216743677281,0.005454923369597406,0.00945410733487349,0.02809756063571129,0.00771004856780198,0.008126508623529366,0.062329554058624025,0.03972164354964911,0.037500922632162974,0.005100018542532586,0.017418057049025402,0.011619331250190254,0.10311909972798772,0.03420511178189899,0.04260134962746481,0.03840238556464281
AAATGCCGTCGTCTTC-1,0.028406079504117915,0.11344059243233776,0.04525790833706988,0.09541922197685677,0.10607829656082636,0.08833476643770528,0.09880069976412359,0.1961007295731621,0.09220150375364787,0.35807781651497994,0.19221808069040397,0.23896714390519086,0.17667692451603476,0.21211101063062085,0.18137366750058195,0.096350908048114,0.1002145231782583,0.21305414207201206,0.4009281013400054,0.4116983930241213,0.007709148825530313,0.23760388915671218,0.12913737260720543,0.08453357286993843,0.056191508147170104
AAGGTTCTCTGAAAGA-1,0.061801385365653556,0.19035245844393892,0.05595799322849398,0.1098051683467628,0.11057007161655451,0.1370636249262796,0.16257793247048502,0.2691171449312368,0.13122967465845478,0.33506005349243356,0.204979207028987,0.23346888536760674,0.21817266625635345,0.2258747686366228,0.22098755078689475,0.08287360405681748,0.08200143115591642,0.17874479281068467,0.2188887747351759,0.25888628176381934,0.04107639880252673,0.06688462503012058,0.20111414078782755,0.14694382014473395,0.09090258897095824
AATCCAGGTTCTGAAC-1,0.07017695993006223,0.12036535445703613,0.040401739154000006,0.10969002268015571,0.07467376728445954,0.03838430388240205,0.07843452056009867,0.1705228938673321,0.07238331080216638,0.19066062775159334,0.21314912249977755,0.15953240113884792,0.14563245332017924,0.17623761049820633,0.1686802753010594,0.09846639797549452,0.09084945033480173,0.25502667615435376,0.5013225053947191,0.4172282713718039,0.021279609928889418,0.25843490168094063,0.17765183682337576,0.1204572086433233,0.08614238314218364
ACGCCGATCCGCTGTT-1,0.05957731156668022,0.20467137427119436,0.08922866825228724,0.10727735817123098,0.12197624628497104,0.09397712133925228,0.12813967369477391,0.21085662443698017,0.12616172034592438,0.3089723832784363,0.19182653194620936,0.21908983247866884,0.1878276126551156,0.22799146374570464,0.1708083162065076,0.10506233201940943,0.09830711739947617,0.17566482836485203,0.1969276744620306,0.23349285763781916,0.02387828390520268,0.36185508154502144,0.23146407912815464,0.18089729838406854,0.1183664012864543
AAAGATGGTGCACCAC-1,0.0426442994921982,0.18440524758043225,0.048007361171612445,0.1265161683155232,0.08181188360410241,0.041688226130309626,0.066020416587727,0.20392680235411081,0.06818886042325156,0.41712492614072194,0.1821091381483692,0.20600254982017738,0.136755103411554,0.18021889012604914,0.15161557869307357,0.09338475399211456,0.07060468095714513,0.2268698858759586,0.44775693201236993,0.468134508528264,0.002961970790755251,0.1379756053986212,0.17510594917153188,0.13471202404553256,0.1158799873626608
ATTGGTGGTGAGTATA-1,-0.004911192150510317,0.03456677739970177,-0.005683510207563659,0.017159372281754633,0.18199265158363176,0.2322366091391477,0.20168288266397486,-0.0038611553497276863,-0.0032434109485161055,0.041153684252378926,0.04744752806682996,-0.0034080701073730267,0.18319287355899028,0.191934886980746,0.1669251917041635,0.01736827728200022,0.03653635937589821,-0.0040467448255611495,-0.00395500172554738,0.04139979888103767,0.19305577094131915,-0.010040969967085664,0.010815024671863429,0.03668658464434914,-0.007744348807647901
ACGATACAGCTCCTCT-1,0.04074451509223301,0.22827636188044884,0.03493016922912873,0.07131201371226233,0.5295220803739675,0.15485271108287976,0.15399667793688845,0.08564656661027609,0.13524822587242888,0.4070503973349517,0.07344877485800197,0.05447349073626328,0.1116499178389296,0.06038139745533115,0.06124426136045679,0.08737427334394915,0.12294913788579662,0.05944219438314944,0.05065928629606064,0.060436623222692325,0.02308449280568633,0.4262998328314782,0.29999187495344704,0.12944418587039702,0.07623172617590829
AAACCTGCACTGTTAG-1,0.05189485675888088,0.22791323511525496,0.051949541798211915,0.14447521109265427,0.16251939279057231,0.09361815622286618,0.16580682736151547,0.20928907425010826,0.13692259099853854,0.35299098538377177,0.1560340901486978,0.18223322132265887,0.19199760266778781,0.18809467763876742,0.15486507964809434,0.10753909541764052,0.11546334321651315,0.18920538034406803,0.22316253113560788,0.2421090970643825,0.012451597308952074,0.024226821106852835,0.24704147819941333,0.17269011379808738,0.10115798813720055
CTCTACGAGATAGGAG-1,0.06401243321547402,0.31523004661089943,0.07031274532100881,0.1552711636142825,0.07601770545688775,0.07905821859553121,0.11462336983457858,0.21127416913018712,0.14319755179969545,0.3805555760134747,0.18517842816826877,0.19103634028021,0.172649899368898,0.19218690079942027,0.19400391816855556,0.13905832570237958,0.1331905805243487,0.14137137370660122,0.1532285538734856,0.19282391087621073,0.02168867863384071,0.4536036589589194,0.31985852997241576,0.24652133871581886,0.14194811105911312
AGAATAGAGTACGTAA-1,0.05603734496962819,0.1747519276700019,0.015221055638543392,0.05647676598084921,0.18592669969569017,0.13375464881901716,0.17164300000092303,0.10590947030930666,0.16757050502081391,0.19079044537482723,0.07773143817856779,0.0630355293925171,0.1634554479141755,0.08689220832985142,0.0889246765647091,0.05808915607726568,0.11432575809767492,0.019931154064629277,0.02951423053675215,0.06954615237263477,0.04961369015875195,0.27595963661142237,0.15867090510520884,0.12379722793416202,0.061544215125065006
ACGAGCCTCTAACGGT-1,0.45011016313412827,0.13209801496161167,0.08331983343946067,0.12084297346203046,0.038560712571826666,0.029553270567250465,0.017769130453577017,0.010542939914340632,0.05629924460209834,0.10530097093407093,0.02043845285684983,-0.006309364192429994,0.015719094959038216,-0.019367990557156777,-0.019095182117769675,0.11350749248548885,0.1801554237508949,0.007743106789752045,0.009366537831713559,0.003495581214707027,0.177949800681077,0.16974447385191865,0.18915281602914422,0.1806306621119341,0.18127836065913913
AACTCTTTCAGAAATG-1,0.06478055223794625,0.03410411990242011,0.27182857068672966,0.21889194037177537,-0.009281129075072492,-0.005346669413005496,-0.008993684383796378,0.02937334028561636,-0.008696985837656993,0.0526718070086412,0.028907123082028897,0.035814620284263535,0.03504280625252408,0.03276992188888584,0.03345351624204821,0.25313569645615697,0.01785186913885673,0.06478289821557866,0.06670675390249513,0.04067086713602511,-0.008390051432745054,0.04423967466983871,0.24998060191667137,0.33113061116138537,0.17911700085201804
AGCTCCTGTGCATCTA-2,0.13560042163813096,0.2731013725802735,0.17937951083692885,0.1746211127265174,0.01973043017316036,0.012553382166508047,0.04761146097415108,0.029375445639483026,0.01730244422881366,0.1286484164841046,0.020122200347989828,0.014775465431114262,0.010843542005257776,0.034613798186456844,0.01913506196093749,0.19989652492364363,0.143632565866336,0.032692478147184185,0.05839093841028122,0.06344233713922985,0.10592435626755765,0.24812707503316878,0.33151001125794777,0.27234279336130424,0.43110424446114015
ACGAGGAAGACAATAC-1,0.020602648197443573,0.14461844994087178,0.05119473729024026,0.05058208491550098,0.5318331012308369,0.1683299786060645,0.18230833866594826,0.13195331414412187,0.16470404862647828,0.3406460334475002,0.10068564770337526,0.1090610089366738,0.17494757912261,0.12332821891772426,0.1357151961192026,0.06685868470326191,0.07684508383524628,0.07653591859796292,0.058636919768508204,0.08456587332533227,0.04496173453642203,0.3617019215650271,0.1795995283070196,0.0981710081777652,0.0796029008299018
CATGGCGCACCACCAG-3,0.09375492560260881,0.3114511885977834,0.032384627986963246,0.06526663631191473,0.02465633162800761,-0.00896781580318471,-0.015084849785116459,0.03095587938173133,0.043008688920692865,0.13243694395095654,0.02972786847636684,0.025899486772912466,-0.0019309478455000627,0.009082597723187905,0.00966349592012511,0.054764580425002894,0.12189391614091184,0.027974977155306013,0.04098028305636975,0.054886339528683374,0.07595407601026946,0.1278264771826975,0.15248964553911873,0.10377558622763669,0.17500499864251284
AACACGTAGCGATGAC-1,0.07666760631799313,0.19748073304529,0.05168202849915974,0.12992013431116348,0.10474476096532924,0.07335413519202044,0.1196134433999984,0.23206375478633165,0.1333653397686755,0.47210952880720164,0.20158078152725706,0.24814695256117195,0.20438362538397617,0.2314830063966356,0.2158704575435591,0.1279626828418922,0.10382808677130555,0.19106645771711284,0.24089544297993581,0.2587379721525239,-0.010261527174539473,-0.24961159624032184,0.2028123530506278,0.16912724222767375,0.12497777608335156
ACGATACGTTCTCATT-1,0.05290106315268736,0.21622371257579365,0.044540227032352685,0.11803014868757665,0.10743613431978476,0.10348523541010839,0.13147799259737175,0.19173088062818078,0.13344872492688403,0.5474805881774099,0.22912583800834294,0.17131071320570582,0.15268953329971927,0.17529592152954643,0.17954227713541349,0.10756897256646844,0.11126667364422974,0.14632546335007363,0.20808172776437078,0.2087970056610985,0.012022764443209212,-0.11094072073831338,0.2464632364071495,0.15265866907501782,0.10272991475554044
ACAGCCGAGCACGCCT-1,0.04567329927594024,0.15687331255949843,0.07739921770127059,0.1229590681921053,0.1266991120169989,0.06925836508709016,0.11344857414668011,0.16005798496460627,0.10759761367587842,0.3697045729333077,0.18649273952301507,0.15185358181556746,0.16628139901019623,0.15787474063870097,0.15226081261804442,0.11237054131142797,0.12492993310390967,0.5343465562420623,0.24190937372156235,0.2411473858063635,0.009698096216710162,0.05231995286723445,0.19644260498543076,0.15351596427802516,0.10857063679459576
GCATGCGCACATGGGA-1,0.09025627265026745,0.3143744620234195,0.07119044337600257,0.15285395660843765,0.15620845544443737,0.10826432698011833,0.18044264012503516,0.1765782176236121,0.18931848937925622,0.33060388388102985,0.1168012231158169,0.12346310464408175,0.13705194976036972,0.12609144974004,0.11218399226625161,0.14085705142893173,0.16235341775343856,0.09112588150388391,0.06970788043217799,0.12009226738433211,0.04083062981788819,0.45512812645272127,0.31530712142185346,0.2188964093174846,0.13253820524851515
GCACTCTGTCTAAACC-1,0.016709773116804168,0.08311653753872347,0.1927086220889133,0.03458736835407996,0.03365593144862405,0.03206742619888984,0.03533911270205894,0.02790069445306698,-0.008901169920581207,0.19880942329066698,0.16807012920939393,0.0341400860571813,0.03375031999956789,0.17248849200674393,0.17491550706244138,0.20309544909201022,0.032613497892489546,0.025552646526442117,0.02663973710108293,0.2006571632053629,0.16681273169787292,0.00019253555625635041,-0.043641146715562684,0.035517269376220156,0.01874249394195714
AACTGGTGTGAGGGAG-1,0.07496413107844764,0.14992500433432757,0.06065030616240265,0.1373798522718204,0.11431014166844441,0.13888218156275278,0.16862102007566349,0.24056261211500896,0.1658136342079643,0.2604811175675542,0.20845124731565182,0.18958596995475804,0.21432936089076135,0.19517436093211177,0.19800032047429775,0.13578304774622735,0.10013103737020454,0.15785243276171962,0.18075015493277644,0.19631675680656863,0.030305982921584332,0.09131760317950968,0.16936609875046948,0.1492402062596663,0.11289300439824225
CTCATTAAGAAGGACA-1,0.15476203470305624,0.18928217291613186,0.35511215983120287,0.3371525875277567,0.03867492803134097,0.029081919173285953,0.041864275717062735,0.05140318313996504,0.019194143826602696,0.11898121302566297,0.029221151763766624,0.017220702694917087,0.027473372663241243,0.046051733763969045,0.02559197343264468,0.3726305193264744,0.09644573317267659,0.05824507213152635,0.050169213723208594,0.06747625499242264,0.06120322614153553,0.19111230522138098,-0.03867072096441362,0.5600471533990402,0.2502076028936404
GAAACTCTCAACCATG-1,0.1406648767760104,0.28781939262804584,0.30570317071368774,0.32726693440299526,0.038111242130377726,0.02773363985592148,0.05717668339265854,0.035503681049497145,0.050693996875634945,0.1596241385099701,0.012273585481674655,0.023768911559431366,0.014098173470393546,0.018105406856906144,0.011717287582660925,0.3449273264360948,0.1334564854195068,0.060018204786035076,0.04112204117649105,0.051059145036404956,0.041766556244175704,0.3079926106687307,-0.03974990203321284,0.5891267781631793,0.24638659879369038
AAGTCTGAGCCCTAAT-1,0.14687317319677226,0.2455756887773099,0.3656205034352571,0.4083918249553519,0.031700031791998436,0.04408744872859558,0.05176584166563403,0.03299953155688465,0.056649814976767014,0.1653283330699245,0.007425683748146787,0.034953521549477125,0.02477516778486786,0.013244360655248555,0.005583659011586874,0.48252720250844816,0.17316682482172335,0.07131173855666603,0.05167805691776995,0.06692164604008995,0.06135399898297339,0.2906776497335114,0.07244799095356692,0.3973199793607052,0.23255571165497685
CGTTAGATCCGCGGTA-2,0.12512357627143367,0.27450101433152113,0.1416660813807974,0.1874914167296127,0.1349843326297766,0.08940219373646892,0.15620293191750423,0.09402408861833308,0.10449980385077937,0.20067710138304837,0.10368283571999881,0.07448903665400097,0.07984566096598313,0.08975467916586997,0.0768332157412888,0.19587825962529543,0.15969831906901719,0.06633038887695235,0.10436431804656966,0.11392529180235629,0.10185118704837712,0.33591725645992715,0.3258403486877242,0.2592273427200078,0.4029726934144834
AATCGGTCATCACCCT-1,0.09149099463639515,0.17212376028558363,0.059403181709346074,0.1321344547408379,0.05441924105060114,0.02055187084448904,0.03848334713154078,0.1820948889675197,0.030152652503191428,0.20232082753419725,0.19570004607543143,0.171543894891096,0.11713689277142109,0.1775425517471841,0.15048518588514812,0.10933039088615987,0.1090566124186911,0.19719678243299305,0.5156501334542617,0.4232681278143568,0.010578806770638147,0.22804261256846087,0.18925894959875525,0.1491458160834991,0.10608099189431011
AGCAGCCAGGCAAAGA-1,0.4253683668171518,0.19844868260136878,0.07782497410501338,0.11741853330960579,0.05026233372194063,0.0412530533058948,0.05231742593666295,0.021849591663962713,0.05714905582699584,0.135394923044761,0.012963314846221164,0.00024653022107638865,0.01857766217635649,0.0076896635645791415,0.008432151726792597,0.1104872881278588,0.39437895319829536,0.02737661363025205,0.02990854309575408,0.02896777518545451,0.5128935763295589,0.1569327431550576,0.21743917964584536,0.17468958739612186,0.1673985576832093
ATGAGGGAGATCCCAT-4,0.11455318215540879,0.48261372359473226,0.11053561347335059,0.18040376678767414,0.030954902720719175,0.0026259882339833363,0.03139384343231692,0.039033486256719326,0.06517927225006635,0.2076515209286623,0.021977748301010482,0.022830197702573662,0.020891248055264676,0.017475211227410026,0.026877974252683262,0.16791035952852507,0.1347070984707009,0.041403729362446136,0.043405076307791314,0.07660003768923533,0.06902149421896157,0.33249580207387314,0.3121461367332433,0.2519622545628094,0.2106172261087734
CTACATTTCTAACCGA-1,0.06735623553685205,0.11639839818705668,0.06890429884195945,0.06933999076681,0.059104380124014956,0.07351252869145396,0.061638791094976164,0.030786087592243484,0.03981334194556719,0.11629241502505343,0.0705717584921389,0.037230223410295644,0.07154352225344592,0.05605686826179356,0.05706167061381479,0.07772366470984975,0.05163331848174694,0.028200737552790064,0.009694731681607506,0.060296235380866994,0.01717736944589559,0.14410298500721816,0.12815105726941975,0.07692347362698279,0.031689500003719416
ATGGGAGGTGTTGAGG-1,0.15763005744476177,0.24011997962361167,0.3366251676409898,0.4815043634113345,0.021559592773260264,0.028631640762079764,0.03965862789380517,0.05165156625644891,0.035458721602605665,0.18025655279328248,0.012706485599112081,0.02368971937666683,0.03054823279496393,0.03426731964344207,0.011436965410401024,0.32225192218333504,0.14275370042210603,0.06756168512191874,0.07183209348606824,0.0971325865426185,0.04870857972774248,0.2737879890120782,0.40131797350773313,-0.006769924849833386,0.2171896317546474
AGTGGGAGTGGAAAGA-2,0.14271895102956614,-0.09548118970806826,0.11345145087590466,0.132827815154926,0.03644936913258048,0.022211722176525613,0.047968969941279936,0.019137529751586085,0.05106389972241735,0.10796989806292166,0.03580386020634124,0.018308316912192594,-0.0020976312443814525,0.01411348289148375,0.01493511920438756,0.12322446364266967,0.12850230744785057,0.05020890295683057,0.0345679283428323,0.04823094701151814,0.10090929035988506,0.23139300610687644,0.26721023552072665,0.22073243722261016,0.3964958903726222
AAAGATGGTCTAGTCA-1,0.03208377571987747,0.16133629623840454,0.0660771890396005,0.10581321062067942,0.08868316270038362,0.06419909710407816,0.09302237932605209,0.2236710955139355,0.09657308767366121,0.35371811407430787,0.18226346170025842,0.2266905170492919,0.17827008778656825,0.22161846057157933,0.17215481984983672,0.09807871079013157,0.0773193898354143,0.1381931423272734,0.1707952915367352,0.22625827029234907,0.028922056297952695,0.00012086497188012202,0.16771449688328155,0.12221725107820379,0.08203444947056289
TGCTACCGTGCCTGTG-1,0.06539338513586382,0.17592525741364545,0.014995234585306638,0.06438112744148955,0.21154461003167746,0.13343392916699903,0.20048508499659903,0.11867928624332137,0.18060188765173263,0.2621326628683895,0.08659974189949941,0.06664952578491584,0.1497870317835994,0.09982768966344231,0.06897307494401547,0.052210192559699456,0.13271697910161673,0.06665376128136839,0.05472059080761171,0.088262627486386,0.048874035790914844,0.32138354184086043,0.1913342462029445,0.12554438101788531,0.07877498938346145
CAGGTGCTCGATAGAA-1,0.05548498551589692,0.20013245267111165,0.04166390701556221,0.13535212780710196,0.10570413966633337,0.07409287634866923,0.09860350575458832,0.21631148126492375,0.13543481837691826,0.5522575806222009,0.18456641552076533,0.2016403259490268,0.16492133364820227,0.1935610716623261,0.17904577666542285,0.1267982659459391,0.09646393184862916,0.20280381241511578,0.22978686883594404,0.2504567873882786,0.008359273006603217,-0.19063316793842983,0.21070009472721415,0.15102850949835575,0.11326034984007168
AAGCCGCCAGTCCTTC-1,0.04707647539104057,0.17552919860930644,0.06604273449470521,0.11231212401708228,0.197277437885056,0.10579545637602755,0.21576197027642569,0.1612105774713515,0.16148563910905842,0.15177652932668512,0.10976634261711629,0.11200611551087777,0.17639751639231266,0.12036000597454656,0.09700434597758475,0.1030445560485383,0.12105289131801404,0.07857040016126113,0.07345131998251313,0.1054023974002597,0.010060011357898803,0.17542827027368416,0.20979451789551437,0.14463533122247144,0.07072604487772126
TGCCCTATCACCGTAA-1,0.06101974650003264,0.29271023913223404,0.057628931788816846,0.11479598460693402,0.18965743609294022,0.11313666284683908,0.18178585750275797,0.13058595308185364,0.16502164869620353,0.3058524531497623,0.09656668479264946,0.09442655152006867,0.14164504405263834,0.09282110840977947,0.08387649741259742,0.11323128085880149,0.1455231384587823,0.07053855255909162,0.0699842512167945,0.11088300545884874,0.03182593908062014,0.43143969688734385,0.26721939993835075,0.19247051196548542,0.1272309426939616
CCTTCGAGTCTAGCCG-1,0.03388556516012181,0.21962957623667623,0.03001031331931063,0.10042855956370753,0.1888327325257119,0.12665584795588258,0.17336567816514145,0.13876036533629307,0.1774936472361048,0.2924659656001111,0.10074477239571787,0.10965355691613973,0.14859219845934168,0.12160632584045795,0.10365624355349409,0.08891186324461887,0.13214147016730515,0.10033312460044491,0.07539404428315814,0.1289945341995115,0.024302528472213026,0.36413260206303916,0.23233222270715767,0.14564310896248536,0.06655658297011349
ATTTCTGGTTCCCGAG-1,0.17544038040738522,0.24599639532136,0.34223638087011415,0.31769189475541965,0.05324499068786551,0.05745878450274768,0.07328242615938199,0.051128828976690396,0.08125345003302363,0.21939498946266134,0.027085866489326038,0.02349660742986434,0.028900265242427958,0.033249427413266294,0.011046057042538901,-0.18801163404737242,0.17922249974616508,0.06893704556745858,0.07194031942489307,0.09638615625815626,0.06706266666912301,0.34894408409179223,0.44592587554616947,0.4505749673562478,0.2131892163282582
AAGACCTTCGATCCCT-1,0.06577286242404567,0.1350361533023823,0.04219345335219812,0.07581295604169548,0.09342422029942818,0.07691178826964983,0.10755383518637934,0.22311514569297453,0.1119169446917646,0.34503471194542684,0.2016084299938328,0.23796441730969914,0.18907577060316402,0.21088067740992,0.19351966174012478,0.08630536148118757,0.0871959864909248,0.19420469013175035,0.3962244172656884,0.4998222352732482,0.014736097389226856,0.21341686122131126,0.14580691164250142,0.12543821733772467,0.08195038040149742
AAACGGGGTCAGATAA-1,0.03679463270390091,0.16474757958040176,0.06489345105378358,0.09820047216944053,0.20750811611575126,0.16077646649399285,0.23531308214035537,0.15156044172979644,0.18985414161816755,0.14586509254440086,0.10669441135829241,0.09804252394391264,0.1844243711093134,0.12835711120933818,0.11185245801601597,0.1042914243610825,0.1006027601673158,0.09096891853991837,0.06011042400126603,0.08829932991264622,0.023611972012113566,0.024253886730339822,0.19814342242626087,0.16548557448901846,0.07861586626130829
AACTCAGTCGCGGATC-1,0.06146834224878206,0.19317734729330968,0.043848242184162875,0.10951461098305626,0.11085082735078915,0.11063437921743752,0.156155199079906,0.26074500605185247,0.1100824362078979,0.39991422043309854,0.194506927493379,0.2277504150172905,0.22435153711590908,0.2230054189464546,0.18760531188906937,0.10957301412252793,0.07643165813259646,0.1494916083393426,0.1616275808162018,0.2144495490375427,-0.008113045060346099,0.01100684857209535,0.18308368511963263,0.13980509052234785,0.09699784584524186
ACGAGCCAGGACGAAA-1,0.04256832655826849,0.2127673438309053,0.02186055537705241,0.08263615234326419,0.14444455614050242,0.0912959795996123,0.11004970938897667,0.17874853101898275,0.1142862835247778,0.483428786253165,0.24708962127292194,0.17997452282776244,0.18561346862111125,0.185151531780598,0.188502026650678,0.06008893877157964,0.11661701405920367,0.17739060108003324,0.19175582173431985,0.2132356316912877,0.032489638354581775,-0.1344263473434535,0.21648784848233196,0.1454335768045811,0.08086926523032406
AAGACCTTCGGCCGAT-1,0.07879837507525377,0.20482043726274596,0.05925229222307784,0.1418115865084525,0.10454630785803867,0.09853467688430405,0.0891879629534723,0.23401556591918923,0.13843212217432488,0.3757410131124142,0.20233424328972008,0.24969662389092703,0.21337176130920787,0.24262680536941247,0.21578635509205082,0.12982509482486634,0.10746872358410078,0.18342575928790777,0.24328217150970002,0.27328065677857344,0.014467813032585649,0.30646179155725034,0.19976724824367545,0.14484889085952546,0.07214967234326713
CCGGTAGCAAGTCTGT-1,0.048792614381156334,0.21750915758897807,0.08138936117087363,0.14518785575782564,0.14571667795775992,0.09106260367877372,0.15262391989043034,0.22721727846901563,0.12594408795138218,0.4547194036269528,0.18364997051579987,0.19624139829922893,0.19733764182017177,0.2043889222566115,0.18381432318150195,0.13991373927376471,0.09560170672204361,0.18303196212355946,0.22115804403713893,0.2341776140426672,0.018527075538802066,-0.047330911137170605,0.2319191852701481,0.1727440546795385,0.13033123193721813
AACACGTAGACTGTAA-1,0.04354514092511363,0.19352214933017994,0.038604123478378556,0.08750543608317365,0.11394187464515808,0.08390538841372411,0.10992435699039846,0.24092055571093732,0.12379177910759649,0.3846082501291855,0.18954614938978276,0.234760466504477,0.20114439119379776,0.2275970862933107,0.20493325569395307,0.07411584690061486,0.06778128609760233,0.2207176786149822,0.21148791713903567,0.3559167632258309,-0.02186205025000141,0.15198336485965064,0.22058806824102084,0.1634044462570531,0.07853130854848421
AACTCCCGTCTAGAGG-1,0.023991010119014285,0.16305370706321806,0.028060153329363752,0.06683887888496615,0.17090189017070992,0.15541433601808316,0.18932755882774271,0.3196901144792624,0.18546941037308465,0.20752867330153466,0.20011898983147375,0.16346410800589012,0.17400750961668082,0.19746594873040346,0.21258727601576266,0.07826236811747232,0.0982128713122619,0.1528502272803074,0.14537529784929273,0.15536002502943277,0.009155239363942873,0.2366656337453869,0.1312795591966431,0.11888658016682005,0.060540677481244816
ACTGTCCAGGACAGCT-1,0.0013781951630810086,0.13214935536484865,0.009009374805465275,0.04583732117283134,0.46360781496678494,0.16213759551325815,0.4007746363872046,0.1460810776877281,0.3755142949228722,0.35121330559638236,0.11123084015374667,0.1071179282038052,0.17941577053722554,0.1232514749193859,0.12483132112561814,0.030808227779653658,0.10501437026700025,0.05279369673764356,0.0552323067452577,0.06531870608856452,0.05183774487747184,0.334135296482827,0.1713060853522733,0.09001368853232404,0.060934169388553054
AACCGCGCAATCCAAC-1,0.08635371323487952,0.13814674749196648,0.042988212839990506,0.11591221815191159,0.07372289535987225,0.07912780203399451,0.08789691691244361,0.23352112360613161,0.0806944999154216,0.24257100538124315,0.17545992084747578,0.21870868612325886,0.1593223520970968,0.23258796084343972,0.18485620303738662,0.10847126596487472,0.0938541312229885,0.18586471221329678,0.4652381633218292,0.2684665400116427,0.003482660609101693,0.24014891162774224,0.15749470164316393,0.12960926114126353,0.06158425144089329
CCATGTCAGATCTGCT-1,0.19561430744165484,0.2555601210069802,0.360280866355859,0.35588468856423244,0.04393592996623617,0.04645862398915141,0.05658199459009336,0.06641135935073053,0.0678692914368957,0.19906211016754302,0.055035825015654335,0.03781862739146196,0.03606047861550166,0.04891114985051772,0.032811110595672904,0.4625075256203365,0.17520574455659518,0.09056740487160658,0.09438316534756255,0.09377972012937215,0.0710441013186017,0.3083881071552334,0.40753431610514573,0.033461070604362354,0.24268555611640116
AAACGGGTCTGATTCT-1,0.1489116804506156,0.2433812820210173,0.40979935745292634,0.1385719571218862,0.041974611027412276,0.04568253501123162,0.04697697330120241,0.05435252626254605,0.055071593136740295,0.14856053795633725,0.029530200089733432,0.02652963201587023,0.04967425449900153,0.04525051733011617,0.02993608754584029,0.39450958654047696,0.1510940483313799,0.061128275457598205,0.03219763281711784,0.07600945646166318,0.06308279975701493,0.27876869406628557,0.39072456617146534,0.2809851075991078,0.22829580021241794
TAGCCGGGTCCGAATT-1,0.16057634578202878,0.2556961975537958,0.13267604931647337,0.14487760416484943,0.015032267231951602,0.009260384443737613,0.00518397420363235,0.040410849280475274,0.019005028222538363,0.14524107647426207,0.02911591597211038,0.02738435300024227,0.01556675467275697,0.024078352812949917,0.024762017497682386,0.17736967271886858,0.12804775434027882,0.06679734010434406,0.0888798150271324,0.057579222758719684,0.12338965198321948,0.2147482598708509,0.29619055837439034,0.2461364176973747,0.4531284717231748
TAGTTGGCAGATGGGT-1,0.0288644794182384,0.2312182229243597,0.05547563194287658,0.08111842446001834,0.19579958698587702,0.12236149084413783,0.17324829640434464,0.1118650220389859,0.17573442465678568,0.2847125634366925,0.09549647497887362,0.07915364341592217,0.1645664355799555,0.11517004048562286,0.10391566034373201,0.07308813546626203,0.11532255972876895,0.060836894062798165,0.06184070961239513,0.09751606022795184,0.03139291297719599,0.36036376220549177,0.23846639711195947,0.16746941178605493,0.08024728010305836
GACCTGGAGTGAAGTT-1,0.06134618328216307,0.28189050560217915,0.09263413804602293,0.12138472938506487,0.19188240209602012,0.11634261484907335,0.1841943494308828,0.12516077984713603,0.16268516880424425,0.3071137830805728,0.09801118334286792,0.09070675752865345,0.1386062481369288,0.08914753625429228,0.0903806269455878,0.13070776905155027,0.1302269413317864,0.08865318224146866,0.07411160685841425,0.12467685126793669,0.02867761213207094,0.3835596483898294,0.2767832286793173,0.20492372846013818,0.13005064838332836
AGTGAGGGTATAGGGC-1,0.39690715157090684,0.1842606227533479,0.06008351988943191,0.10877547972787999,0.06733641882092413,0.039338582034288395,0.0498737219442195,0.04461266796955501,0.0952812473624213,0.15339997255400772,0.018594243740739296,-0.001669148251504578,0.03595426005923815,0.005008941828509729,0.005730762264275085,0.11107258907917736,0.5384791569285696,0.025058945558526755,-6.516300093837602e-05,0.018260918662760754,0.5833865923046723,0.28966990126792974,0.25284670120137975,0.152367186838968,0.1442848634680094
TGCTGCTCAAGTAGTA-1,0.041327158447345136,0.19375900702665286,0.03427231749913459,0.07394713295702036,0.1756520162485724,0.12627816212719564,0.17236200226952406,0.1440062456881488,0.16238085315791578,0.051128416314677884,0.11903810658945149,0.09031892834740675,0.13922825772308478,0.09025899296486115,0.08534019848234341,0.07224545469337045,0.1177222094552864,0.09256389785488889,0.06744047197928214,0.09469540317847523,0.0051193786655166365,0.0727833691780776,0.19883438931606529,0.11945947158204932,0.07819358488685178
ACGCCAGCATACCATG-1,0.022700102811500172,0.1942961048395998,0.0745817619088245,0.09161483060343444,0.10637515596430387,0.12556112510150128,0.16112817384623582,0.19578457948249883,0.13777844925080218,0.344626676905481,0.19308867509112357,0.16780430673646046,0.1944791743872684,0.1649034155539012,0.19677977924331763,0.0851137364329895,0.1165465339912878,0.18130539549855737,0.1529074670431121,0.17832038403875447,0.0325178711208063,0.026255189779805697,0.1781883476327695,0.13600904011344875,0.05881346538431854
CGTTAGAGTGCGGTAA-1,0.12854316504653607,0.24476056620381265,0.3570022285992382,0.07627931159330695,0.048756188227858814,0.04541507593658163,0.06875859845386927,0.04029495877494761,0.0658774779851521,0.1860460676306509,0.029953336130366565,0.02670507763608116,0.03299464606825168,0.029634353948938028,0.0057707729574582416,-0.0022770353805237928,0.15473691494446298,0.0726254827431418,0.06017903187949789,0.08084224544809876,0.042019942772289806,0.3287503910051219,0.41255125627016453,-0.025511736667413114,0.20363926831006987
AAACCTGGTCTGCGGT-1,0.05663297636943068,0.17690179270721051,0.04042572045442869,0.09119309418511243,0.17469197942286047,0.0966093864379582,0.14079778076209648,0.09568158674328864,0.1348283889048128,0.046359934160852066,0.06852687884089866,0.06323822862371213,0.16430172747189964,0.09689121989558602,0.07890373647245459,0.0705829182613645,0.1090320835333848,0.08092334966676104,0.06636076049749147,0.08708782985343572,0.015598328065821506,0.09303287835550955,0.17688790445205013,0.10679576702345102,0.054733305682642806
AAAGCAATCTTAGCCC-1,0.17943074497847844,0.21102330272032194,0.35895030043194576,0.3439571155479515,0.013924723946301548,0.027512926978063252,0.026819890559889786,0.0383107006560361,0.05247277003090493,0.14368916467645512,0.02616018922837284,0.02547731435571066,0.04624294366536887,0.021373202138232926,0.011778565290080804,0.31535256239977694,0.12201171404051363,0.044236189849662315,0.017170107607615778,0.054024527959915865,0.0439938659187328,0.25004764689029035,0.3748136843063932,0.35854445705936666,0.19800653958130343
AAGGTTCGTCGCGAAA-1,0.15307427122328437,0.25085862635786116,0.3679477262642418,0.24588806017966522,0.04599179748895002,0.04289010424800247,0.06872133431592527,0.05361091669049209,0.06259493657737933,0.20570099424178717,0.027862757259946365,0.03416935651154945,0.03181640559566486,0.028982593616901958,0.021526293786036394,-0.034321918571456986,0.15078252081819615,0.06985656448587395,0.06621225588637016,0.0982963244697845,0.06780747298928863,0.309083398796918,0.3957534781754924,0.45056800926687657,0.22526232266793186
AGACGTTTCTGTGCAA-1,0.09526288855835337,0.22495050619171447,0.0435047572796659,0.08513976124196203,0.2132344186721399,0.1566817386009143,0.19972281386504567,0.1393087221746654,0.17360934594360672,0.2847338216522122,0.12680226687282023,0.09926980256594878,0.18110409825000912,0.12141543351354628,0.10262206876455844,0.07796720084829215,0.13428229917887402,0.08383721711852159,0.07748278194554678,0.12292857734767965,0.027423742463488582,0.3405010766032976,0.21181373475426105,0.13091281499783164,0.09462355624616779
ACGCCGAGTATGCTTG-1,0.06404451708603584,0.2855724930987048,0.033429177953175265,0.14545484616482607,0.13431831678939485,0.08956412875364131,0.140305620096291,0.2467203102070026,0.1369984374255199,0.3749261431686915,0.1814385021052061,0.21885544739997853,0.23022372731170226,0.23461030820955317,0.19699473361991757,0.12517086964793125,0.11112683734724325,0.14157683303115745,0.19147747391604483,0.21390856737277233,-0.008561886627956896,0.07051256803047298,0.27794521996133376,0.20467601427929183,0.12975334699467936
AGGCCGTTCGGCGCTA-1,0.16333018528229465,0.31151749817443974,0.15190858723237427,0.1701691744486083,0.030969919363802136,0.013807827248701,0.024459058945770044,0.040473341505783265,0.03625150122923905,0.16784966246531577,0.03845775973539848,0.026444327389700373,0.021759382628090292,0.029982657655152206,0.021796218516503072,0.19667963986578502,0.18473048568494763,0.07050042467831848,0.0846820066261737,0.07530114765843494,0.10883595443511572,0.24732034634536978,0.3588918865308428,0.26914758908552483,0.4718750189006045
AAAGATGTCACAATGC-1,0.04117169392359828,0.2070087630011437,0.06531128099342039,0.10314432176491457,0.10172723567256639,0.06343037394188206,0.12616061476689017,0.21343191422736799,0.1022998580498515,0.43276031077333627,0.16333325369302504,0.21233841339571516,0.2067093636383246,0.23172626794471676,0.21028501968858454,0.10094066304085517,0.05530901163767927,0.20328294029043958,0.2007127415265339,0.2545888491037061,-0.022154203483583268,-0.08474184355131362,0.18356166720212935,0.13659654572230734,0.10218778326659883
ACGCCGATCGCCAAAT-1,0.03717312473092016,0.1753225421666046,0.04749192757388428,0.061120634875416226,0.21365328361555427,0.13690958627948527,0.2001423402075176,0.09167607816065658,0.1837102220373425,0.12512009161452545,0.09052921283399434,0.08825327597672178,0.17098141492198693,0.09215167953531384,0.10399741181385562,0.06732124219242355,0.13310715871861234,0.03889718874661034,0.04973622525792659,0.07397377742804141,0.050656383064176205,0.016921714829035796,0.15773176604326777,0.11719379879481863,0.08082401479738552
AGGTCATTCTCTGCTG-1,0.44252630570468926,0.2664332656911729,0.09432910936749705,0.11774427281033205,0.07618841576847298,0.03578533538681434,0.0612601122387258,0.02138866342471548,0.06426266256666469,0.17541657510575193,0.012795709981157897,0.022032338518263157,0.02087391878575229,0.0005017953819830778,0.0012585986355939111,0.12397973218505005,0.5583844405251602,0.04249864334806658,0.019555603685368194,0.04012380974029899,0.15629949748353172,0.37779958366569183,0.321019425276668,0.28912695376739184,0.1596050860245391
GAACCTATCGAGGTAG-1,0.05805987323018705,0.24434822710076443,0.06780033701110626,0.10863706871542154,0.18104150909142994,0.11377084763627605,0.16553296108558416,0.1197917078871868,0.17878457137492762,-0.044631900297033074,0.08854117508644485,0.07856103165876197,0.13214423179199497,0.07717463000961215,0.07934640082104343,0.11767468096283186,0.09896595218269358,0.08099487282919193,0.0501050513627538,0.07602738145244271,0.02787156561042112,0.21718297129642242,0.21125155002638835,0.1596657138074942,0.08636494167237391
AATCCAGGTCAAGCGA-1,0.16672321371771054,0.288869315855203,0.08163941011167769,0.16247225851114994,0.14209086466135556,0.11487843761348356,0.12419983487576516,0.18742144829197308,0.14643922394522707,0.19741767283998746,0.17496283718087155,0.1903908119624089,0.18860228805212717,0.1953813877114955,0.18926799219230855,0.17850782300562734,0.16714413978397524,0.12563620971423559,0.15892710969916657,0.19762687114681723,0.1322137937882041,0.14066429374627593,0.2657276222793616,0.22896232711874628,0.17563795865647744
AACACGTTCATCGATG-1,0.07762788356467601,0.24518319453687476,0.07191614909256877,0.13909714795959555,0.09628937263792876,0.08973738550823278,0.1188280024760337,0.22610405131412262,0.11342306977503366,0.39407770567725714,0.19741114316520633,0.22239651205603977,0.19519436579881166,0.2053529409463467,0.16221711408017356,0.1356482259707045,0.12597696710618944,0.21384137581643248,0.2737523945503109,0.2796268559113257,0.0434645538724358,0.3417299486588042,0.24861513837217786,0.18725704840556326,0.13241245794983508
AGCGTCGGTGAAGGCT-1,0.17911431068295625,0.12218811246390265,0.03753598092475894,0.03857104655565429,0.04361063718079813,0.05681176490430028,0.06429719384612016,0.03610545131145246,0.04799114507564121,0.06513802466663006,0.035503851383172684,0.025601107144658825,0.00686684444318455,0.00556291104453693,0.005983870609841724,0.039566308392508485,0.36269707426736175,0.03348517369791836,0.0347268848651433,0.02856198558769424,0.39166470034365025,0.11269313186707473,0.09321761515501324,0.08745502625403041,0.1178734242599564
CATCAAGAGTTTCCTT-2,0.1344142471884282,0.49546370851619,0.08507823763836643,0.1615396075045282,0.07036104084243533,0.018849968248143476,0.042296866952868634,0.044388029621761395,0.09604372819004796,0.21887307987127466,0.011123298820598862,0.0068991263183155686,0.01974847291791396,0.014909426357321056,0.009671495322563678,0.14206268896621002,0.16581707380547012,0.014445678213742404,0.0037780806046974575,0.02974832831982649,0.06938496648999157,0.3763223164140115,0.3436202715256221,0.2553597084879398,0.22447043511019
ACTTGTTAGAGCCCAA-1,0.055240931457050224,0.21538940023257305,0.06970489121457023,0.13941925142794664,0.07120977761364425,0.0167441720084988,0.0742228966716281,0.19799825621197076,0.06876215390283692,0.4415726415240997,0.18753238699582508,0.17973832442306187,0.14535534818465978,0.18920616069478866,0.14083732032689275,0.14903092440094745,0.09174971404965558,0.23991630090915853,0.6020079081458801,0.47939966585008864,-0.0034352526034506586,0.18376520795191084,0.22462229489585364,0.1661619345164705,0.11719347959217248
CCTAGCTTCGTTGCCT-1,-0.005672659661801206,0.00853926557362291,0.024785327862063573,0.058519742178824254,0.04647047677690654,0.2021543139568244,0.048332549081197766,0.040827271469429306,-0.003746293341908828,0.19228861770147715,0.040001175560347525,0.047002232206636956,0.1715561034474854,0.2664242732542847,0.044798678392858476,0.059005323276067646,0.17184862473436222,0.03886472261385254,0.03982124541208276,0.19659893026614567,0.05214729593184483,0.04407081999818181,0.025729004203204963,0.051297667647602074,0.014704349846626373
ACTGCTCAGAACAACT-1,0.09461062798969423,0.1754621550376841,0.07449922299159135,0.11879378371651383,0.07584680603213004,0.04522010226049637,0.054791163133182844,0.12433325376204651,0.0754020402781638,0.22158044003327623,0.16229130353901156,0.1407474905308165,0.09039845394995305,0.1374029168215856,0.12270951150092962,0.10509104051128781,0.09621374702454105,0.2152113076603209,0.21676037909801538,0.6292499173385139,0.00417287980898779,0.2294942205250104,0.19472149545546044,0.1565151754989575,0.09433237189833674
ACTGTCCGTCTTCAAG-1,0.03173802662612364,0.18697961743528696,0.03777576951365646,0.09685900644888437,0.1600489505848216,0.1461156504930558,0.22868000017546075,0.20196969499855308,0.1715435634493316,0.11790903287022347,0.14498615104767898,0.13477506061598302,0.19083725689282918,0.16151719395916814,0.13601856571666757,0.08188028777556164,0.11483800219469577,0.11323315140504978,0.10756962731615631,0.16336785379471844,0.012644284300764159,0.08380963692354224,0.1814222221950861,0.11056553751930949,0.09379793161462661
AGAGTGGTCGAGAGCA-1,0.2113166384296841,0.2116988267120412,0.07104892855762826,0.10263671456695514,0.09192852663593251,0.06537050236316452,0.049568501706592105,0.027268239992180678,0.08892743916130587,0.13977722270994752,0.01778862821863504,0.003058588314211294,0.024798121274601195,0.0007136914314247054,0.011763751942762196,0.0952321925818702,0.42320406428067747,0.024517091731427108,-0.0030202992803898716,0.010236583942439668,0.6471042965048804,0.18930436297545597,0.20325850451012334,0.15644247476123155,0.16166611863298141
CCATGTCTCTGTGCAA-1,0.06341654451166327,0.15513693620916072,0.08815287895394329,0.10654889944445296,0.08588490491958227,0.09044532418243108,0.07964036606325568,0.1720437378904348,0.10290108152769639,0.29822023750655,0.20586976194327544,0.18083848253421114,0.14712765090180388,0.178959160031973,0.16211600683445435,0.116425037121709,0.11184121380080626,0.4548434121752422,0.24721022127993134,0.366766862541107,0.02170358804208496,0.13645756102376252,0.16491830221003548,0.13655084540124646,0.06410790636835548
CGTAGGCGTTACCGAT-1,0.14368955999333774,0.3088698693006175,0.27995190116709295,0.33025508969769735,0.08362098231743105,0.06878907258399554,0.10664736436151713,0.1685638998184602,0.10914563050500294,0.29118486742280153,0.13784062946458733,0.17807279679307803,0.11924295010521116,0.16209360015079508,0.13515345849721766,0.34385246668590486,0.16755350597774477,0.17068370491654367,0.1929352467034486,0.2013549758758409,0.07070489694413429,0.3846482204928487,-0.01717800509346082,0.5322205530616513,0.24853431975872445
AGATTGCTCCTAGAAC-1,0.3239352510626137,0.02883171245383028,0.09087945035584222,0.13294463640067916,0.08087862591187266,0.040940141141933235,0.04348148536116062,0.012111091147392776,0.07773589902790683,0.1547411200075006,0.011988392584634211,-0.020873483226438044,-0.0012816698664221426,-0.022148550026078198,-0.012182053964450093,0.12623464817987198,0.15929490039109484,0.027122191895216596,0.002002093544510602,0.004482942498171148,0.16648174242845054,0.16660085464263197,0.11915987411312039,0.16172622351314359,0.15122933127742896
GCTTGAAAGGCTAGGT-1,0.1972242466402438,0.2835719832540202,0.30985908988553607,0.34913841823161623,0.03312767608974563,0.015544695041726505,0.044974782158007764,0.045886038103025995,0.0385489941739644,0.18669879602694592,0.021877336160157555,0.025431339356087008,0.016158492732787823,0.036144973915106786,0.029607708967635732,0.3667936493272226,0.1827797975415626,0.05792397833504276,0.07369959628911285,0.07935390982394716,0.08870323723307144,0.3148429123485552,-0.0024684323450257146,0.5461635341110426,0.25459638131442797
GTCACGGAGCAGATCG-1,0.05134704195215556,0.2245208308115397,0.06391609527090057,0.12795534150831916,0.0929207762012032,0.07068710447050569,0.0684544269513645,0.22283639762795668,0.11365012352280994,0.2873277978691095,0.20353550022830896,0.22996075534820082,0.15438725450987023,0.19634667071279494,0.1791119657476297,0.10813048047547164,0.09900767885319074,0.20228751007956006,0.2540954541931572,0.2927033779858069,0.011356614558295989,0.0676968100312888,0.2081725496829531,0.15569282579008134,0.11358446556431073
CCTAGCTTCGGGAGTA-1,0.16496985190958738,0.2792717304100712,0.3384298913239561,0.3621014933488852,0.025023742342687418,0.04441252029958942,0.028600405866025073,0.04073735582430028,0.04807455013001007,0.1630420708959388,0.03848013715926342,0.026280075417997883,0.016274203525919736,0.021361889057725725,0.03091724169218324,0.3674431959909493,0.1354883579505877,0.08731744501610965,0.0610589770464061,0.075219218327766,0.08154782748364765,0.28509505674835417,0.41751696008564093,0.5062393241751808,0.2244655483576619
AGTGTCACACCAGCAC-1,0.1739116357001461,0.2514199721169161,0.35319140575508795,0.3719169951566464,0.06300918738046342,0.02896946778864696,0.05204356025595031,0.04032296051742852,0.07303866841581846,0.18287870980666884,0.013957971592171416,0.025790696406926317,0.01634383380704914,0.029501811242150535,0.013279257094346662,-0.14804800339771995,0.16084195890433176,0.06451609137427032,0.07413692516618269,0.07449438420120182,0.05010675092043382,0.2913878454632485,0.40108900323936636,0.42600426802630353,0.2189594824881879
AAGACCTGTGCCTGTG-1,0.05038253910633759,0.13421805669454953,0.06526507207163484,0.11345233781584074,0.08578645880924704,0.03898084905042772,0.08009784725764085,0.1904211928059547,0.07387044832357204,0.31452469322962334,0.18790444989199584,0.20143197861417694,0.1379882399351878,0.17887888682286368,0.15203309770186135,0.10150877872850164,0.077911621265548,0.37596226886790796,0.5228572572322101,0.44419630167280344,0.01227129281482799,0.20149973451270684,0.14502459819707117,0.10911980337382804,0.07061852207733031
AAGGCAGTCTCCAACC-1,0.06911086475843624,0.17180062975416974,0.05225176527914662,0.08630177929975592,0.17620392580598349,0.15028978570981177,0.1854635864001728,0.17573440532758336,0.5281818042612216,0.4099909486567735,0.13413435008507713,0.1231412766937149,0.1773571523739727,0.11421583988114858,0.1387693252523923,0.09300731603784661,0.10132716072139518,0.08747111003152447,0.07036523649508188,0.10451947164849615,0.020759919027344975,0.3197193008663647,0.13193636598017966,0.11718680877723364,0.061256160942022776
AAATGCCAGTACGCCC-1,0.06052074667038857,0.17192763568647743,0.07626501488017787,0.10745108354646517,0.1743894916056315,0.11970259560766229,0.1583474816492361,0.09313072238400243,0.15229184812750265,-0.06166244822903513,0.0639002290324726,0.05681169960620585,0.12991571044994224,0.07231349042405215,0.06334928303727799,0.1085974165110162,0.10602917217011622,0.07739155392523178,0.05253808187903676,0.06771678407650088,0.028191514482973596,0.23255770552085944,0.18978386029582184,0.15122452389681576,0.09357959616060564
ACAGCTAGTTCCCTTG-1,0.02515870073209033,0.1915774401794087,0.01926741748159122,0.08176500590948173,0.18245292910486716,0.1312138862190867,0.20013888974205948,0.13234528452329664,0.1446127057798855,0.20457357421319372,0.12099293230563175,0.09351362451655684,0.15215714443290693,0.14296609358984164,0.1272415012444841,0.06882400336627631,0.08961784578815345,0.07059988202433345,0.0825382024081272,0.09331075008449131,0.03552545378308739,0.2675807480900345,0.16737831193569488,0.10649649372215948,0.05585190121883586
AAGGCAGCACATCCGG-1,0.033849053570545996,0.11519981506178754,0.04923133840143623,0.10498158867689548,0.12333330927294009,0.06632756478055606,0.11760879564825133,0.21071283416822711,0.13421830468431875,0.4368235374825708,0.19679939103182692,0.4542201632293286,0.17064193025126878,0.2271015387206759,0.18666767164994394,0.10634951377053647,0.05834235637341633,0.1974578730228314,0.4384251712868764,0.3815252120882418,-0.0058384530489433975,0.27921652932840024,0.15015100902824033,0.1265020108369942,0.04640620261885687
ATGAGGGAGATGTGGC-2,0.09673876494710817,0.3091405450885954,0.07966612674104032,0.13733348580440385,0.1034157822875712,0.0832418268858287,0.13836971366118803,0.1225365931823583,0.17781036528490474,0.2938690320978578,0.07487229749152131,0.06913928027498342,0.1095961491477894,0.0728482910505423,0.06367178441524492,0.13012654995657527,0.15000229245613708,0.046496186457003916,0.049329688628494205,0.08267015528826854,0.03990958347918364,0.45202426357847153,0.28647443504839987,0.22309685735069487,0.1698011956584917
AACCATGTCTCGGACG-1,0.028471477931774427,0.1694030682705361,0.039791278769533575,0.07487963211645199,0.15293638750914348,0.13999188879420738,0.21031731195377512,0.2324200501610748,0.17488429510415177,0.3427036109007559,0.22112064590590771,0.21875744734025146,0.23332308666312732,0.24082631599821505,0.24479031389921319,0.06781216282170274,0.063649051310415,0.19480569419099258,0.20920046353230556,0.22874637658519686,0.021142956388435722,0.28403038277842496,0.17462497162561164,0.10099420153057777,0.06254680379166752
CAAGATCTCTCTTGAT-1,0.04390380576851953,0.15281072617516442,0.0618535809202059,0.09874159047552485,0.11362611156283524,0.06840236029711148,0.12914748146389357,0.2009360583576172,0.09587946109828162,0.40865656174518605,0.18335412763868125,0.19812116639012795,0.18218068610272045,0.19294620017966294,0.1508486634809922,0.09959132882680363,0.0576937988340335,0.2145860744676459,0.38368567592068775,0.3405595081169736,-0.0006564134830270226,0.13606258690091722,0.15702251552793942,0.11027539482176187,0.09243767922429202
GTCGTAATCCTGCAGG-2,0.05643091929749856,0.0976448570722839,0.04103662028766309,0.03416551780678021,0.004672567961759929,-0.010495369494668545,0.006511367309165479,-0.010090159828895348,0.007366553418615673,0.04365522754710611,-0.010454008939535549,-0.017938647872998214,-0.018218608769887772,-0.008103623975197488,-0.018766328652097514,0.04082691438852794,0.056269590477109756,-0.011516687433150178,-0.010818913112461272,-0.00509929109285318,0.060734606678682856,0.0845781393058663,0.11391239226395941,0.07254561787138311,0.20238077339332325
CATGCCTAGTAACCCT-1,0.009206503940895151,0.13548501877513153,0.01947335004054595,0.03802212319549771,0.5376210604313368,0.16213455402218618,0.45227613339000505,0.15443076151897636,0.17996693310983303,0.32818375175264225,0.11406289513022554,0.11363411652863684,0.1775308433684254,0.13607358953215845,0.11876135374221355,0.029986687501000874,0.09329318556032645,0.08071702250422097,0.06336622230706244,0.10512462173544866,0.05274514803463792,0.3018276253228413,0.14793795191328782,0.07777572322055165,0.06768832445737386
ACGAGCCCAGTTCATG-1,0.06797908335856154,0.17999283810235062,0.07456347624808991,0.1429836786857119,0.07865600939846146,0.07389999370297126,0.08188479841949267,0.23059143687575648,0.053662513434771866,0.3063387998988297,0.1922654172657867,0.22557823097610127,0.1497752093278451,0.2296911920164701,0.17314304360818453,0.12300974300640768,0.07429892488215996,0.24399549649307314,0.5582466365977354,0.48685117219995067,-0.009108627364214117,0.25387203462246233,0.20958367382504747,0.1629877799418027,0.10108158100641304
AACTTTCTCCACGTTC-1,0.07494363484303156,0.16863166300178192,0.032316080587964126,0.08860450297997,0.15384926220646228,0.1075804316057786,0.16158321441770498,0.13128692738671097,0.16521893600418944,0.1950797829173859,0.08676367043737634,0.08651110421381372,0.14486130588310703,0.09829169077982704,0.0913800016811172,0.07351901021479076,0.12376588175878463,0.04002078553136304,0.049675682460682866,0.05482068426231489,0.04263635626858554,0.2615270990567129,0.18313807985620903,0.11780759445015077,0.08720893337463893
CAGCATAAGACTAGAT-1,0.17850765362153462,0.2542943262883366,0.34584227636837694,0.04246243318954884,0.02417366791567154,0.030879885604770115,0.052392659898043,0.056016306502678546,0.06726244447426034,0.24025967629165818,0.022397587717705014,0.035291526502861985,0.04160750124334949,0.03772667489721701,0.021690515462546238,0.07451856116888053,0.18107731091697324,0.07339794581067839,0.07587251534361317,0.09521674106780383,0.06287346679739979,0.29378657317357637,0.4110451440378975,0.04813216163757144,0.22967719288189162
TGGCCAGTCCAGAAGG-1,0.007610687015475435,0.1642517936108318,0.18082255425823152,0.028485502673781807,0.17680143719146463,0.1878289265412575,0.15967210357358935,0.014789106921798563,0.020536522963681567,0.025906892703747495,0.014444859328096015,0.018807277332162874,0.14543683209442984,0.1774972207549941,0.15418676485823124,0.16825639148330115,0.02635475612359398,0.1574899873774022,0.01396714452765624,0.15338359123133657,0.028684005130159878,0.15604356866646266,0.18633138781355546,-0.11215760185822696,0.006804603121410505
ACCGTAACAGACAAGC-1,0.09477018070299953,0.21350815972669643,0.08260808192241476,0.13498866988973401,0.09745813721152422,0.0702785132951719,0.084756148268737,0.17744335545999107,0.095996972595271,0.4724135488915294,0.16852278598579942,0.19405628818812226,0.13621984035831028,0.16252499567936143,0.1472551002675045,0.1295953064699257,0.12415200849994339,0.2558070006969452,0.27325679177348106,0.27869221085548035,0.029330431682998,-0.14092191932828455,0.24663476793933908,0.1862112808311257,0.12297922846728472
ACGCCGAAGCCCGAAA-2,0.15032210485892583,0.27813171645201257,0.18865975997483997,0.2039183490959711,0.06363844032168564,0.017271495623350543,0.0229763222964554,0.04770043644198371,0.034574083287996535,0.14164982571534063,0.030236591028284833,0.02301008898600592,0.012289964456979366,0.027679609137875313,0.020177502039329717,0.2447074736829898,0.15479742833323476,0.04333086213722334,0.06413048934888135,0.051078160307677735,0.13187049802035058,0.25032570748538313,0.36546194169277013,0.3027700563198446,0.49924835918846855
ACCGTAAGTTTGACTG-1,0.028157405232443082,0.24156066086264233,0.06101323141402606,0.1030626770961055,0.19101745772462309,0.12491460230253683,0.2005965218858241,0.15012982602427682,0.16361239984383943,0.28292969182731553,0.10976640897662332,0.08972925211809415,0.1410456046897962,0.10670475288582369,0.09173134660828211,0.10171321982753198,0.08301275683943814,0.05880876065966518,0.061554411905099644,0.0892916032414588,0.004680436350723579,0.34492803934758703,0.22110170915647062,0.14537828897499963,0.08728790067993313
GGCTCGAAGAATTGTG-1,0.1448912338812959,0.47413267180925006,0.08663609844480742,0.16495258045919323,0.14238374318375902,0.10638522552746675,0.14213449108962187,0.0842844469078077,0.12861479335364387,0.27374108091539545,0.07286934300066536,0.06130222407123203,0.07609358566784861,0.06346209194186699,0.07767450759426757,0.1591721134656797,0.19110107071439272,0.06809432052424387,0.05588639666212277,0.0875439246421673,0.08049688457954968,0.40513685070032895,0.36217182472334586,0.2645282613154099,0.20938144378179868
CATGCCTGTCTCTCGT-1,0.04817236659627783,0.22235079040189598,0.06360245599419417,0.14146058276079734,0.0666925586252067,0.06789867193525892,0.08722130525657006,0.21331133713754186,0.06688588208277967,0.2698465330312433,0.1708456486599118,0.20128061401694397,0.1362432163692421,0.19264863322157985,0.17078549401701876,0.14174629905491254,0.09617063412846306,0.18930893841300594,0.24193008569596428,0.2503191964908771,-0.0006286953956468149,0.1531178239449282,0.2334858206484997,0.18688627118716455,0.13772913662626102
ATGCGATAGCGACGTA-1,0.1110209652517895,0.2587122577245435,0.05395892363666941,0.11378500783789826,0.08196316729077299,0.024756057157865916,0.05373334371571534,0.013948397489484532,0.08946875047150357,0.15193262377499012,-0.005588617816008875,-0.009903239553599204,0.03057714904114894,-0.003046166468278912,-0.0018785829250292528,0.10269933501402612,0.17507187103697985,0.0013527302206612613,-0.006729322379151209,0.013686242108515762,0.15497723488158602,0.27635321531245677,0.2855788064068045,0.17208966006742943,0.1555661416203954
CAGCCGACACCTTGTC-1,0.1908686336929769,0.2561047927256563,0.33233995988057985,0.4217633725539801,0.03286541473630174,0.043582591192940875,0.027670024080159308,0.032362374760156756,0.056265167269104806,0.18708413113370934,0.006299345776550071,0.024847162024109085,0.014683076075363514,0.020334574938206507,0.0038730557966883596,0.3502939274386064,0.15122011290757384,0.057597735776773455,0.05146771865404106,0.06117133327940604,0.0625158252435418,0.27218222870751,0.39218560843597294,-0.00011423502491032161,0.21931064855636723
CCTTCGACACGTTGGC-1,0.16902103037168031,0.2749592608202046,0.3590657813582978,0.4128303399900957,0.026497389454314856,0.024257701345707792,0.027908397938354937,0.04485485181106447,0.0450777216396678,0.18594520224967517,0.020881430681677488,0.028141848200409762,0.033721132990170814,0.015061271391257987,0.007293474631766281,0.4102030774525814,0.15354872072545242,0.06034060898920806,0.055529534690205135,0.0684133307048811,0.06155602903453869,0.2994324324303914,0.15854088610422085,0.5073345466382703,0.24955418031165316
AGTGTCAAGGAGTCTG-2,0.16242202456735566,0.28515965303834356,0.15728198033931237,0.20226918122070733,0.04387730565632217,0.016404425367737775,0.055791782386671894,0.026657837504970586,0.03046301062470798,0.15991034037479707,0.03436315189135781,0.011144027713002115,0.017214712467407682,0.024238340678393522,0.024333745042933216,0.21361042815290787,0.16215621898316007,0.06861973502741289,0.08862606325664492,0.07272502621170736,0.09605713101549528,0.26862860159852187,0.34389215658625855,0.3037825465265763,0.4604658715649611
ACTGATGCAGCCTATA-1,0.24350861722845357,-0.011930797794010097,0.09992727971421704,0.1880372626419809,0.1406307170582615,0.11602930660907551,0.14628389058640254,0.19160128622252887,0.15527445330338172,0.5058936208625822,0.20828248818493325,0.20364384920906817,0.18149295272101149,0.2003979615162549,0.16885919714066439,0.18906571699576494,0.2368621339718346,0.16386028414095383,0.20052502783997886,0.23071546283669622,0.15778026234965822,0.30228287687222316,0.28655650115175896,0.2411171019328847,0.20193311783246515
AGCAGCCGTCCCTACT-1,0.24621365760995997,0.2083427124943925,0.11549669874157725,0.17283676103444567,0.08664292064710394,0.05168983473484509,0.044688410132102785,0.04706375123235389,0.0949096679557684,0.1710841450368284,0.029944085542646274,0.013665677135054436,0.012020222668887321,0.009929294174666743,0.01077186898224447,0.16829053186501117,0.24566667632176098,0.04293865016068607,0.028997522391652052,0.04941179436625979,0.16910394839203993,0.25905341277374566,0.3178080299516688,0.23190003211202476,0.2191404896018525
CTTCTCTTCGGAGCAA-1,0.024626197677681455,0.21223681347735968,0.02392258086357031,0.06832613580113953,0.20917922951107468,0.1331268872279349,0.1912935174073288,0.1558819943490929,0.16600193163060864,0.12836945227640725,0.15048070358985632,0.11453461654928143,0.15983515154306774,0.14179524131729332,0.1389999170673527,0.061614186682964686,0.1158340699433097,0.11856215283469729,0.0922218830123362,0.14097083540607477,0.030775574109112507,-0.011170513306242058,0.20651602682887482,0.12397340740898795,0.06257390125818726
CCTTCCCTCGCCGTGA-1,0.1731136705757436,0.2798005731299003,0.37421179193553755,0.4079005340735353,0.03939711340263074,0.02584602808574032,0.04546354227195382,0.025080755466499172,0.04027331721098018,0.17110667520473613,0.00791317387506659,0.01146136705106747,0.01831893808250642,0.0061929733157136445,0.00011964440005452943,0.4470289736533243,0.15844784242477036,0.048606420775589035,0.0413324604060937,0.05590917589424612,0.06102737275958443,0.3010953133784795,0.4435475951884334,0.5090810585062424,0.244526411339713
AATCCAGCATTCCTCG-2,0.1510091386201332,0.3025857292954326,0.1374869978072086,0.17167346715656667,0.04454348972664342,0.001485807684763778,0.028749273304433363,0.044043967755679904,0.05019358658009837,0.14876695385048086,0.027850423706239778,0.012126276691053239,0.008567939881394534,0.025802429020940397,0.017790172600362305,0.1762631011525224,0.1437074303667341,0.04160957068162152,0.07709042596449311,0.05529086782116585,0.07913501246240463,0.25454554637435,0.32772282051559903,0.27066698424551766,0.48680518420205665
AGAGCGATCCTTCAAT-1,0.008093604720409745,0.16966019583794198,0.049118947651886236,0.08048062607606793,0.12831922303582494,0.1541998243798489,0.19698351292270544,0.16458636891294973,0.1156646538657465,-0.03735083395906289,0.12590118158432212,0.09848295071267177,0.13765691824999862,0.09954975602202355,0.12246826370883128,0.08170122663165078,0.07397748826886585,0.08267746245444459,0.08502508907263905,0.10614398411647417,0.005019190565961203,0.21408752036057158,0.17661370984084215,0.11046792157125483,0.08478733532134765
AAGACCTCAAGGTTCT-1,0.033810601171352955,0.20905945645585317,0.031981048751845,0.09409012450871623,0.16707537716794488,0.09462372843336865,0.15816978756308372,0.1690444365627605,0.1506323743209927,0.2621003607188554,0.136293779957424,0.14767053857337445,0.19427274289457397,0.17644230637723327,0.14655086005488263,0.08854406443326868,0.07043637445217571,0.13548433079893987,0.13293044824967878,0.15517239080661768,0.003430089711411657,0.045605212153253416,0.2105304685377242,0.12545613007258355,0.07373673600249758
ATCATGGGTGAAATCA-1,0.15964532001476175,0.06444030478866006,0.016769775590728373,0.03893274343513038,0.03363129644166292,0.01987090530638409,0.03552118805524332,0.01317888494734877,0.02107589570314406,0.07354814513691744,0.012895903962205885,0.018583487776393473,0.002348888583801178,0.0011036565463277061,0.001506549087110391,0.03304456990711681,0.18232024123649945,0.011158240218071208,0.039243935207257344,0.032223017675475286,0.2481237680748471,0.06160170359966885,0.07390537453435513,0.05298256507828456,0.07132632090961281
TTTGTCATCTAACTCT-1,0.05377693549498999,0.22617498890281784,0.03146547636459497,0.09174427008684741,0.18541016450609935,0.1162227067156092,0.14887661353684264,0.13107219503192818,0.13132219445800178,0.14785023670752584,0.10837748303226516,0.09560940201225078,0.17227015360219297,0.11526875394551814,0.12571987128067216,0.09688246372594977,0.13695842662900073,0.09908474910471346,0.06264503304698171,0.07940461803105696,0.02541433424443723,0.015383711262748291,0.22777334525258727,0.1546261090503176,0.10701328874340946
AAAGTAGTCGTCACGG-1,0.027912989344015038,0.14753196976719313,0.02271296934124225,0.07306813019044552,0.22066854387176132,0.15213004636712635,0.1860544839433608,0.1261302370130867,0.15809004891758824,0.22641212892192683,0.10648330438789498,0.10624475498038793,0.16760778868779957,0.12871389621742196,0.12096271571700411,0.05749089946183788,0.10841403705398034,0.09081916365455585,0.06749557670395388,0.105007734252543,0.026462374721531335,0.27800545106857794,0.1701900432676716,0.12291471784312806,0.05091313453332698
CAAGTTGGTTGGAGGT-1,0.3758816333121468,0.3399095286205081,0.0695176736138217,0.1116071344655532,0.043949670649405526,0.03269198281583126,0.045962256609411584,0.034666422823870544,0.08752016846869967,0.16929802904393815,0.012875999060453888,0.007390944702679434,0.030801072317320086,0.00499308038774557,0.028850327477034973,0.11939643429936436,0.42681451766590744,0.01072323020991886,-0.009195069243778374,0.0159559910590018,0.5203379509760924,0.41634231721106385,0.355256118281696,0.3113691815764776,0.1459843448175906
ACGGAGAAGCGATATA-1,0.050882190884163944,0.17658736658980237,0.06076153609809363,0.0711503905709657,0.14820349282795364,0.11733779699080606,0.19589917541895854,0.15412858424158157,0.1815594731377388,0.1617522397368119,0.13329715681954254,0.11770051459461701,0.18948661480394052,0.13843164815262127,0.1417635014297341,0.08963530803921989,0.10285718826402797,0.0831502435479925,0.09383487864058881,0.11311860191421631,0.016057310083805093,0.06448466748169877,0.20864033163662218,0.1455700822716088,0.08342040974751147
CATCAGAAGTGCCAGA-1,0.056256143122201376,0.11948464258846513,0.045933691710684836,0.12803383441055083,0.0453107626705909,0.0713730389377238,0.06907401186801294,0.20839572194108627,0.05187372444474471,0.22189219037563543,0.187463777522262,0.2016809253828525,0.15469958134256623,0.18740453604408214,0.179252271993837,0.11184790732658788,0.06213759015801343,0.23639810482139942,0.4552837969064917,0.4002008703363522,0.00048514810201267996,0.26363343248253224,0.1623818592010121,0.12084303542636238,0.08243864706629729
TACCTTAGTCCAGTTA-1,0.0667447275474292,0.1266208815139778,0.02980702266036641,0.0530556894041516,0.13709408675548498,0.11771484846000453,0.47109608410751797,0.11030530725574986,0.1390904613461656,0.32261361839705405,0.06155144473536933,0.05543585565543302,0.11637509883147325,0.06998081195011788,0.06115117057473409,0.06728035426220134,0.09526497896959202,0.03906335842538333,0.02271783521197707,0.06398456242019866,0.039385617967110105,0.30968237587464076,0.1420272251015541,0.11355300738008772,0.06603586751878139
AAACGGGAGCCCAATT-1,0.05814791605222811,0.1764413961480236,0.0632422306835953,0.15915029708648604,0.1026633268489651,0.08537014303305356,0.08495534849746407,0.23873954047377965,0.07607285961767256,0.39132147027046105,0.20780618933985848,0.23136369915893282,0.19378597961389554,0.23673905256710348,0.20752988973570477,0.15132602096926423,0.10478529083361622,0.25468805963701385,0.32610684836789866,0.3332108026879262,0.019620604786807647,0.20126059399213955,0.21826848475491192,0.19297706651508437,0.13119951372834987
CCACGGATCCCTAACC-1,0.04102105074364592,0.23416349457775124,0.08848640315353892,0.14275197899835534,0.044362843675992705,0.030942085790397433,0.08222025451513865,0.1925284282567931,0.05856525580275554,0.31420695251900477,0.16867686236646,0.18335883613389714,0.1437305758603207,0.19536415972158314,0.15420447418879563,0.12686665727955027,0.0830082391886469,0.1818445038763394,0.23573116079801537,0.25409677873502223,0.00303037560847566,0.057582378155755114,0.24871550305035234,0.2211274609124376,0.1322849383854207
AATCGGTAGAAGCCCA-1,0.13094382808070648,0.19220966623707023,0.04214974087932832,0.0949559465129626,0.034403641698926124,0.012904487098501019,0.03587105212293028,0.0037913330168820626,0.038778952087094136,0.08756810730354121,-0.007380945520808937,-0.016423700306056943,0.020726827321870773,-0.005517233637833428,-0.005091873267290216,0.10242066787362993,0.2127047962971028,-0.019501513213099057,-0.008156654747132343,-0.011376524600444835,0.12765818205129548,0.26682059666522057,0.24139511691024632,0.14738261897099186,0.14193282741529192
ACGTCAAAGTGGGTTG-1,0.07529996779288395,0.21747595633157388,0.03836920423563554,0.08256028686662122,0.20519968306961003,0.15789124146182063,0.23695070525995066,0.1516921435210736,0.19843588139381912,0.2426039382811659,0.11119480608728007,0.11101994704540111,0.15308822663135585,0.10375711908942294,0.11528470855232426,0.07506772974156152,0.11460440448606457,0.060646270200075264,0.06131712978793738,0.08490239180503471,0.028888226660053702,0.3132944275917427,0.2363614397964095,0.1433392773573824,0.07427237409884323
AAGACCTCAAGTCTAC-1,0.0367548840234756,0.2200487973057147,0.02803551122253913,0.10079182896805026,0.15754247007635117,0.1034818273300959,0.1637165700866414,0.15093525102644112,0.15642047128429948,0.19098291083411467,0.15807095290440962,0.13104239191913242,0.13935974275449622,0.14825181334216814,0.16196560525638676,0.0954702396659656,0.13553393110524212,0.1321030037990882,0.15256071157362908,0.16913163712850235,0.04918824405405625,0.056274901155093156,0.20172704536688368,0.14361386902842488,0.08682653371551712
CACCTTGGTCTCGTTC-1,0.18119045659418218,0.18390006880376683,0.061107385490709445,0.08981812060024363,0.0773278578049935,0.022954744924756177,0.059883413966988694,-0.007485739304683571,0.06439157988457186,0.09605092429646281,-0.006662454051433948,-0.012065188708088715,0.016173804062584077,-0.013950536802863739,-0.004216469594710566,0.10011467348699973,0.47599399113103,-3.0847127403230704e-05,-0.0162338632235308,-0.004833131830634391,0.5587436488335121,0.15958248775475897,-0.014195618006229923,0.14798681857169274,0.16937232496855503
TGCTGCTAGCTGTTCA-1,0.04228181088203463,0.19627511562668098,0.04122643321480115,0.07527888679131957,0.17711445723209066,0.12343782124009488,0.19819854454441813,0.1324719542795135,0.19167837388660522,0.25667245856337895,0.1114012123637498,0.08780743709927333,0.16596651075826732,0.11610146287505756,0.1112642005534304,0.06355252252132064,0.11435394315402846,0.08152706097725455,0.07161370179896087,0.09932590577863246,0.0249401817660817,0.3266081510292481,0.21791719549067864,0.14655693923509724,0.07939231572724867
ACCTTTACAGTAAGAT-1,0.035449032823858605,0.2558363116918261,0.0522450703874585,0.13122163707127668,0.18363456989017668,0.11689849300129819,0.18361843741784803,0.1833755229425088,0.17283444178368787,0.24045671721121795,0.18981361635120655,0.14762879313710886,0.1754754721805628,0.15746908887841155,0.16201776178444016,0.10513854924100427,0.1191277744072733,0.16291905011689367,0.13796912058799235,0.17611023166876003,0.012292327405654242,0.0034427901074180426,0.26202097383282585,0.18445698884936512,0.11068461946884854
AACCATGCAATGAATG-1,0.048987163282152364,0.19459338190467396,0.053055758713902626,0.12220568397351572,0.13236450950372622,0.08478277213589618,0.09199427025695577,0.2247010001761605,0.1063373672010306,0.4186820759804953,0.22129728008998736,0.2145972237711317,0.19135600587763013,0.24355948953750117,0.2119082929126251,0.10784087614495473,0.0921491746035859,0.21140825900834062,0.2328059409193596,0.26337413329090814,0.017158437059661726,-0.09720380374095604,0.19787789239763542,0.14840612521483781,0.08637062205486401
CCACCTAAGTACGACG-1,0.0503639560773244,0.19362758544084027,0.04791413696495991,0.08734921060927284,0.102335091429459,0.07940007190228676,0.11821262183604259,0.2217061863069826,0.1555812564138635,0.4343415550762383,0.19091110638446368,0.24599780985500694,0.16768773868187747,0.21926124613704043,0.17212939377996078,0.08428918458170694,0.10003245801367386,0.18113953192791518,0.23433076477518205,0.2556769780888939,0.003135626737428499,-0.0259570320037985,0.18328583685504418,0.14014031058383228,0.0887261783635649
ACGGCCAGTCGTGGCT-1,0.06653897486221538,0.14069585497180703,0.03591619847112528,0.12961711965037587,0.06358010905629707,0.06212603502145552,0.09850728818458213,0.23226681827225087,0.09154923537695459,0.3798534781917933,0.21399045296440086,0.22757342835689484,0.17050191890880845,0.21220794671655763,0.154635172040754,0.08646074978031452,0.08104893548507343,0.16904151410952503,0.23723734657291876,0.23366046950442557,0.015799439402196178,0.010064559552174461,0.13669769358563483,0.10192077189752322,0.09656743294545803
CAACTAGGTACCGCTG-1,0.23343260727641832,0.28806376887988283,0.08633822579346019,0.12355250365340473,0.04068093348718435,0.0248787065914762,0.043461360899345776,0.021638725324684856,0.057671513509985915,0.15548748135454193,0.0030674660381783177,0.009423561000156877,0.01985060366759165,-0.012642875377786692,-0.012190175220254862,0.1169654155567792,0.23284515964415367,0.019417306283380228,0.011147519177018898,0.012854839919664508,0.20888480518356617,0.22076173956494946,0.22504984007533124,0.16914835310999268,0.20098056384300142
AATCCAGAGAACTCGG-1,0.18346163620414438,0.29445833948965655,0.3320479348694176,0.5110907285396099,0.042249454687711616,0.03992830267770199,0.07159874402365897,0.04934055436352461,0.09137238253185864,0.21114957342438295,0.02490792975070262,0.03831556614968633,0.02198332420658717,0.026430505177650616,0.01131097436680977,0.31286095243682305,0.16895911528796753,0.058269380552127124,0.06843433038416197,0.08812038087278565,0.06151602344309968,0.3034402021777426,0.4083453962118488,-0.06686156219964903,0.20996838529594236
ACGCCGAGTGTGGTTT-1,0.06354883378191407,0.2147262470565582,0.058990816495065906,0.10679051342813278,0.17301445151543743,0.11859229291261478,0.1993644886213108,0.15111893669231108,0.16086633973866296,0.30658928206618746,0.14877476927765107,0.1280119076672564,0.2009357365348038,0.1580133774329959,0.1604891048656375,0.10536805493358674,0.12840550178241533,0.11387171800406444,0.09555452922986253,0.1322107614550354,0.0004378615672665218,-0.060155659554038614,0.22153294727994688,0.16257106182305628,0.10055661223446592
AGCGTATTCATGCAAC-1,0.062192776085343675,0.23959458480133813,0.05566445063000768,0.11027159661326524,0.16540383352761484,0.12772931077138222,0.19451059791840158,0.14677549368759368,0.18677951489697098,0.2901735049862531,0.13261005720962013,0.11737323899625378,0.1633349006729871,0.11517162994609899,0.1172433899505401,0.09046981097820989,0.15272251832824194,0.09572743711682079,0.09748860474686274,0.12483032302321362,0.03455667212803513,0.38132791046519243,0.24803896162803693,0.16416573118393615,0.10314940993096458
ACTGAACGTGCCTGGT-1,0.03435373125307816,0.16543667600968434,0.059540253794878456,0.08540585985817507,0.12575639936906977,0.05298911005623906,0.13251255084344324,0.13222986135138007,0.09925642596713789,0.1914812478920214,0.07632544233592846,0.06883436570212381,0.12686318096033775,0.08641591541797808,0.07628713826929429,0.1080732523330873,0.09365294890899938,0.07127794308342345,0.04284690031320392,0.082043470274631,0.023820186776942642,0.26836701781448613,0.20462783143859636,0.12461460725005188,0.08544339747443787
ACACCAAAGAGTCTGG-1,0.03296602327201266,0.19243047530366753,0.056168006291860716,0.11689518289415259,0.12079709138775657,0.11206050406414814,0.14700185703291999,0.23352494978150973,0.14204383771617282,0.40684632946905364,0.19465089778394237,0.21871398384465382,0.21457213732211614,0.18435391436534063,0.17938767309602982,0.10573738657897556,0.05405185511538551,0.14939348157950733,0.17277833465600326,0.2005139583730811,-0.008194218625744413,0.00850918473239718,0.16186178219619388,0.13339062129985005,0.06054989932563802
CACCTTGAGTTACGGG-1,0.0323998010537675,0.1386238987028318,0.05417572414999146,0.11873569972179776,0.06277160416871029,0.08188131371021981,0.09272113158907525,0.21850941097211596,0.08327004447390382,0.36201562630266837,0.18028688979161836,0.36643391852852836,0.15568734386372485,0.18565752017740053,0.17518504645534533,0.09714682419064972,0.06893008779867855,0.18364057231955194,0.24622668233657982,0.4377892800417705,-0.01464280093864961,0.24556162339306503,0.153375319154579,0.09251376424870074,0.06525742096225019
AAACCTGTCCATGCTC-1,0.4353665519800279,0.1881173976232392,0.0656895604578165,0.11275183261237424,0.07733975019165314,0.04493066500593589,0.05711033736526696,0.006504950751456531,0.0619042121296817,0.13098832753324313,-0.0033196454477224047,-0.01990788428202269,0.001059884490332239,-0.011206616561736972,-0.010747149195702426,0.10142971065731254,0.3776476118456926,0.01270328254857135,0.013829390058991428,0.007467199661988518,0.5410936040039077,0.2553490960532465,0.2392639581915014,0.14699969564072224,0.1808707599090549
ACACTGAGTGATGCCC-1,0.03199474282503082,0.18947364616140175,0.05761225967576917,0.06604656462431757,0.5114869127359708,0.17800097404655832,0.18427883616843313,0.1517923581985167,0.1784632367490808,0.21638535415320917,0.1494421911343566,0.079384871253108,0.1542305621129209,0.11335927214385866,0.11612267569906445,0.07717837802360572,0.09414214182327191,0.06798761726285249,0.07058078565293373,0.08542142729419995,0.029715266328199198,0.19806728092674616,0.1821013797098219,0.12836097867643947,0.08568413006782417
AAACGGGGTTCCACTC-1,-0.007510989933948313,0.0002948930346318424,0.11855404486337391,0.11073283823299539,0.1543414535392928,0.10955346516959603,0.14347037801399634,-0.00590510370525858,-0.004960348982360803,0.019354688891094315,0.13112877204329443,-0.005212172418871676,0.1375515956982512,0.13763086671647287,0.11636169962467323,0.1298975715279956,0.019720521409354815,-0.006188937170151017,-0.006048628772598086,0.02336591677856928,0.11367477277990547,0.10635114342947372,0.14125398386476787,0.10740071693182467,0.0056854159906887195
AACTCTTTCTTAACCT-1,0.4756301786860406,0.18064292972053847,0.07838732932289989,0.14257437501026216,0.10018882386404267,0.037915818805492114,0.07537477829400416,0.016173301884559343,0.11902040751580308,0.16663446109914704,0.0066968362560595384,-0.004434655597178272,0.033379163854543044,-0.006891228923633166,0.011966220202225495,0.1402901411381987,0.5275094603464444,0.013611158797170288,-0.01063945389637334,-0.007985596783790239,0.19257664786149306,0.26565648128231106,0.2427794659122334,0.1796461961768642,0.19220639147914093
ACTTTCACAGTTCCCT-1,0.02840046291953213,0.2247421824861092,0.05332513200521651,0.10423719973019085,0.16132674914748454,0.1185250440968014,0.18632212848320526,0.19609149127686232,0.17577286261800235,0.31544699108643454,0.18286274454309018,0.15367018258866516,0.17342974182046156,0.1503421108584751,0.16077098626042854,0.09305924473772538,0.11636709472732032,0.16049066447675142,0.12269703623903343,0.17008995800148732,0.02077538916678702,0.3747774094204773,0.23477352422836328,0.13972513686567026,0.09018233412173643
ATGAGGGGTAAATACG-1,0.06543479201806511,0.18882705477666373,0.05147185612862544,0.13574491809500752,0.08645323037747278,0.061876988093516105,0.09975307537536698,0.20131565627934456,0.11433201935629791,0.5580469583953305,0.18907962426007635,0.2037061956237381,0.16884579931632634,0.19731494949133935,0.1758962814330164,0.12380388033184964,0.10409413678901011,0.20703784983704865,0.2353029100377779,0.2540653194178491,0.003004851178821228,-0.18246471319216653,0.20911205015707499,0.1535842872190563,0.0969678535514979
CTCACACGTAGGCTGA-1,0.17990885974175883,0.2676482493967964,0.3059316334916311,0.458870118394851,0.033070222445422806,0.045670119072447196,0.03719865820130224,0.04079179465807584,0.057914617777535655,0.19843741138054682,0.008801857546217566,0.02675054495056739,0.017280354209483723,0.021829326529813793,0.006188086488702014,0.2886457988537635,0.165029863648383,0.05969289067618127,0.07035937996276206,0.07185190820375997,0.07176429245874623,0.3020008588172432,0.38626042444227404,0.003157250785416865,0.23421360721722986
AAACCTGCACGACGAA-1,0.0443722459877981,0.25898906859006676,0.06400283701826817,0.16705500415586572,0.04645388467671013,0.02026508998024584,0.07336187453978575,0.17525541389316818,0.08521336227544468,0.33490817485120766,0.1681779892219482,0.1787499371549199,0.12075515674034605,0.16580841151780532,0.15933062694380654,0.14720906644522683,0.0954924655391116,0.23298266613974775,0.237861662520781,0.24827145370880718,-0.007353281105156586,0.0652296276064378,0.264363398301755,0.22149411765834973,0.14420592291717943
TACCTATTCCTTAATC-1,0.048766047526005954,0.21660888401828274,0.07205984627103991,0.111374660510979,0.18259410780341134,0.11767774064180059,0.16009122099033932,0.1792972205899663,0.14279142342485898,0.27765956980902357,0.1470278608733306,0.143931478377519,0.1606032332065232,0.15567191171695646,0.1384647505801167,0.12579204738226238,0.11024194654522379,0.1102952518860945,0.11286929747716233,0.14280599222446663,0.051077908627099246,-0.03195646825339564,0.25825599881538325,0.15978631905059926,0.08417815258439917
AACTGGTCATCGGACC-2,0.05406818548301825,0.14400906702074256,0.04613927147444577,0.06865668982101043,0.13034711870855392,0.11009963963275647,0.1351824610882873,0.17559123280514646,0.1077550884775097,0.4254440910054162,0.20185208797306892,0.1742411934494318,0.17217753423182186,0.1710750943660223,0.17570703578769303,0.08336908775735798,0.12416763655823487,0.5741580870363938,0.22478291446343154,0.23755266655782822,0.05621666897213551,0.15439122896958793,0.23608188263497706,0.13351189016182188,0.09254468444411927
ATTGGACGTCCTGCTT-1,0.21197896857378962,0.16610721051074823,0.028678309668269363,0.2094264094757173,0.007907280707457342,0.02620125098793548,0.21441154909260632,0.1408560209487367,0.20993469704662795,0.20785522094979414,0.021697389263645377,0.02807738748996095,0.1684007035570827,0.15181940310824774,0.21558187582331004,0.2151150575072159,0.024804459118510067,0.2220249662003503,0.13846694247393293,0.21609371009293973,0.010890515154866894,0.16458724535996075,0.21234091888803544,0.21613606283265963,0.1972006742974141
ACACTGATCTTTCCTC-1,0.20067690186225265,0.04525650758632051,0.20882486145252305,0.07491243797299511,0.011175681442477815,0.03054781527552932,0.03380335300669704,0.045884384487226475,0.03567737633269994,0.210134506812276,0.00806285761122665,0.01216452463861303,0.2132886400114547,0.030306978556054864,0.031060248257626193,0.14794946371174172,0.18060437731389137,0.042762302112376686,0.025943657638130918,0.03746804050229422,0.014326593220290578,0.05079881989502599,0.21143706117033592,0.17078647071892114,0.026823165853358377
CCATTCGTCGTTTAGG-1,0.040686314847795786,0.03356879508855092,0.20621723499771763,0.18409645143827805,0.040516396271482374,0.037504349126105854,0.04250384343559875,0.03504193543671323,0.018452762954819422,0.12198997589270284,0.012803220759100432,0.01713886101017375,0.04097463767603711,0.015233079353975179,0.015686318295158017,0.11310676065438856,0.040542928781639564,0.053706437635716746,0.0339905742297053,0.028595445526699563,-0.00747982113721743,0.09537280624549778,0.12890223743402182,0.12787112560882105,0.05003932714042153
CTGTGCTGTCTAGTGT-1,0.05533376175921105,0.055013107254024834,0.04617861952569953,0.028184802866763562,0.039141076318971804,0.24237548204681797,0.04079128416284765,0.034036581632249714,-0.004327579858997418,0.06425967439036333,0.033383000585115834,0.03985081065619637,0.22958713271797346,0.03709231142791134,0.03765689294499746,0.04779776395024725,0.13875887055537653,0.03191686741585271,-0.0052770327539313,0.14357293655850487,0.044173824888465434,0.050943205494034395,0.06488536398315005,0.05831298608638797,0.009683230916013837
AAAGTAGGTATATGGA-1,0.054146596448508125,0.13549992807050365,0.059157457039286675,0.1165432450121515,0.08324263162087724,0.08133857131182998,0.12473475291628731,0.2366860810389607,0.11092546376966271,0.3310651458815321,0.20182746825297163,0.23788898418415286,0.17756012988087647,0.2207528896809729,0.20814733168782615,0.10629061249569884,0.07217200779323366,0.20792945904685795,0.42929047567852996,0.41392858570895685,-0.0035295157745826393,0.18208050570961534,0.163891006443132,0.11479290966557362,0.11605690271091937
ACACTGAGTTGCGTTA-1,0.05895098253300818,0.18844478783437973,0.0427317285436528,0.07483773395280019,0.22373406269648716,0.17405878628499422,0.19984246180965953,0.12755522113484385,0.19432207877964347,0.23579320758890826,0.09842942606345452,0.07633994490731799,0.1274080791185461,0.06056849898606415,0.10146542071103941,0.08088220857664853,0.1547861424397238,0.08227095902170771,0.049643266648117516,0.06499990566914034,0.050662680595200085,0.29224920777992924,0.16888851937088997,0.11747566938551032,0.03763595964482922
AGGGATGGTTCAGACT-1,0.07481937567065222,0.1896250477819658,0.03938022755124411,0.10414897090532654,0.16372349602266625,0.13023614351987686,0.16903528711990973,0.21133484746375836,0.1594560092943586,0.32073571074360596,0.14796861313859563,0.15420662942789817,0.20963355367720007,0.15974791026242197,0.14542543167311925,0.0941201609541765,0.1159790837604053,0.09972898134916826,0.12540655252615002,0.14708941188017477,0.01968475518032488,0.031257716793324015,0.1983530075441059,0.14436176925238933,0.1112892904666085
CTAATGGGTGTAAGTA-1,0.1381681909555939,0.4317944379347923,0.09139076253694159,0.13621775273973363,0.044339610299113964,0.008054747462400346,0.030632277125392775,0.04001727933017401,0.07477530105590337,0.19282902146877243,0.004880827620334172,-0.008113808898809713,0.02212960072898871,0.01110105464185965,0.011216029905861272,0.11461571593360949,0.14265491340197137,0.02747304185531795,0.0038754442231505957,0.02425379986769163,0.04921464192285718,0.2943067028556219,0.30295843317968185,0.2038115750042959,0.18542030707675244
CGTAGCGGTAAACACA-1,0.08204641964741473,0.2844310379777989,0.04566710908248158,0.13355983813131508,0.1852937251755767,0.10728307739090091,0.19583062704044465,0.1423270759067285,0.19638148891731555,0.3293551009115437,0.12470505403579085,0.10011578789886524,0.15163114608029513,0.11196902693691685,0.11479322041816979,0.13846214120636915,0.16051381700579254,0.0674757699627501,0.08475873096758292,0.12892012558153707,0.05081449204417842,0.45446559964748595,0.24691130502223563,0.210102983393344,0.11414387619797672
ATTTCTGCACGGATAG-1,0.03210034758349072,-0.055715626733211156,0.04691753666114353,0.05743695280333105,0.01892243286913092,0.010899439223788625,0.00810459606003211,-0.008416175008503158,0.03575881792152244,0.10206969805978275,0.0018364206344557545,-0.004749199972982358,0.018804294288789734,-0.00647581868601933,-0.0060597119847699355,0.05957495393586353,0.15688796845574665,0.011114720649102095,0.022842242905669163,0.02595420553558598,0.028416652232921814,0.09841177645290089,0.011515827507309616,0.0680977792024039,0.1074336682716611
ACACCCTGTGACGCCT-1,0.13616190227224723,0.28082585123720055,0.3090721161331804,0.3334022243653811,0.08001907064017476,0.06808980738938328,0.09235267612687552,0.17040841125040124,0.12673466186538654,0.3169752700378707,0.12308929897910115,0.15377457144229664,0.1202264752926833,0.14540747047529543,0.12757184279242922,0.20896988246567388,0.1404607012473026,0.1486169305310195,0.17702833670305151,0.18540350885004914,0.03593712094937401,0.33903849414990395,0.07294135020069631,0.24334474034616688,0.22966602976623102
AAACCTGTCTTTACGT-1,0.05676383766171617,0.1377897531250083,0.05593939254852048,0.09886468855944215,0.08412455604370887,0.06576909342853784,0.09980066223466001,0.24180100546343813,0.12377011901841514,0.2072449729394366,0.1989108402506578,0.22429226809277567,0.16372511076970078,0.20908363511743264,0.19504602901525303,0.0802829763267595,0.0692725976573543,0.19065703778847118,0.23751618443882183,0.3202861166536417,-0.0022095452994012944,0.1593018822475856,0.15729859596618023,0.11799835863978528,0.084579079278433
ACTTACTGTAAACGCG-1,0.047372661205231564,0.21261988638460913,0.039083531395561914,0.08826265473699677,0.17110537078647245,0.13806297353313732,0.18079798333780703,0.21133500892887153,0.19532199763790958,0.30919719255832345,0.18454483891434795,0.15955596040148912,0.22767672204911324,0.18912055463707028,0.2089286333412351,0.0738082550793424,0.12292326981358426,0.1407470646023452,0.12192826898563217,0.15709811146278663,0.04273698588872869,-0.010125841607610896,0.19701347113587112,0.12867291832167074,0.10051355614128137
AAAGTAGGTATCTGCA-1,0.016989573322824164,0.14722272683672277,0.04216841581433009,0.0865339869913393,0.08769189150067169,0.07575887446036451,0.12330601111867659,0.3937316394157238,0.07590731663223986,0.31670688389518936,0.12887857388756319,0.2037424609351864,0.19841142738220582,0.18898744821960708,0.15411220716572274,0.08050665354829098,0.051605415221963734,0.1548790570629698,0.1510150828428658,0.18503515447780283,-0.019990136648825624,0.20225549331835388,0.1327978898287838,0.106073739235098,0.06669344720582401
AAGCCGCAGGTGCAAC-1,0.10433746190808622,0.1751938472400719,0.10741237938848128,0.1555197643072371,0.10009948777571764,0.05765046981666416,0.09378219546796368,0.1797684108001787,0.10837822129032731,0.3975025937676202,0.18624830326010647,0.17898569515984186,0.15426350884026238,0.19543342165076893,0.1772214822123013,0.1355036484234141,0.08917415223918643,0.3846432297279825,0.407994038153518,0.44701864923682805,0.03521733078139914,0.21672276382630384,0.19229069472123622,0.17907958901958307,0.11886370597240631
AAATGCCGTCTTCAAG-1,0.039417307632278235,0.16835944944548095,0.029587059626630878,0.07927874068706851,0.15975242044309754,0.14555876136704532,0.14472134264315867,0.09420939308411441,0.1734295959979255,0.048036667805691026,0.07407183706334572,0.06133309266041094,0.15055808071513663,0.0747614422688582,0.0871972056446797,0.06283306814568776,0.10168572737187373,0.0339675736686383,0.035922515067713816,0.05835854282857028,0.033482899800209506,0.11209147166493223,0.17605902484672845,0.11022871571835177,0.07179822803584113
CTGAAGTCAGGTCGTC-1,0.058562659432246915,0.3008771234286083,0.07011060412368397,0.12132131202084362,0.16703141003060804,0.11308634868495834,0.18995463402095072,0.14057833024773603,0.17683044010299245,0.30413518131429496,0.10898947559713462,0.09492400321314207,0.12600646759856626,0.09368051385365796,0.09484357049725844,0.12605527265771593,0.11546737821772818,0.05344333419414962,0.07080521182392574,0.1024399128854149,0.02622290192208597,0.45000340452414156,0.25166349913255937,0.1997169268090493,0.11009249610926083
AATCCAGAGGGCTCTC-1,0.024096638963103125,0.1974669626022173,0.04086058892182388,0.12053428547614906,0.1295598305043529,0.109502360480464,0.15495905554955214,0.2661727016901005,0.1591671861508442,0.2782439363764258,0.18111633313946923,0.22446789285040034,0.22055254263875737,0.21860248105730337,0.18372583025516728,0.10096599462518223,0.08655498437406264,0.15547114008932325,0.2114350879829439,0.24956645759655707,0.012407827656239158,0.045572709209292475,0.1754240495813463,0.13030218482073705,0.08799978535346725
AGCTTGATCCAAAGTC-1,0.06485090788926907,0.2462631035983464,0.043959061675872275,0.10924364942614223,0.20076867787559127,0.12408469540338762,0.18717335954181116,0.19732958105112353,0.17974417675991566,0.3058389315497228,0.17187607586753206,0.1814593342695386,0.19764788429941155,0.17729553558273398,0.1659658472121341,0.10529573090844739,0.12483656477714536,0.14056940893698527,0.1585170647356396,0.17955614172573378,0.04855798269613728,0.03903931884073355,0.22552776309700093,0.17098523798892332,0.12265100506506434
GTACTCCGTTCGTGAT-1,0.015429243701206116,0.2108492030271703,0.03046712504884784,0.06960435077334366,0.1872780975664552,0.11664590692343231,0.1850604456878244,0.11137570893558646,0.1420499037006119,0.2388691799243481,0.0864855176280431,0.0683675599122565,0.11258503539112426,0.104643776520021,0.06419639036194609,0.04822082670343594,0.10500706458582253,0.0730062058322666,0.06763436763247523,0.09768588380606362,0.01802958813165278,0.31652424683183,0.2046363319211695,0.1204639629049851,0.06364809535712876
AACACGTCAGGAACGT-1,0.03817895491836152,0.13867975875531646,0.0616736550165235,0.13970504103143458,0.06633456222563523,0.021246489592527514,0.07967712094024877,0.20061379557111908,0.0829834332519362,0.22329932029868485,0.1987561603046906,0.2026339817128666,0.15792996041271334,0.19878598561764596,0.1707460203530819,0.10721968770810986,0.07220672927191278,0.24942514331328022,0.48760719532840324,0.4764787261390038,0.0009185341326378961,0.2539539346467718,0.17414532932630425,0.17059468071807365,0.07592723198576187
AAAGTAGTCGTCGTTC-1,0.056692431416817714,0.14271767556883772,0.04132515872213088,0.09773617368953409,0.09987009082592356,0.06487404414158976,0.082226684963301,0.22728759684498162,0.1439151539528695,0.47059279736988413,0.20334808509396313,0.46205481615812855,0.16875594282185272,0.22352405140321036,0.1961742633849033,0.07075560159384384,0.10171438320734898,0.202729220824026,0.4119750049051747,0.36395063438409553,0.029480549692522666,0.2303839763009939,0.1624256644639958,0.11962852755657044,0.12448478662451053
ACGAGGAGTAGCGTAG-1,0.3766997016162112,0.11888267508541964,0.0544727561357122,0.10418685942752313,0.03518948285275414,0.02691637184342521,0.059521067342366146,0.00684166299822132,0.02928952046560239,0.12152480783631081,-0.012152337188948812,-0.008466562024853592,0.022960834671911814,-0.010349790007146422,-0.020250016212373975,0.12516607085465623,0.42700999894009406,0.013617612629043888,-0.013086458927742553,0.00037930406090131796,0.16719149093962707,0.18266734618001182,0.12416146227534058,0.14472850955075695,0.18694151285642313
AACCATGTCCATGAAC-1,0.06042061960759108,0.1929266794802797,0.04316037117969821,0.10647164497201493,0.17916858693124343,0.14443595773243953,0.16560432805793696,0.1913460991673282,0.1822738074634023,0.22936879985856953,0.15336428650633693,0.15189464775240802,0.15977384369985503,0.13974450517544937,0.15220612373161008,0.08698829144269224,0.14480837334418997,0.11980110591357243,0.10557601212623834,0.1298953172351483,0.05669342402667945,0.09462567786905637,0.19240668144171535,0.1471071679702818,0.08649551568228789
CTGATCCTCTTCCTTC-1,0.03158910194195085,0.049290012613900765,0.025716628541936085,0.03657649530117476,0.2222403484541616,0.08890419235332511,0.0812407587501825,-0.0042695224450036645,0.05227912271936171,0.05828408479930057,0.08901512545200209,-0.003768517580780946,0.10169288698298233,0.0966760872397894,0.09795554076547586,0.03735567959159237,0.0320825877884861,0.04101367344440659,0.04204077201206822,0.0785032116243206,0.05476353181896604,0.06596105314770756,0.02617240747004284,0.05290984762686653,-0.008563413813050029
ACTGCTCAGCAGCGTA-1,0.04789054872181222,0.15133371566974385,0.019764947204099763,0.06085882338164366,0.18505020026611252,0.14990290405803708,0.1929362612358555,0.13161166272281674,0.1870337181034017,0.2155114029132355,0.1113138447723442,0.09288949510087945,0.14326964546426885,0.12368838944876297,0.08733644812261736,0.05324448994237232,0.1129859154405949,0.053436699249854634,0.07225438039164538,0.09339874427302851,0.0591832992000953,0.27584671176805275,0.1902799307429048,0.12705064293959986,0.04826543385473304
ACTGAGTGTCTGCAAT-1,0.027966603278001132,0.17660549676660722,0.03726852178667411,0.04953215416027793,0.17434268536857786,0.10982426980686268,0.12297699145159811,0.07107065109425896,0.12755658423507935,0.17375620151010868,0.05030298004465447,0.02790708029587396,0.08321846048394764,0.04572003251507678,0.058229606218025455,0.06041953130736708,0.09225353853738102,0.036304406241970545,0.028576566294985603,0.056936984599801094,0.03338586854954325,0.236206028539183,0.14779541603212704,0.11332722171509725,0.0847273153067643
ACAGCCGTCGTGACAT-1,-0.009326995582880674,0.09140504929948877,0.07865359846750249,0.10021101709043254,0.0901917967513306,0.09466152769772343,0.10926160562209486,0.15943566632430584,0.09765186531736672,0.21471723214838923,0.18378277934361625,0.18397336228733552,0.15004918566118475,0.15746921793507784,0.14550233089062892,0.08820482715364672,0.032559113678981566,0.30551470375456413,0.23429046611370874,0.24250901711560127,0.00411527748391598,0.21626214394007948,0.1405273259306997,0.14087596844637018,0.05736750735615157
AACTTTCAGAGACTAT-1,0.0363883788292228,0.2206454366913682,0.03729918860189914,0.07463916662400223,0.2242126379432576,0.14964667310717428,0.16886421828056664,0.14053991571105734,0.19532991645490858,0.2668170235084433,0.08945643104579136,0.0996082508478626,0.16162073378775993,0.09909502369108229,0.08522081469145007,0.06430170041695121,0.16334231911288288,0.07331164534577261,0.06018325614054301,0.0780742489726365,0.03792987961342397,0.3320236307024652,0.20320624711969412,0.12943459699482218,0.08060480062231294
ACTGAACCAACGATCT-1,0.04561443566310485,0.12575740677467281,0.06066552838837194,0.07105468351057771,0.451173043282575,0.14544996711136854,0.16655147317307736,0.14706790049004714,0.16165373678424075,0.3834631857271622,0.12778046441872531,0.11184576662709647,0.13999983954313788,0.10313228173797206,0.115423045075444,0.09447552057123812,0.08732740934126357,0.11080145339931885,0.08840213698460057,0.09047532564079051,0.01298531681308925,0.3908285044826373,0.15177317764820294,0.11905079871804775,0.06304562067060361
AGGGTGACATCGATTG-1,0.16128176089085047,0.2819571016474039,0.3335715322510939,0.363240004045738,0.059485253026020216,0.049757124287916586,0.05831357075335833,0.06247303425440617,0.037083162645343566,0.21300661416393263,0.0461081479610767,0.0396739769817254,0.03238294616898884,0.04059807976088796,0.04199877091733931,0.38865457295698036,0.16264794324195267,0.07902155372602195,0.08021788920386223,0.09474794648185914,0.06093336734035225,0.3342590851129908,-0.12190851896107716,0.6145259129423568,0.26242860192337863
AAGACCTCAATCTGCA-1,0.07095046949851745,0.24391117667585563,0.06678439754982117,0.14065496915827055,0.08797134434301852,0.05430625095745134,0.09013401898928244,0.201552357042303,0.11179305086534036,0.5543940209174866,0.19844906969588724,0.17424076018680668,0.15474420710332232,0.18284383084090078,0.16751127214488326,0.1288413527882771,0.12892562686450237,0.22448281737380293,0.2432624569086502,0.24440670891379976,0.013140080782689358,-0.13334249641327095,0.22905022325698352,0.17230635348475962,0.11532641664296522
AGAGTGGCACAACTGT-1,0.18005632650957584,0.2669015051275225,0.3688557272523149,0.33551768427553047,0.018147622588728263,0.0014004108409145972,0.012231270510385507,0.043527544945731904,0.03276149354576498,0.18878730640351019,0.017464273049073678,0.019564384986155613,0.018701808482366425,0.014954441635233344,-0.0017290053805657194,-0.18860741321681387,0.17156699120850838,0.05576896337137353,0.0715719840269984,0.08632029116913653,0.06468328940100891,0.28180014118134883,0.4377421250646596,0.4645156470354588,0.22237331038357655
ACCTTTATCTTACCTA-1,0.04971114036384824,0.2151859382650739,0.03214139595183634,0.09894932100696353,0.12192643406716672,0.09753744026773793,0.1471428991332198,0.24988858213478654,0.15325030153241007,0.4505195780747014,0.1883017781114063,0.20540009852945496,0.21828841754764297,0.20836874803417058,0.19271671582325492,0.09123744190573121,0.09312526748082754,0.12399127686024199,0.1701269826901147,0.22059347669844434,0.007769873732188244,-0.09228578062279387,0.20989733195076407,0.12876012598737827,0.08957015740536735
AAGCCGCGTGGCCCTA-1,0.13362102436869192,0.2315487948734654,0.5763924663624019,0.4169377439162589,0.05168877852428614,0.05005395975432399,0.06654399921245353,0.03342479278533275,0.05701910701266045,0.1577927303390327,0.0003843781839818057,0.018980174191801258,0.006001168325348859,0.015114542366599067,-0.006914120493466429,0.47284056544079994,0.16555952717479572,0.07087431683247511,0.05313240340875053,0.052785972813446075,0.07388535098916592,0.25971706539740175,0.38198365773446985,0.4259589122754598,0.20271087004402796
CCTTACGGTTCACCTC-1,0.11469239818728844,0.3015638057539671,0.16830715221953257,0.19874861667389,0.060218378600814776,0.02635832271506649,0.05527720770367142,0.11292479173365227,0.06601488742217576,0.25832332602090463,0.08756034017242816,0.09450865728570525,0.09280258854614117,0.09770442604773917,0.08991317784491264,0.20321090368251996,0.12365892381198097,0.12181802976688029,0.11502945073211976,0.11565872651762846,0.0536413773440308,-0.04982512231936036,0.12880129742663998,0.2825534661307058,0.5787693784845444
CGGACTGTCGGTTCGG-1,0.1287912612714346,0.11104948608784596,0.06353274599458292,0.075120139834521,0.0077015122081557485,0.025918126556827972,0.028187216256418356,0.02173140060755027,0.029578683541262824,0.1756243774005696,0.004724760372605113,0.008717839747909831,0.026802744045210453,0.025088197606623022,0.02579953263287238,0.10023675049413722,0.037866057279607526,0.03569529881651561,0.053762737086257235,0.04573329369115745,0.010725516449742374,0.1086176634136272,0.11148817337530517,0.17085041515846533,0.062335565723904085
CAGCTAAGTTCCCTTG-1,0.1306901055377747,0.16146396818913053,0.3846980409590943,0.301747371354922,0.024492601907565432,0.014730971061485621,0.01324853443761239,0.06784320197301714,0.028717438695600114,0.11074875533597041,0.018458221713243135,0.0403007595386986,0.025486682172112127,0.03569921658508064,0.010565193030102239,0.32487336297337477,0.07379951538718135,0.06381734053244059,0.05416611620379117,0.05604970380599602,0.016207303570768893,0.1590326390079917,0.26202246867688467,0.31256669745005844,0.14527093941798452
GCACTCTTCAGTTGAC-1,0.08228057182805026,0.3601280382028301,0.0748542412861743,0.14063608694549065,0.16466463711597823,0.10049410533466875,0.16768245124537265,0.11206958709516164,0.1680753018219168,0.3106889863146358,0.07811385303037409,0.08215142004435146,0.11012200097238965,0.08683812471200754,0.08740784624142932,0.13725296409154425,0.1528033437648454,0.053487326239842196,0.04931426076834634,0.08478904214698597,0.0315355137454092,0.4680873742964338,0.31568196912440116,0.22363227436482389,0.14384933703244832
AAACGGGCATCGGTTA-1,0.033471694485886015,0.18404604319122028,0.052952389521345795,0.06780246148512799,0.5913551591702345,0.16148249584457156,0.5273699820877423,0.14610502663762348,0.20242013270649328,0.37077710978737555,0.1046268142093352,0.11347091677297584,0.17883184749375222,0.12652340122532282,0.09752083106738763,0.06410462013758186,0.07202195918430693,0.07999747845746312,0.08232957392581275,0.09574264962781313,0.006141516013056775,0.34045807426933095,0.17692588809511584,0.11786704687472964,0.05772812710763901
CACTCCATCTACTATC-1,0.061660202062374415,0.26813292060534494,0.12028228657933762,0.14599274086799557,0.18463840099418788,0.11308474104814056,0.15932055412424545,0.12956014833869356,0.17275782582015092,0.2684245176024167,0.09536005912865739,0.09576465131095407,0.12370428745926727,0.09285335682588514,0.08889434608869563,0.13463128653616208,0.11862374718447288,0.08045023492815424,0.07080905649051097,0.10300635375927636,0.044069849684999975,0.35426074469095914,0.2591881434423104,0.20565798619030004,0.10118507889591034
TCACAAGCAACAACCT-1,-0.00852179130117884,0.04831056039376559,0.13232771103895133,0.14227994021581547,0.061245228546978635,0.05497297722184922,0.12980570609332417,0.145383313062649,0.03029568482335531,0.07191872459754584,0.09376907256076879,0.07522531383698705,0.1221837374299692,0.0685801583945721,0.05272487679209415,0.1276908336822632,0.015537329735759133,0.051105462169553806,0.05242391808058574,0.13416832982002827,0.03191234952900455,0.15852602425854329,0.12816352081134677,0.15670481565365882,-0.013437821669317306
CTAGAGTTCTTGGGTA-2,0.13977613880097636,0.2734807075615007,0.14666950483940508,0.14657906113120325,0.06922254139015413,0.030610614533619462,0.03710400789978009,0.04124977735850764,0.04011214620057669,0.13736753392996254,0.05585878303226776,0.010596383321767188,0.031199070496058183,0.03908559741293916,0.023513072240699897,0.17469694029140967,0.13204286147918756,0.05240409723761077,0.07943764416926095,0.06406948977839338,0.10565461848291005,0.24324684391953727,0.31275554483913665,0.26380397685603707,0.46550105256769225
CCGTACTAGTATTGGA-2,0.12668520930803884,0.2900275335469958,0.16790355571000315,0.1636806238346793,0.0035345047392289696,0.012070784146924484,0.029776206487032116,0.028287507810182716,0.03188560265989325,0.15315478515053663,0.012647527962145836,0.02320963401944206,-0.004483036675851321,0.003051870766307313,0.002790454767010503,0.18250326387317178,0.10621673488505042,0.031372930146465014,0.05067570658718277,0.05007167946949583,0.06710742829627542,0.25321222953010686,0.33317722990835696,0.279507367313868,0.45634983080172775
ACCGTAAAGAGTTGGC-1,0.06159978221465,0.16645737061286825,0.05792726473021832,0.07596108756016813,0.13934084142592387,0.13582129399624554,0.17787322881262518,0.19811483908853042,0.1629964593752829,0.22690394405678135,0.15752579087908913,0.15528397424012097,0.19338624964672582,0.1529702573409451,0.15642878864879214,0.09074607840217046,0.11427122757109807,0.13202644559334062,0.11687052629245388,0.16822940859105176,0.028319121793201375,0.10486166412946492,0.16088037911572983,0.11966921416789089,0.1177064329298904
AAAGCAATCTACCTGC-1,0.18362025580896027,0.2565988352761373,0.322919905338212,0.3688540809246688,-0.0008463571769287101,0.0002942747027820929,0.019969324898021876,0.0166758107706045,0.003127292805345323,0.15931764225287387,0.006075733264447593,0.01699708198157231,-0.00010647888486430179,0.011872497180180122,0.012125192493639433,0.3996232697931779,0.139427379022151,0.07177997862015895,0.043641253020636886,0.05274523640433591,0.05345666692437139,0.29610644813235504,0.04487001510453499,0.49302338851151417,0.2655883294159162
CACAGGCTCCGAACGC-1,0.13911928724627112,0.21205733489423792,0.32561732043271374,0.17610114495915538,0.014604717570314247,0.03629794558520443,0.025996509190390323,0.04286456186914379,0.038059421700973366,0.16733077235366894,-0.001569431344702422,0.02562215383825834,0.04175860087902576,0.012031429892926783,0.003152334167555569,-0.058571479605020925,0.12836057421327152,0.0478287248284298,0.03296804533222493,0.061772875042195856,0.04295233710589245,0.2353376866634818,0.3365686254960011,0.3490177839796456,0.16620519670707198
CACCTTGTCCGGCACA-1,0.04165173987359896,0.23597151319359214,0.05949107789633721,0.10686075069642476,0.08082829734428934,0.05811232970456892,0.08771991399982283,0.20893633626184663,0.1152351876990727,0.31642705390987497,0.17377883524593699,0.19199852465592218,0.1708853962541396,0.19406948892955142,0.15491598215621533,0.09432481153556983,0.08049024669918287,0.1961933027177515,0.2261150437860325,0.25800237872158027,0.035222830177735365,0.06710116802872525,0.2209353044843371,0.15204676479180282,0.09252371577627862
AGACGTTAGGCATGTG-1,0.04969963847414561,0.11702302371764359,0.05835261116085927,0.10946784474080835,0.12053322304788838,0.08655174114717298,0.08735198218398048,0.16957108124527795,0.06027989205794765,0.4408078200134708,0.20004587538315052,0.21826986164405887,0.15289852929399902,0.22051875852756836,0.19396369325426377,0.09872214733468224,0.09610192020973313,0.1783027712406665,0.4711717542903619,0.4395929127151994,0.02070612907052706,0.17012995863164124,0.13821303425313325,0.11944983679658601,0.08027977594389035
ATGCGATGTACATCCA-1,0.4472110750816066,0.2253444290170977,0.07823031432091956,0.14293407279449824,0.057893553533350066,0.04054526904275446,0.050001590855530166,0.01047321307275024,0.07484989689847087,0.17411872963189265,0.018444723474040668,-0.0019515196117208028,0.017619580190724377,-0.0044918223184763195,-0.0038908751807467637,0.1369735351021334,0.5651785610677048,-0.00035267747573701334,0.01716398204907964,0.03371069291915035,0.20157644758295518,0.38149537675992273,0.32772315780371347,0.20940508909906294,0.15723553155024486
GCCAAATTCAAAGTAG-1,0.05106488231446703,0.12887677487171567,0.07513826376039677,0.11888156130099682,0.045405644643010196,0.008035912258311349,0.03111709465047737,0.019449700747094747,0.026157960874986185,0.13353832679573477,0.01857713255642239,0.015607353716877317,0.005312255723507119,0.032463976755082724,0.011863926925812888,0.10845652901487586,0.08969144554474054,0.04695722734944204,0.036245577294181396,0.031581541129203965,0.031607844614154584,0.18248629172314534,0.11353084787894796,0.19824606239363857,0.14878212105994174
GCGCCAAAGAGATGAG-2,0.18108194526683896,0.27077773636570124,0.1649046901472648,0.15723275525832786,0.04964124504078358,0.033623785666488125,0.042628691926714576,0.05908962099957752,0.04640173657603236,0.15485344234942858,0.04837351328346388,0.03448241171871225,0.02192721689447388,0.0377749024642516,0.03004298335365468,0.1808390505069908,0.16471998945055014,0.06111114208954419,0.08219159304329346,0.07526800384305196,0.1034790316202583,0.24431435484640912,0.3237335857085242,0.26637660830903476,0.49302207566992207
CGGGTCACATTAGCCA-1,-0.00984899386241832,0.03745026249837939,0.042008180193545124,0.009809500303869073,0.24029335959799913,0.2912085303188697,0.2599320964207725,0.018591543813482877,0.0247211276426655,0.04554069723778151,0.044065258586806565,0.022882402069796724,0.19281406468017712,0.2882284913765069,0.1892160660661619,0.03563684136218406,0.01104295641617664,0.04166963289517122,0.017604910303371257,0.037505337444795284,0.02615108739216949,0.032708907144411985,0.04223559112625328,0.02902312288137423,-0.015530657636155661
AAATGCCGTCTAGCCG-1,0.07406249228159414,0.21177940333392903,0.032781104510281954,0.13284316653808162,0.10467548525389488,0.1042646473196865,0.14852559209142063,0.2651336974398332,0.1449981938450064,0.2327561025525874,0.17520174953624892,0.19039772377947498,0.17602070542777062,0.20361961458260947,0.19600294325993212,0.10066450257303455,0.11010654516593345,0.12406225462475873,0.14586806771163252,0.17452742921302797,0.011094494524057625,-0.023694388721884087,0.22900868944708436,0.1527139644389601,0.12304467115878723
ACTGCTCTCCGTCAAA-1,0.057159445795459424,0.18767055769364438,0.034463778747928275,0.12915196482727026,0.11627296427119471,0.06926669412724154,0.13966057126017697,0.1516339281327456,0.08747381735421848,0.3405597329940425,0.19090252292695237,0.15060048939303264,0.16537948625971524,0.15616318897877707,0.16922971561464012,0.10782007547010515,0.1350822414271939,0.13415692380441982,0.15452177680195067,0.17792161918416916,0.01841920508872722,0.050163036330554266,0.2173339920977697,0.15177188137210904,0.09583494257362322
ACCTTTATCCTAGAAC-1,0.2845173894420806,0.18247415544284049,0.06257301043801322,0.11622626324249749,0.09287471183689061,0.025239165086577486,0.02292936198583515,0.03159801970631488,0.10154880960649658,0.14545151774778908,0.003820950365726993,-0.010298018553849536,0.030808688748315542,0.007126478950747991,-0.0019218990736873914,0.11369866901908868,0.4721717410681481,0.019372306084851746,-0.006166066073281973,0.02180070821196248,0.5034983507928215,0.2484737152745718,0.24761479073085338,0.17187358852932133,0.1615336171065369
AAGTCTGTCACATGCA-1,0.20603515293430227,0.2770648947539065,0.05246731225615269,0.13113788174336247,0.15032640880698253,0.10331693544916513,0.12838776218985262,0.09470333949010551,0.15937388517778256,0.2559119812488217,0.07181068223927016,0.07789705054381771,0.10613072373274576,0.07547453601941213,0.07072724045321989,0.13263091570276928,0.2405555372000461,0.04850414522452698,0.04779935136218971,0.07535172997663268,0.16038100462601124,0.35886108763659347,0.2868325025163622,0.2055671978537506,0.17049415310287655
ACGAGCCAGTGTGAAT-1,0.07953961266928429,0.13034135010675652,0.07442198598300676,0.10814081746145485,0.10044211426329558,0.06438669057314914,0.10429016917058893,0.1767403320056714,0.1310648283854047,0.29686363588171105,0.1944957818070627,0.17346414947703737,0.15744098455001349,0.16111083794455716,0.13243652615592788,0.10032452392660586,0.1012549553904778,0.25140870422389966,0.39484482538976656,0.40321106595407563,0.005654964838085372,0.25093707018936473,0.17885582950275986,0.14653180355990988,0.09534822627670744
AAACGGGCAAGCGAGT-1,0.05038034777137193,0.14055331459446824,0.03590182058447615,0.08857579924881914,0.5647447723497069,0.15774698603240125,0.15678104799296602,0.12134247288720641,0.456815158756157,0.40334298051723577,0.09811350664629262,0.10445718902940516,0.15122989629098973,0.10782217711304347,0.12239769223935956,0.06445988298716404,0.11727797190770371,0.10218973231885921,0.07418327560355487,0.09088213103650257,0.03624280933380592,0.3146860929142346,0.12557700785788392,0.11237800596555074,0.09003192929398608
AACTTTCAGTGTCCCG-1,0.06789700390221318,0.14806808396185056,0.09769402268938922,0.14150348890712208,0.08637708500606099,0.02338758175577468,0.07281200122657126,0.20552627024898942,0.0745765586830984,0.4196764340801915,0.16627022732364888,0.20703869383937976,0.17062682207437152,0.1832229952774627,0.1456685830701169,0.1394384252477559,0.06583666318484264,0.216793991674351,0.26067917073995245,0.27544088681279894,-0.009247971551911304,-0.05433113856419607,0.18970896149289762,0.1838101334976205,0.07738196660193385
AAACGGGTCAGAGCTT-1,0.13306451484630513,0.20710663957513312,0.3922903308779515,0.1368733715834217,0.05021609538366073,0.06696769129544057,0.06368285325242012,0.04127943758159871,0.057430423888858516,0.16174256418703795,0.029809982913269594,0.03403413035452798,0.04115584371336181,0.045828745920068824,0.028660484465107938,0.2868276736477612,0.1554221681568015,0.08421592398136572,0.0623710889284796,0.09357776231586735,0.049640595132690736,0.2684487913635176,0.38582806810561976,0.2419619676925171,0.2179784766315137
CATCGGGCAATAACGA-1,0.07526948485361425,0.26299180086971813,0.04961913208870374,0.1385246193689185,0.1475999675288894,0.10264961912087515,0.16373352873496155,0.21420372443400484,0.16876700841785358,0.5072395730046593,0.21305930566586292,0.20748954036874973,0.1994014903189314,0.22031188588544393,0.21053750757017517,0.11313644605489716,0.13545309791447635,0.20547975483524825,0.19483903184492823,0.22917216439429647,0.026063638525215385,-0.1666945323362493,0.2307324949563112,0.16775886790683955,0.10266291372822742
AAGCCGCAGACGCAAC-1,0.03252973359938705,0.2013027376347064,0.05614226862471297,0.07249935902998145,0.1501329291968331,0.09496058243686581,0.17685812014275915,0.2331721215931054,0.12983596664452973,0.513590580351022,0.2136661126112186,0.22945213951162324,0.2148269221728852,0.22320370462180167,0.2080967233991357,0.05656772184248652,0.08803714568974369,0.14829237476262394,0.1820391821081961,0.19885834597526678,0.01341492549830536,-0.12208497039513136,0.1918456158483308,0.10927545405665277,0.08447562272796258
AACTCAGAGACCACGA-2,0.055895306551441495,0.1432945873785795,0.04756080199689207,0.1163439929366658,0.06632287996067233,0.025272910641734522,0.03620371633515376,0.12575322690983276,0.09595593700064022,0.4084958135547786,0.16397314820533748,0.16964784072904723,0.06784541470339335,0.15936729870436508,0.11918072566618418,0.11324088425076916,0.08614822600436989,0.32147538218577837,0.2990545663364903,0.37043561846934214,0.029650404944813927,0.1858891318049862,0.1572284916643344,0.1534320911357915,0.09465482357898114
CAACCAATCCAGAAGG-2,0.14523957152648448,0.2881389949156542,0.15959554327194092,0.16875123871303405,0.04440321582219108,0.0016863399341463556,0.038872578716891426,0.05248685123773096,0.04157373817612419,0.14675317298118024,0.01947995236287813,0.030003763567089545,0.017566037615234703,0.024907581797688462,0.017453957072848827,0.1965196956154004,0.16680786939382697,0.04103280486898088,0.06857224560465647,0.06094907405499075,0.0791490317676117,0.2679192449435873,0.32355983145081535,0.30375367044569546,0.49771966655334415
ATTTCTGCATATGGTC-1,0.38977054854176246,0.12936264577345738,0.05076209673633786,0.11222508884658945,0.07702220154226613,0.005515518980325501,0.030354755566015867,0.010342891049027395,0.04311863332431621,0.14845326415632865,-0.006968258099029788,-0.0018773471430693178,0.01743262199086174,-0.004380801290907067,0.005607916270976932,0.10165036562083007,0.4683161484816595,0.008542485828494864,0.00037227055920872724,0.025683398333309997,0.48285040128891443,0.1974590419321682,0.20667471881353117,0.14814513031584153,0.17003072966805372
AGGTCCGCAACTTGAC-1,0.16329973564031844,0.25207037395144594,0.33682264259217964,0.45227737008635166,0.041617627758016744,0.0592002213135201,0.043325131205488455,0.04697817020824483,0.05494262601987448,0.18995933456677794,0.021835117191127035,0.025772330652015892,0.007702681271910161,0.029085280870089034,0.01318964256377062,0.3940479534295351,0.1427894865818303,0.07917675142234908,0.06718808438429306,0.08837840040472167,0.0792352309444423,0.2869355487178246,0.3872041375431023,0.0392035727862417,0.2001679866101529
ACGCCAGCACCAGATT-1,0.047978258885516656,0.16097124507731764,0.05846557295289094,0.08470741895837214,0.11354663434106103,0.11323977159927369,0.18162161593078155,0.5406953628278034,0.14503901366895003,0.4626798138453436,0.1714759871924905,0.21311101049924985,0.1984075790543701,0.21768355965718142,0.21253709102222948,0.09985805098835042,0.10592728213266639,0.12736721634808645,0.1392707328363915,0.16236535098580515,0.04729444762062882,0.3439850713966659,0.1484527896321824,0.14612908924867166,0.09887267509688973
AAGCCGCCAACGCACC-1,0.06394088237884665,0.19817260143559667,0.12160899138563475,0.15779316092958495,0.1390218339871586,0.11648334263290351,0.15387149331596522,0.20427520508602903,0.1320562740988102,0.4106692231251317,0.24483650622375183,0.18302071415654325,0.19698653640565145,0.1953491145405977,0.20061443798836628,0.14885703336917908,0.12063295598345754,0.1829401834662046,0.17202823947220097,0.21409303405551727,0.03643239011272163,-0.14709793256500972,0.24777445813515264,0.20210667950929379,0.1133151878219429
AACTTTCTCCAGTATG-1,0.17760322026860498,0.2732031487280373,0.3395187431400186,0.6055617718801446,0.046868966885486564,0.050518114025054454,0.06593778576294715,0.049622872052267224,0.07043087769976648,0.19546916973622838,0.019962301370200088,0.033815078635023,0.031849476313036765,0.04054862314649939,0.02721615294866536,0.5353570631291226,0.1591146612998521,0.08248270422649953,0.06632610094901531,0.08915909010921425,0.08179413388655656,0.31559584291213905,-0.06267822226497004,0.19023672312328202,0.230758322494083
ACACCAAAGTAATCCC-1,0.07542741756954127,0.1994450961965395,0.05571837663093857,0.13231824378372134,0.0873579005442517,0.06828722082001093,0.10917587994264207,0.20795074101112448,0.10343632951094497,0.33908230508865556,0.19669839894541036,0.21613030059516927,0.18936028349419934,0.21801069025853684,0.18461537899087177,0.11448810069314518,0.09297554413195479,0.1649178931241525,0.22731635684847964,0.2505698483063571,0.008297558213220374,0.2859630761357049,0.21471277834394434,0.1624334392690095,0.09434278796835732
ACCGTAAGTAGCGTGA-1,0.01624147724971017,0.1448065193540494,0.01430683972496981,0.07788148136617072,0.10210197115579228,0.09387843378028049,0.1548856845123646,0.13226080453393219,0.1605562296111452,0.21763661718103106,0.13984238565406007,0.1417180898502061,0.16372703373673936,0.16693545817104205,0.1462042991549984,0.06373076411631769,0.041077050306537535,0.1236038056521089,0.10643614000810152,0.12037599745901467,-0.0032769546902571716,0.02939737136018667,0.15485564380671618,0.1027542431913259,0.08272601599557397
ACTGTCCCAACTGGCC-1,0.05618874849810228,0.19104806338978308,0.0197382206685967,0.08648715113932046,0.11338529633524244,0.14241523713460522,0.1508805022798983,0.2263634209222057,0.1465644975390849,0.4127884626798293,0.24120297347350167,0.23799482699861088,0.2543935914234139,0.24305673555454702,0.2466328365365322,0.08782188561556205,0.08625116364998012,0.16489363729517728,0.18846948935985777,0.2173749383851678,0.042543408097700776,0.024120845490668764,0.18490481027973832,0.13067907792174907,0.08838929113083215
AGAGTGGGTACCGAGA-1,0.09272235784547772,0.22529288384122373,0.06424305432628333,0.09822132925714326,0.15564696884095772,0.10940357709494901,0.13223704525649896,0.1515706899228136,0.20192801050816864,0.2673952991877186,0.11479439309487724,0.12970193722183762,0.15472975911286213,0.13705511440743123,0.13056694550243048,0.12051912096537196,0.11995854106479806,0.08277246477942458,0.06751959163720024,0.1198270736176716,0.054139898824528056,0.3302503022341352,0.21386094748169873,0.14766810249104037,0.08107111523301397
ACGCCAGCATGATCCA-1,0.13968167774717474,0.28459663280301695,0.3062060546984569,0.3191918563980335,0.043906412957296775,0.039142637721439055,0.05583881992170192,0.03956292336487413,0.040957860011146145,0.1653272045774589,0.03631996671851438,0.027184223677092962,0.019102332273051137,0.022622533348826926,0.008497253199906402,0.35236311767655454,0.13823308236553947,0.06362925384259985,0.052032590031157205,0.07643170304162945,0.05715357906555206,0.3274607678962004,-0.08096355381878186,0.6120575519273057,0.2651977061606347
TCAGCTCAGGAATCGC-1,0.08956958921267037,0.2961260526895804,0.07702776054332965,0.12237094834455128,0.17291660655811317,0.11427562736407824,0.15330991065374844,0.18450737540081794,0.17277121369161424,0.41548568369233163,0.19497223889749976,0.16443248018418608,0.18453832387146285,0.18103607703510818,0.19521792837876994,0.12866831313708496,0.1427179019643165,0.1485301263977745,0.1405220330891395,0.17571841894536194,0.0394294278973695,-0.03706182703306412,0.2821578464524467,0.20353877272668444,0.15631303461954157
TGAAAGACAAGGGTCA-1,0.0458208881302158,0.1598135654597814,0.019970598197223532,0.0968792326747861,0.09998087429560173,0.07612311432929399,0.1139115749373198,0.18302334977013962,0.09683413257695933,0.38821916776652365,0.2185436501443662,0.18409120873587873,0.16950230677727698,0.18025180222651963,0.18359499064552517,0.08087837136348375,0.10174178552033304,0.5021741314934192,0.41159608637647777,0.43365399394573506,0.03520523202185621,0.19870544176334237,0.20054831617894803,0.14187801056062604,0.10818158528848028
AGCTCCTCAATGGTCT-1,0.030137098601734694,0.19705684311540878,0.02696244602971099,0.08117864507031934,0.20880768517715326,0.14362779690982092,0.18056024342108,0.15179668955870573,0.15740111725784323,0.11337770852821835,0.1278846986448472,0.1009917133251213,0.17140851921515457,0.12643624990480404,0.12893925135324463,0.0633883417663661,0.11112755772020638,0.08223213436240207,0.0839107495992194,0.12546245986918003,0.054283146494707446,0.01166746722797054,0.2012431801222601,0.11002101981186724,0.09109239970115024
AAACCTGAGCTCCTCT-1,0.027501419969407474,0.14140239157350254,0.04182290604018669,0.051249610082714815,0.4801094019636247,0.10493738752689466,0.18736294425671507,0.1452075556380154,0.15918321373057853,0.33578502073227956,0.11498968104087921,0.10367732281440438,0.18940625841328756,0.13828062187206056,0.11944794338396217,0.042833357539837406,0.09002119655373947,0.06372792829235856,0.06561254469463196,0.08923297290105207,0.04332728346464572,0.23286378877653724,0.14228720458531083,0.08397796262932754,0.056404412942251125
CGATGGCCATGGTTGT-1,0.0609532537351847,0.19131180778597834,0.03159986544293948,0.1125775674039181,0.08778106551430297,0.07447505795215127,0.11277018641215522,0.21426690740081586,0.10672227120088387,0.4144133760023341,0.21034773038651317,0.23851763312448485,0.16123385238225654,0.23156949393738835,0.19511535400634542,0.10483182246919533,0.07504906598935343,0.2115920521612246,0.35679111317463524,0.3987606590036966,0.01290211657520727,0.23744475443199517,0.18418130497457022,0.1393708095306358,0.09082892314430065
CAAGATCCAACGATGG-1,0.19603069366891585,0.20370857831332034,0.040402407739962946,0.06798891698256641,0.05908778266551163,0.02345353593792987,0.06289373818833363,0.0030249748451305256,0.06647758745428371,0.11149018506647607,-0.005884612228891813,-0.0007691974023690475,0.02899655043371355,0.006214767905299628,-0.0026588437344067274,0.07035199447039131,0.37521956937060413,0.026244594315741353,0.0023043613891542036,0.02890559626312599,0.5144130865326334,0.14591241793303986,0.17131477723742927,0.16140010581687847,0.1590014007653187
AGCATACGTCCTCTTG-1,0.031161525614925828,0.1616091569045434,0.02397524552617254,0.031040953856959937,0.6126786280395995,0.14831169267803263,0.1766740749293159,0.14499563492420112,0.1726895611156752,0.33691817413318503,0.13487017930020537,0.12039048670464199,0.19031813059545805,0.14017645783082056,0.1435165244481135,0.019316880680056835,0.08725020048510655,0.09353134037573103,0.09560561372808166,0.1055814993922337,0.04579173110161046,0.25993713741438634,0.16330317865525049,0.09335486356183868,0.06592230648924643
ACCTTTAGTCCGAAGA-1,0.06404028816644179,0.10600742146534736,0.016236533130275642,0.07432904639690117,0.1671279761915272,0.11743045491703825,0.15245406462140637,0.1945594664127563,0.16945258457466622,0.24333394338549016,0.18390516755582034,0.19391222008099207,0.20180192173116454,0.2004915859875681,0.3319359539909122,0.06675073525072778,0.12986884537762086,0.15626276130677427,0.15146175506736623,0.17251233015534398,0.015267553460399888,0.2131170778672286,0.13287108351621593,0.08824667562774552,0.06056705058487078
GCACTCTTCAGTTGAC-2,0.1535653433566478,0.27202417050885364,0.3393988197394344,0.3426626977410737,0.03655346198952567,0.036625147214087335,0.048676912766617085,0.05443117774565509,0.07385799387644382,0.16559930278404184,0.03772063154568803,0.03888392783448645,0.02117108714195869,0.032955835959459126,0.025660690262738744,0.3314224346506682,0.14904647436928994,0.05558994964320807,0.07794277297815787,0.07385417981400931,0.07154639983944207,0.27241435518641016,0.12457869127360746,0.23533965152637093,0.1660367232839572
CAGATCAGTAAACCTC-1,0.05405923915581731,0.14189176061048767,0.007247857423741852,0.02875819324375748,-0.0023601136090401543,0.013919357009447623,0.012218316850487139,-0.005169905646793299,-0.014630621531518386,0.053333693036978214,-0.005940142472465373,-0.015373378423313412,0.010858535865839835,0.022552172252228865,0.010064007261184907,0.04723319769363871,0.07339959685874357,0.01616462586330023,0.041375198205040195,0.033054001175059085,0.060338517027953856,0.08121678957755843,0.14198912727371418,0.09063282119438514,0.22604865469976596
ATAGACCTCCCTCAGT-1,0.48481980091233695,0.26687726473668516,0.09018124127641017,0.12971922334865194,0.08539712842363162,0.04994808887948037,0.06598335036334167,0.01974197789584524,0.09401168040050585,0.11068014494430316,0.009531784718775353,-0.006793585000809133,0.015750306447707287,0.0022008796787018736,0.002808175211714946,0.11177860422131405,0.48025451285530707,0.02714259910767371,0.018331733475443143,0.01202275378544081,0.5373146073477522,0.3118396048397351,0.28714854305886456,0.25416098127269726,0.13974847092363174
TGCGCAGGTGGTTTCA-1,0.011538424388468865,0.03756750805500466,0.141962747565099,0.023397387094331243,0.0229119584469154,0.19336569208942084,0.024148758378566202,-0.0076341807252133295,-0.006412791795298738,0.0332563791556111,0.13738939713934134,-0.006738351805947883,0.02293581992528443,0.021353009566068157,0.021791411121502395,0.03724927189564566,0.15543999065686556,0.01744992334710785,0.01822162656590639,0.038146712492628194,0.14095871092003534,0.03313852357189478,0.1224598270173723,0.13107542475162853,-0.0018991429232439949
ACACCAAAGCCTCGTG-1,0.42961295759439927,0.21364367498165804,0.06798394718808845,0.12618672296980174,0.053946466299992245,0.02567944414149203,0.03430544093152329,0.014038661558086286,0.059611941536856394,0.11056534233437643,0.004950483256422671,-0.010244808723202452,-2.3518983820052925e-05,-0.012081962801519958,-0.0013028515247582792,0.13380198226053225,0.5591095774730533,0.01102106555930003,0.0032854151319491607,-0.002537163702326052,0.6146037794134267,0.20775428930897016,0.15924502222877338,0.1839033794279184,0.18825686584583567
CCGTGGAGTACAAGTA-1,0.05748189993133263,0.22636350734311764,0.05759856693159931,0.11729324631554257,0.1343301190495266,0.09333080500292126,0.14636771882746427,0.20452636053277248,0.13969324440896752,0.5574470236280579,0.1879530949821232,0.1916425729596369,0.1924367398452185,0.198014524567519,0.17945314112892058,0.10948146895024716,0.11240491585309938,0.1997361200977261,0.21887516804070128,0.2396162290859588,0.004334429684603115,-0.17530137530967896,0.2199823150864746,0.16032329918858254,0.11762240507357401
AACTTTCGTGGTCCGT-1,0.027901433271033463,0.17538230443944608,0.02918460596570825,0.1141197692122461,0.0832131794621677,0.060664475958746446,0.07643457175869216,0.2321591055946703,0.11225748344875723,0.2355709231669786,0.1738118340540934,0.23801377515886765,0.16832864188816285,0.20201087534643974,0.18435921192091545,0.0884675561670454,0.04919049370053789,0.18420995893005668,0.2454592807178705,0.38829746715100816,-0.00794146502375486,0.025943520932976492,0.1904336190436804,0.15832763346095652,0.09272873660228316
AGAGCGAGTTGCGCAC-1,0.18958707894912297,0.241808188699068,0.40022219065487086,0.05055727789286957,0.047114022013376285,0.02324123741595966,0.05080275625426358,0.0814282156130012,0.06399924284025299,0.17289835874147455,0.026684201266033946,0.048754661716863205,0.04651990824005493,0.04275638766401975,0.015309753493958212,0.07517300077333434,0.15216951369648554,0.0775018310932604,0.06302372741970136,0.09750131185048205,0.04680049018248233,0.28624795478616333,0.4011971316416649,0.18975326015085286,0.19915692064323934
CAACTAGTCTTAACCT-2,0.04348885974887295,0.20323121212854653,0.09965868996637296,0.15555744319143053,0.08249159289532756,0.056344981418369494,0.09347424677454316,0.210950677995007,0.0895879659413886,0.255393075595583,0.1784089368834082,0.19440371264033315,0.13681058481319983,0.18888871282363434,0.1587362538849187,0.15428484936347087,0.0744310809510553,0.2155295265778776,0.2693849976294001,0.2622740040618594,-0.006123467851105112,0.18702220758234914,0.22008444478622768,0.18158016132375351,0.10471782862657623
GCAGTTAAGTGGGATC-1,0.03021489472622681,0.14327609610138858,0.05293727040536982,0.0421731338234317,0.15301118391333457,0.12895248155322675,0.1590233645509925,0.12288228678691218,0.15241073991863258,0.19346117680905967,0.14066383959075965,0.07466615931708037,0.1758613564086128,0.12233904921725546,0.12508637369089096,0.03835916227723867,0.06987926220536425,0.07519562797974096,0.09754306694470706,0.1203785790251413,0.02089627702051053,-0.03520109772371345,0.13638445983518802,0.07691152779952713,0.03985427770838553
ACGCAGCAGGCTAGGT-1,0.02068812323814514,0.15976133408521548,0.03388618371594129,0.10865277777301337,0.11507486377868538,0.11652010199161046,0.1092411443899531,0.2595579789984891,0.1469284148979142,0.3469024388321332,0.21070483432288595,0.21710667610708292,0.22148797689244387,0.21143968308318603,0.22446193255074562,0.08262113533238134,0.08643959528573353,0.15579533064090226,0.17964822322778637,0.23052841184487682,0.003160641418239098,0.2954083726399765,0.16497138799577382,0.10318085055866827,0.0690349978603626
AACTCAGAGATCCCGC-1,0.04941762945690106,0.194915997972779,0.08813091551973863,0.13074172559181854,0.1128853764648041,0.07233278852153265,0.09942295040970117,0.22339928279794904,0.11256179554539365,0.48770455208472924,0.21990456629537167,0.21099610047206813,0.13652297338174313,0.2042512912774371,0.1686707967002308,0.13687458441725187,0.1291750544065133,0.5207699195506778,0.46350536358890926,0.41840598118546934,0.011125495070536845,0.2690724242304557,0.22633998979801068,0.20629913202350653,0.15454412220903815
AGTCTTTCATGCTGGC-1,0.19218075362115655,0.28220171350257167,0.2818262529938364,0.4014384922643952,0.08523590152353701,0.04410524408787622,0.05273848355883764,0.017926043987264263,0.07581010765008357,0.18664565432131314,-0.009365445304172323,0.00837109577408709,0.00668039149295078,0.010310776478053474,-0.008491828145850241,0.46338607454701325,0.20000250792626662,0.04508992458223003,0.035362447863636196,0.05541248771271157,0.13463011255102136,0.31688528705455804,0.027647909950841088,0.3246492165436342,0.2245819148943344
CACATAGTCCAGGGCT-1,0.08680452463449918,0.20027548205464127,0.027925986382350394,0.09654261141186365,0.14488120641338867,0.12401838856669796,0.17433541134584615,0.24546200329981205,0.2158346400790447,0.3016086373837755,0.19347320636181536,0.20512482307024882,0.21236694822719318,0.21288194130754218,0.20629773398681722,0.06073855643497547,0.10866705979063655,0.12804611228697887,0.16150762175858385,0.1925893948581223,0.029942636825898154,-0.0075961706471262685,0.18865994916897127,0.12841383434204628,0.08846889889281824
AAGACCTCAGCTGTAT-1,0.13611066125720717,0.2593837277190617,0.3496748374477901,0.3494372155868592,0.12227549575273317,0.11807142097371967,0.14322710864259122,0.09581886865172203,0.1339625611314565,0.2379616000045883,0.04752160687115004,0.05579451799117335,0.07658863016579218,0.06267014945696196,0.0496327643619891,0.403921608194241,0.1368277995695662,0.07052884865259547,0.07409874792022977,0.09499564315087106,0.0572196880594256,0.15810607535421634,0.20606669492086901,0.4680508304392142,0.2160362730729854
ACAGCTAGTGGCTCCA-1,0.0799743825855426,0.19540859716689252,0.08407608254573694,0.14860856122523056,0.07684601638230577,0.0570714640709833,0.06176911401546762,0.20286019924011084,0.08464537575456088,0.37587788531529437,0.18980255138567925,0.20535900323344256,0.16019726117095565,0.1809672956208506,0.15439481206922998,0.13753313163418374,0.10743123968380976,0.21687804335307687,0.49818002853336146,0.2691285634154029,0.03332977561507324,0.1449271052618674,0.19672773819679526,0.18163758868112362,0.13643496757757306
CGAACATCAGACAAGC-2,0.13166853562562408,0.1948012984006107,0.11795834112719338,0.10734373895167083,0.014008322506603879,0.016196517201945645,0.04532511616958278,-0.0030432280526580006,0.0015910680551251774,0.07323324730347017,-0.0034003128698614172,0.000674606040130999,-0.0145292625070291,-0.0011405683651787314,-0.014966066768510226,0.14110916483053762,0.12231661299827362,0.045200665900890794,0.05940153277872897,0.038831067349114144,0.11450941703181299,0.13309177266451527,0.23279480598206526,0.19785896053359667,0.39769970613300554
AACCATGGTGGTCTCG-1,0.11036194427422598,0.18363549119882738,0.468094330400596,0.29825736668141656,0.03390127973260787,0.05641593905422915,0.0621466781295738,0.11697324775854223,0.0383578254316265,0.15784954477732863,0.11563065810508259,0.12359556477792775,0.09703060893933893,0.11478788446808307,0.09303411432098416,0.37890939517547684,0.0745159335649342,0.14350344784703933,0.12524537921816428,0.1287074344293919,0.026638779466530937,0.21909660604629486,0.2523110738810461,0.3816257142683643,0.18219540108232604
ACTTACTGTTCGAATC-1,0.03592769779209671,0.1853805015293312,0.03141084876214403,0.08334822379125241,0.4719797579280479,0.18470181673235012,0.3483889924516267,0.09280416119909879,0.16954776169326669,0.16282730512767146,0.10227305656739386,0.09707204098841635,0.14398658220648736,0.07820899107260568,0.09154441961084538,0.09021849110214135,0.10662153616162791,0.08555514128718239,0.04560496145238683,0.05748577296544952,0.012273789193677848,0.14341987688611915,0.17699022543995044,0.13329550135660673,0.06691943463923428
ACCCACTTCATCGGAT-1,0.05752711066028184,0.13321697975812782,0.05724338428460265,0.10017733618223294,0.06482493955248958,0.10465773287351417,0.1279858464876883,0.23730350568638534,0.11240707841694589,0.33075764962574544,0.1837866588570007,0.4063977538904691,0.17308683277548548,0.22141599375360765,0.19533248208915047,0.09730067054473593,0.05589165508474037,0.19059865787495786,0.23158295185880245,0.32168953730567673,-0.009504458336065795,0.20692250723646105,0.12317794721901415,0.1111434046687407,0.09393162680832874
AGAGCGACAAATCCGT-1,0.061670011320715167,0.21959339730573876,0.06421475106715353,0.12262539259669815,0.15857302843915871,0.09486848117793535,0.15834325103478095,0.19456789939480934,0.15987884963987176,0.37925221712752605,0.1711111891644912,0.18152258926053655,0.16902661966415541,0.17368391127688504,0.16114419341878966,0.11378142385063485,0.12289304152951679,0.140264680252718,0.1653598567275031,0.19395736486969062,0.024612915681432285,-0.11042569644057347,0.2227973250155389,0.1766884819860282,0.09546231714229053
AAATGCCTCATACGGT-1,0.1352101431027306,0.1440297815133756,0.2585528837104163,0.2617622354224593,0.014520028656832143,0.016718909082802866,0.01604107283310365,0.049140742616379365,0.03289736800518178,0.11398572962379701,0.07427315854373025,0.044818542613423225,0.04359597774275732,0.054430721474944585,0.07009051733662207,-0.0027084255315527983,0.11422869001479494,0.07116884245435276,0.04774355478369989,0.07371348432237937,0.0514056071341988,0.16435121871965738,0.22879115582227114,0.2575705846340447,0.14256014751444637
ACGGGTCAGCGATCCC-1,0.5182337526215387,0.2741401880300231,0.05527122199471496,0.11026851667492382,0.06145632617148216,0.023892065853523697,0.06382889641249012,-0.00549369254526784,0.0788709936131622,0.12685061517917218,0.004539409902127684,-0.01057007513421596,-0.0010313851414920935,-0.012418124695525909,-0.011966391283049849,0.09990382123194787,0.46427084888996845,0.018865054592626215,0.002786475208878361,0.005306868883670318,0.6396957625167538,0.31379252252045925,0.28756740071491993,0.1814495366990013,0.15334932257482417
CAAGGCCCATTAGCCA-1,0.06141364345603224,0.21714156160948145,0.0626210258686938,0.14638159720075386,0.15775954744449483,0.1228414050377565,0.1842127880605017,0.23640849917555626,0.18172895326500213,0.3877117489283247,0.20810629323143237,0.23071709360037884,0.20620529927926923,0.22248489969971447,0.18277516416743073,0.1303681091170848,0.159174019290747,0.2054877413957176,0.2659074933783874,0.2494873509110024,0.013917223202959426,0.032975996681538035,0.2392409564676463,0.1757820597739409,0.13001632034680702
ATGGGAGTCAGTGTTG-1,0.2838832990020704,0.16281047848072125,0.10615764160665818,0.16921221666519465,0.05843156395808935,0.026807265532250348,0.06654083778296453,0.030900193661558464,0.11538980674574378,0.214020056115879,0.0015522466694111044,-0.005991693486096766,0.016724179515015192,-0.002045553581814534,-0.00047101422856717036,0.16797476805128334,0.20680331533855925,0.02605563507139855,0.02008150747792129,0.02328300460768237,0.1649292547256558,0.27947797531193785,0.29700100923520323,0.23586330083940327,0.23760041731155895
CATATTCGTGCAGACA-1,0.060441752645302146,0.3000499329326461,0.08658351644080237,0.1344826233720476,0.17176533048245532,0.1234201295724688,0.16422549193413782,0.12653420846073313,0.18492302367416413,0.3190304431054081,0.07344360164687279,0.07715224968655528,0.13385702190788362,0.07014398422116097,0.08666734821258865,0.1453920608388993,0.12291979817827874,0.0651354995066277,0.026647508243763798,0.0856568208701063,0.031228257828807067,0.4240582874139877,0.28515580057025663,0.20781487096934498,0.12204043179392503
GCTCCTAAGTCCGGTC-1,0.03561093757012421,0.16251380729859566,0.07065741918870377,0.1355833602759674,0.03819452904328566,0.03386116335749615,0.07816432043064453,0.19802161516403913,0.034573272936136996,0.28555662462552533,0.18691004505604655,0.20472411635721557,0.14027718116350493,0.18835746543256118,0.14631493098204335,0.11718114991182108,0.0419833257610603,0.22566336139215348,0.4486691209058844,0.3892809865694129,-0.022238468175354468,0.25949194004998133,0.18834785438329957,0.16204884582411624,0.09880988897350902
ACGCAGCGTGTGAATA-2,0.043768150348431484,0.19330202259683676,0.03468084600803401,0.10974384056909912,0.03809924612808701,0.01786385939320749,0.03264519615949861,0.12526551561486696,0.025674890911815438,0.08025245773260041,0.13925296181338537,0.1492417031321177,0.06990212053091259,0.13596142140443973,0.13766120743726287,0.09057742674441309,0.09946867175033285,0.16611166858209003,0.22785511285547125,0.22883390535847203,0.017805757334055403,0.14083934221585553,0.18543799425957136,0.15588519636911646,0.10866744661653156
CTCGAAAAGTTAACGA-1,0.152736142556293,0.2591398676912208,0.31173081787991547,0.3316423311309568,0.034865910381196304,0.03864241029957679,0.04722223841148435,0.03617751813385923,0.05266248430379148,0.20408219737830421,-0.0033311356904133817,0.014173414067021849,0.004455509585463792,0.017846728106627904,0.0024072814980498477,-0.2000206899637396,0.15340274415482805,0.06005185429257959,0.06174173386250572,0.07079196456351662,0.04665004663850794,0.30594617413474123,0.3825455703037075,0.43548950888508087,0.20462040206694454
CTGTGCTAGGGAGTAA-1,-0.010254247578891448,0.11047637012017011,0.0874233785443971,0.08251052084457605,0.020995065104451444,0.04463056254256378,-0.007833976218388565,-0.008061839505211539,-0.006772029651235577,0.017916067803030886,0.016732707962550015,-0.007115827191487681,0.02101769682392365,0.01948349975067509,0.019910139265687306,0.09203517903040043,0.029790743735930977,-0.008449338176595282,-0.008257784591973585,0.013020622940088775,0.02464875203324061,0.09830790781491369,0.11166646081996308,0.0719268619404035,0.009639558829618472
ACGATGTTCTTCTGGC-1,0.0442433921689978,0.20218358877821066,0.02905132541227352,0.09570986583544594,0.13518701406622102,0.133347995230775,0.17001996759904014,0.19621672761738065,0.15992337001266688,0.34756606015908525,0.17533575009759564,0.2104192127651055,0.2130942931062245,0.19479510205186593,0.20729355726947654,0.08864841041212429,0.09138535428773148,0.15182439059179753,0.1386577503723297,0.1798963872224251,0.009196536334029443,0.05320144314224229,0.19531779127698903,0.14207633957439145,0.09385868669561881
ACATCAGGTAAATGAC-1,0.08081240366762507,0.22662513202697418,0.0831529870374648,0.15338165959503103,0.08413226942065373,0.06973501917693899,0.0821639613314931,0.171186571812484,0.1065546977752803,0.4850242698471079,0.17136454661724632,0.1853934180697178,0.143441562374346,0.1721864421163578,0.15068006373181378,0.14284561583466254,0.10478565684336993,0.201907003926031,0.24639766424887577,0.24897149223891968,0.007740908772843586,-0.12979217443387597,0.24319988759568895,0.18704073594219792,0.1293200390240829
AACCATGTCGCACTCT-1,0.016420103843049556,0.18225020514479146,0.028033445653951997,0.09632378342672215,0.08475321967388094,0.05735457922913802,0.12928430577952987,0.20814247236975764,0.12570505304634816,0.418423826375746,0.17005295949430244,0.2221739805571435,0.15719341989361135,0.18739912289493638,0.1620474788518086,0.08499377984192064,0.10365677613049994,0.16953796275541705,0.20051334294831974,0.24734947004052482,-0.010054765112980502,-0.04344462371966178,0.18137506019785393,0.13851006350107406,0.08030526099640675
GCATGCGGTGTTCGAT-1,0.15898161783975406,0.26996141280749214,0.30051043322769266,0.3444644003567178,0.04652236165027754,0.016815081936763197,0.04024876839297674,0.021884843300087345,0.014206940160717427,0.1803281477589973,0.003596038561825042,0.012893561454535615,0.011090450424863162,0.017527523856251323,0.009646878671589816,0.3772754107682968,0.12754938769069907,0.04919596675481769,0.04331093699263585,0.040020472583026705,0.06941572416199954,0.3086515176245933,-0.01170954716634799,0.5414609433242061,0.2489092428192359
ATCACGAAGCGATGAC-2,0.1413856776780588,0.5233832261451543,0.09005755119756217,0.15096774721077189,0.06054742564155291,-0.013342224505952452,0.02660153585958046,0.024078954558855194,0.05802610324517983,0.24182735981093748,0.015741974631703598,-0.0033823075294830405,-0.004885307118702878,0.001973474395151798,0.011546611308250613,0.1530787878171859,0.14801314672612487,0.021566450853128263,0.023362270333284228,0.03672382899583317,0.07437533938465464,0.3243927500530686,0.32871861356836907,0.24498641453805206,0.2115411934549898
ACACCCTGTTCAACCA-2,0.0797231629934516,0.22037926232169558,0.03742350123078112,0.09487897451735099,0.215726939910652,0.12751167430137092,0.19219890912595866,0.11909188498573088,0.18656763440036853,0.2616072539495725,0.07485723426122677,0.09419287280111059,0.16124882537809704,0.11822333811317735,0.09057042845415256,0.08755855948065303,0.1193241404511392,0.053406694684205454,0.056274430095600764,0.07639277083647898,0.02396614503007357,0.3280852222645812,0.21860274949009664,0.1653936735355428,0.08050506651775417
TCGTAGAGTGTGGTTT-1,0.12646342627953602,0.4841126527697016,0.08365828900807051,0.1542743995005667,0.06444221434382252,-0.0021336549543788585,0.04102104498427367,0.04529716218093912,0.0906538613070086,0.22481298157313231,0.030587786024846544,0.025796371502595738,0.01436119545936092,0.012219963018094273,0.02983877519369023,0.14176468318304647,0.15432680622027467,0.03303815134798071,0.02819632572064842,0.06003259918589731,0.05834967265912515,0.34922053059075897,0.3194229634255165,0.24877661388169087,0.2083106605616363
CGTGTCTAGCGCCTTG-1,0.15006789317509447,0.24116587221103045,0.32733332928092673,0.34261141014684293,0.06806152265017996,0.04564696103199095,0.03705593546971663,0.056898886996692044,0.05789578549753775,0.18446364683162977,0.04438148944326063,0.03563090095922484,0.026571158863796143,0.039092531132373265,0.022754935755498376,-0.17953017732746,0.16024677576552904,0.07514599131840598,0.08544982360151093,0.09775513061713628,0.0417435028315278,0.28940442733101346,0.40370985533491693,0.43820488730440055,0.21993317945364368
ATCCGAACAGGCAGTA-1,-0.008679029269223315,0.1068618219471962,0.0854288483243164,0.11010141506173157,0.11186772130650277,-0.06932570568927308,0.0620813043425386,-0.006823410541944011,-0.005731736346615075,0.11263690086143147,0.02237536790058222,-0.00602272102311901,0.10652413781564717,0.10518942262792533,0.10583213484031721,0.1114251141524536,0.014953605850569623,0.10330841913432835,0.022110964235610434,0.10614020316876609,0.07460756400928903,0.11615857319188996,0.12180765558538063,0.1125380716524559,0.0018659953928857678
AAGACCTAGTGGACGT-1,0.03324422372671916,0.22756855015294672,0.06590682744555865,0.09588615466469622,0.16840821367975656,0.13806009244496692,0.18328240641918989,0.1965930096458968,0.16058636841965973,0.24407536204310873,0.1540368985984572,0.14310564109394167,0.14964753661911098,0.15922202671090135,0.16269248910785547,0.09782254491468577,0.08765150163450514,0.09669443896420711,0.10131104976566599,0.12979751992588187,0.020986358507928154,0.07039110587455084,0.19778319503332992,0.1491819471577423,0.06776868437906072
AATCCAGAGAAACCTA-1,0.04460775859201424,0.16978688162787411,0.03447923019548764,0.07902600569200059,0.11709835185918271,0.11880173229775921,0.1438927453191421,0.13380324299575946,0.12866876508966824,0.1896988830810041,0.10849106074511898,0.1006525622449245,0.15538979094956315,0.10165380770084649,0.09517512074978551,0.07704532819116458,0.09593733463272781,0.08443636736147216,0.08133441786907511,0.0897434001323279,0.009110529286489278,0.13607320943281598,0.2090528873784967,0.1428055229906979,0.08446139122673034
GTAACGTGTACCTACA-1,0.051817587367457695,0.19200478460451945,0.05339479209981607,0.07948313225726128,0.19542041912183442,0.12189798668300131,0.16541975007270485,0.14409537100829214,0.17590244037233504,0.2576887780819284,0.09520115512494846,0.08817803161730713,0.1737125782019651,0.11689257920349459,0.11855516259142167,0.07432019516563126,0.10829482030355742,0.07591247014928303,0.05180353239413374,0.08201119799982527,0.015476376553956965,0.3328497383710188,0.21417690704801257,0.14909974905191622,0.10005331458899144
TGGCTGGCAGATGGGT-1,0.02198258993745865,0.14967882250977624,0.058333083245871775,0.11173088142059667,0.056420728326235105,0.029119373040883825,0.059036705973105084,0.13286849071114482,0.03629919828430796,0.3821031110041235,0.16920593662126707,0.1415427633949802,0.1101874481013606,0.15415219820274786,0.13011888044929815,0.10613033639231065,0.08537513622167572,0.4405038530162807,0.4694843093965702,0.32072192587350523,0.012534103501635628,0.20451140316171107,0.210525738352673,0.16880457670361196,0.08533446724559804
CGGAGCTAGCCTCGTG-1,0.0914150070066657,0.379485002569442,0.050547727938379104,0.11293163597391301,0.009436425958260506,-0.012536366783794802,0.020694828215934782,0.021178924332950093,0.03350479398990948,0.148005730413832,0.028812038243818405,0.029218287325123087,-0.0009361955518421377,0.025045149225829514,0.016643302249137442,0.11494240216183695,0.10499215178927769,0.02563599610137931,0.05398215012594506,0.059837289947120405,0.04844136645800306,0.25798463755065965,0.22450073559074793,0.14609267748453283,0.17882626842876487
AAGTCTGCAGGGTATG-1,0.029427690129377203,0.1681494679642499,0.04310542030632781,0.07597481374535345,0.13690429957746092,0.11726542652379664,0.16531217645428853,0.09967043226825927,0.12484118015918283,-0.05138365081217027,0.09701148177931015,0.0960369260329882,0.11516150863885354,0.08825808429031903,0.09027946139058127,0.07347759811423372,0.10202685630570828,0.019909772209120852,0.021613482749615213,0.07993248752215765,0.00440303566462183,0.09144574891175833,0.1890108339391661,0.155452437118592,0.07521243764633632
AACCATGTCCGTCAAA-1,0.05182426338256002,0.24523596934687908,0.03845307106892236,0.1355010970960274,0.11664568794726851,0.09306437630165931,0.14644761952247026,0.2291569828092456,0.1441373667144736,0.5522022231002335,0.21111449526251944,0.20729554844395987,0.18308022708193147,0.2054163456029194,0.18552552764175376,0.11763721428422441,0.10504776190412779,0.20392183358943855,0.24271068294513212,0.2548615408509977,0.005361596251286965,-0.1680219564076732,0.23866484214257314,0.16225064335613926,0.1110198416820897
AAACCTGTCTAACTGG-1,0.09947722722425038,0.1481887322851816,0.07251088352836593,0.0991545720902315,0.05828004767848441,0.07732766733563301,0.0881099525784009,0.39590949066240344,0.07852044190461147,0.36791050493229327,0.18231501244466575,0.4486181683781322,0.17225152108604336,0.382855589290588,0.14216732743010319,0.09536556217068755,0.04707610299654469,0.18550507644177053,0.4209301590175229,0.41586723768504485,0.04047565968951628,0.1909526194370272,0.13777525357954143,0.11009736312503848,0.09244161946584901
ACGGAGAAGGCATGTG-1,0.03072129594655571,0.1700298716984636,0.03934924471896648,0.10018227692032261,0.09329526459069887,0.03531300485099151,0.07999274716957686,0.1760102528232439,0.07300998681609594,0.3875950305589749,0.19076275465309636,0.19584949729291093,0.13538541221928177,0.18933864036578996,0.14870629678862338,0.085988203146492,0.10373625308150274,0.23667725681106752,0.5105104534142484,0.33365587158723137,-0.012501967751739484,0.18249801439831917,0.20372096649244137,0.1308499844333758,0.08435052667195403
CAGGTGCGTGCGATAG-1,0.07883465774501201,0.16173318362267,0.05263976621058468,0.09753089035280577,0.13849904715821382,0.13693253660153812,0.1736156842585145,0.18962163933578016,0.1205025458907805,0.4089133139424437,0.17781914549983402,0.18148564477221243,0.22689985015052241,0.19668784959819482,0.19031730671207994,0.10272193549653306,0.09835897215131587,0.16002283651874216,0.15588645660534534,0.16495642869775395,0.00912834422493603,-0.05546658340490233,0.18310904267546277,0.13266748750457993,0.08558954508963937
ACATACGAGGAGTACC-1,0.23960502985835766,0.16764488325711005,0.06712391257253167,0.14335082460850174,0.0907028091009565,0.04632749049379198,0.0823826806489818,0.0028855487035868476,0.10835255374697729,0.18245079898617184,0.003168204703126865,-0.0073898868317237715,0.0010128474294449977,-0.009923245826785478,-0.00931308541454787,0.13144660123372714,0.23788381355811178,0.015158365687489565,-0.013148082566772107,0.016280048224236007,0.16787851458393754,0.2772212063327466,0.3262629136870764,0.19828348453267827,0.15632163989665473
ACGCCGAAGCGACGTA-1,0.05882943027490965,0.21183788701891873,0.07157966836281214,0.16080384453674412,0.08787292919276907,0.03559271857431847,0.0744109579117279,0.23148031981731093,0.0951415258228678,0.3544522916690572,0.20467977524449477,0.21461702027364765,0.15852664718994525,0.1980988503791906,0.18146660033066897,0.12599904426904246,0.09299241867711111,0.2785821507596803,0.5630997015247571,0.35875987767680145,0.018764067662239002,0.15218081277622877,0.21203761326642076,0.1900224707470667,0.12312027378453273
AACTCTTCAGTATAAG-1,0.05154562869023174,0.19716452387940803,0.022696111245018986,0.09719086639773969,0.143245737961714,0.1153652014494246,0.12158234406856036,0.17560376061376307,0.12567673303192625,0.23858303990579527,0.14787642788361807,0.1287940534664399,0.17350944466414336,0.13738866848161502,0.15046589082029488,0.07474399713851884,0.10321080790392034,0.10045837045796424,0.08793945027913402,0.12504451237950742,0.018494080755403267,0.004703964100527059,0.190458741052023,0.13969107796561858,0.09518172940746669
CTCGGAGAGTCACGCC-1,0.1508786866581991,0.24551173081842587,0.33152824264943725,0.295235794797618,0.022783636178512933,0.02866693684440646,0.02691728832660611,0.03966714732164823,0.046646335646342324,0.1882753453677843,0.012745914123214599,0.009342405273554935,0.023807660733995532,0.028895001634975187,0.0051782647056738094,-0.22922287237747171,0.14088387322641605,0.05744303614797339,0.044825360500699275,0.07977855045760016,0.06700201463633121,0.29244385302014153,0.3946086186869632,0.4284899448040799,0.19010097824185468
AAGCCGCAGGTAAACT-1,0.04398626749657863,0.17357448452976168,0.04684865842994569,0.07743282347648921,0.1988543090957575,0.16135535369707368,0.18337892383223423,0.14442914937367216,0.15960162620419135,0.06096943087107787,0.11524590242372397,0.10871303233688778,0.16673281549760946,0.11911267171769087,0.1129459029118868,0.07918558739378632,0.0990210121020086,0.06603306901682117,0.06097522543949512,0.0962575038354688,0.04337758638368672,0.19772217850540696,0.1727726022953418,0.1283956807203132,0.06583060435854145
AAGACCTCATCGGGTC-1,0.0430860566420693,0.16159613547321286,0.004609677440525154,0.051317615604396995,0.13841397993951937,0.09954119216737813,0.1543481986470604,0.1949328179542463,0.13914208732326816,0.34873420687971973,0.1646545790382354,0.2157775521263426,0.3338480660691023,0.2546249419739731,0.2160518677683606,0.05254208697159518,0.13819536791221496,0.1658746111129066,0.15955526373774048,0.16573385344945038,0.015196325997925478,0.22784380883606306,0.1483755260159067,0.10330031599894457,0.051063908641510794
AGAATAGTCTCTGTCG-1,0.052904587594893034,0.20172667443818862,0.04753243791228456,0.07254483950319172,0.20728968254977417,0.1396667225642968,0.19273370850078797,0.12048139280592711,0.180357434897272,0.215156875359262,0.11820785966319287,0.0937909923349405,0.1586735604227252,0.10398434913960164,0.09673048765286955,0.08686043062249768,0.10606847263410217,0.05413837948256965,0.06524467652666505,0.08275967590526871,0.04163107071218711,0.3039343835108743,0.15875437774754106,0.1262633355946929,0.07315085532459704
GGGCACTAGTACTTGC-3,0.1270392301231667,0.5030069811436351,0.09183900261048766,0.1547072705715976,0.03753317848484104,-0.0015298226344829247,0.05577769667568675,0.027136273431436778,0.07605336795546189,0.20559630819650943,0.003936799791428953,0.014517403699287858,0.020757990363842172,-0.005167205904486956,0.0028787001568661777,0.16433212401983693,0.2004274274502873,0.007478334487791284,-0.004035666389240932,0.033678445920878014,0.09029859219793684,0.3724920840114212,0.35158683977245425,0.265686082206423,0.23078432504591356
TATCTCATCGTAGATC-1,0.027716547186304282,0.17462153172036568,0.06838896105529202,0.11434309577045222,0.0937998947289226,0.07908654805299008,0.12430488497961772,0.17835872422310808,0.11072561791775976,0.4753280217092944,0.20944095855462094,0.16254586707406005,0.14241551333410074,0.1771936363495656,0.15443949413928093,0.09732159610818589,0.10257739507299618,0.2526264776342092,0.24507288354045648,0.2576535318273492,-0.0028031576661425926,-0.08629312680586108,0.21257362871626825,0.16074287451933364,0.11004687073416598
AACTCTTGTGCATCTA-1,0.03821183988311828,0.24046030630504864,0.05234688209927668,0.10169270890409839,0.18115135593372697,0.11076656727587486,0.1696291936499602,0.17761660624125056,0.1570031008901256,0.4366437932359512,0.187752411482927,0.17235245439380295,0.1668224148038498,0.17967771637001573,0.1747488527569093,0.09353394667552196,0.13533362468855303,0.2030790640342209,0.20310866708272177,0.2085008309769135,0.03177340878896161,-0.09386597497267596,0.23374998608261216,0.16386056046247566,0.10010506051433792
GTCAAGTCACGGTTTA-3,0.10509751217891078,0.34466072417286187,0.045552289010996186,0.1333798253956634,0.12212657099828073,0.03794509559257898,0.08597205878851648,0.17663224398225713,0.10121638541575392,0.18448589206099641,0.15657401956986491,0.1767530695565188,0.14147103479982082,0.16254544451320857,0.1457263909805782,0.11050554276326152,0.11110465880018149,0.16520946517530186,0.18088514463474578,0.23303405951118222,0.03366353738006995,0.12536548630220715,0.255449282053023,0.19257812420440004,0.16741745296107813
ACGATACGTAACGACG-1,0.5121198345931203,0.2509456564402463,0.07981703914130046,0.10815398018045297,0.05475503745526852,0.01684892808628371,0.031229486278226033,0.011050200682857574,0.04408752365303252,0.11117237324362832,0.010369953646523461,-0.016011792690416367,-0.01650995841615749,-0.009824724703300192,-0.025833152046115405,0.09788883763957248,0.46607696616701316,0.02271713148905412,-0.006083054292046184,0.008734581644202658,0.6607887322322763,0.29228447755962117,0.2958451593292402,0.15264700854588334,0.17917848698497685
ACTGCTCCAATAAGCA-1,0.04516990629556126,0.1452521392830398,0.01752036850710624,0.021665089840717862,0.4322638771584222,0.1565125076818882,0.3803244183683695,0.1196448333178628,0.16383463323717684,0.3098343628690493,0.08116700111662761,0.07790573363695692,0.31246372824150986,0.10086701437186343,0.0941588246293565,0.04519682388465464,0.09729139221950023,0.04990371926547249,0.032634661496283024,0.06571373833408994,0.028362636440655647,0.2630263939128302,0.1625969387077267,0.086128814490528,0.04821616608663958
CATTATCAGTACCGGA-1,0.18004146451206257,0.28648295249319905,0.16648221370029798,0.16463222413584577,0.03434320795642137,0.014915395464033606,0.044827095645084025,0.04873214217795408,0.05863342282250262,0.14474212852506294,0.03283133555406191,0.018097295618572987,0.008476722518885963,0.023385538015394478,0.0163794212777092,0.19160752297246858,0.15479923918085992,0.045888892847402954,0.07269481584626493,0.05832892659771215,0.11130878257577834,0.26622355034087636,0.3420172296759078,0.27986689974640655,0.48029493202347745
AACTGGTCACGGTAGA-1,0.021807716901368176,0.14322577750033802,0.04451113883950134,0.08614324311431693,0.11096847509544601,0.07163274025802772,0.09759033899779385,0.21298884286694095,0.10228922964708959,0.48647826352022955,0.18434857709830246,0.38580063412277704,0.19237043733055428,0.45020849751498765,0.18759669910957777,0.06626313845470941,0.05657785220152629,0.1760279507601663,0.5236740902606245,0.36633563939001745,-0.020728966433732867,0.38929220797723496,0.16823042162187155,0.1283046443244961,0.061926891475632614
ACTGATGAGCAGACTG-1,0.05993528827983968,0.13235288492546468,0.03160197555855974,0.06445892002165995,0.1616706920816823,0.13954290677443923,0.16940604890895958,0.15929618253747654,0.14036402126699393,0.14669819775073353,0.1683729745111412,0.11074245436626422,0.18228654743708447,0.12257163892922632,0.12573137387122935,0.05636672269178875,0.10591987852258902,0.14192116172989774,0.11866647956984135,0.1445214554129416,0.029498178623673193,0.09463966095694841,0.1780477700718407,0.1050765485377189,0.07906744545099327
AGAATAGAGCTGCGAA-1,0.04220785544999773,0.07236970950657713,0.05244389834033692,0.08522920911632702,0.004251960364404828,-0.007074777978379911,0.022738641995411143,0.016673464181657164,0.006248810147819898,0.08203357962649822,0.001433234142919874,0.022148097348470418,0.021480153851079396,0.003665953967125793,0.004075692487578498,0.06604346950072452,0.03032217564757433,0.00039556959418275245,0.0010812694950255537,-0.0019404698950030359,-0.01110181807191499,0.016494830350524212,0.021918138599580188,0.08054996029440271,0.10305530210111664
AATCCAGCATACAGCT-1,0.04847835485469568,0.22070448021356084,0.05915174676439454,0.09335253525079093,0.14912582197001706,0.11569633555816775,0.13877013838535818,0.20735420941822064,0.17524950511313048,0.44257456042825466,0.2551769362639379,0.20489959849041203,0.18144830890672098,0.21574159960731967,0.22950394958918088,0.09949471248697198,0.10670895141253221,0.1873921199533417,0.17521798086669066,0.20365213822200515,0.03829080516979358,-0.056899120859403435,0.19089741974384702,0.13081529914732762,0.1031623817148817
TTATGCTGTTATCACG-1,0.05602924478552552,0.19974236718485236,0.0262285594100017,0.08534510478561191,0.19760731282024677,0.1319293412947912,0.1812081264973267,0.13109634843679666,0.19003448216990987,0.274350965822932,0.09990268768914676,0.09752012274758759,0.14855554114716435,0.09803408090672859,0.09213282979362508,0.06545395241934936,0.142492752364111,0.07113106910113806,0.05911651126573893,0.08012943785909535,0.020882059468942178,0.33313369316545033,0.20225481786653352,0.12303524738090443,0.08648299346413119
GTCACAATCCTTTCGG-1,0.1428644144287765,0.2795493306469231,0.3024454524329106,0.33335982714052065,0.12925513891310708,0.09881078771035084,0.15881024987304676,0.0913427313782296,0.1332920749298544,0.23588495388923864,0.07145121227530918,0.06358811817847264,0.0883408831054214,0.07428215469400022,0.0639023421311575,0.3565382467550146,0.15079152380885963,0.0982701649204403,0.09624819038323505,0.11184359238319352,0.04070373470685592,0.33195513770347246,-0.20660729454481222,0.6817333339754607,0.22025824583341747
CTGAAACGTAATAGCA-2,0.09441110445074356,0.14632174600621883,0.18386528521100606,0.1399980243628945,0.018486674433773807,0.01969044407853017,0.0035901473327698075,0.02849161753687432,0.0213188366462146,0.06894909692687386,0.013832842718727418,0.03589898968339709,-0.013051263703250488,0.017285342174903906,0.0022176286390343867,0.15657495036495225,0.10540065645506615,0.053449598140325336,0.06976971705491483,0.04709707881380805,0.11112888572825755,0.08812433376794554,0.19308122845968123,0.18885067255093907,0.3754633177012576
ACAGCCGCACCCATTC-1,0.027482386478743234,0.1259017654782414,0.029780371115334776,0.0963616095567906,0.09535435892144867,0.12741221543085696,0.1445588524779722,0.26427351840151536,0.1260448653114555,0.33152481222619046,0.2619393759624087,0.2595991127157433,0.2425349626843058,0.25233351147653116,0.22349964847210751,0.09825431617974308,0.06709731314274593,0.22051245874734113,0.27581547009827734,0.4879176517499038,-0.005418954962489164,0.2578346679960763,0.15349705626155913,0.12421134233035294,0.05715270837870805
GTTACAGCAAAGGTGC-1,0.15454176582177245,0.3266202065186985,0.32803505602264404,0.3650393714739002,0.05111896273257447,0.027042696911503197,0.056856289636498476,0.07461177067027407,0.057395337979936005,0.20782502241497075,0.03644963264303851,0.045076835067579805,0.051930324060335216,0.05299647689803112,0.031511439554818575,0.36442710510386417,0.1707935577191815,0.09111675013126942,0.06560187343741965,0.10152181459454662,0.06536419737947285,0.35066423394526836,0.0002896373211249312,0.5065603778663127,0.25024110152099643
AACACGTTCTTAGCCC-1,0.07429702299718084,0.13753404984387896,0.06408873572462907,0.14381553557554486,0.1397631186305645,0.12830971783216547,0.166404767598302,0.22515984735129685,0.1511486871023926,0.28600922073370855,0.1939423276717292,0.23139180084085095,0.21315684203049917,0.25292406405534595,0.17882946622213164,0.13659540727983135,0.11567508545608703,0.20236808649353577,0.20950891672879668,0.23960863266026605,0.012619463663908861,0.00491995134277238,0.20753397611691285,0.14504254541579162,0.08853885923482921
CTCTACGGTCTCTCGT-1,0.07115397522861394,0.14070845353632289,0.06747431748303576,0.11104903710798494,0.07802081353398957,0.10160193681560174,0.07024129931441433,0.20339992427467682,0.09622740963690977,0.4109339295654647,0.21159292358940712,0.1908349257232908,0.1332998035025232,0.20955846370214098,0.1702580784825561,0.0748450413230674,0.08771402169209576,0.4016878200747859,0.3882978057524393,0.32420684579241843,0.006772916337029,0.20919510633718952,0.2123862042517802,0.15776402716220486,0.12350954896334387
AAACCTGAGACACTAA-1,0.033653691004797245,0.2028401671453347,0.04538974790295125,0.10652751202792528,0.1569213629257699,0.10834323072540591,0.16262942975762065,0.15650825600413834,0.15269061279917728,0.27891143308772226,0.176915047337106,0.13258962725149367,0.16294188275394808,0.1414037826381407,0.146663843109054,0.08981363392330834,0.09405427634433848,0.14253270274867777,0.1280573794864403,0.1493231616806041,0.012663709429111897,0.07760819907389506,0.22681791471316598,0.14265017497476207,0.10586499980196226
ATAACGCCATACAGCT-2,0.1380906332384902,0.25063510914473786,0.12619218403461996,0.1545435062598946,0.030310590750716553,0.018725393312480885,0.05920678453026618,0.014577740411263838,0.025455514301241534,0.12440388860679638,0.022119701297078197,0.004619862857799646,-0.006821259663777019,0.019069263354360412,0.010643158077150564,0.16657615805564324,0.14420867510684418,0.04328523371089854,0.07047597052650367,0.03560089716009041,0.09153213393716099,0.23080855557236732,0.30510558054796993,0.268710909280414,0.4744098792222506
AGAATAGAGGATTCGG-1,0.05477940843250522,0.21927349109844665,0.08193581105846685,0.12464321892803505,0.10970817400474348,0.07597244576020888,0.10521120947696926,0.24410610784324316,0.11969406400572445,0.46163567480839585,0.20487336050928098,0.22019815750997399,0.20399371553429538,0.22502295855869842,0.19830185109135964,0.11756805595811298,0.07486919138235824,0.2906066785609552,0.2930687903193023,0.290953871148514,0.013156207385069648,-0.04314999574810134,0.20978410104320291,0.18300208884382357,0.11828623150564183
ACGCCAGAGATCTGAA-1,0.05993918727969174,0.14998544400914926,0.05674991671714732,0.08165099006403759,0.1599219254322932,0.1563362518208248,0.1992630110826734,0.21796992112895736,0.1716980254194549,0.3956636271977622,0.24630958156648272,0.2092156417593496,0.2242870499040563,0.19512899233022662,0.2283490640015194,0.09216462178045721,0.06678530020231425,0.20638176846287495,0.20361187791327895,0.23718199722553956,0.016325191015571044,0.006692643540560343,0.16142565214722998,0.1162189930168522,0.08224096647084991
ACGATACGTCAACTGT-1,0.06001811957368297,0.16945804369361583,0.043541904139128756,0.11350964808853946,0.08641880001386275,0.13673246593240918,0.15618992708718119,0.18955700897603955,0.1164716156514673,0.36755099935955454,0.22710151074741522,0.18775093591374803,0.15287683658642356,0.20568037324937122,0.21992607459861174,0.11027955094725393,0.060403920086938734,0.15988142749642784,0.2013149038625226,0.19360852803558629,-0.006337946193462219,-0.019715798146337185,0.17185798222689522,0.137296323403513,0.06880588433308552
CCTAAAGGTCATATGC-1,0.06890805735630386,0.25698708431961925,0.07022256783556106,0.13297040630052126,0.15663647770646136,0.10944486570238811,0.15785336114087595,0.2078245954581074,0.1795160891970145,0.33418267171224497,0.18487710103388696,0.18337082311869618,0.1814745755502156,0.19691538134618056,0.1971188260412837,0.11404021841360679,0.12387547633990038,0.17694058729400086,0.1694763436302293,0.20732841539001035,0.04024580767719886,0.02599916266254521,0.25805640424627413,0.18568532979945293,0.13233744560756427
AGGTCCGGTTGTTTGG-1,0.06305884070067895,0.1795234639076507,0.047248456349354734,0.09816981075741255,0.06423197445895122,0.037039204856140484,0.07800958898403693,0.13649398539921156,0.06264576670671537,0.39833743705840696,0.18736161578875413,0.1595829395532518,0.13625443230263598,0.1486065520199082,0.13232392727124248,0.08706795475704378,0.11273720390351821,0.4376997479154478,0.30274923591446645,0.47096973696409344,0.01146732266704427,0.2344425168491045,0.20789886614204311,0.15629695126802112,0.12446807893090937
TAGGCATGTTGATTGC-1,0.11485244238311927,0.16912215575695072,0.14637520336252927,0.14154309238625787,-0.014333388684317981,-0.008257173264510758,0.01564377999003595,0.06252579440871912,0.03243981441657514,0.1189913493278378,0.035972877523549364,0.016063335674395832,0.014920518923204363,0.04130723426960871,0.056220547689671135,0.1437324211220809,0.07239438462609393,0.058127523399690254,0.09895076011949805,0.06284191066387343,0.03535800163827465,0.13705596430355252,0.21392287409261737,0.1783832226622046,0.4253695341417432
ACGGAGAAGAGTGACC-1,0.011087244593930696,0.1956369707541676,0.022234278547163693,0.08547825462000953,0.21624220445043973,0.18544197614111918,0.21264310465319772,0.11991414162657985,0.19611513255662752,0.048327012333817344,0.13676549451328254,0.08402616148822381,0.15975820557341727,0.12983920098847368,0.1217524749500123,0.08733652262354527,0.1205068565404411,0.054845437760808045,0.06545129161759966,0.11546733472205732,0.05527161237497959,0.06192579765531056,0.19497622343163926,0.1353841358821646,0.07489118096591033
AGCTTGACACGTTGGC-1,0.33709885942688267,0.25060527677077116,0.08040245002787014,0.14586021070389485,0.04541957151687592,0.003549392107370602,0.0172515667139464,0.02583968879688585,0.05991962262802642,0.1606693883917464,-0.00877330248657873,-0.013512970495670613,0.025425398961888737,-0.006772220880727451,-0.005416386872726256,0.1516367400951855,0.2089949831131921,0.0137227541406471,-0.0012382459353686467,-0.007772641441909444,0.19625212791228056,0.21191197132000503,0.2500301506559702,0.1815764747614224,0.1727080955076104
TCTTCGGTCTGTTTGT-3,0.14277051250672812,0.45636432260220494,0.0714151341175084,0.15171157860256315,0.06814060183853546,0.02901203537956108,0.04559571765884181,0.024698590693224408,0.09400849954599322,0.17961446321717076,0.016332061442317566,0.009344835986058304,0.016259493003890894,0.005346531482747377,0.013959836047562211,0.143215856683004,0.17964466587572192,0.04114533811386118,0.029365713845223632,0.053861907275899595,0.09688978505026,0.3004436511787791,0.27325775348353987,0.2029549247173529,0.18589286111401157
GAAGCAGTCCAGAAGG-1,0.05903063792248169,0.16062597851921773,0.048550943350244735,0.09715483455556902,0.09681024238628214,0.07337574276382403,0.10099815314992074,0.18242108127538073,0.12594882260340556,0.3037019068071764,0.2054653693021115,0.18157562896016796,0.17798543945520057,0.16879851423589326,0.18066957148004545,0.09407065145338127,0.09893099305453862,0.2484493410547568,0.22124804730500788,0.24117625893796402,0.0009183035914490724,0.24549848058718993,0.18003378514972587,0.1518454399500276,0.08322090140963813
CAGTAACCAATACGCT-2,0.11289948221651516,0.5130616612565658,0.08292353795590347,0.1511117768951066,0.03149987323246274,-0.0005521621776925332,0.024614175320599316,0.029381551914614962,0.06349136430906192,0.2198021413084629,0.028122977005935666,0.015522620882830315,0.006918186132475667,0.0018663310366329971,0.010914361195039312,0.13268557436395756,0.12193073204308513,0.044245533393842296,0.026144824102537347,0.057042403529511246,0.06034769848272807,0.33615730908768765,0.33025412127595644,0.23672727388825746,0.21203680977507536
ACAGCTAAGTGTCCCG-1,0.16753675952432182,0.24849707173402855,0.5715789858837927,0.3122410341514583,0.06516775730279552,0.06495940934218732,0.08019511313888422,0.046435195196932844,0.064085776246804,0.1721211751334937,0.0280248928399637,0.04941414334927952,0.03135448437701843,0.01819074672873149,0.01072611407169552,0.4548250652522927,0.12858161185412015,0.06481336841121527,0.06624135822496574,0.06980529144438366,0.07893396322443041,0.2861646589151688,0.39611546929155456,0.48568708858277987,0.20966091262782094
TTATGCTTCGCATGGC-1,0.058394329176209694,0.2451106668819703,0.07755758521483697,0.16179377237875722,0.07124648043627761,0.04556228722046464,0.07731961527139815,0.1761636929736878,0.06494375613536782,0.30600057844342277,0.14634609875160384,0.1531353476053865,0.1369508090606635,0.15628311575687573,0.1344265882372432,0.13968231169016498,0.13147117521119023,0.21324892980774468,0.21961650696933113,0.2253043892732577,0.009969844635805448,0.3862533745919465,0.26616292217390286,0.19874534221490261,0.13603358842394797
ATAAGAGCAATGAATG-1,0.057589927385202064,0.22504109089023952,0.05358217665599361,0.12669378114300947,0.10658682231710204,0.07393620585098724,0.07862494596247373,0.2019211998748969,0.11787174030594912,0.16872835993595703,0.1747019481506869,0.20494401690407762,0.1709058271694789,0.1897746459926287,0.16663833660131597,0.11297686506733744,0.0796027557792913,0.16701995154844002,0.219248507636658,0.24234951178213374,0.022495919570162493,0.2609743012351812,0.2342770745085228,0.1817155015016331,0.11861025829038348
ACATCAGAGGGTGTTG-1,0.03794086719546432,0.18994437913910892,0.04842631925730069,0.0707369561533106,0.22141619165796328,0.16459545129391986,0.21011461620410507,0.111019683338232,0.16264155214901466,0.20957552115991296,0.10101986846277039,0.08149266270977297,0.1595245507633624,0.09368888093793412,0.09571975396123394,0.059324330304518794,0.08818076975663862,0.0692735527949982,0.036702560968051565,0.06718402343257664,0.024462536149531762,0.2767919943738162,0.20789145036671702,0.11913798242309968,0.08049313608615394
ACGAGCCTCTGCGGCA-1,0.20346863523376618,0.1173567626286249,0.08502527014882795,0.10283988570537769,0.0902801542381095,0.06601371743745808,0.049700439758005796,0.026940616682384833,0.08805915253659963,0.15712003232230032,0.02652071901281777,0.002886049813817813,0.035156851653523835,0.010778744284923905,0.0010271372704595192,0.1000670663617789,0.516677068349818,0.01496755975684144,0.006252551599137975,0.035531482101453724,0.5673766163144042,0.19112304556674323,0.20248724640944443,0.16557868437495402,0.17015503420904687
AAACCTGAGTTCCACA-1,0.07722346471942328,0.055954918418893995,0.12042058996496702,0.12485825044029382,-0.010972670806522554,-0.006321132149512128,0.008559518272149529,0.004484936098220991,0.009652583319316201,0.05328036989180846,0.004219432179416972,0.008144766885907151,0.0076028854635030625,0.006329635872404924,-0.01130255046583574,0.12628281527039836,0.09032446667170138,0.01938989619436776,0.0038756471702828615,0.01550814676778887,0.03127664979380398,0.07690112794516826,0.12254100193644198,-0.06985965141930123,0.03497002489076795
CACACCTGTCTAACGT-1,0.04319567139643676,0.1980562086130913,0.05046080073712833,0.12417700933838258,0.06182161992905523,0.044997877647920625,0.07470569642083917,0.16063195777342582,0.08774430488168825,0.3214513747519455,0.15758978249193156,0.19631644903781537,0.12727426664566274,0.16531530704708564,0.13304974440138573,0.10178949303276279,0.07529854801684069,0.21837482826853702,0.5146237342101494,0.455398460491264,0.004644234575058566,0.2611076675090314,0.2297541807189785,0.1624900212317072,0.1338039488371113
AAAGCAATCACTTATC-1,0.059363247266599584,0.2332163660918099,0.053218572692548226,0.11382910144366218,0.12796768432921468,0.11893437170798499,0.15295923323842894,0.20695287256061812,0.12891331144560486,0.3304310910910191,0.1710190116676322,0.20155379056012837,0.19016157848857201,0.16986871171701906,0.18265649039653395,0.10761894578651997,0.13340151173134887,0.1544211400066385,0.1505603661459748,0.16925009403275676,-0.00040188707820530564,0.08660132275232356,0.237824880859726,0.1713354451814924,0.11662052657216812
ACAGCTACATGTCGAT-1,0.03356174837039474,0.17616705791897805,-0.009151574716348004,0.021231827898211427,0.13184863290117008,0.10682696146009223,0.1454820197032934,0.14752968213080783,0.12233085263486486,0.3236227433262567,0.12969905978115823,0.12459939101573331,0.19981683511814505,0.1517998720248093,0.18388390227669477,0.039446170422965644,0.08663922898453454,0.09679389050564242,0.08436706902070583,0.10805957213925026,0.009707893291692702,-0.031863714723866315,0.1461922625732603,0.07667574092375176,0.06098329044417488
AGCGTATAGAAGGCCT-1,0.16446043326214793,0.4826337510964452,0.08457133983978916,0.16429020066297723,0.06730585743046853,0.002504013572522052,0.042523934045137456,0.021845464089062294,0.08981946704520226,0.21055354964174208,0.003645936721068287,-0.004241802091435371,0.019976786733404427,-0.00251875152370941,-0.0011994408808854785,0.14946245604664207,0.18254751493381416,0.02494066232111194,0.013628968753339592,0.05176386995030595,0.07698002910549209,0.3783289391373265,0.3542089549170603,0.2553976424647517,0.21928285382200768
GAACATCTCATCTGCC-1,0.060912671878311675,0.24779817044989005,0.0639695258423476,0.1376283937197683,0.15398443189356875,0.11964014947712336,0.18675015599077419,0.16724581501727187,0.15516010835806762,0.30218251940360447,0.12084714377979648,0.1131598015955916,0.15861535821395908,0.1256629637275347,0.11359943432089709,0.14035312090150684,0.13043859233355534,0.07845244392613121,0.08003446342303419,0.11441466205375617,0.05505811964566762,0.3717686359356447,0.2726305014165107,0.2059486068101847,0.09980882790430659
GTCGTAAAGCTACCTA-1,0.048593114410130867,0.21208940785579045,0.055751604977770396,0.09364784868630216,0.19381809681435364,0.12554991655016898,0.16029578490146743,0.19382796425420315,0.20139222783075636,0.12916753156100974,0.1487529360697319,0.12832705823978702,0.21280612135733631,0.1639545394036522,0.1483215403316835,0.10029253736437385,0.09809786754301762,0.10789341381038653,0.09370131123654571,0.1252921226840475,0.04441408755781341,0.11110637354435528,0.20590450100500127,0.12507429673841985,0.07463628195297702
AAGACCTTCTATCCCG-1,0.035489960564603316,0.11979585277056694,0.06232535717794218,0.06738235516062513,0.42952228705668727,0.12713778112844482,0.30722056007485105,0.09009392489314626,0.1624112919040931,0.3125822779321524,0.0983145780762872,0.09450006561549645,0.1611009209527467,0.09881800960790567,0.10125602377377586,0.07859787379653328,0.11437713347565909,0.024384348607302413,0.04577072791005026,0.05547943943847277,0.04445073107242734,0.3041909924443883,0.15984478728842608,0.11191615925475996,0.06242937240185629
ACGGGCTGTACGACCC-1,0.061272140075468495,0.12042815465366843,0.05117620818212943,0.1503259720654289,0.1302966461847294,0.0770192641102633,0.11504037974793292,0.2548701409766788,0.15221018506890077,0.22608323445063108,0.22274923144886652,0.23237183573357523,0.20561151318004536,0.22515923712878771,0.1886092823600167,0.12564832103608037,0.07009764418845178,0.25820216357299786,0.4774496243440357,0.39519717589970554,0.0022618023303807616,0.28493172323963895,0.1525805429973814,0.12192769588986022,0.1128560172134373
CGAACATGTCTCCACT-1,0.1373839884176981,0.2605882523049938,0.32986407784648936,0.372337770861594,0.09455813048695946,0.09667488275437607,0.11452004612706303,0.16824679455085462,0.08982849735503518,0.29185849941036346,0.15439695214364443,0.1558285202835098,0.11764549061701664,0.13483492670885763,0.11279716620500317,0.4527480976552525,0.1515740826653253,0.15743993774023152,0.16585090560317375,0.1798554686913402,0.048852789983723104,0.36499608473596684,0.10453917657899345,0.5286853095777019,0.23406178096996788
GCGCAACAGAACTCGG-1,0.04472084224588281,0.1272712639801725,0.09111871555456996,0.12082833466229927,0.02533416295582374,0.03826071248077108,0.026976786690186664,0.11748173504210127,0.014563969182159964,0.1937673682645149,0.12918112072219484,0.10990639335504576,0.052787387426001794,0.10085480606600114,0.10336178534081555,0.11023375245444834,0.09299842917148816,0.2640342475008144,0.19903286033072157,0.18554634507159243,0.031067242707909476,0.16434787090036457,0.1688238940336998,0.14367500174675849,0.10286906866964406
AGGGATGTCGATAGAA-1,0.17373195358513058,0.2534347144991281,0.3362415755173266,0.37861080132000735,0.05063484140471853,0.025353982575372132,0.030340212369989638,0.04147150080049141,0.06724656493219115,0.20326148107224132,0.02316865160127743,0.01387800618486839,0.0041154608458342365,0.016975745876431088,-0.005192757516777907,-0.1579112792076028,0.1637199605001924,0.05276443528131594,0.04852555327854575,0.07502000215828195,0.08245405922545067,0.3045897873750318,0.39647430832866304,0.4438392262648908,0.21680013288744607
AGATTGCGTAGCAAAT-1,0.09098109185647864,0.11040026992615043,0.09475338352348313,0.17734669434634268,0.020176913667151932,0.03296317489651121,0.035756309694581864,0.03712335062631616,0.024319695671002103,0.12252859966742202,0.002960876966170202,0.02108400282843063,0.04529392616575025,0.017929963490400175,0.018709620093412323,0.009915267231605194,0.06386049711762064,0.05531763560358104,0.035903510734668596,0.04777739337536902,-0.0015797489226885722,0.1224329254765962,0.10514281154796341,0.18883680428186755,0.11768175075876615
AAGGTTCTCACAATGC-1,0.0756129282150658,0.21449513040127233,0.038399142273002625,0.11038041430472281,0.15254260045759846,0.11727722330503655,0.17944051984851805,0.19143021185441997,0.1366044959880723,0.4238862002469403,0.1968317105057626,0.18555883371264742,0.1838229040888608,0.19802000653756133,0.1925637746446258,0.08444946767133626,0.1127666934603845,0.16388266355929806,0.18325590004543926,0.19569606528149272,0.01818428166489134,-0.1735745542425144,0.21260722726843623,0.16409118360620623,0.10070203242335889
AACCGCGCAAGTACCT-1,0.05863341749057059,0.1892895510551876,0.040317107959589774,0.11427452273428884,0.06357905735924604,0.0012760112874059012,0.039346450189428055,0.17024279673623133,0.05133429980159482,0.36612242473196643,0.17578497940787569,0.1641510050892613,0.13032616608038214,0.1772431626676611,0.1366011885914152,0.11789682302701834,0.10661469813834565,0.22810768615539018,0.584749836168037,0.25897747450012387,0.00523369387816102,0.012429984934325556,0.17972574360527815,0.13187754579853306,0.1282625810175555
CAGCAGCTCTCGCTTG-1,0.17622148694058273,0.2625063355196428,0.2802637327540872,0.4979656909659807,0.07590929506707782,0.07284991492171103,0.1098396007976145,0.08095335607586254,0.12175280193314474,0.2519403678632558,0.0266514271036595,0.055074370053482403,0.06847791352893884,0.04943973202406224,0.02986726028537646,0.41272707838239764,0.1705102217805786,0.05507631763595585,0.060208238683173855,0.08086997127679821,0.07470692373231062,0.3413491332488342,-0.024464829109131236,0.15141447467598806,0.2119941166258706
GCCAAATCATCCGCGA-2,0.15641555037778593,0.534507942558221,0.09121044583065142,0.15486043784925502,0.06090362750746262,-0.0019582638527957013,0.030345844028576402,0.024938478058436842,0.06754018513792946,0.23195165599698492,0.003630267929665304,-0.002815547637767046,0.018128019211488246,-0.0011501661553357263,-0.00030782487700687175,0.14191442796695083,0.16119150290993073,0.022284509340367898,0.016466960603917974,0.02700435812850221,0.07404553055596703,0.35934059794392054,0.34241221762453034,0.25973951638436893,0.20909652920615593
AGAGCTTAGAGTAAGG-1,0.037278293705554716,0.21780715867141073,0.04028267122237563,0.10247986358279604,0.1370398467803577,0.11887820119182076,0.1520161683101752,0.23775018351559826,0.10902185063474229,0.36379544456742485,0.25992028848972387,0.20005342327877523,0.1951412608857367,0.20188284656913488,0.2063845505786777,0.08383602263784935,0.06501078444275012,0.15992740274855696,0.2132687565951523,0.22407037293447984,-0.0017133257224436443,0.031057095228267443,0.20576450912441613,0.12663876167575475,0.08834519578777912
AAAGCAAGTGTTTGGT-1,0.0649404840142009,0.16086586373809963,0.055204811328465817,0.12524941017231153,0.11522902511749282,0.08080748927430914,0.1202353251207733,0.22523113357798122,0.11479100584651636,0.42145357590618593,0.1666275462997507,0.23933361123811106,0.22112666304695544,0.2327138744883016,0.21544991775616637,0.12228022041267726,0.07174389769051398,0.23837439739440708,0.5370830256554773,0.47173483794575777,-0.007827707588595804,0.14556853227700411,0.17865043594059887,0.17391517751686375,0.12188617538293904
TGCGTGGAGGCGTACA-1,0.0458937350306869,0.2352804474005339,0.07572893988736464,0.11288871436897412,0.07619472475328948,0.03760864702643557,0.048581726078071485,0.13338682433592364,0.0850877593497129,0.26391175997253613,0.14145689118395255,0.12253185016009681,0.09451206718526717,0.10490045843388655,0.0999149077534801,0.11378565303988278,0.09129006438390994,0.19089521753794825,0.19512819103583226,0.19362377504530914,0.012760912347258555,0.33164478381849744,0.24245207909778932,0.2086226838404818,0.11793552664306332
ACGGGCTAGCGTGTCC-1,0.047101463449051084,0.18251892303725714,0.052842751411146964,0.066709029747054,0.3988363880632967,0.17888287149484208,0.4604032327143673,0.15142539962526852,0.18750942013476263,0.40093326485529346,0.11146010417846518,0.12244646651719861,0.17371639394797175,0.12321077688867234,0.13570558865816026,0.06325975944221023,0.12241387079506276,0.06860624729027126,0.07053706338825604,0.10160068079066298,0.03055541799045638,0.40175205635395106,0.18375429079123884,0.09518984963439896,0.08548085252629734
ATCTGCCGTCGGGTCT-1,0.25014736144082034,0.2768951824941333,0.1067560185669144,0.18197897638843294,0.11960202151220282,0.10128454834356486,0.14844757722906174,0.19033239040960917,0.1394993404112499,0.4529898654649612,0.15323234809026387,0.19238767748960972,0.18177938299368407,0.18526956423351332,0.16766538047120846,0.17380537139458377,0.2201640863622162,0.12323685182210162,0.14097088564274834,0.17614323555916744,0.11636450138465489,0.2927573922115971,0.01638086264976285,0.20943321264321746,0.18812456145512724
ACTTACTTCAGTTTGG-1,0.056963087883866316,0.17582809438924488,0.06305972941830483,0.09941406618288369,0.13113641915492946,0.09644156863809661,0.14655519246817936,0.2386641440678058,0.1531640775471075,0.45644432881101304,0.2010096175431448,0.20983828454189607,0.22333969161811085,0.20305889356305265,0.18081701735749847,0.08544586541287826,0.0714398821612059,0.192455174871143,0.16444468428261075,0.2152573391071366,0.025499911307209584,-0.08262782751905702,0.20117425644811232,0.1457818793262183,0.08084948831308808
ATAGACCAGTACTTGC-1,0.4670693013017709,0.12790514166987146,0.05924833752557517,0.08997688709582788,0.0793530075637884,0.05203697421010336,0.08190986031202799,0.014383914825424155,0.08770786114589803,0.13574988437262797,-0.001782881191360081,-0.004839261447405427,0.031416926989065,0.010031303990011323,0.019651157366496728,0.12157105663995398,0.5584256585594306,0.0279903743045282,0.004719459781390047,0.020094331405026013,0.17242148442457347,0.2238415190349257,0.25953980678533384,0.18406107492846394,0.20053225438725789
ACCGTAACACAGAGGT-1,0.05950554996648494,0.20741328543961565,0.061662569192987515,0.10392813866381277,0.1186080493863634,0.07531558182948085,0.133854441959387,0.2142637103821431,0.1499424317546515,0.3652742144108374,0.15816084721580434,0.2368574103269399,0.18372258241715123,0.23060289384685365,0.20602783515020773,0.10912217697568745,0.09585577473835004,0.1758196584019248,0.20742988869832507,0.23812368786437657,0.0017561184735018624,0.02190544270309269,0.19903565854822178,0.18223184611012683,0.1041857367924345
ACACTGAGTTCAGACT-1,0.06542814983105187,0.21778931591873016,0.029969917124036585,0.10477299981407587,0.17340753470907605,0.1211517550652646,0.19731776139369478,0.1841654861528672,0.17767135545871868,0.31119058362792446,0.1594558966611399,0.14408425134808237,0.16767312781154278,0.16666521438527604,0.17861770804339083,0.09239413504341433,0.12593130101090852,0.11403070819339858,0.11848139502345138,0.14113689847073016,0.02382954298633887,0.3684092223109121,0.24677933554868417,0.16855029151065878,0.0997062903362351
AAGGTTCGTAGGCTGA-1,0.06104947610098177,0.20253134988737295,0.0814823358261143,0.17419855194322778,0.08412143326849263,0.0506074179338318,0.08761906325016278,0.22179514304132628,0.10152347701553796,0.3986467048210726,0.17925415960402824,0.2130409367219761,0.1870331389485441,0.20432233134216843,0.17197737537223043,0.156197066057371,0.09902467516713301,0.21030386947150503,0.27587472126544327,0.25599855093893964,-0.0026137595043920297,-0.03843447426668697,0.22846166873293922,0.1809711250179413,0.13260878122467204
ATCATCTCATGTCCTC-1,0.20732446124621162,0.17705421653820527,0.043708326180552225,0.10558012352746313,0.08499973833026801,0.04285503019366442,0.06702114456596046,0.024727728710716435,0.07208858939865787,0.10184671843454617,0.014965307543030068,-0.009178313391828178,0.02107488534297011,-0.0012423249284557764,-0.0006317654834977469,0.09879453175333897,0.2764643417067338,0.020530712556842082,0.004087125951581958,0.006812705545456429,0.2229162937334079,0.16142080464817837,0.22328132718747182,0.15897579490264294,0.20076171961843972
ACGGGCTGTTCAGTAC-1,0.03579030678614019,0.18136815417904348,0.02576785375780572,0.07107724901551304,0.2290606101712348,0.1561102831019812,0.23738612827621164,0.13898540886768784,0.1955360599041097,0.25962787216041416,0.1193854819057317,0.07515616881387355,0.18003055268267049,0.11310398744941264,0.1071966446527243,0.06046645259979673,0.14995523400925667,0.09630674486943812,0.08207755578544183,0.1069734091176767,0.042679325239367384,0.31290591995896117,0.21086070458623501,0.1448608816859804,0.060742501001347204
AATCGGTGTCACACGC-1,0.04338217550788044,0.18977961657449888,0.02736644845460584,0.0639522921941849,0.2177237566446295,0.13525322726372285,0.1989594369015757,0.12401944482422789,0.19731026634981358,0.23846767492034157,0.08814930777580876,0.09915563827823158,0.18962526715841735,0.10786569794889322,0.1195094071451501,0.07318174584135656,0.134105185153647,0.06756105947711062,0.06802198775836689,0.09300848259159972,0.0499088135512922,0.2953643157465095,0.18601283141506156,0.12047137167802652,0.06998818894606147
AACCATGTCCATTCTA-1,0.10933426686132383,0.23992319646868246,0.07749052769624097,0.1289217382151531,0.14584870160772379,0.12601083395014295,0.15212204218918207,0.15018694717401063,0.1991555490856967,0.28796476181178804,0.09987838887328786,0.07484503308350618,0.13805214358415416,0.08536721066844212,0.0963716415116291,0.12323902359870723,0.15996022399198934,0.06790528957438284,0.05022652595749501,0.08004034063791417,0.06553993988352866,0.3564960649479548,0.21485457836441738,0.1550929581410076,0.08948322365047699
AACTCTTGTTCAGACT-1,0.14949904746696252,0.13332175279858097,0.4291538631347216,0.33915590241401583,0.019144701439219723,0.03233126164267185,0.033357345284002686,0.04679089844098825,0.03598938650551625,0.09798753133109117,0.012939752020929082,0.020231871095540095,0.019162120578289445,0.016446448933563392,0.017185363579453005,0.3710587857694035,0.08770802752329455,0.043360526824191566,0.05544962328808279,0.04597294248846422,0.050607287614200316,0.1272070778956777,0.28230781972255264,0.36976079550728974,0.15452642051815604
CATCCACTCAAGGCTT-1,0.052991760107524565,0.20274621501775725,0.07600569730128016,0.15774541087344013,0.04741475647976557,0.04857041541165356,0.051151217869367764,0.1976435399964232,0.06168558826810926,0.34780416775438433,0.17968362235833826,0.1765550243267658,0.13317593534421387,0.18734938408387797,0.14670228396373658,0.12874562800582473,0.08583458752805928,0.22676911065309094,0.2685168106212,0.2632954987614921,0.006343748706414431,-0.09104809035397744,0.23867397151179404,0.19789844125522646,0.16096901059241583
AAACCTGAGCCACTAT-1,0.18247768683403617,0.07058892883294743,0.06284782874279395,0.04396523485240304,0.011627527810186802,0.031028738544018976,0.012579689671802096,-0.01075578820324211,0.013608707488890771,0.07389967123699953,0.007724267496251327,-0.00949365589739613,-0.009641819373183876,-0.01007358045098696,-0.009931688717109657,0.06360016567383527,0.09201834299318379,-0.01127277364257602,-0.01101721040735769,-0.012243653633746045,0.1085665593412818,0.07855313362962738,0.08544800388726588,0.0767287066296467,0.04669696864713021
ACGCCGATCCAGATCA-1,0.010629382165857222,0.14500341303299538,0.040489475434948144,0.0983942526420448,0.13671452661607084,0.12583707055576654,0.14297473562922824,0.23515179221255358,0.1485559691265964,0.4417028536804509,0.24174304783626738,0.21363742389951257,0.20818390695002165,0.23768680561395672,0.21127303562470895,0.10034083244033266,0.04412338991708034,0.20496146924884248,0.22017028637473052,0.2715736965095016,0.022905111723960418,-0.011176727048301811,0.19317536541461025,0.13836785926078854,0.10939949744314165
AAGTCTGTCCAAATGC-1,0.02043149898230474,0.2286358368280731,0.035715127368610086,0.10651163059889203,0.08998337994788308,0.07159054216320224,0.10369030181873422,0.2172146145969576,0.1189764634451833,0.4131099720787562,0.18030375601137294,0.23392747067693367,0.18596304082095289,0.21627691549855968,0.19086457497902906,0.08398607726668735,0.08467468191717703,0.12333921470725828,0.18711061321008984,0.2006750878921172,0.009621445667835515,0.001521352911570112,0.23644578185807816,0.1779295477669292,0.1305172019494084
AACTGGTGTTGTGGCC-1,0.1562614898846314,0.24988015150007736,0.506055197063019,0.30346046193756415,0.02790436626208749,0.02336445792528409,0.050891596505973316,0.047653523573969216,0.03261048388545892,0.1564953942773729,0.0192493679271527,0.03939643344328006,0.01894733477596589,0.025363030825120782,0.007652622932549544,0.4288687146458843,0.13172427251720373,0.052234355019382825,0.05442964733786535,0.05211626877903906,0.047114983731227945,0.2555003469908314,0.3880207135619747,0.392175916448839,0.21791688612051827
ATCCGAAAGTTAGGTA-1,0.11147111431071013,0.10816019220320881,0.1121500139555025,0.16350588334712385,-0.009641740903824254,-0.005554410542253822,0.07098455139572686,0.06824335932146298,0.11885433075485143,0.08393392600573771,0.007982618185557401,0.01205140832712056,0.09129494910553891,0.08045042649367233,0.010696023312839904,0.10834218134777006,0.11964443124244394,0.08039354920294736,0.12630774471845427,0.0894669068483273,0.12799282997545447,0.12179505608992917,0.13864461630759184,0.11785938346673318,0.1268808333130292
CGTGTCTCAAGAGTCG-1,0.15595584110235275,0.2505577409479306,0.40116953527236426,0.4355065878922923,0.044970142298319166,0.04695981364098423,0.03971208120165632,0.04372921662344258,0.051829478657234335,0.17487758550020646,0.025371295660947406,0.037898989642225184,0.02762939975764175,0.040578377008762365,0.02520512750991465,0.14475359788877742,0.16365957237305823,0.08450780926853219,0.05658158983026392,0.065511516538023,0.065764731605798,0.314541900389738,0.4270390684056906,0.46499049415729893,0.236496583881321
CGCCAAGCAGGGATTG-1,0.09055039427444483,0.23801812414654813,0.08835292539704753,0.1785423160205049,0.10410760732949884,0.07316646305283148,0.10284268537085973,0.2186389918912346,0.13469987660613608,0.3372286774572125,0.1926059593753656,0.20318702131828295,0.17034149909627425,0.19645521354853113,0.18115244618158888,0.16873380492175047,0.08993494697134045,0.202865989743271,0.25900911696044726,0.27353107857064757,0.020071387232724537,0.4027268435449012,0.2889224492321021,0.21803935545575864,0.1367582306155216
CTACGTCAGATCGATA-1,0.14904160440158065,0.2601463776055431,0.3017152795431409,0.40026476970874897,0.05650115905205445,0.0435130183364864,0.05093165793965717,0.040315102378574816,0.07220254730139837,0.19931855385015626,0.021298951118834165,0.03489362030997553,0.025326998673672402,0.021296421202816867,0.01363944667532699,0.2511693233594293,0.1527571793628454,0.05608876256535608,0.05130080698509056,0.08028651325718578,0.058468584276518104,0.31624287097677767,0.3795508119499561,-0.021953426691249778,0.20930170198006076
ACGCCAGCAATACGCT-1,0.06225389736471225,0.20639550642854182,0.03951002408039321,0.07961679501729993,0.1846115655867775,0.14362746983121638,0.13543643634221847,0.11689515929432107,0.14957260691133384,0.23731854924181986,0.07540787350023191,0.07645111743085817,0.11032661883405052,0.08559258889813967,0.07029255255104504,0.08154254153910247,0.1186516606848138,0.05420416546299689,0.034035109478030144,0.060155741724480724,0.045296388255651805,0.2941821009236059,0.19387337383051703,0.15052002048184474,0.06254676862324023
AAATGCCCACTTACGA-1,0.07844040869941234,0.19706083781787065,0.06041320843610703,0.11734492940354273,0.11757885101447531,0.06756139358007106,0.06414172452333808,0.17666429575217837,0.0786120267740982,0.22647865066242168,0.2154689961037123,0.21781153602659895,0.15561433854793005,0.20343934451739257,0.19541771015476753,0.10985833488876538,0.09389785535327316,0.2569081431643883,0.5002082425437623,0.41771184843909903,0.03316168085869567,0.23561959780818748,0.16999291403106784,0.1314920540187986,0.11411663800214794
GGCGTGTTCTGCGTAA-2,0.14885173610903835,0.28925813509033926,0.1870527861160718,0.17216843944646668,0.05500487645859173,0.017323919593609037,0.040336835480812815,0.030323145224859308,0.03406204308722895,0.1413579744256163,0.02082052801914645,0.005094271376903074,0.02820465931466849,0.01848488516749794,0.010134729536127459,0.19988721110509522,0.16513279870200795,0.05761378483137975,0.054554231829331,0.04945737572794128,0.12036076571704166,0.25533436806549475,0.3247080204388445,0.27805799726633845,0.4518429664449434
TGGTTCCCAGGCGATA-1,0.02944977458515868,0.11489957313563634,0.03214396051829438,0.07701170281845053,0.06202370968638241,0.06945328443792498,0.09999244706071331,0.17612161806216053,0.09251111814501767,0.3328713843961726,0.21430159760750306,0.19355309699703258,0.13125022245033907,0.16860831023456666,0.16012373298746918,0.06837301769440761,0.06918737276811043,0.32159850449838145,0.35077688672223983,0.4327732932068647,0.008332243856278215,0.1852042978605705,0.13194035298417223,0.10893453887976672,0.11302988433601156
ACGATACCACGCTTTC-1,0.5493849906956398,0.057117516979579175,0.12260399980248433,0.15914348772681775,0.055936077326513164,0.004921619318105431,0.03804936075516765,0.03710908597962132,0.06183966262248799,0.16953206661083242,0.009348076120868621,0.02807725307288464,0.04657925834284375,0.01399016764580945,0.014878088161256945,0.16232503941761964,0.18790708878043993,0.040464863745722286,0.025379231352621396,0.048765873220976266,0.10477859950687356,0.2394591731224244,0.22670542401467203,0.23185922092711495,0.14797816462282593
AAGGCAGAGACTAGGC-1,0.04553183435800144,0.2013046516400778,0.07858694756273693,0.14614186313055483,0.12489386618037518,0.09903607011833836,0.12959722332072812,0.24350991610529096,0.12452046712582149,0.36428799942825,0.20781000604222766,0.24506468199751805,0.20994647582809814,0.2546768276201739,0.1955792557867151,0.14364988054214797,0.10880098937710808,0.23684208118917946,0.27884307888616516,0.31062081841328054,0.018914646449080703,0.3118895180388112,0.20810634907425585,0.17593216725292818,0.11595652654640953
AAAGTAGAGGCACATG-1,0.1294633369223238,0.23398369321791881,0.3977772192236447,0.37446563753727075,0.06253717981433547,0.03205854434786773,0.048125116502240696,0.042514373311013216,0.05928419015265756,0.17293094206462223,0.017585761703973933,0.02825799614441469,0.02704940765156045,0.022753998352577215,0.00716132046521895,0.4210455055277635,0.13860623940213412,0.06922752823262807,0.03369216054506528,0.06408869917029156,0.03692995842266361,0.2692108519835902,0.4027858411443002,0.47939737277870426,0.21534956316213905
AACTCAGGTCGCTTCT-1,0.063537856994786,0.1845079588783373,0.0403176716209598,0.11240409969006325,0.10295715270958948,0.07263385644209336,0.1099392549778882,0.21527295881871528,0.11350555507948758,0.2891674137709462,0.19383006431357255,0.24068978280129363,0.16627278958971511,0.20560975763690958,0.19794118153280285,0.098759087903803,0.12317562411961346,0.12725539895353505,0.1834165217521578,0.22905462955372374,0.022952699976977926,0.09728609150746938,0.22117593618198342,0.16543471565857762,0.10860189572736959
ACACCAATCGAATCCA-2,0.04538520994083317,0.14386853010168194,0.01774140516390443,0.08106288633571775,0.17252170337614808,0.11805372115785459,0.15291289948961426,0.1171306582435645,0.11746334985983055,0.15174438316573036,0.07439126060296287,0.0734880792718072,0.1652607685274869,0.08453248409571362,0.09591081872263099,0.06748955133178443,0.09731650983175175,0.06114571997136416,0.06380374124149456,0.05918407110628024,0.009494504744078454,0.008394942671725952,0.1854810623296092,0.13437194434793426,0.08429062766394331
ATTACTCAGTTACGGG-1,0.20206355375183555,-0.14859037990632123,0.06334108817313326,0.10145001968978731,0.13424623517035794,0.08490742901539297,0.09462832916968576,0.046805743765719006,0.13428844465096035,0.14223759663405997,0.03556883041376241,0.013565003627939503,0.0568430715470001,0.031109310991379813,0.03264190375129511,0.10790387149105057,0.48900805055529584,0.03449432841443658,0.006472979564402762,0.03517355916624729,0.5902457435922775,0.19817816871563743,0.21515898247236626,0.16308638129094172,0.19944294825181044
CCCAGTTCACTGTGTA-1,0.008140690503204276,0.1191264913591226,0.044750851573719296,0.09063291324622781,0.07751712159169452,0.051730465287553665,0.0446405269041862,0.14442164154456796,0.05979256710111465,0.2902040692776663,0.21687729187231392,0.19289480518673602,0.11612130330020243,0.17951277507359953,0.19336300128216646,0.10758625169544875,0.08447629214782683,0.5174215493785027,0.4152428648277122,0.40054161620015455,-0.0030747568691766613,0.19413697247837133,0.1262755828403354,0.1097843575421524,0.07912085690776417
AACGTTGTCAGCTCTC-1,0.04577789411222925,0.23092141763817528,0.06861477928101539,0.12108101925370279,0.17328902238230062,0.13548848851228976,0.20083122009001766,0.2309378071163626,0.16711570469622086,0.31450402822850393,0.16847932046731237,0.19188339917058028,0.2159454782212447,0.19615217066243149,0.19884886364037754,0.098678463727128,0.09238253141675518,0.10934582759722138,0.12200461299779354,0.17260465239358871,0.018507091966500824,0.36851109766381934,0.21964786490410879,0.15508835327760487,0.11428605130164383
ACACCCTGTGCCTGTG-1,0.07362218677895362,0.22094025297462289,0.05906790198594958,0.1275521879024371,0.09267885652034263,0.10279919714179987,0.175842355212482,0.26111339232293246,0.1410641185871767,0.45228562008765333,0.19697876239346018,0.2351235965458528,0.21912520114617062,0.23781106514978162,0.23940428072957348,0.11687504268396978,0.07373558757446505,0.17172650873001313,0.2117579486232664,0.2531499846926187,-0.011047248208402272,-0.01152351163497796,0.19106943432153461,0.14973352849149443,0.09376947760913087
CTCACACGTCGATTGT-1,0.16179159103866703,0.2874743700966285,0.3393010693005872,0.3622911239783879,0.042446606537332336,0.027174954292745072,0.022397075680095174,0.040690808246094785,0.0500354833320886,0.17169076145110754,0.003431233931760315,0.022367615513268546,0.011999462392937463,0.02370316891885864,0.0022881274516798468,0.37626346772607067,0.15336179128632213,0.05319837937995406,0.052829915415877365,0.05436586642164862,0.0641788024033504,0.2968317478610609,-0.016116661118229746,0.4895136340784497,0.2526142311126907
AACTCAGGTACCGAGA-1,0.0873536057696718,0.281195337242104,0.08342466188236765,0.14053814728801228,0.17074732220258293,0.10144921674704194,0.17768848819719538,0.1530171268542697,0.17051189360507585,0.31089868069006793,0.11623266945316642,0.10719097380989669,0.1372738511774687,0.11145798624257083,0.11442151262853961,0.14060955696530203,0.16554964818744322,0.10072653586213769,0.08346558211914469,0.12065896659684504,0.0649430480938031,0.41848359390436485,0.27182597809955966,0.18311570266393723,0.13743068880160367
ACACCGGTCGGAGCAA-1,0.051894872621567875,0.18849954688998352,0.028508705334332734,0.13043439246556227,0.07964740393016824,0.08442246409437151,0.16017341043999916,0.2683863193868721,0.12772577108507652,0.3653078272304516,0.18209407734885796,0.20777847986966155,0.20287145180469868,0.20929953798146153,0.20299396065415323,0.1078150557992217,0.08437968943707352,0.14062501856326684,0.20238680268686055,0.22896196176807576,-0.0013681457507585537,-0.03281008892516183,0.21468307973933046,0.13244663802618264,0.10828934461824018
CGCTATCAGATCACGG-1,0.1895160871735933,0.2474510200797066,0.351910034080258,0.28577889176048404,0.029970025910246008,0.041493842872017496,0.04959441986231096,0.05406782546898848,0.07258982193218572,0.2000423008213591,0.04237383995265744,0.034046120178065874,0.03959740411180865,0.04406392640105834,0.02871456344627045,-0.18741917896720334,0.13924649960405078,0.07684620211437294,0.06471884511493078,0.09910083597450468,0.056617173828954225,0.3202570256386169,0.4147679773783956,0.4543417142197579,0.21763942949227244
AGAGCTTGTCGCGAAA-1,0.03643835496127595,0.20643742793910216,0.03796950949944866,0.10048832557081497,0.11620243061418904,0.10057144359192348,0.13984232310240804,0.24523967734638105,0.13670914429374784,0.5037225355953313,0.2360141055493945,0.23871838758854852,0.2126198591455553,0.23854964675877305,0.19799127565648683,0.10675170993793102,0.09543902716326098,0.22943830001925114,0.2553702165912126,0.2704702304001642,-0.012043452965872116,-0.13569632169853912,0.19418544649922803,0.12274713297476916,0.09128138023753517
AACTCCCGTGGCGAAT-1,0.050449505448499014,0.1588507203719993,0.0811767543484116,0.1373735948207557,0.08822685098771808,0.07116859894648983,0.06799913356371144,0.20599027582619409,0.08394486795479864,0.27428690114823046,0.18262584175538157,0.2138051010192055,0.13780917728395395,0.18784500574700003,0.17953640355753528,0.11296023742174285,0.10886877329711589,0.29665414797989925,0.24555510817081475,0.22411769704006704,0.0228700152449512,0.15292446020811784,0.19166813849429892,0.14769540956547422,0.09588188457728314
AGTCTTTTCTCGGACG-1,0.17283475102706614,0.22136985560076053,0.3140070456043229,0.2120781217774251,0.05763053993236008,0.04998091921940329,0.05203578723721745,0.07110704792918325,0.05437662745316638,0.2044104688955505,0.03703976740747796,0.04147770048756887,0.040362761232239905,0.0528027633660106,0.027526101036264714,-0.09670758302980971,0.1502139820754612,0.08724923157590528,0.07561506590224897,0.10615289780126054,0.058389735973853316,0.29206080400201445,0.35242629060233915,0.41352519054269843,0.1945791963455822
AATCCAGCAAAGTGCG-2,0.046826133880944955,0.18603162378273952,0.03805254576750108,0.10103429167150199,0.20101769239029985,0.1204575525291172,0.21150505495508276,0.14854392313343706,0.19716602053201068,0.2810209802241743,0.1233652766334703,0.11580258141815411,0.15681587679731546,0.11382542980318969,0.1015006735868266,0.0990903818383781,0.15217130936175777,0.06653966864733862,0.06120032380072138,0.10654685036172204,0.046552817574576105,0.35321894588083774,0.1939415341793924,0.1503596068440205,0.09881252127841667
ACACCAATCAGAGGTG-1,0.10894178313900581,0.10002114905398606,0.08139119919910512,0.06356184593486178,0.008482370042863735,0.012260259601828267,0.009371893319185032,-0.007535693056487364,-0.0022458062743573324,0.07953069690577916,-0.019172686534249583,-0.016718524656143943,-0.004291952141493815,0.005672398216777764,-0.005607030513177159,0.0449559924414236,0.05578301058891466,0.0015434168408756004,0.0020268357444844,0.007444851044549683,0.02595074952929199,0.12050817852740844,0.035118625924249754,0.05946577857711703,0.12278649946415957
CATCAGAAGTCTCAAC-1,0.08191994155700114,0.2175920113516858,0.06817277786293621,0.14591983819915041,0.1040385925571995,0.05543967523567525,0.09929732309739202,0.24989091917902478,0.13299228438080313,0.47368053431772666,0.21134168604694387,0.23963039577903028,0.18509749781732293,0.22366701331298558,0.18844615345959512,0.12236971344390903,0.09022831768432373,0.25073963408104605,0.5150135194510815,0.5750085588888032,0.04164559774675166,0.2409753196602065,0.21287222975220219,0.1851135291513032,0.11501459945523757
AACGTTGTCCAAAGTC-1,0.040241220724181834,0.2042179293038665,0.049807623260321905,0.10167229521622015,0.09331000155343595,0.0872866221857859,0.138151610395149,0.19479540311714522,0.12278914412568692,0.3758954821474978,0.16571917953514329,0.22645055323127672,0.17326629778422023,0.20162242703525535,0.17611174253600212,0.10744739801082814,0.06787745859880648,0.14810873939766442,0.19525197243821923,0.21657607333440598,-0.010512577064993691,-0.061657557098713275,0.2016468695229328,0.15838110632838376,0.07296288000193854
CACCTTGCAGACTCGC-1,0.05580150600741765,0.21108804781224658,0.06851879710921445,0.09754638820968403,0.11464470423286599,0.09155415733262467,0.11737452783812564,0.10405528051048621,0.16299394263118794,0.22436316930848008,0.07192829885942623,0.08989868070364822,0.08647043618870233,0.07333084538223744,0.08241950414808044,0.10641208517927893,0.12312775761932558,0.029101895576953245,0.03976685387494096,0.06961756791596253,0.03461256528374539,0.2824642787932619,0.17993165054409535,0.13733278498936277,0.07916754689506751
AAAGCAAAGCTAGTCT-1,0.027184317032454764,0.1353586004427638,0.03503306494784406,0.06971608938048462,0.1676719211075036,0.14264291170328017,0.15226662557489576,0.19733753501965154,0.15711778159049897,0.3167792417054145,0.14700665026043108,0.161169510507168,0.49337142423617764,0.20330157773874213,0.18749574365309382,0.06687522119763273,0.11891492351667238,0.13809402803118065,0.11388026425320981,0.17559391537278926,0.0071535456997748334,0.3116406554749298,0.17996624671956377,0.10867784124465651,0.06093909902985995
ACTGTCCTCGAATGCT-1,0.021959408420180432,0.16020928326216993,0.012740106280659943,0.09391161973428169,0.10114542235304348,0.09608349562493154,0.13338728148433576,0.2272149489849056,0.11930218190492253,0.36487310187061844,0.18589132798106536,0.22949877311923753,0.20473991564517163,0.25655845711079034,0.24166123689658797,0.09096271406654874,0.07745542430619576,0.19869225442256805,0.22171320698091598,0.2296923256521789,-0.022528248411933956,0.3044474572636645,0.17792794430295844,0.1301560703991996,0.0788718003755934
AAGACCTCATTTCACT-1,0.03505863630371804,0.14346416553231195,0.028285995150326412,0.10029335484683335,0.1437980610080934,0.09590854501994094,0.15063170375044405,0.2390396274238957,0.1455284683104306,0.4229573027112135,0.16241307853388318,0.2133282024042338,0.21804554385007463,0.2371541187926856,0.19109330021502371,0.09198802017106843,0.07727267313571752,0.15456380018295132,0.17684553860800006,0.20322882815625457,0.003206642983582193,-0.03757896228891215,0.16913344290282128,0.11492844905366405,0.05013271422338376
AGTCTTTGTACAGCAG-1,0.01994023932269369,0.13706472904567862,0.03000045444716883,0.09278156652807736,0.1366102086841556,0.12289790691595034,0.210663298521104,0.296751320975076,0.15978664547514107,0.34554367853304835,0.16748287290364877,0.19998311401131447,0.19273746777652795,0.18402339463276585,0.16522781958241092,0.07988667838094286,0.08329795027087598,0.14144175902750847,0.1465855336887693,0.19798818694835743,0.006964536171642613,0.20893293089319515,0.13288178832684291,0.11751781809115128,0.07397421476765736
AGTGAGGCAAGTCATC-1,0.15649654551019598,0.758709224714819,0.11096751150525981,0.1729892412141482,0.12376291350247848,0.05877385450055141,0.10295047017899688,0.16155305431187905,0.1404254223250797,0.31541667843530147,0.12641493813227536,0.1475402691235469,0.12623819337389972,0.13883307692025937,0.11398665352351939,0.16520555901744452,0.19313547622335805,0.1381067891191376,0.1622333418322322,0.1892427111948634,0.09311858553378909,0.05650334490337885,0.33636258038159167,0.2557123653618469,0.20283166303757932
GTGTTAGCATATGGTC-1,0.018994270288030073,0.11927688674693272,0.036980245815731526,0.072534372683907,0.05890295843877796,0.047288283098998456,0.06187538222639094,0.1720926707027542,0.052786701221108547,0.3969966337636825,0.4347234912277731,0.1650803518606224,0.11667840969386463,0.17581265895960618,0.17784966071424654,0.07368005737061958,0.049831376741112474,0.3653494172447999,0.45957385146767227,0.4177982359831215,-0.005431639902926292,0.23552484469481821,0.16571572115579808,0.11107566569565834,0.08353901428141111
AACCGCGGTGGTTTCA-1,0.047934070821559954,0.1542353922546994,0.05327727714468621,0.054559853641573196,0.42287249187720577,0.16242033601074043,0.33322074658815215,0.17386338391532513,0.2038939026669943,0.3511322437280039,0.12339328489915007,0.11414705533618326,0.1989809624152978,0.14661051995289684,0.11862842662921169,0.06013678940589975,0.08700726753913703,0.08976400707196487,0.08188428526143908,0.12960163759778995,0.030247164662907725,0.3345759580081476,0.16122704334154725,0.11017471598240022,0.08645192766879925
ACGGGTCGTCGAACAG-1,0.03479876807029412,0.16251300989155554,0.04417587625037043,0.11407299253191026,0.05425981891302361,0.020476474672659277,0.027035818914707188,0.166405551837877,0.039810523333503475,0.3499569420010441,0.17253898614531704,0.15622948809549034,0.13201018588360589,0.1718848003473811,0.16316398414694816,0.10708078483183282,0.08153390817326324,0.19917102178086862,0.2397621182519874,0.48262590655299187,-0.0007826700489524322,0.09421501876571989,0.2085464801268439,0.15627781905534965,0.11255327612024921
ACCTTTAGTGATAAGT-1,0.07816431308983507,0.1918556908985029,0.04073184513768417,0.0762128009314403,0.1565334143743107,0.12612421877054833,0.20136933824673636,0.14482823547216353,0.14785488074819284,0.24274751571043135,0.13446221659869267,0.09949298104316352,0.14653672379623503,0.12764315268317936,0.14095915120702213,0.07379628768574864,0.10718916179965353,0.09353956303207171,0.1054980672435339,0.12100305045037912,-0.008897486053907961,0.3011665836241023,0.19326262439446348,0.1492176144331015,0.08629084665313996
CGGACGTGTAGCTAAA-1,0.08393501364452402,0.16033378795462305,0.06546573616280196,0.15199513612812013,0.1218655135962008,0.09329899029676791,0.09521281000780862,0.1993003401815025,0.11964618435214758,0.25384151873857247,0.2254893323713601,0.18134771654454046,0.17517137416370188,0.18813426451630705,0.17029155331977697,0.12348653485152386,0.09236334032404495,0.3361524024332857,0.36245825132141574,0.34603131110967333,0.025537807312881435,0.2644012673162974,0.17105728392610056,0.12664650246377557,0.09201421508790449
ACTGAGTCAATAACGA-1,0.018279680558453464,0.14911219454019253,0.02981776638469728,0.08289117332050247,0.6331510366809712,0.13073633401000925,0.1778636336761466,0.10226985482514875,0.18355433599841392,0.3355543796592518,0.09382415137321114,0.07065778511724499,0.10954211635155109,0.07331141301572403,0.06593924995645722,0.058469335095058236,0.1179729024560327,0.06032939921646083,0.045391843720914454,0.07539416066380812,0.03651821089709761,0.28508498558023365,0.18559516852169558,0.12922776016689005,0.11103357376701817
CACACAAAGGCCCTTG-1,0.3306797409048987,0.2194722161120176,0.0839132432832523,0.12601879897304574,0.05345748415177902,0.0032744948153699983,0.04487506868054991,0.04166429626437614,0.06906819230196137,0.15485958488678417,0.01536920075760527,0.034530295222440194,0.05344266937169004,0.021262009200278896,0.02226277442607355,0.1365706086784945,0.2506408487544577,0.03027641696957133,0.015169989523866933,0.038268605134589705,0.13861885916591318,0.20366570713911755,0.2428489117738539,0.18259071836953125,0.12085009145547526
AGGTCCGGTCCGTGAC-1,0.04172262399201339,0.16375060874089403,0.03340755526264734,0.05932243182657185,0.22919827029065093,0.1492871492407703,0.18330599819139046,0.1165704843779936,0.21279674582349564,0.12411507005324755,0.11473205494123824,0.11603730578745754,0.16632105882587095,0.13815787312367736,0.12953650592503899,0.05572490079856411,0.13648218574181153,0.09079517444895067,0.0850344392694702,0.1045912480326016,0.037813976897426806,-0.017032042365784587,0.17254386476384506,0.11486702003073845,0.0820541027901465
ATCCGAAGTAGATTAG-1,0.3898032855640308,0.1253106435696152,0.07315224089449793,0.09389349500855934,0.07284101151308911,0.02129392895214091,0.037673594357879994,0.01621090593040226,0.06029582827577331,0.12023220308725291,0.015507305460934838,-0.022742389926688065,0.014430491062422305,0.002301983902246303,-0.005281258892713985,0.10397453911515074,0.3872589568513774,0.013683865263555127,0.007102414194547509,0.008163059747909474,0.48997119938174916,0.18241000811383237,0.17171520506852533,0.16600016388563468,0.16461084899268175
CTAAGACTCACCGGGT-1,0.07103092812631655,0.3345017109596228,0.0392052799983095,0.09306988239362167,0.15612973253112863,0.10238295600835372,0.15745318770455088,0.13292654975224716,0.17219815629365023,0.3319139454424128,0.08888296133520401,0.08986505569489746,0.1324036231236227,0.09523988384986543,0.09021116776535086,0.10305363485546983,0.16328436074205613,0.0623439822916097,0.057249639660382774,0.10468538656407904,0.034133675171286924,0.44243324798277267,0.28247922582969076,0.18496764029546708,0.13170232062652115
CATATTCAGATCCCGC-2,0.18075143709961855,0.25749608543173147,0.1621261001808347,0.16631169018717384,0.06701474746854008,0.027396383686817852,0.02579782110756095,0.027125674768752914,0.016702960744723036,0.1306715219554972,0.0455362923294267,0.014180808910253211,-0.01980781112532749,0.031208666224159156,0.021330206573726418,0.1976570982944152,0.16321907804143093,0.07942307042167258,0.08399094554622019,0.07823511635560117,0.114698922436552,0.21131495734704295,0.3276219294824488,0.2688894446783198,0.4953750018310049
ACGGGCTCACAGGAGT-1,0.03211366194124082,0.19079562029414343,0.02435216192953929,0.06504012740751584,0.22590847871875838,0.1558755238151245,0.17707288200498103,0.11962265200330835,0.1918221215726727,0.25242459546302615,0.10074013653927678,0.09363472431154346,0.16090846743420686,0.13153333616552157,0.1165158132341258,0.05826184378464829,0.09231612749267248,0.08673743453908211,0.07237438588058813,0.0893450870936026,0.05115648310818389,0.3119810888079666,0.2193802882817321,0.14160719922158446,0.07120365486659644
AGTGTCAGTTCCACTC-1,0.07269451245817095,0.25415242398135063,0.08942231384139898,0.16947925792249488,0.172339057679898,0.11752811317320362,0.1652631411142676,0.21959792984616866,0.16422757370327629,0.428119188675892,0.19224701441019648,0.1928732687417663,0.19650290195754916,0.19417601497987924,0.17205079729630343,0.14074592074173517,0.12065855836421498,0.1739862767558697,0.22021603342082122,0.2337684607259005,0.027467632690663123,-0.0003899393957481522,0.26146917849136264,0.206696395542723,0.13304986976714875
ATTTCTGGTCTAGGTT-1,0.4573223379094672,0.1635692844884261,0.07730038662771045,0.10645546540487368,0.04655663560016516,0.04698881933839254,0.03867965069259491,0.007687687682766733,0.0412048216691037,0.07744164781951855,0.017210809233054673,0.002640950901438382,0.0020615694137292523,0.0003131919029782925,0.0009294614184289752,0.1279093029339047,0.49900226171601886,0.005542373525811803,0.00644750509455046,-0.007743388864822712,0.5810943146285951,0.16444380112926815,0.1796682643013882,0.16429534025839967,0.1436944633839154
GTATTCTGTCACACGC-1,0.05671133827889971,0.13575289572408986,0.03491550374407401,0.07315961353152448,0.13616583433997118,0.1220146840436427,0.12757364748841027,0.2089991366513056,0.18785439907778342,0.2283381680665583,0.15073597251646964,0.16372744344055018,0.16075427973541037,0.16442580707261845,0.13048938283421027,0.06279165454032005,0.11011853491166969,0.1217730907043345,0.137686092711628,0.16964139015846402,0.04128796808089978,0.09619418962970844,0.16273269988334843,0.09218234005457024,0.08315209211047755
AGGTCCGTCTCGTTTA-3,0.12821059525587827,0.48690310736204623,0.09819270816012468,0.11712091446060945,0.08079137205724468,0.016019286963667466,0.048177490099996945,0.04442664911012172,0.10900470741724894,0.19439496104439494,0.01878999052950833,0.012827886262333391,0.029499485729561965,0.007587573798551262,0.009077283131352103,0.13378120714909428,0.2038587871914938,0.02334069860708209,0.002807725318856859,0.03912866229816754,0.07704173752695151,0.33476526633393666,0.32346747280792565,0.23489729523985778,0.20189321263995988
AAAGCAACAGCCAGAA-1,0.048794091042592774,0.1763639643731533,0.061815997239226116,0.11059684893826978,0.05438564965634177,0.07150820784835515,0.10714362948984095,0.20502587441704348,0.0919024189785321,0.27396744703744275,0.17503712110889214,0.23823477286895572,0.16259999250700338,0.20291668983806396,0.17729070022248775,0.09196258262287205,0.0873615789766485,0.22417865142962087,0.26549731290580175,0.5009354835180873,-0.010855342336908488,0.2731912557214063,0.17678789127064198,0.1575430113678599,0.09926103954996172
ACGCAGCGTCTCTTAT-4,0.15004765207591741,0.4946840541067624,0.12311941494273243,0.16678660361881337,0.033936943579608914,-0.003061318649794047,0.034242685793881976,0.024319749673967155,0.07304576778112783,0.21848159511721066,0.002082888255458273,-0.003277127962071747,-0.004764327467383644,-0.008134439068262925,0.007851965973222803,0.16651345532916542,0.15408054900940518,0.02587658206479801,0.014568915199404972,0.024338431794188164,0.07091652051025804,0.3367260808172169,0.349319712834667,0.26766149710700443,0.22834550783164945
ATGTGTGGTTACGGAG-1,0.18527341492352356,0.21727108816598656,0.3746714092020538,0.2593806475250449,0.04614510056221508,0.05584954325276032,0.03944990593878373,0.0554118552656615,0.08212398315507718,0.1804753466175967,0.026189693282601168,0.02920822155939631,0.037180583954820504,0.03365185594760427,0.015195992377516865,-0.13970544530989468,0.18267206620724835,0.08341003888959429,0.08603683322846979,0.08871684154767555,0.1080983416534826,0.28330677949990607,0.3824178762758207,0.4587801125801044,0.21773769406552998
CGGTTAATCGTCGTTC-1,0.010390723074666364,0.17301320546940743,0.023709023498175812,0.12866657490089897,0.021919630344710988,0.26135199122402314,0.023134956198246025,-0.007850831901033114,-0.0065947810529214165,0.03127086475472986,0.017594962429187955,-0.0069295801635664645,0.021942851802023097,0.020385579648927097,0.020817781601480664,0.12751270253111105,0.031151389577888742,-0.008228188325573794,-0.008041648393597587,0.013839249634688768,0.16536249827041746,0.19600770596852257,0.16453892161808978,0.13901587662261147,-0.002683585555359336
ACATCAGGTGGCTCCA-1,0.052615877606879594,0.18674644447223912,0.032115871563537415,0.11169025826030406,0.090180841728949,0.12764803622299056,0.09521980645589993,0.2071924181023376,0.1198039867217284,0.2993585023410055,0.19307610309698806,0.17841009071571542,0.17436359412613778,0.1943638645789,0.21617131641311774,0.07911418525142723,0.08113960512459856,0.19241728820377393,0.17194370902020734,0.19855896231797612,0.01267995201516292,0.13323842221205087,0.21539822859783325,0.1518298200996058,0.10973977975340539
CGTAGCGGTCTGATTG-1,0.17686868484842164,0.24242735683958477,0.3416760957074575,0.4297965900881272,0.03517451315544005,0.04160153312890892,0.05364802076108995,0.055835940514184376,0.08446400655604604,0.20889513389934355,0.016368550109053064,0.03800981435150182,0.03522358925314838,0.04023639978017992,0.017922973296981403,0.3684423003437837,0.1670046695377735,0.05971881404174521,0.06793649518696733,0.09214193633458533,0.07265680053256787,0.28650990698409123,0.4084785493341348,0.03475439501214224,0.21885746612340756
GATCGCGCAGTTAACC-1,0.191926461827073,0.3476884936462694,0.24195496436762884,0.3232100622207968,0.05315934510997859,0.02855856925154481,0.07402738106963046,0.020713837878898515,0.052112933299921914,0.1969848388610366,0.012737051672557738,0.005974988702286517,0.01350231098879249,0.017610315706123363,0.01130756504843445,0.2999073328772838,0.19304583078573107,0.053027622701205056,0.026243059524674612,0.043600572598237554,0.08570385724685985,0.37707432081185377,0.5699130169138821,0.446583141704224,0.25012229264154867
ACGCCAGAGAGTTGGC-1,0.06553351347524476,0.1938127946346657,0.06367406254249353,0.15497991220347385,0.17527092108999662,0.11748054006410265,0.1678119024302094,0.20818817014091495,0.14324771796730038,0.46365946622809245,0.1858297564177513,0.18431405708546825,0.2011903456188215,0.18476716631837822,0.1726998478972745,0.13730456375686337,0.14245380578769232,0.213660785366401,0.2253111007313079,0.23141573975153765,0.03558393000051156,-0.1572652786255396,0.27163341382202233,0.18857029521790217,0.1228942496504941
ACGGGCTAGGACGAAA-1,0.05154950099812428,0.16358882050400944,0.03660869712631471,0.04755287645194276,0.20964505962163166,0.1368193682836425,0.16593716103985937,0.08017754356941297,0.1597914991293726,0.12905165304415384,0.07936308118801037,0.04341239402239015,0.09514342710590842,0.0490248537818682,0.06084583191616026,0.04473213883541017,0.09608682899655338,0.055915360245805026,0.03916722589471775,0.06352006197822999,0.03961227675107308,0.1469175856617245,0.1753345914176587,0.1263923925892295,0.05756782837770312
AAAGCAATCTGATACG-1,0.06629887215561286,0.13656347256331136,0.05421001485043156,0.14484613456351728,0.10524086336932263,0.039918461672344724,0.050256468093294884,0.20285846497975232,0.0745531103257946,0.3338800787935819,0.18343486842224443,0.22554986540167396,0.14939054542862365,0.20952153963694278,0.17405264949469823,0.13754228106625,0.08588358397885822,0.192909951154766,0.4024875375901973,0.4205177370206249,-0.009212924737386927,0.2241903612363109,0.16303075940830927,0.1332279219912971,0.09026704186389717
ATGGGAGAGCTGAACG-1,0.18433611344167108,0.2619416770429749,0.3733028193793764,0.43212437095257894,0.04501193209387433,0.03819838957135623,0.0569495150345094,0.06156411973159565,0.08157144736085171,0.1762416274898124,0.041345703158860506,0.055917456248058696,0.035051691188734385,0.022761935397662192,0.01379176791985714,0.26349987100157374,0.12608004634482553,0.09802805412327376,0.05902089623498966,0.06367189873469001,0.06570893356643472,0.2970165165180133,0.4050650388338795,0.35007757032550996,0.2265909699013872
AACCGCGAGAGTCGGT-1,0.06466962161495944,0.19521337086417442,0.059665764402711756,0.1332307250223619,0.12477445905332964,0.05545810112796504,0.10120284508539554,0.1610885975274844,0.08378789309956534,0.5008185681336256,0.20264902153476377,0.18967985110481222,0.13685250976127666,0.18522521310854312,0.16012967454156318,0.12296145920820685,0.10773106559552927,0.27204982527277327,0.2439183608732943,0.27732414633792923,0.03313374083720402,-0.17048732361962943,0.2134230509693574,0.15456222750591306,0.1324298563151232
ACATGGTAGGCACATG-1,0.028525912132564047,0.20071643279392054,0.039043489390178175,0.07430687498583524,0.1533917905131739,0.09011209527512132,0.1875652236546378,0.1147314942181604,0.1138707357791873,0.22583057695525355,0.11182836774714836,0.08664712651862737,0.1233530224680902,0.0974790510747523,0.09070504036062131,0.08033927328338822,0.07757460669028998,0.07975641643267621,0.05793188528427387,0.08581606814467291,0.02178491120949182,0.2919279274875041,0.20579830102823873,0.11073485247210547,0.0733401603533419
AAAGATGGTTCCCTTG-1,0.569940444911803,0.0910851193452894,0.09881464172108924,0.15300870953468795,0.03601218951047569,0.007581421155865716,0.026041804488970328,0.04728949020126426,0.06468897434272902,0.14407796229232156,0.017503100769371185,0.0035224731366805513,0.013090921963292281,0.021653199513055152,0.012095521131467706,0.14517178033297434,0.2269207323841534,0.014822408895692741,0.01670151633571123,0.03608827504524232,0.18228709663383127,0.14713744574843068,0.18089560310416,0.17972896511169165,0.17993575562147152
GTCACGGAGCAGACTG-1,0.14796619328381755,0.2855030976404458,0.3551046797590971,0.3789437625557452,0.014503612875626293,0.04310197512979138,0.05919402299877817,0.058100714190030524,0.06172118149105021,0.20470054649582925,0.03483237842928573,0.0325425277125302,0.03897553571713069,0.0339190738321456,0.03521761364773758,0.39989272379839086,0.156258571089557,0.08396706589109042,0.06461830976592588,0.07257647407142048,0.06086277071647585,0.31444491569106353,0.452097274434952,0.5021185466406355,0.28065896485291847
AGAGCTTTCACGAAGG-1,0.030804726851166316,0.1702763905813376,0.03985840911195826,0.08608621876151919,0.09969595508101241,0.10315577444633395,0.13349767789616862,0.17965022994979285,0.10824033057289571,0.37760195818463965,0.22895319787029506,0.18203976236936645,0.1593119481375735,0.17754494264278395,0.17307795661819883,0.06822696426638067,0.07743550742405045,0.19354166233660697,0.18267602124983826,0.20372764715318523,0.008177581504252993,0.04574387891905243,0.18327816076252718,0.13104206783089406,0.06814672251733842
ACACTGAAGTCGCCGT-1,0.056765419238518376,0.1930223158513557,0.0662596129063193,0.13250818802323117,0.07083216859371486,0.005103766141851784,0.0635602625491766,0.1932306057006634,0.08824234031160978,0.3862872572115643,0.1986415708524469,0.20451237277993184,0.11573523859798703,0.18952228749881925,0.1519022362238219,0.10735986335543077,0.09255362635309834,0.24414342163450126,0.48538266428563553,0.39263312488797725,0.0029650804893097764,0.12580531094684852,0.1839052231879699,0.14346171797664903,0.10238422645500808
AACTCTTCAGATGGCA-1,0.05078109639219162,0.16555784990368377,0.05296260984712002,0.07706075766143582,0.17691627417955738,0.12914022523321367,0.1852544722560942,0.12818912685925277,0.17032794252450473,0.061121028968840044,0.11851705500191559,0.12100805163744523,0.13861879732027146,0.11172430560528473,0.12442760541110197,0.08338163065728658,0.10526890510280061,0.09327606948689565,0.08813704834367264,0.13637464681197795,0.023681680362649,0.048063739479367054,0.2075507194976095,0.13879153262951413,0.0698226427898392
ACGGGCTAGACCCACC-1,0.07586104642834322,0.21077058426989148,0.06055884150657052,0.14729015489459948,0.0782715955438652,0.05425987723186113,0.08973543803879595,0.18212707742446435,0.10144089848504777,0.44123658094652146,0.16536941211628736,0.17218534828591892,0.12300352562484526,0.17552577241245157,0.15234783014384976,0.1351082979844901,0.1395487609833782,0.2320421013331652,0.26281159017749867,0.27044662477726905,0.01934330984291117,-0.1457993574575438,0.2200413323470388,0.18377951217354307,0.14987065498253285
AAGCCGCAGGTGGGTT-1,0.04145054238067309,0.20152287532161609,0.06849243030714293,0.11217405547183865,0.2004714622460001,0.14337279492320523,0.18551060792143742,0.17576468499537456,0.17934359676865277,0.2630133958510188,0.15520208813745165,0.13756321669440877,0.1353229242231582,0.14810646844303824,0.11976547793033668,0.1091158611840811,0.08119849922369025,0.0998343226365147,0.10280697375176098,0.14943831460700718,0.01954716892296213,0.3168416769715289,0.21009213254738782,0.1679442654734184,0.08868556082167399
CATATTCTCAGGTAAA-1,0.06941763953724416,0.2194432011761925,0.06134274375137559,0.12975926268182125,0.0878933351554246,0.04898633892442976,0.1028639551968902,0.20852589231805777,0.10383229628107325,0.5241594547516532,0.17200825753760565,0.20214262606633068,0.1633475801802304,0.20094217516952784,0.17914928786770537,0.12114368149836462,0.10122466648451925,0.17266379884257022,0.22102025802033956,0.24140405705876422,0.0022058134637379006,-0.11363508272188644,0.23167873631478755,0.16939420150785636,0.10035785331780031
GCTTCCATCCGTCAAA-1,-0.008361659417358808,0.13753272425649937,0.011596530618090638,0.1134499745218064,0.13681014466076044,0.2504583445211214,0.15671351571847186,0.11677016620858219,-0.005522141441606253,0.14807919000803754,0.15217336496572031,0.1415902429764504,0.18318224433677438,0.15388199390023896,0.1097489621404671,0.11446235601663043,0.01614845479936057,0.12042796356799987,0.023579683564708156,0.1557036262643242,0.2278121553954866,0.11636133891611114,0.11037482379563586,0.11753457347440081,0.0023185267822136385
AGTTGGTTCAGCTGGC-1,0.05201324674491476,0.19155494311564616,0.028286608503473826,0.07178804136517343,0.21164259965943166,0.13483122289197913,0.14178220364944027,0.11443574293425955,0.178137638648443,0.2361919758958956,0.08852995063452726,0.0710012865062635,0.16380761003891556,0.09987673733322608,0.1106245995976376,0.06135628796716218,0.09774140866000666,0.07531222535069602,0.03646753036773028,0.07119501234369287,0.04047222675626595,0.29505352246673305,0.1950669640776593,0.12464859764849812,0.05828111548653797
AACACGTCACTATCTT-1,0.023328368276141917,0.16597344974176612,0.05452901950139137,0.12939136062980233,0.10337260925799799,0.06807144323113022,0.11831269789968281,0.24742698627508972,0.10367971592038883,0.37954791307263264,0.17907022929793368,0.23335917324956745,0.1881431424051149,0.2329498376651497,0.20073437690774432,0.09983843340880953,0.08512245968571147,0.2004077221130858,0.2271171273504336,0.26990671953428536,-0.003036070288566682,0.012765694318362586,0.2068617871548474,0.14267165820631972,0.0919949324717404
CACATAGCAGTATCTG-1,0.1564613026300623,0.2683420084786248,0.35288089894206504,0.3483771997185345,0.04519780597135153,0.022333835604454517,0.0501666017716678,0.03125020616105235,0.05342288760156374,0.21198127887824028,0.013076205418250322,0.01788055828180123,0.017231683748812655,0.006752061875957966,-0.00815409870977437,0.44215466692787603,0.15502274192998472,0.059908090916047985,0.05530901348831635,0.07430991616829374,0.04976908957537608,0.30048412510615696,0.4173042905208116,0.09330793401879307,0.23336662317055515
AACACGTGTTGTCGCG-1,0.4480552031424028,0.11978676652455941,0.09075034133572647,0.15052095195665008,0.08579817234803681,0.04424400452848184,0.04576693618670118,0.03457329645237657,0.08308748642450287,0.13893965011477571,0.004556823061277562,-0.009525570706346789,0.032522175301355996,0.018346783286521878,0.009730502996321519,0.15747747061155762,0.46641526606536876,0.012882552220867354,0.004518541470318692,0.023651594106981783,0.6034275619386623,0.17944471066322992,0.22292466670649586,0.17576545464047175,0.14370321088887555
ACTGAGTGTACTTAGC-1,0.0469125526960844,0.20943955221202293,0.05570347427135209,0.11211453136904849,0.11130226739891852,0.09669598101468689,0.1176325815888265,0.1349720155622971,0.10949136283937501,0.32397268357847187,0.17913615545559977,0.12724106312736683,0.12489781723060625,0.12755925702315704,0.14988793565325215,0.09238950645670027,0.08204366955637381,0.10934612736660361,0.111801184241147,0.12046547573550144,0.0251882033485474,0.06307114570251593,0.23018816439627413,0.18469485954500414,0.08827978056474868
ACTATCTGTTCAGGCC-1,0.13899579335819898,0.3041006201138982,0.35654556970468937,0.382670235967675,0.04164727448246613,0.03971176391504567,0.05196793838538676,0.025609467326990154,0.04831169588630488,0.20022794483426726,0.020783168273722473,0.02804739217822203,0.010717341078959747,0.030128290604597405,0.022658796381802654,0.4227694315089862,0.13262036128709925,0.05604946635495685,0.057471239990016965,0.05082488264738389,0.045351842185205354,0.3252139104837361,0.4489822489657097,0.5269720422333062,0.26067728489033043
AAGGCAGCACTTGGAT-1,0.1498519470618111,0.1554240713139552,0.5731478576066058,0.37906650718474294,0.024633104534458845,0.03768531448759482,0.06786756337190707,0.05556778003076746,0.04299159474759888,0.0994948387390782,0.018334403290749566,0.03932874365109428,0.02498920150303022,0.03483452352750927,0.022889442678888844,0.41657407579954114,0.1301632403416959,0.07402800040986102,0.06517920658441707,0.06592401177080039,0.04505841238845987,0.16396600387092217,0.3119032183093384,0.4203448441605315,0.19346378193024122
AAACCTGGTCCATGAT-1,0.05129126455863582,0.1783054925369583,0.08446095159669527,0.10129464518620734,0.1671778178236715,0.12253755088648978,0.19492647968120633,0.2049883328734734,0.18012459151850907,0.37635954611947675,0.19532594619478544,0.19020279583359298,0.22553853875918278,0.2145380455347824,0.21847497648437175,0.11522334208849017,0.11963054694492944,0.11418818744567424,0.14182915729593035,0.15996236977989156,0.009570570627520895,-0.05855749549451936,0.17166583816334977,0.14524653048940203,0.08236365036900192
CTCGTACCAGTGACAG-2,0.09306594186675572,0.2105857416325162,0.07733908695289987,0.14556959049127324,0.0466548661522677,0.048736644773429136,0.050000614945353475,0.13843295946077055,0.052748363028927624,0.31416192326932785,0.13675629406605028,0.13562960071653662,0.09766862038437171,0.1297719382596931,0.09438258566259385,0.13515125217147975,0.08281745006147766,0.18426690182901762,0.4512853181033458,0.20896031766661333,0.03967949771649507,0.15727637066498562,0.07320290602416543,0.18496597296934586,0.29311729651808605
ACTTACTTCGGAGGTA-1,0.08025016712124522,0.1651205940512663,0.08435430484520852,0.14210344419251547,0.1480460377611912,0.13520189577791558,0.15385280638609855,0.12719985146326948,0.13372922477316873,0.07084882984760241,0.12663319669981682,0.0900155146643146,0.1579186030412411,0.10517295841955032,0.09677436905412953,0.13384039800553055,0.08032920389524843,0.10876041161455519,0.122193322232589,0.1335769146549213,0.02206479889829183,0.10291920551669101,0.19224972403384114,0.15936950855673068,0.09547073905932542
AACTCAGTCAGCTCTC-1,0.0783560329573706,0.15042578466898107,0.04275662270115538,0.10842851274005497,0.09761365016202117,0.09207476744364868,0.12283609196945,0.2299367392902654,0.10788554834932612,0.40803784355379297,0.1911390548653791,0.2276754574032999,0.16082915499705955,0.22960251263826706,0.15502220875599898,0.08112863634678347,0.0945386327682609,0.1835913538175634,0.3980377852209111,0.5218729375426582,0.012762111280902733,0.1972491826687205,0.18396043801411316,0.11659650958814002,0.07660552981929529
AAGACCTAGAAACGCC-1,0.06664970262228445,0.1865090431539754,0.0305540838130029,0.10738088209412021,0.10609143966840867,0.08020271231429364,0.08925975719555905,0.207188639874463,0.11527163124106529,0.3757340224758599,0.1937701847155636,0.23917169553398218,0.17217892368546522,0.2125660482152996,0.17485296993099667,0.09078645567474301,0.10384674983717021,0.19551517515569813,0.2648745614776537,0.3094743143954281,0.02721662976468114,0.30196899216069417,0.18643598408232775,0.12471131274367359,0.06856865060641873
ACGCAGCAGCGATTCT-1,0.05400511533920502,0.1991001497965884,0.04379803696514497,0.08143698224828405,0.19113217357647866,0.12784878302908564,0.16545804385973167,0.16456541555814597,0.14469000775756516,0.33292282959489966,0.16554645692317377,0.1373034797348621,0.17717774230946606,0.16658285651446375,0.15482436280157605,0.08060441600659148,0.11678356486562265,0.14137620710117707,0.14499947135654903,0.16302266471056676,0.017522207900591464,-0.08837649144616788,0.22276668229368188,0.13151486626552192,0.08647797273992341
AACCATGGTTCGAATC-1,0.05572628408168864,0.185198279519836,0.04886591493057715,0.08434722152602588,0.21573959106016546,0.19459663869388608,0.5906632891252377,0.18917917840351683,0.20754550677014283,0.4177794297369952,0.134602777505424,0.1125030758009074,0.18059481481199963,0.15879742150449902,0.11714146979285824,0.08144484554098651,0.12102624289418605,0.11795598750043677,0.10076051413749931,0.13992724739909462,0.06095170712073474,0.373567703807338,0.18627582453227115,0.1351328965131203,0.09553711093775319
CGAGCCAGTCAGGACA-1,0.025808398589764595,0.1704338715590942,0.08154567263607043,0.11721812789076849,0.0620842541644685,0.052688646438421916,0.05631483112774282,0.20622669346146402,0.06842583008044698,0.45546211791365704,0.21295267470870619,0.20350902577315705,0.1584840872177829,0.2058239264864984,0.1809380832968,0.12674682190833,0.06442937933607103,0.39107311835462516,0.4439717782700241,0.48601218700234466,-0.011539600882472533,0.2114473218376353,0.18627590886077314,0.1474910990658344,0.09500994044630223
AACTCTTGTGTCCTCT-1,0.025249689271500057,0.1693408966636675,0.05373691289812426,0.09226604246663499,0.14383937119058995,0.12191348610498967,0.13790757007244928,0.10514074947616474,0.07431908193035539,0.19797169255349897,0.07511318586421217,0.05869484876919924,0.08954045628864524,0.0631428667332685,0.054390036205139804,0.07956836394713813,0.09444202747544311,0.032398389187909,0.03480000379698045,0.07822233939472092,0.0059059893075277085,0.2600499846502976,0.18459868268600485,0.1399987113159859,0.0527279406205934
ACTGATGTCTCTAGGA-2,0.1555303050467125,0.3061440241616931,0.27286168505732417,0.31113963012170626,0.07976501930089445,0.06220648084419309,0.07262500818200408,0.07389172953578979,0.06054921906890934,0.22801268816443387,0.064363865698786,0.044706666005430426,0.0714977616898919,0.06724573091022566,0.06169826427454853,0.33233958281233744,0.161140302677352,0.08131297878195781,0.08531071167686288,0.11106247367796723,0.08298277510038223,0.32897025864230384,-0.024719647185566324,0.24749269077901104,0.32567079225897433
CTCCTAGCATGGGAAC-1,0.1652082149360524,0.20994420292182603,0.31044864998943883,0.07823856039031182,0.05788687548691322,0.0467464359991727,0.04978876296943794,0.048912990908949266,0.06526193398437513,0.16925042441957774,0.03660533182369951,0.03774184417934998,0.025063936258530393,0.032793756007499696,0.022558492100252063,-0.04895585647762539,0.16329762731509098,0.06459914118572038,0.0865331420481504,0.09921837412411057,0.0563954758702753,0.2591935346214598,0.32833329138832973,0.3939500488240714,0.18741780209850695
ACGCCAGAGTACGCCC-1,0.07074804981820874,0.24673938073982954,0.03429408912583268,0.09265289778507355,0.1834863113398974,0.10843291756740017,0.1810536113740059,0.168562093999231,0.18041267753842286,0.31825017848090703,0.11817255170308631,0.10035258182828063,0.16791872229349833,0.11730777588239215,0.11742541619658149,0.10401120119558312,0.13602767609885008,0.08065367056741264,0.07556905173571538,0.11095538919137876,0.03163767597052881,0.3855416581425238,0.22316938758817081,0.1635325948904158,0.08732572196528234
AAGACCTCAGATGGGT-1,0.03565573592129883,0.15907799878752743,0.07385868207353145,0.14500545965550488,0.07520121661804535,0.06219153078615886,0.10065597337745825,0.21599827392223084,0.10441018081074688,0.3576797971737015,0.19425153671013573,0.24010155152273227,0.17209119322593647,0.21431269774521236,0.1770747509160994,0.1280336107389899,0.06535325999304173,0.21405693209471374,0.2670650345358671,0.46934351610455954,-0.01874174802683944,0.12002492409380357,0.1728331467104451,0.1269921456182788,0.07642251096883537
CACACCTAGCGATGAC-1,0.0347569675061113,0.1624095549607874,0.05572751740570319,0.11275770050038736,0.08482395782645467,0.050075993490714135,0.08821287327975963,0.14764479897619137,0.08435081816813947,0.40505367056780106,0.18838607034176397,0.1295760985893235,0.12381037785843799,0.16196122403706306,0.1389487477817595,0.10077262902336877,0.07358032732891345,0.5503122033637835,0.47526505644137723,0.2194744948164399,0.027105768208272714,0.09632936537799808,0.19229585218414164,0.14663117582503998,0.0875546207965443
ACGATGTTCTGTTTGT-1,0.05631969240042905,0.1462643781408012,0.04623075895265129,0.07308140506944927,0.6347515152087226,0.15153315078544877,0.18307140528270985,0.09675784656449336,0.18908886598587663,0.2011370247437932,0.094828022089431,0.0837909043208453,0.13486270581353374,0.10604047225613372,0.09911930270009783,0.07471520076237137,0.10814242537299479,0.06365966905188294,0.05625145106971307,0.08630276210118579,0.049168490207423,0.13093805391128738,0.14893196163622097,0.1141821854065881,0.04925409025552608
AGTGAGGAGACGCAAC-1,0.20379057064673092,0.2792590561040746,0.03376589211651237,0.0968389484464441,0.08341880315829782,0.020849008587047996,0.047495406081154996,0.008289169617350477,0.07060726037836296,0.1813349782521889,0.01725246882324823,0.006163605632188621,0.01472005755337191,0.003997233433171018,0.0047796772627903515,0.10312346741918434,0.5911188323713665,0.013630564541190186,0.02397703408687747,0.030977447903536137,0.1439570175300575,0.35377499481938496,0.30630912796613863,0.1728572062779204,0.10945802468244004
ACAGCTAGTAAGCACG-1,0.3046335954110703,0.22582317091390683,0.08760936373764362,0.1624662843378867,0.10226654813028631,0.0165389943132404,0.06447876895515779,0.04077226106084595,0.1063940862705901,0.21357704984966605,0.023696387283403838,0.0009211534066144713,0.02592419917017901,0.021255551461037824,0.015386895400358121,0.17505628852947994,0.25578254798195005,0.02868143373969357,0.01474702577018477,0.033872410884893595,0.15561542537144088,0.30438522598604334,0.27976554922431457,0.2589287716552013,0.24378426305599427
AAGACCTGTTTGTTTC-1,0.08589899238813861,0.14149064092965916,0.06675127815149975,0.13668335758742267,0.07820078127884157,0.040012160285371794,0.11079772684717858,0.203768239056128,0.09457807091438977,0.3487120987489045,0.16623936970066294,0.20679046074526652,0.16056482315507625,0.200897199059467,0.1646215527485071,0.11371533067702082,0.09473808737101029,0.1999339990811902,0.2610028704386719,0.29351183863370234,0.0016718636021916056,0.2887256763732092,0.18425904258162412,0.12053990827848149,0.07336378038863309
CGGACTGTCTCTGAGA-1,0.1266448305416117,0.25830028013161943,0.2630488129712936,0.5280601248465516,0.08715267277268766,0.06508813322612757,0.11532608092732433,0.15720054947040515,0.11497593208555369,0.32160195028351507,0.1282765936368141,0.16134037944077612,0.15432088316257672,0.1643491900747749,0.13397915146978004,0.41500006323841077,0.1405721808336057,0.130076555935784,0.14754910218883246,0.18237609660400386,0.022105181088011423,-0.02928913506835926,0.353327679018884,0.12733760043242556,0.19056277912512612
AAACGGGGTAAGAGGA-1,0.03195810601321171,0.16766143516936166,0.06153637876908679,0.08632006372108096,0.11635531371670443,0.07346167265500267,0.11299644586313962,0.20313152094447035,0.12785195866127907,0.33981140909753893,0.2073263495460152,0.23510487763918494,0.16907126794029656,0.25772487577592357,0.21250251828912625,0.1128491279292424,0.0877334739921202,0.16736894790812704,0.2613318434016947,0.42342273938026476,0.0015260259096479536,0.020684429081126835,0.1344457464112155,0.1349705698750328,0.07286725598689418
AAGACCTCAATGGAAT-1,0.19009275952167234,0.28052503210010654,0.08500167557425439,0.14087408214526984,0.10541342571195254,0.09293818183782741,0.11909950082116937,0.172318395396203,0.1310166404002291,0.23965753589688202,0.11915149106085116,0.13995199347007703,0.1461601185626163,0.12166277727450997,0.09959170361284811,0.15065902116696409,0.2579235968006872,0.1077603327490914,0.10253321257545185,0.13130144672068025,0.18570239557974041,0.11653646139605234,0.27582122969365247,0.21396290732786377,0.18027710440301045
AAACGGGAGTGGGATC-1,0.051879354830185936,0.14990256421163783,0.051882318806027686,0.13991532406042653,0.07132744303215191,0.009162016258579089,0.02836192516934547,0.1747632663474326,0.05382213325651397,0.32283991168801873,0.16194409243481508,0.18003143634427302,0.1179688319116547,0.15687561686641308,0.13653173489952578,0.12661265381149198,0.12198294915689352,0.2042390426394538,0.4845986617979723,0.431767847075325,-0.005003495185710253,0.11852641536999577,0.17608360003966178,0.16803833204349936,0.07564642317242416
CTACATTAGCTGAACG-1,0.008351487251821919,0.2338088636662869,0.0597669859763618,0.07696108578434725,0.1711596409454489,0.11502499856482316,0.19341193693165587,0.15185248382703156,0.16194206150412066,0.27834896988759744,0.11714353161672615,0.09957206609363375,0.14894381461938394,0.11515974301526995,0.12733784623653263,0.08566345619280682,0.08894444747265338,0.09958036521313608,0.08502563464962341,0.11176494966623733,0.008938834302033731,0.3426175923993399,0.2282794081652337,0.14218127853380916,0.09161940234591595
AGTCTTTGTGCGGTAA-1,0.4072092357089985,0.17128937641617675,0.07464381184315974,0.11220726985128524,0.06606504310223733,0.032217168160749654,0.03291360220682774,0.023828439269751478,0.08591269097450771,0.10447099957919186,0.022463225020589707,0.019355835664522078,0.030252069613768327,0.016253935856195098,0.00509825760176557,0.10353251645813953,0.3655418689751839,0.04152762556965941,0.021951961703242623,0.03432717964616495,0.5100107276269297,0.2448108705964471,0.20225562689096646,0.14883060368351703,0.12040032917083705
GACTACAGTAAACGCG-1,0.08779730617693772,0.24878263804268416,0.08113315509848185,0.16144658996186903,0.1015373471385093,0.08590620820866812,0.10913675518293055,0.21730037292967097,0.10456559065177755,0.31376170962689,0.1489024278499724,0.20647483983487805,0.14849594397422264,0.18996407270526317,0.15214401086933893,0.15070943776906404,0.12811189032043546,0.11771862495981565,0.17396275804964467,0.19084794561930019,0.007999408280357636,0.3919733227541656,0.28962919553343536,0.23061310079744748,0.12808858075727061
CCTAAAGCAACTGCGC-1,0.17724988759979132,0.3010923368541438,0.26020091973534487,0.35988114810988436,0.032933643680888046,-0.0024150196657113663,0.02835719647832966,0.03240334170645804,0.04760963634360388,0.2196847840888676,0.02294775367146075,0.012097165345226401,0.00908301897267072,0.030044026527612327,0.008335387460784325,0.3518007519049702,0.1583586692508652,0.05694125844105012,0.04481897036667167,0.06391797696605762,0.05630783082633286,0.3325416150067427,0.07937419247600166,0.46011303046438845,0.23605946912360365
AGGTCCGTCCTACAGA-1,0.18255862035798226,0.27802638269430135,0.03929928589177381,0.11866838863727831,0.13887276351845979,0.11269377633589059,0.15379305643367353,0.17661208110727908,0.17610011947391707,0.23489206936870843,0.15318360423015706,0.13450706310326818,0.18186941715100258,0.17577154054676147,0.18904568417104475,0.1318752931450853,0.21040545040959513,0.10409127341660696,0.11313115737460225,0.14423560050462783,0.1657103366553384,0.05399341755627129,0.2917232241257036,0.20625615639886405,0.1615461255476672
CACCTTGTCCCATTAT-1,0.05659112804703425,0.20753646186848698,0.06586054382640508,0.10765801292220005,0.15400274899524652,0.11092207312820483,0.1502641232746083,0.15108250550556906,0.16842511954460154,0.2133658863249481,0.1851995720191527,0.14786282365588935,0.14571781483690455,0.13649765499671163,0.13207141549885454,0.10959513151862517,0.17056638240065833,0.16892481777741297,0.15050348798219507,0.17887086646132094,0.03716659835103946,0.001289458452795726,0.21812428230125286,0.13536046271125207,0.0870895985067356
AAACGGGTCGTTACGA-1,0.06728238571486717,0.1683488129339311,0.048992081289493776,0.10495264062574353,0.12032397945707088,0.08922924544456956,0.12542367183677883,0.18261036388326127,0.11219739376533103,0.34069762182931507,0.1736934782752902,0.18602459368251753,0.17114342768140325,0.18118492698959496,0.17396219153474404,0.11070983636523857,0.08801422454312223,0.23914539971029003,0.21261801568540004,0.2405191979756281,0.01044697932547289,0.018145683941276112,0.21074688268518885,0.13697597886485446,0.11421173773241705
AAGGCAGAGCAGCCTC-1,0.08087284315819868,0.18442833106119114,0.048976230357610014,0.12997940272619002,0.09219035262311503,0.05934021612668572,0.09652890053333037,0.23334244428794973,0.09110558434364216,0.37244592838786417,0.19192407929465838,0.21694651248497138,0.18775349412910727,0.22017475239698195,0.1536686259468037,0.10833001492515053,0.10198905608067307,0.2182671082986598,0.28964843586456446,0.3136834055291265,-0.01909829390613433,0.2950766293765476,0.2121447350684011,0.1373376280985915,0.10282133093858101
AAACCTGGTGAGGGAG-1,0.05196272329914014,0.14455340859084845,0.030718606909227755,0.07087906322790728,0.12747044930896895,0.11612734595360576,0.14672076485348076,0.22296761605322243,0.13867829555206518,0.2905862709763524,0.17636889122357707,0.1953881560094118,0.20387123264132131,0.19435874541424863,0.20818293909695304,0.07240833412374606,0.11037937121074669,0.11647091541555639,0.1315259985284474,0.17172731577166409,-0.002588999823422696,0.05859406969859806,0.16961539313957832,0.13098477213787907,0.11392161139689162
ACGGGTCAGGGCTTGA-1,0.0674599472602639,0.18195214993409348,0.03737633536871753,0.10387082973140613,0.24096799163815352,0.15759805485455658,0.23737850534888594,0.15788271782000168,0.20911943054822188,0.25726784201715847,0.11991515648359935,0.10609018735059114,0.1915444164520599,0.13429742368672767,0.1465583272367129,0.08870962975266287,0.13071325737694514,0.0784017673551639,0.07262266625784868,0.10738051877713631,0.04348916766205654,0.3276050836736997,0.22481265281232793,0.14110469249023896,0.0980049592394178
CGAATGTCAGAAGCAC-1,-0.008361654296577046,0.04906423185036614,0.0324640437363497,0.01682585710440374,0.06296837099113196,0.24246512584672028,0.20789615094757277,0.024291228602562963,0.03106748866923869,0.044431831263004054,0.054061560098647626,0.028873132303776843,0.06291367653567694,0.05971389557832662,0.06067454855208208,0.06224084444777688,0.04030782244527692,0.022301102058632567,0.02319463077145263,0.04653884457324984,0.03271432672894275,0.03413134599623745,0.056997514457371216,0.05293043523362777,0.0021456088725080496
TGACTTTGTATGAATG-1,0.047709391363422976,0.22237109610410885,0.09791432389535111,0.12794936452909747,0.07545591137691426,0.03366290577889008,0.09081871835591704,0.19912268257186835,0.06568699468060162,0.43987415028677007,0.20570994607091717,0.1772950226826618,0.14331434553574418,0.1726480972785406,0.1489327169160273,0.1318920184765176,0.08146812835307853,0.2736565633685809,0.26666672388486323,0.2648107016914446,0.017881879013363168,-0.06345747567359021,0.23375373550316056,0.16080568256349556,0.12949710737953143
ACGAGCCAGCTGCAAG-1,0.055293365106057465,0.27271462890436055,0.04849659223619057,0.11735033750352275,0.18373330259822468,0.10947682510819948,0.17149273939370027,0.19065585305704474,0.16472576536564773,0.45257280271757605,0.17246497912506248,0.17175195905361268,0.182548384062822,0.1794226599135409,0.16953531903273802,0.10116304903982483,0.13992378242570114,0.1303604531671114,0.15473742799170698,0.19500398222637258,0.02077892388828079,-0.067449809372835,0.27823262522979963,0.1864080119017044,0.11506323195746182
ACACCAATCTACTCAT-1,0.07582027519721073,0.2063953124566887,0.06683060619617218,0.15766722367198824,0.10191133393045484,0.06306072471166496,0.12373992602810656,0.20128770582980646,0.13768814344575483,0.5759541457498418,0.17029070053661882,0.18999447529879443,0.1695886604390776,0.19628104602969212,0.16997398498711075,0.12765956334905904,0.1219178692086473,0.16170106654368288,0.21655994186130728,0.2356906396450912,0.008040790620882095,-0.2790023510139544,0.2383930272209676,0.17139868273465494,0.08881109127652345
AAGGTTCGTGTCCTCT-1,0.032116977292301487,0.14604451059500398,0.035834392073226265,0.0823990304309747,0.17203567376756784,0.13296374599133648,0.17684798289603176,0.25743037116196843,0.17092410397565375,0.2615034283371869,0.21063862883195983,0.2357744771273368,0.23257570066982652,0.23154879673704995,0.1899740649423627,0.07835376987101494,0.09047865558083579,0.14243091852102568,0.18777746293862443,0.23971087740203148,-0.0035942597694958245,0.10373807134708037,0.14338232200987217,0.09181301793559436,0.060194956350858246
AACCGCGTCCCTAACC-1,0.12169447448669334,0.4257149936044507,0.09521944949207921,0.15883370245979914,0.03652409600036071,0.011714154066624386,0.047411624585366,0.05037976567242957,0.06085622582997805,0.1942905672094675,0.01963810244019456,0.015614520595101778,0.031187941073194277,0.01728780452416904,0.01116657199014154,0.16529349489616155,0.14479464790578445,0.037134536959595114,0.02605845346688076,0.04272019115511521,0.05736798693975255,0.2880344283055794,0.28358851448383127,0.22091179744826892,0.17729291396372232
AGGGAGTCAAGCGTAG-2,0.07170306166941254,0.15150202399311352,0.07861756839054354,0.11696185185689023,0.17244524517510912,0.10760427118712976,0.16042408805315922,0.08948111821755807,0.15631667715575223,0.18582337113946518,0.07029782044890134,0.06698182349450645,0.11453350829390549,0.097727646855759,0.08063830987939306,0.10634007432037573,0.07908699536035893,0.04978902518920986,0.06863784038360772,0.07869814926256832,0.024416301905198973,0.2502806600079193,0.18651487303913805,0.14840660332128336,0.08312330777687116
AGATCTGGTCTGGAGA-2,0.2109326008561282,0.3082953124320325,0.09748095467514072,0.17235281561990237,0.08536829510390768,0.030554392261227054,0.07540459905106284,0.018073984217460665,0.08808409433238351,0.22009683726141982,0.01713812199256064,0.0014361566684476569,0.0279732832269265,0.009223023440111791,0.010076629945117415,0.17599719508567585,0.23179277620174377,0.018419063110882247,0.0008335135240061073,0.041237314654124765,0.1351110407823786,0.5774713227575227,0.3301961379830674,0.2644544198967601,0.20422001148933955
AGCTTGAGTCATGCAT-1,0.04495800182988623,0.17134748439999212,0.018034316870710273,0.10494915999001438,0.13654778466764883,0.11696950159797471,0.14332033514297862,0.2370363784706643,0.1487243170918802,0.487915341776554,0.25324058606281413,0.23015822524205568,0.21499719626528663,0.23455532109909785,0.218032093490967,0.08267655489238092,0.07391540540989003,0.2058378902553783,0.26755563854290904,0.2864801776093806,0.015195141701357096,-0.20487207289008585,0.1778962867299138,0.11892954987754498,0.07785622995223318
GGGACCTCACGGTTTA-1,0.054018669251272876,0.17228782637098705,0.0843886531572524,0.10690433858120205,0.14243588376140942,0.07731976326403561,0.1055055890593646,0.15293225653995124,0.10977744862540605,0.42901961407750333,0.45681435901212536,0.15881084219971375,0.16477473458499772,0.1579333001193454,0.1580760246323838,0.09106926795595911,0.08949763731176145,0.5398120600044868,0.4720867892120058,0.4463532439514225,0.014044584227321848,0.19171685251367243,0.16975743113052577,0.14498853793846364,0.09020192936278437
ACACTGAAGGCTCAGA-1,0.06584510033430387,0.18523500524780717,0.06535646585574664,0.09927634890079029,0.21057301715984555,0.1624295432249805,0.17502647004262833,0.12024441156970823,0.1642704838365283,0.2318109703981095,0.10851048168162282,0.09118670226826933,0.1594227763435128,0.12178975019513366,0.12476662143796724,0.09242763926889323,0.12206848091421592,0.08534564206662273,0.052957660386382666,0.09777407730620391,0.05637352232020868,0.31255617296313026,0.20511103884774692,0.16965000647413725,0.08797653910004818
AACTCAGGTCGAACAG-1,0.07453101436119287,0.17528485142291222,0.03268331053070599,0.08219161141966362,0.08892009775277324,0.04073642663622235,0.06262540514513526,0.19786433514411222,0.0869518881691605,0.3060570385749992,0.19481128573023074,0.19937602504616306,0.16367686123285335,0.1956742179844271,0.17869379573187885,0.0787762353134508,0.05972769477124427,0.16138809874162233,0.20916113305047193,0.18439530555822473,0.03449853675933514,0.2402664450644491,0.15399618928639947,0.10594608500209404,0.08409051554823939
AAATGCCTCGAACGGA-1,0.05035753997978503,0.20394454014978855,0.04873150942571268,0.09332490378073685,0.18018179397955805,0.13690872994144823,0.20747109434065783,0.1737760143070154,0.18243542556218498,0.0953141397748803,0.1337962571816811,0.15918830321545985,0.12692094492966405,0.13762116501153207,0.13105583957357453,0.09534490029456401,0.089012008496353,0.09153855646732492,0.10292571554987345,0.14560882519950935,0.005028252333399757,0.11741248180560604,0.19177426758605534,0.14641083801231833,0.11795165562312071
AAGACCTGTGATGTCT-1,0.1373047449908198,0.2148774181811523,0.5857361448623919,0.37614646078250313,0.04008645461669608,0.019236398901897087,0.015533833336712419,0.040260326584077674,0.03664417873957743,0.1535422945229391,0.005774168390931371,0.032175321466421804,0.022760373883288453,0.02728272920833936,0.010805174002830759,0.4657391160810099,0.10184026805119602,0.04377462409438761,0.06877408854943595,0.07134372217771648,0.019696942303709965,0.2299555245868765,0.3598579509911828,0.46918078289492565,0.1671320814777564
ACTATCTGTGTTGGGA-1,0.07751758697879463,0.2735516415658408,0.06761111343445061,0.14738356728320975,0.12086452902738784,0.12954158201814817,0.1357864293822033,0.2250965393232905,0.11342677333628605,0.32044995021464867,0.2551460586540954,0.20522515395175528,0.18065949816005275,0.1824843815455388,0.19391933696820932,0.140760631398134,0.11728076193287444,0.1860533827963004,0.2162999299699357,0.24733279467228203,0.05535656087326441,0.04583646815745935,0.2714371921093888,0.193597490997646,0.13239015521018432
CTTTGCGCACTACAGT-1,0.03231167791190925,0.27422663273081155,0.026750666810963816,0.12320742208978606,0.17090898170663393,0.12208359577317797,0.18421657168534278,0.17835604016974488,0.17599996687868966,0.3397191214563003,0.15881604949121683,0.13666376960155582,0.20681381113696817,0.17074266806677202,0.16748848460499555,0.09918473152013292,0.12643400510485017,0.13855073880324698,0.1197763283859799,0.15262686044590904,0.022059290295172666,0.411947882333572,0.2622839297141605,0.18194664671568253,0.09281317619117392
AACTCTTGTACCGTAT-1,0.08785025171373231,0.20238542398180542,0.06536632654468763,0.15243439216552573,0.11342862425501007,0.056427734692574,0.10348966105601343,0.18345188881521268,0.11421552547208555,0.37714483550623557,0.1652217728579125,0.16388999533649218,0.1602363438644227,0.16924500048531899,0.1296785067585887,0.1335329656395694,0.12850110457086858,0.21821048440613,0.2399641137405559,0.25661729880836104,0.010518894460176599,-0.046051114699928675,0.27480700120956364,0.2184218179960579,0.11389193646014119
AACACGTCAAGAGTCG-1,0.04429071637895586,0.21091485045071257,0.08173277150173704,0.14107236871314768,0.10684783094353201,0.07512250288075106,0.11091928684668366,0.21877591929745605,0.10586995711545924,0.44705647529310544,0.23160458615782556,0.24349714371375222,0.15816502605564803,0.2262310546648475,0.21972150941167815,0.1306406232704793,0.0918207497909356,0.23849511707825324,0.43786021161126015,0.45514182275019527,0.022030709591869063,0.256476786110515,0.24518133511285153,0.18608012935009097,0.13902375268585013
ATTCTACTCTTACCGC-1,0.04933911923409651,0.25071342338289304,0.03478102673526013,0.1325707735800019,0.07482977899218501,0.041593451612429395,0.08639425134985841,0.18667530728362997,0.09404816414348804,0.516647249280844,0.17367297936356707,0.17520449016316625,0.1367097530230748,0.17186005966976883,0.15765778432236796,0.10676948583309745,0.10653781742638549,0.18462728309553564,0.2291292830785548,0.24114706368243638,0.013261122252704094,-0.16521453433783972,0.23683920792648608,0.16795270524155234,0.13337265334201423
TGGACGCGTAAGTAGT-1,0.06988356861617236,0.2195048678962314,0.007542903796013789,0.11571335144887336,0.07743152371097055,0.052698851052039336,0.0929756964798525,0.18838915525939312,0.09600068760396618,0.25146277991202026,0.12688858594785196,0.19976746375984006,0.13998939479768882,0.17606897683716788,0.13357085006566907,0.10460304069962513,0.07115002146930761,0.11063718074590467,0.17329155208175953,0.20229894714782232,0.008297209216498205,0.3319256773117863,0.22645736002751043,0.1761485425080199,0.10232034265236993
TGATTTCAGTGATCGG-2,0.1371726285169682,0.42988021051247716,0.11488009062350373,0.13297340072162678,0.063641709148743,0.00395255033764832,0.017833078841201354,0.03558056529849373,0.050609119347867285,0.17910390799858003,0.03390249807039494,0.02668560848687788,0.026414130192417205,0.022006297895875066,0.013539232869256904,0.1603851964175336,0.13027929717722014,0.03113262996719228,0.03281956540215276,0.03974150651234967,0.04278040647009975,0.2591271578164269,0.3155256998459391,0.23690686670179326,0.2314005226444359
AAAGCAATCTTCGAGA-1,0.08649153711177089,0.17877791354462128,0.06642949708937354,0.12634722334927004,0.07667569583257246,0.056829052006800905,0.08058748309243305,0.2392158531463417,0.11667694884043807,0.4340801501200517,0.2174507816547929,0.24611230225445202,0.1595556813963861,0.21949639226475218,0.19278998091870614,0.09389759542735888,0.12768297919430166,0.19974878381187053,0.46667100579505905,0.42077772027192173,0.03338977330046573,0.20123886834785282,0.16974015105985382,0.1607268078321581,0.1074551395049375
AGAGTGGGTCGACTGC-1,0.04097709917880421,0.1750447122216504,0.03986039378258912,0.08351737533280995,0.11279231737849989,0.09683696819241577,0.13754913574279307,0.22693090993563564,0.14285319294254756,0.5168296041187318,0.21655893369863277,0.22263812720068393,0.19591987228566976,0.18783696375321074,0.1705085527207944,0.06741220435037262,0.08318354408838387,0.20731920672911386,0.1867180612479332,0.2189461576894042,0.0034883436856036074,-0.11092141606942733,0.15900445909218006,0.10458079723482108,0.08211061266052813
AGGCCGTTCATCTGCC-1,0.06127570864783323,0.2752148525031254,0.047893917805655356,0.13614660007542714,0.16042238251251925,0.10311444939178292,0.17820819357842937,0.22426743708776772,0.18180753929338045,0.39931244582241854,0.2142628121403676,0.20392273191870286,0.2009274349716173,0.20336493751199192,0.1933247679851081,0.11274416782414381,0.11015532267345039,0.16665916243954945,0.17381477261453518,0.22358994903596596,0.02257014643156167,-0.002685045624691826,0.272459354500792,0.18476151358150428,0.08808255076903625
AATCGGTAGTAACCCT-1,0.06379429450091183,0.1714788734605255,0.03474580771999243,0.0546308730488108,0.10508423033962389,0.11756436133377515,0.1301606464149775,0.16419398773444252,0.11317880223364941,0.409523157694532,0.15465303630234298,0.16091867169675214,0.18003224784598962,0.16939836016273987,0.19314633004006915,0.05607605327287074,0.07833102548632014,0.11089207357939865,0.11393859215083939,0.15606401653468138,0.026816999289244563,-0.07174928398704832,0.17007966423310467,0.10176076362918851,0.10691865604545907
CACAGGCAGACTAGGC-1,0.06633172802554287,0.24738595482488732,0.07796042304005991,0.1478706644907654,0.13088803631387316,0.09583756295444672,0.16937255438451554,0.24914527612712545,0.17516068898234435,0.33901080613985496,0.17669052086392195,0.19513846357403794,0.18820220374906796,0.19563008019326886,0.1912554467494285,0.126353893382015,0.11703275851602056,0.11077588219613671,0.16502599470260956,0.1935698453144438,-0.01898816097615998,0.03556805565693864,0.2528921936309132,0.20316698800837438,0.11100010201237262
ACGCCGATCTGATACG-1,0.06522640421385519,0.24259631077624974,0.06024643362884871,0.09773433969624377,0.19649525548399113,0.1201348686092772,0.19673488088217175,0.0960013334580206,0.17682456848333697,0.2845202977595419,0.08109825212018196,0.09405994001043064,0.15410634467369172,0.09980450478849848,0.09434429744486622,0.09769942512290222,0.12665018127165276,0.08149916880447236,0.06785898377679367,0.10346150690798746,0.029879018184982124,0.3538637668442711,0.23072331550910766,0.17285357151657108,0.09070869497921674
CAGCATAGTATGAAAC-1,0.4524172891738232,0.21653184739401243,0.05980000809840921,0.12439298281016296,0.08107595269262013,0.052276979415034015,0.04634438304292978,0.03200078808319417,0.10889124878952686,0.1847636759262416,0.015087329021895985,-0.003930909241978198,0.042135469766496694,0.020162978332032983,0.020535578284869058,0.1354245990729712,0.5337882193300111,0.03648832600776498,0.02129387364688811,0.04987160219057422,0.5917476199335245,0.2180149245932419,0.10155204509755789,0.1588636543951001,0.17619130484451748
ACGTCAAAGCCCGAAA-1,0.056535244439033405,0.23548140051626085,0.02767722893151774,0.08525958567179599,0.2347520598209463,0.14567910451469182,0.226766230078705,0.14101390308098372,0.1884145764151548,0.28613452794214667,0.13098801367708554,0.13014149821892745,0.1562874701840274,0.1296026113535748,0.10710589334617454,0.06841231966203504,0.14381796174685707,0.08386753715447079,0.0863300590071579,0.12199984681939485,0.01719541643690241,0.3629596250963535,0.19432121644200287,0.15500467231394174,0.1084346607249658
AAACCTGCAGTGGAGT-1,0.013069581214259504,0.12560933639425123,0.05151007899066242,0.07208930384066661,0.15358828769105629,0.15104249241823928,0.15007454507079154,0.2108775031778632,0.15569424310781732,0.30821143813262897,0.1532315482066318,0.18173971226906666,0.16858204741780064,0.18822594536445245,0.17275718918767005,0.07310758270196736,0.04103636784467333,0.14393768853160555,0.1571585071021469,0.16251641749997767,0.003269254228960852,-0.04367065413603175,0.1942044646544273,0.1292876569111472,0.06305708378451678
AAAGATGTCGTTACGA-1,0.17797727549440562,0.2589102549834126,0.3668673624694106,0.4349621469960671,0.04892556933370259,0.05000052285262534,0.0422679434511214,0.048286720543669545,0.0552205277403023,0.2048245301053667,0.013767899810012517,0.014860191074813062,0.030674306582635442,0.02722548605776081,0.0018254186232577153,0.29583891388491507,0.16876096950495667,0.08425560587642467,0.0785432730381606,0.09339679644824812,0.08992580646258673,0.297274994965184,0.42178159994525816,0.07339387425069731,0.21937045039319022
AACTCTTTCATGGTCA-1,0.0858077938917097,0.2200147269356284,0.05389592993143198,0.12132956990108977,0.078267943844079,0.06203633194069802,0.09584084027697176,0.18946197716559257,0.10985775718655008,0.5491963788230845,0.16547074843111667,0.18658429907721846,0.1554134576144362,0.19182832666503916,0.14385654125451222,0.11348390848210399,0.0979260698320342,0.16830920799329777,0.22160797365553672,0.23389144623258415,-0.007894378469977398,-0.1649833982963958,0.25851113415153953,0.1812918021728785,0.11119354324618448
CCTTCGAAGAAGAAGC-1,0.17762024664525936,0.27027684698386084,0.35682969735002673,0.44859674458276927,0.06144311408904456,0.05483259403932846,0.04770470541942794,0.028705460179434233,0.04197042418132614,0.2269441413899973,0.010452747722584988,0.014201396716414492,0.020330427449144935,0.0181848613321551,0.002523389352890783,0.35827282449871134,0.17640549538698624,0.07442536932599304,0.056152395032844776,0.07565341341777204,0.07422364790959321,0.31367888969655544,0.4321115413727238,0.030028544793857546,0.24415091639664832
AACTCTTTCTTGTATC-1,0.1648094676089702,0.14214515898725544,0.3975139517133293,0.2941352965290521,0.019119667528775613,0.020216019339076078,0.020571425130982753,0.028997326346578256,0.022005599235427047,0.07760511042542119,0.013814833118291542,0.020191127467064602,0.0031533210753738367,0.017135538099232298,0.01775461627086857,0.34481801976879245,0.11852060007466458,0.040685397691310535,0.05617441152724012,0.04787320653943983,0.05947291181022485,0.14932296533860712,0.2556401293160445,0.26524672337647875,0.1653586479461464
TCTGGAAAGAAGAAGC-1,0.04541787519866017,0.15726759544893237,0.038214121824805006,0.07688033962621274,0.11734206357935056,0.09072693908372266,0.09236184155778232,0.13832170385828324,0.10578582210483195,0.33736070280337693,0.16452054777754824,0.12280568867794057,0.13891147824192077,0.14120883880286292,0.14601291667371388,0.07029579979538705,0.11639408819180062,0.5687057893792421,0.18884263891719855,0.21217860536169506,0.03483140376622922,0.11370748738691329,0.19146611707628036,0.15084474711255083,0.060649009049149605
AATCCAGCATGCCCGA-1,0.05069063554669203,0.18562226952345964,0.05138448792916587,0.10043347240860498,0.1746503813704323,0.144586498976465,0.21169455579745067,0.1963070504859307,0.16910678981361904,0.26088481801916436,0.16770533994029477,0.1683276443478486,0.1965608968360359,0.17452481534978534,0.18824385053564882,0.08525837678889273,0.11835362432663513,0.1494990461991304,0.12798719699168587,0.15004402696948102,0.03289143994681139,0.3179342679688025,0.2111250345628648,0.12640932410515912,0.0970120103145665
CTTGGCTCAGCCAATT-1,0.16757856119369668,0.28249512791151293,0.2486470805726084,0.3073705017751574,0.10066289660068681,0.09442023650198961,0.10544003190761075,0.1868848120186485,0.12618718419332356,0.3245798660618756,0.14143931818564173,0.16286032315436763,0.13312024151209295,0.15605993045021682,0.11941015102074888,0.3161538149728845,0.1534029327779582,0.15642500806521933,0.15462550390117286,0.18478998117276124,0.06437469015124987,0.12942794692076598,0.30803105797841146,0.5294618971614449,0.24074112860236271
ATTGGACGTCAGTGGA-2,0.11748742536869351,0.4102544980898658,0.0938638677679017,0.14142735547780627,0.0958440073518663,0.07010412509061623,0.11710963070186856,0.14799920997498558,0.09167345806919827,0.31373365952604854,0.15936929492554905,0.1465757945367303,0.14836564483915102,0.1346121936009015,0.15746070649320468,0.137697477720313,0.17790822649692997,0.11750594611129994,0.12504152742095528,0.14845360131281193,0.10061196005946674,0.35557310422380384,0.29159423297253706,0.197461863076923,0.1811223358159584
AAGGCAGCAATAAGCA-1,0.5622334805348796,0.19585904469383433,0.0661638387980077,0.1680004425199907,0.07267553116529371,0.017470630665620546,0.02211221993063894,0.0036439786458283296,0.06222745367649999,0.1625016267580795,0.010246556098228821,-0.02527913497957816,0.009588720741900732,-0.009333208256433675,-0.018321955575611327,0.14400548018573417,0.23617636055930424,0.0003179106412755943,-0.021171582386846844,0.001865020362901561,0.1587725039550019,0.26516284770979703,0.2511711680265964,0.19412280205073718,0.20384531390474367
ATAACGCGTCTCCATC-1,0.05200194145427392,0.19538407791086224,0.053744118722967874,0.11863621246378354,0.201931094837123,0.13452835720365178,0.20201965246947803,0.23335341608333693,0.190062053802155,0.3927108974709604,0.20279597095258242,0.21318068961797093,0.1937968291107951,0.22036652192585776,0.20309021427046567,0.10230570583207653,0.12193571870987636,0.16035560848509575,0.16669440235553276,0.19665996572917957,0.021885979448643185,0.020221447275800688,0.2166164890022165,0.17467740402908674,0.1002924930494402
AAGGAGCAGGCATTGG-1,0.14959975057328911,0.14130208873072514,0.5159875181969508,0.3495805952914926,0.024200551084143644,0.05964793718448785,0.04017640944645452,0.06657579531510328,0.027814793444948464,0.10966898634427848,0.02970657193702428,0.03933247485517943,0.0378096493683576,0.03484196683126773,0.022984625637973172,0.45052972021414617,0.09245524909981065,0.07399389423998405,0.07655624864696592,0.06566755745335102,0.060266785415628125,0.16828893573135717,0.28335215979434253,0.39894731330172833,0.20701089794320174
CAACCAATCTACCAGA-2,0.06922398489115668,0.2447332235604541,0.07841296931981648,0.1373292015471969,0.07806162990265746,0.055646356881054,0.08274214306362151,0.18113094976899533,0.10137739650880825,0.1514041234726764,0.16218328390999123,0.17815676479335352,0.1380692497146687,0.17246144437713337,0.14237432454314256,0.1536053003828395,0.09999301954060272,0.14103536272177175,0.1920553636518545,0.19789134377268516,0.01701823420011471,0.17637875321019905,0.2504255352634841,0.19420314371282407,0.127050406409249
CACCAGGCACGAAACG-1,0.0756011681717914,0.21933971471188965,0.06031475670031667,0.14967847769869094,0.11737078206596792,0.0889093944447749,0.14478354679364236,0.2153625679741276,0.14870347033458492,0.3953731339637421,0.19673213195996547,0.20508820048216947,0.18329345715671536,0.20560290095641473,0.19284765819219388,0.12879654455548598,0.13970847982393275,0.18622948930798092,0.21500528805424374,0.23853563494714505,0.008656607312234487,-0.0029694290399433602,0.2298710667666953,0.18679500111964606,0.1262549752512717
TGACAACCACCGTTGG-1,0.14977466474640078,0.29998845488735837,0.1417374173191365,0.1567910322279777,0.05565601291250124,0.014809503838777572,0.025475836554196385,0.039382475294350294,0.06280519856135829,0.1747715071167642,0.0452843568889244,0.02521762886354157,0.006933962113566764,0.028756330234706293,0.029595162505324322,0.17562774812393778,0.1550436866669362,0.06453545859279745,0.07606312892466983,0.061242723472291566,0.088764490329321,0.2521941426944295,0.33213919641163875,0.2605203145623022,0.49627972415023025
ACGTCAATCAGCCTAA-1,0.048334354925965814,0.21444016857634407,0.014320322040599376,0.08315713779579423,0.2021596124304058,0.12459104289673048,0.1483411858669169,0.11335739633215405,0.18396253186540898,0.2823838304789765,0.1208223313833805,0.0663721030572427,0.13332244898843496,0.08769295306948897,0.07992183837565225,0.08017218966497137,0.11418855493843373,0.07155346176586305,0.05918057061412949,0.09951926252253707,0.03291217736920055,0.350018148452982,0.20377124644050992,0.11695431197855516,0.05013196599032015
AAGGAGCTCAACTCTT-1,0.0751804655320811,0.16611724344080295,0.04393370617696649,0.14227448049202626,0.12416846942767613,0.06630916050007825,0.07319748661267275,0.41643239536999255,0.10118079381878253,0.43888512228370335,0.21776965595406142,0.22394901531895967,0.1839486687938454,0.21799708210005653,0.18859211938305862,0.1148457101536881,0.08971987464956713,0.2190324992218223,0.507524446028169,0.47985620189884437,0.019269499577896455,0.2866466154067432,0.14883674451667925,0.10372899402810375,0.11958583911496617
TACCTATGTCGAAAGC-1,0.1670262169396668,0.2596414521949979,0.16011501275714754,0.18286141557098037,0.03765812334266749,0.014848903209917245,0.03238221946639369,0.016887681974879245,0.036242753576579106,0.13741499918313677,0.022940145222238986,-5.372171352718263e-05,-0.01003028855177358,0.005373022319688147,0.006047860409417859,0.212206614899021,0.1585240804610768,0.05663795052827402,0.061240377754482656,0.047992933471594015,0.09865077664464733,0.22390191581502153,0.29574343267819453,0.2621047045559963,0.4670285917502429
ACGAGCCTCTTGACGA-1,0.05200928525591712,0.20990275741885586,0.044213815600272446,0.12062672326215883,0.07903005777932583,0.07695921113562569,0.12481248692582389,0.24228513321920983,0.11853544030597954,0.3216384248720192,0.23028397304940026,0.25985271389439996,0.2016137122101402,0.25152807858625886,0.20469183914008968,0.11332028240161734,0.05174065041668424,0.21184618665909163,0.4083930543587001,0.2865029404502552,0.001426572214200397,0.2348732366709917,0.18352921984367668,0.15454459092319683,0.11260320639342604
ACAGCCGCACCGCTAG-1,0.1273697159479496,0.25151308988392734,0.38156322288804106,0.4219684773676287,0.0436969560483685,0.04102970109300531,0.032412392739744486,0.035666886739888735,0.04997334597416905,0.17068417165059963,0.004071539016923367,0.006877293831876735,0.021755362911500514,0.018350346155832177,0.0038468185796458267,0.12241655608795962,0.12928308548858478,0.06692065634309963,0.04869566359159932,0.06829078123916713,0.056874396543756055,0.2712869861830374,0.4312052246882536,0.39654614986441444,0.22651927196423058
AAATGCCCATGCGCAC-1,0.027551348619420945,0.2072902173242491,0.041753302824020254,0.08720128759298947,0.18547856921981695,0.11450667968643835,0.1575362508016109,0.11882365758211808,0.19024912378104603,0.04554290697811855,0.09227140703475865,0.09482821616565318,0.14858724048580343,0.10482433870973201,0.08869548757423606,0.07701661875082413,0.10387917119969316,0.0923344676729788,0.05735994514419032,0.10221876601359657,0.017228073195998426,0.20917871860341572,0.18780954491256505,0.11767617422067901,0.08068299611648348
AGTTGGTAGTGTGGCA-1,0.5808181363588271,0.15397712266224226,0.11794569983137337,0.19130739951126863,0.0356008791403268,0.0011526994161651283,0.02036587502747711,0.03431410555702593,0.051953387628603596,0.15361851710535024,-0.006280013311137424,0.008977513697800803,0.026410464800189548,0.006228931940369036,0.0069095128155047215,0.19008246098841788,0.2375775269944336,0.028754219597757105,0.00885322591495281,0.014685144060841204,0.13892469290823126,0.2545290015391867,0.26444639663448455,0.24791357454986623,0.2309208235602951
ACCGTAAGTATCGCAT-1,0.03185400404084933,0.18841250457760914,0.028791662075651803,0.04728833421967937,0.19693395531162802,0.12135059050450324,0.20339529966608022,0.09426901635850672,0.16069765891139523,0.2156530084085302,0.0759309053774593,0.05417165303263106,0.12900574057875847,0.07647346391195682,0.060848895505240946,0.03168205059708443,0.11192862162612119,0.061603733558376374,0.03115279323793375,0.052988498210993974,0.02039586901597722,0.276697210776861,0.19302727717687718,0.09175735477712735,0.04810369209682358
AAGGCAGAGGGCTCTC-1,0.035411834550841806,0.1672290987290763,0.041779647764730574,0.11439195709872528,0.07254624504079193,0.07732379814681686,0.08597439594083413,0.2228633983570571,0.11323324451265666,0.41630351562071527,0.21930031844678444,0.22763610976949597,0.1479134966471125,0.2113454111668463,0.19319401563335242,0.11091767138675701,0.07222909862471065,0.24566920982424295,0.4335980728673743,0.4480537664995028,0.014662998724002006,0.1744896172386349,0.20422004732774648,0.1665665814947408,0.11621047928816733
AGAGCGACAAAGGAAG-1,0.060620920623343746,0.21543802132676454,0.061731095862760224,0.09315299837829662,0.19714861708721193,0.12262764627507954,0.1763685468471957,0.12096495429431936,0.17081527290657564,0.22702932816937996,0.1033536101680304,0.08541518339749694,0.12192243922390744,0.09634407906404474,0.09777418276658992,0.08709399328071533,0.11500023386560301,0.06216080758808863,0.06616676694956493,0.09189730751786628,0.011215848980046503,0.2883125433703083,0.21452960031734017,0.15489087822552836,0.08101546010034397
AACCGCGTCCTCCTAG-1,0.04805958161297607,0.16324396102882346,0.0428613851137152,0.11547670596537347,0.2023361234959892,0.12549084450343112,0.2398434487406497,0.14738991156312917,0.16565709711366206,0.2594467547634097,0.10132216017307291,0.06626465913424777,0.14144344341322684,0.09643828085478348,0.09038725269786094,0.08842114608835948,0.11546118300085383,0.07948256724084042,0.055500412846699196,0.09870912940869393,0.021660418093612025,0.3138755477483461,0.22064156614433733,0.1569114251714481,0.101491550851248
AGACGTTTCAACACCA-1,0.08577651171256259,0.20197890299626495,0.06582707221160214,0.1643232980313363,0.07023616205659286,0.0677472340881559,0.09335808201409226,0.21292581472633262,0.0974260453819729,0.4063451024315307,0.22902482724396253,0.20051839498111895,0.11993031318051783,0.2049581153265983,0.1791493232028829,0.1250692081289721,0.09853192298431444,0.268489940734806,0.5672515112207911,0.50332831684388,0.019907541012395093,0.13711740620981294,0.2289204272709341,0.1711694573169095,0.145290230924796
ACCCACTCATTGGGCC-2,-0.0071429519429975045,0.13045066528760477,0.01661145737996147,0.13566212731641528,0.09738810861353613,0.1731565986562288,0.08730271942805962,-0.005615754029230311,-0.0047172922228740696,0.004882363568826223,0.1057339594423863,-0.004956776328289731,0.1109303920937539,0.12022406655001339,0.12769016001975317,0.1247625153625761,0.021468831362807455,-0.005885679673835109,-0.005752246378126677,0.02522034430452962,0.14300442999375557,0.014218157870020731,0.1283040349524625,0.12539958212691762,-0.011263560794926542
AAAGCAAGTCTTGATG-1,0.033758991860112095,0.15217473829858594,0.06418920555903739,0.12453307543642242,0.09968305562002154,0.07515340201009806,0.10427508438202894,0.22855474954277852,0.09774374417715123,0.29411046106052097,0.21781715200446583,0.21275824487115644,0.1653786756802879,0.23665992715254228,0.20963561250648532,0.1037678415624159,0.08320886311248733,0.24125387554877478,0.45869314415179674,0.43610413291325917,0.002693708054658299,0.25405154116906425,0.15530573979228374,0.12436113582265097,0.0778310010953345
AGCAGCCTCAAAGACA-1,0.01995261774285073,0.03646792404682281,0.1338043541286754,0.16358642201460113,0.013856632952784264,0.034256912414590945,0.03872722599037404,0.21182640151588628,0.0160726662905039,0.03731266101417533,0.03098468147694381,0.03809984639107922,0.03699658895646902,0.012956545617154005,0.013396664527486507,0.17167969260193977,0.01991376566806845,0.14563070024996833,0.1883987993351654,0.15271122056755,0.01706887559502979,0.17773293155824102,0.15302368112819895,0.14713309250002568,0.02219750547765306
CAACTAGAGCCTCGTG-1,0.17259708854514277,0.1754573964886458,0.05912055989272423,0.08552808547313208,0.07934865968603458,0.03774295340245016,0.054522816836218,-0.0051220528432507845,0.12959344842170128,0.10036963321187253,0.01863670346798527,-0.01514691620741948,-0.0019376625781570313,-0.01607217289618094,-0.002839675725765563,0.06336066483124486,0.40080782766895795,0.017003129368307474,0.0059044566164489325,0.01217300144815316,0.5260338692482783,0.1628967282522884,0.1706684174877328,0.12241287568611803,0.09838496239575181
CGATGTAGTTCACCTC-1,0.1579557962338327,0.20884501081818202,0.38758150573215167,0.06545526986709481,0.05552674586432694,0.04463440575296993,0.08090237978204386,0.07511364913951742,0.05051814494959996,0.19919653246138302,0.03435643074944014,0.06808125275186333,0.04487045044310283,0.06192532256649616,0.06268180190343628,0.1263880675648188,0.1415271407612101,0.10789542565482331,0.12036760091250463,0.12095080306633464,0.06526493383507094,0.26236754219469954,0.34903839276715287,0.4278303698934716,0.19927942466610732
AAATGCCGTTGTTTGG-1,0.12481057908469148,0.28852158463809646,0.17053889509729298,0.1377616550293275,0.04931598481450821,0.02462934189976677,0.03572827538056662,0.018016729025247764,0.03102655540391916,0.13295981806256876,0.010344655757210209,0.020010343799524676,-0.0004780290548145907,0.007287098564804781,-0.007109988186564051,0.17539050209230822,0.13446272884374724,0.052422094512723345,0.05850078539284735,0.044660468131735125,0.09081906744023868,0.2931163087372594,0.3296046986299516,0.26303066095058425,0.4244702470960473
ACGATGTGTCTTGATG-1,0.04468861948877234,0.17226048305987066,0.042814210832964696,0.10922298581840602,0.11767204668187183,0.07489917120301179,0.12433252874089709,0.266132261887439,0.15997700233767442,0.3672595248957332,0.2610470312473801,0.2564269460720268,0.19169815169770577,0.2293692933114131,0.21236197612700664,0.05478065270689655,0.10136315132923551,0.19915834728421486,0.24793206070729396,0.2678157826367827,0.0012403714142982642,0.29826198942827487,0.16648939263136855,0.10115185949429159,0.07928357670996623
AGCGTATCACCTATCC-1,0.06151665039891533,0.17453579264385563,0.06391561598214843,0.10223675494830911,0.10911118552113887,0.09320615765520796,0.08280588797346695,0.18000448292016355,0.10774342192063607,0.2772601061669705,0.16787432040188735,0.20066720727469659,0.14306851451243144,0.2134431920447027,0.17714656114878014,0.10834572831378571,0.08172703736442653,0.21086158208710423,0.20946154397760205,0.38325171769196203,0.002109793777492751,0.1717297119215402,0.18427931683676627,0.147051084223452,0.1067018912516236
AAAGCAAGTAGGACAC-1,0.1526943805593742,0.25077719787568925,0.4250126035853317,0.4149247513158748,0.038423157958007534,0.049233752287212176,0.06073238331635939,0.03879714172368631,0.045008875051748616,0.15331862469791738,0.02051778763319025,0.03214119687400106,0.03852284600438673,0.027158539723611357,0.02729287123276468,0.45206044018209796,0.15679423892962432,0.08269842806717553,0.06832496399592049,0.07682235961279373,0.047633785712121936,0.27977076934633544,0.40568304732094007,0.5021333472666225,0.2567811017649903
AATCGGTCAATCGGTT-1,0.17882348000177833,0.25324001778095817,0.09241491108733892,0.158882143154092,0.14101731994210756,0.11073769704587638,0.15726122391742423,0.23633864434861754,0.1566182868723884,0.5057431700343924,0.1791585028499109,0.20819764814283614,0.20803028481547142,0.22856742429210228,0.18828300818013613,0.14328524767938555,0.21684918110728735,0.19187193804410074,0.19956982583347674,0.2414229310617014,0.1708899926329872,0.3069421536868426,-0.16047137487624707,0.22597803254978463,0.1784431590125182
CGGACGTCATTGTGCA-2,0.11188325592433747,0.4713540052552327,0.06898410812750443,0.1289632194207494,0.06613805804964949,0.008823700421049938,0.03079731878085887,0.026979244711755175,0.05089880263069624,0.19109011946917484,0.005201929911907618,0.0003947404203545332,0.005488919578003366,0.0032198577599701103,-0.003172520012201634,0.11054304115337371,0.14875652374499257,0.0017635801198691117,-0.0028563589754762317,0.019886168668864276,0.08272108963533788,0.344157764435754,0.3270262943648874,0.22436635946432962,0.19910299991719524
ACTGCTCGTAGGCATG-1,0.023956017138690746,0.13684638588026904,0.03016690498931593,0.06447823858086657,0.17700976415512795,0.16161372405198035,0.2051795012662165,0.146059360638712,0.13894872713487078,0.249842230433413,0.12556852473755362,0.12112945676840092,0.198801493787237,0.1486726224439825,0.14275293014729926,0.057606110835186915,0.06674287476293742,0.10231947819287099,0.08786924049552923,0.09045385144155405,0.023217849284121742,0.02868007991282894,0.19463453367744177,0.1271210423295801,0.05295805310538598
AACGTTGTCAAGGTAA-1,0.08417854624954535,0.23869281037097861,0.08719129911911104,0.1473465928880037,0.0936057136101676,0.07348619013356648,0.13886818798846692,0.23337265584047504,0.1534689858737659,0.43820797829888936,0.20503493216733956,0.24210787022215766,0.18605897020901702,0.23527324906574976,0.1998688099120277,0.13267078230883603,0.11766930872071821,0.17085156207063162,0.2634549636389273,0.27306749288659127,0.033154263486183846,-0.07512686925054271,0.24171900604543733,0.16898286101239013,0.11365488147765851
AACTCTTAGGGCACTA-1,0.04034578996418043,0.17309963605802786,0.07506044945244589,0.1607914195253143,0.08670738595174016,0.037601641019590716,0.06025257957426393,0.24123658531626743,0.07434488788958536,0.35498960535777613,0.18438650435047532,0.2278650522415745,0.16007423572858434,0.21179080929973984,0.18416898253142053,0.13191167673327917,0.08085855561597992,0.2553452966296254,0.2815673910311774,0.294451983164078,-0.019767708113604614,0.28576707323816025,0.19947493559531135,0.1485310011173526,0.11144668717073872
TTCGAAGGTACCGCTG-1,0.13861836040517103,0.5192644739458776,0.09145617148202001,0.14180736199252084,0.04639866908289768,0.0011813738384435215,0.0563013664638965,0.05830062026830388,0.08772934304945365,0.2158005557118549,0.01115824935654885,0.01905204350507017,0.026426789729873904,0.024155281744152393,0.015613137556888822,0.12079437276230828,0.19487145703459166,0.03882583266747853,0.02540959784402805,0.05101904715208142,0.08633416174217352,0.3392760624433062,0.3271407451610024,0.2440533227201823,0.21765536187753404
ATCACGAGTTCAGGCC-1,-0.009569581565163328,0.16480099872893095,0.15383901954095014,0.16856851446835755,0.1764194537142043,0.15885279979631767,0.17138903037122333,0.01956393964751633,0.025734245703402082,0.047534039020225495,0.04578707898383866,0.02395000898674692,0.02346064058817842,0.021864027043284617,0.022305796084946643,0.16385988768010043,0.03334815811364693,0.14867205115817916,0.045025620653181095,0.17228140600850358,0.1875272439999951,0.16102924230153212,0.1558200428136999,0.15210559877321514,-0.0010566845270217596
AACTTTCCACAAGCCC-1,0.09439372330067142,0.1755435387769545,0.03746356921237823,0.1363470545643372,0.0781226251049357,0.09226751250503547,0.1229920997947543,0.22185033373736646,0.10657029581908523,0.43871328189432546,0.21027253598674503,0.22903607763133804,0.17215650973918586,0.22207345996292704,0.18543146938713853,0.12501483989617343,0.09985807265384022,0.23504208392987277,0.41338701918919946,0.4086301543245825,0.0013914035413631887,0.18607578160836163,0.16706299052512752,0.12204512036628523,0.10271982531317664
ACTGTCCAGTGGTAAT-1,0.45723628135811445,0.19033923463988414,0.07019282825436918,0.12002805286026513,0.08528233166515474,0.030727866643561353,0.05358774749964633,0.010366138131517665,0.09288266598776966,0.09056861937625077,0.009703283634136752,-0.006684805362308776,-0.0065708713422389185,0.0023674940868808093,-0.008025719838078637,0.1176681043986675,0.4827455094962588,0.008016694773241058,0.008563504721432217,0.00329331528650361,0.5528500558878797,0.23807328269980205,0.20233425721382106,0.16257463977529052,0.12838997042816394
AGCTCTCGTCTCTTAT-1,0.05468045176370455,0.19346175877327104,0.05801674779926354,0.12848940800400072,0.06764416928462938,0.06709625365765273,0.11740784515190766,0.24895806377243118,0.1132178120778209,0.4712454172602997,0.2147687328604956,0.24291166287541122,0.18919945592956308,0.22535192953695699,0.1920876492010375,0.11107827969694126,0.0928566497674585,0.19739189246383465,0.25936484819995437,0.272184881791514,-0.01271801966355166,-0.13370542715541592,0.20627949846587557,0.15883947376047058,0.08511238566642426
GTGAAGGGTATATGAG-2,0.06679900483034487,0.14515765124361346,0.06338228035119949,0.06831937561165984,0.11614754478007733,0.094702216238495,0.09533031822047827,0.06040108909853506,0.09008309826270068,0.15808218245008337,0.05890734399346707,0.06533578944317711,0.09135232127480657,0.07542656948229917,0.07806065535633702,0.08596469780457856,0.071154256884579,0.047526765130621304,0.0495334887628772,0.05981855325705827,0.036888402438666985,0.16680959328857914,0.18407032374829946,0.10980201291434219,0.24031106278534597
ACTATCTAGGGATGGG-1,0.13694680084299155,0.2306971605985777,0.39946191580089246,0.42344467336439173,0.012898956003797315,0.03546362211973721,0.0337867440751909,0.04735830038604093,0.044663608492079725,0.1614634406330549,0.013100295546936626,0.04162914322367935,0.02241824043411774,0.019085669151442188,0.011075542385639662,0.35183000044269586,0.14737220527481434,0.08108635732538454,0.0693745979082569,0.06432098942379655,0.05024089782426155,0.2556772269762329,0.38459699959874416,0.18260801173344096,0.21521438865109335
GATCTAGGTTGGTGGA-2,0.1389162842912844,0.27822717159298105,0.1619903966068215,0.19798939506608756,0.02960199118544959,0.04268514247505894,0.06663859537383784,0.1267277382833412,0.041287137060279804,0.24254380026213435,0.1432636189636674,0.13185334388028044,0.08108379666233348,0.13310777726097556,0.09982220801140022,0.20974537136803767,0.14176798927877404,0.1733531828569954,0.21677300411719994,0.2029635418426326,0.09645592118649944,0.31671846624338107,-0.19913645247977688,0.28466441361254785,0.6897894790831451
ACGATGTAGTGTACCT-1,0.18643417958697894,0.2713577381391139,0.3824235952543217,0.4015599397172224,0.023919077481183132,0.03024915925853594,0.018594352522762682,0.03853643753919092,0.04615936318807131,0.15496650250117555,-0.00047524194598113376,0.00821886852577206,0.01522469656406304,0.012009500359106558,0.004457805997977307,0.42612955034808064,0.17256029835822514,0.055670706887060044,0.03558483057464369,0.039339837910093114,0.0894064201637949,0.29609768889525123,0.42801901193712316,0.5093858925683663,0.25930640656406345
GCATACATCAATCTCT-1,0.043806725573594114,0.26374415065564905,0.06530556613142098,0.12118948844157588,0.15187702954377041,0.09363948063281433,0.15704331070555091,0.14921872409071993,0.1519219894755251,0.30770704854994735,0.11042116657160016,0.10093670291839571,0.13596464676881087,0.10893182987762984,0.11178685670893788,0.10968550394440413,0.12181903775781712,0.07300530497632006,0.07125395433139886,0.09732980839211985,0.025044764235872936,0.39046169000450587,0.2578536160279985,0.18103351434201792,0.0872488979191385
AGCGGTCCACATCCGG-1,0.4344208492384338,0.17150227358254833,0.053641373350804655,0.08694843089430977,0.0677364468831334,0.053499452303530017,0.03324022354049122,0.06600535066409176,0.07456860677498847,0.1352641774245711,0.04381226897789981,0.030938256089325888,0.0545681882590154,0.027081896962409684,0.028413549410384115,0.0938493957063882,0.47657311211812364,0.041763683534328924,0.032124806568697026,0.043483330487151334,0.542492049862433,0.15732949535191373,0.14690933313761304,0.1276707222630433,0.15578349756541385
CACACAATCATGTAGC-1,0.21319786278622865,0.2537350061330209,0.0926047544575151,0.1629793370782842,0.10453743300463132,0.061870108531125054,0.08117324215417847,0.15688247098711144,0.09931075977167353,0.4121699547755489,0.14680278661114965,0.1393399884360327,0.11007078423124043,0.142146917666908,0.11294041651265976,0.1612098266105822,0.22582692147065225,0.1914658175507753,0.228326926892035,0.19869037212103674,0.14327298088338905,0.25089017992840856,-0.018401809720902926,0.22701357650463663,0.18467530300020302
ACGTCAAGTAGCGCTC-1,0.04068553432455317,0.1378744403599477,0.06362484412037366,0.11143760021963887,0.06943827996391165,0.038876274570427236,0.07306244287834651,0.17094488813843375,0.08666674318450941,0.2198966928921035,0.1955937593525961,0.19903819415080978,0.15290972909043868,0.19507808731822754,0.1671122647317567,0.10826456011821686,0.06976375824760662,0.19669653780951302,0.4489209196631751,0.3949063377107655,0.024127625399880614,0.22533248096379596,0.15623316793117004,0.11977299560073236,0.08109415436362868
AAGCCGCGTTACGTCA-1,0.04860412491271781,0.20833361053687785,0.05946418829694634,0.08135444388671802,0.13505529291435414,0.11744029435079864,0.16181305712563668,0.1733717022537074,0.10230313263600686,0.23474900616127745,0.19963435616876204,0.17025110897004517,0.1770542269007032,0.14793875053883773,0.17134394727983132,0.10484777369999791,0.10019967938832862,0.14540337749313942,0.17605056836324764,0.20235446738490748,0.014926390959547823,0.06327742202712373,0.19829881872099603,0.1558132088649055,0.11505492809449812
AGCTCCTTCGTTACAG-1,0.06992094063161783,0.2054354720889562,0.047789733793780105,0.120523728042401,0.12339005158347384,0.05534683159382036,0.12096916127149887,0.2033033290521582,0.14642015484093726,0.4696308066052545,0.1300053215306286,0.16592638129726292,0.1607987343174918,0.1666885479817553,0.15382171307773598,0.09854051467955076,0.10809367862043771,0.0998941431807656,0.1305694212533154,0.16525868696563573,0.007456736605026927,-0.15359853774566734,0.2333290048149854,0.16366688647079428,0.08669207295970997
AGCAGCCAGCGATGAC-1,0.0185278721403388,0.032212287857450714,0.037047223620571085,0.05278814536675666,0.09075844426916983,0.05748227860160522,0.033422038970953416,0.027335169119839783,-0.005077592102424965,0.061600693104257295,-0.017788341518311955,-0.005335367653496084,0.015011413376027303,0.015295979337653804,0.030654302251047,0.0374357166964072,0.0189248847165745,-0.006335219277778901,-0.0061915945421298375,0.05190646825927539,0.036407677478084995,0.10296540659811647,0.07990785455219886,0.09625152879669908,0.005017903431674641
GGGTCTGAGGTGATAT-2,0.146028592840492,0.2506756854571175,0.15703843418263644,0.1365275443613524,0.059821781138909756,0.02619834353737125,0.048000949193712276,0.029319532617122408,0.04987657041396011,0.13926328551584427,0.035044649913506504,0.024013839843911776,0.02044268506164309,0.01953541400693983,0.011984840290589865,0.17660771103406372,0.15202702249378977,0.0409560824538148,0.059768838580912094,0.05851576254864412,0.10543350753604046,0.25444726922421984,0.3145822814216034,0.2528620208128568,0.4781790493269079
ACGAGGAAGGAACTGC-1,0.06458058935525056,0.1891094160689264,0.04275034767050306,0.15147739462506093,0.07859748923880387,0.05083049040544915,0.0634536141798234,0.1776542310055591,0.07564493906980449,0.23384129170003007,0.18390709870016467,0.1718036285760305,0.10999183670828717,0.1670952247734306,0.150120438550708,0.12438411529738261,0.09050919062402132,0.2170796213243664,0.6177049095371057,0.45139333742769927,-0.001765015137446106,0.2555627098831059,0.20581547079344503,0.15115388029815213,0.11512675328868517
CTTAGGACACGACTCG-1,0.15849159210268413,0.27528992307004374,0.33584564404431716,0.40050420727128816,0.02635078199490646,0.02579621345845624,0.03152348847190064,0.03960492993276436,0.04083793367753548,0.185363940896491,0.015750188176361358,0.028115884341643697,0.01897499743863341,0.030629670878740765,0.015754790911729565,0.4178314921683885,0.15122414670154943,0.08483361313553966,0.059154516331561206,0.07169165613992433,0.04747519831125758,0.31258180152479537,-0.0605402215529333,0.5975439151986334,0.29237341049301885
CTAGAGTAGAAGGTGA-1,0.17014341020626111,0.28183384587377025,0.36850545104712407,0.38890665104202893,0.047340200836094644,0.051562248040995795,0.0772370101329268,0.06706636552684586,0.0806433649884203,0.19901029781263638,0.022552397575641137,0.05848679155906485,0.04200577989134918,0.04435033814997046,0.030831274462475636,0.4143733576394979,0.13538556019906942,0.06129266155669953,0.07022860440783148,0.07596925896375288,0.05466294326676096,0.3124015207501019,0.42508368686471915,0.48076617681392475,0.25817702317189467
ATCCACCCATCAGTCA-1,0.16541076090881737,0.24768657178378095,0.3442290132308189,0.48629586117123363,0.05035639746408503,0.052508970795210955,0.055141598574747125,0.043271533384873835,0.07615464051978868,0.2029497533219244,0.03867628659108112,0.030210622749400395,0.03815291914273925,0.04888344648449078,0.025950807733215918,0.36103290673679733,0.1589589050768062,0.09070812976542016,0.0875850730733216,0.092042610519371,0.07031575156344336,0.32203830760434615,0.42079104203471124,0.022710479950358214,0.23345057523669321
GCTGCTTCATTACGAC-2,0.1678600067898635,0.2868023895284159,0.15547245818934025,0.16627679316157326,0.04856093615771573,0.011282344094009683,0.012159080415971468,0.03421948696409929,0.05818543583885491,0.14458559952624045,0.03121351173316407,0.013133949496473018,-0.005112283660472222,0.008138342713678975,0.0015938824805809475,0.19417579682371386,0.16552358522929703,0.029983324870768272,0.053366006326145354,0.058395418159704324,0.12006376036929474,0.27515213741011135,0.3325513495234544,0.2739366855721673,0.4560421556038497
AACACGTAGCTAGCCC-1,0.03506566462931379,0.1324188453017218,0.05871454412279938,0.06386356989187408,0.47163062727684363,0.1340912402187349,0.4211828641334135,0.11623664439687895,0.17883442494191373,0.3159122902257046,0.08822754873032773,0.08513820064040283,0.16572090259392303,0.09699985311036025,0.09070542930194792,0.07483045072628607,0.11423052745030332,0.06394920427004629,0.04909316174606002,0.07244719037504423,0.025738020663042923,0.2338834607100197,0.1626278180171066,0.13076289301129054,0.10036010828973814
CATATGGCAATGTTGC-1,0.04574248925227264,0.20757668558404632,0.0551464746608927,0.10388316605940986,0.14279029844406502,0.10919759462383238,0.1570644765456159,0.24237989080739825,0.15338671350870037,0.5267804772058527,0.23887677012904818,0.22749620039491916,0.20683040370846872,0.23761481202273585,0.23314856687698024,0.10109791956589158,0.08426636575485844,0.17536628570437918,0.23336702281333824,0.26202904219774276,-0.0040662092614226816,-0.1524950582114874,0.1965244963305382,0.15153934707576144,0.09684012345534106
ACAGCCGCAGGACCCT-1,0.05569368763963458,0.1750418176762675,0.02773788489801049,0.06847105864217144,0.25414923101412285,0.16065018321861724,0.5307942589685802,0.16486267776812422,0.23689698049602337,0.3203896785471385,0.13181201088492156,0.10296455991227395,0.1659333575529348,0.1349500123947984,0.12782221395055923,0.07513948436993077,0.1321706006011719,0.07891520086489169,0.07260101027873204,0.09555252338934099,0.042028794330821004,0.30149980216863337,0.1990210557207631,0.1144328500167165,0.07950001277575147
ACAGCTATCTGGCGAC-1,0.028466551877319897,0.0869392964751879,0.2117849766478412,0.1712625895638287,-0.0011791269259607627,-0.00861933633785558,0.014531746612534695,-0.003789493726963869,0.0007386141972868493,0.09302597945462543,0.008078082949073022,-0.0001915025517158142,0.013157310818505876,-0.001906561835506067,-0.001523627729495939,0.1427650585041067,0.04772872622170682,0.04198129191052153,0.0074877923376628006,0.03596852924781697,0.0022110365194939817,0.0974506112324402,-0.009603467310758335,0.08877409388937092,0.10035955130358713
ACGTCAAGTAAGTTCC-1,0.023925973231540807,0.1553471777883885,0.032700370778359085,0.13577527364791844,0.14186172624320592,0.1011369268049128,0.15933652437954576,0.22633508750919337,0.15668823778771288,0.4347633793110728,0.19856794561274063,0.23533469547285535,0.2112377152521823,0.21011223167931523,0.17875709914469923,0.10948165726601991,0.08715481362877835,0.18856488276414482,0.21959153503275905,0.2571511628422421,0.0276411616051989,-0.11531089831663732,0.20306602496250326,0.14711359057415124,0.05803816257489071
CTAGAGTGTTCGTCTC-1,0.032060008283347805,0.030338946871612805,-0.006284615529769876,0.03675889545857895,0.17211660179966082,0.2680603138163262,0.15637368780264405,-0.004269522880676704,-0.003586443953130112,0.03588157327494574,0.04215929041909984,-0.003768517965330162,0.15432570612823937,0.27754458947351063,0.150267176485799,0.037058220643157995,0.03208259106227579,-0.004474740863822513,0.041532608699725235,0.15391440865166653,0.2200020876278247,0.008721897781067588,0.046045331585700955,0.155891727190592,0.016033777909266057
ACATGGTCATGATCCA-1,0.14223027738514954,0.24042638073928876,0.4001729171807658,0.40828993491693627,0.04030934741201844,0.0340323623207349,0.03364879498022934,0.03869125409577049,0.025929040577531474,0.1325083017726525,0.004592163188544942,-0.004530591421857136,0.0033193963858208857,0.009595178342902327,-0.006905907671827153,0.22863318763249557,0.10751545935608917,0.02792547475126207,0.02193106148392825,0.021011553766023938,0.039819371340788626,0.2572287788443358,0.40562076538964065,0.2569428084221729,0.24753252241592827
ACACTGATCGTGACAT-1,0.022679386629409087,0.1719807470658034,0.037959446848961416,0.054627801896638295,0.1931854261223306,0.11924578040611049,0.14568921221757652,0.13913264299250783,0.12770663479941552,0.21616183176947334,0.09168540393602895,0.08804802071265928,0.15050084313025855,0.12227234023360896,0.13451445335066411,0.05120703749473894,0.07406643119240411,0.0678248416101912,0.042742476186330765,0.07573191870856699,0.0050114160422309205,0.2712946634962402,0.17029562946210522,0.10471776418043718,0.07795413772825986
AAGGTTCTCACCTCGT-1,0.05158557589560471,0.143702034008532,0.08140680509742113,0.132540668507445,0.04188322775463899,0.002056721719331656,0.03602948686191687,0.13751904961141215,0.04756405463736115,0.3151172022359126,0.13804005769566058,0.15390242416799646,0.12000056092466285,0.14335361225344173,0.1263213708095037,0.11305218428599874,0.10424237617490031,0.2231098557024507,0.4794057584578096,0.33679621001077226,-0.011308668314359723,0.09026474163329593,0.19206163748032554,0.17326663467520229,0.11722075089202683
AAGGCAGCAATGGACG-1,0.05198120627503001,0.21286841084636865,0.047410547820720295,0.13071880879876283,0.15557223707647938,0.13469076599771665,0.17278536951316517,0.23279806605264433,0.15027497690986188,0.28642140551709167,0.20078486410813712,0.18121393891960205,0.22480114276472465,0.19581656396997812,0.19001511408214053,0.13599877037017422,0.09151265604856697,0.1688582195623131,0.15784306586393956,0.19676209350797383,-0.011226719902482318,0.05237960005376256,0.20171868309164498,0.16255086080585643,0.08294497512274396
AAGGAGCAGGATGTAT-1,0.4190066242537541,0.17459860325645124,0.0678346748369965,0.09915983669223744,0.07232138033555693,0.029234395376457535,0.05264120275127777,-0.010702619929380408,0.06778779159215231,0.09457615202135312,0.009213507622681975,-0.006966846805658983,0.0037808189348108234,-0.008736790618138273,-0.008304218803150873,0.12578271597604584,0.43307636416814965,0.026748077074673058,-0.011475928315449914,0.012097837705644206,0.595449625916213,0.16300933571110374,0.1916358781366386,0.13811789063533686,0.146868278066073
TGCTACCTCTACGAGT-1,-0.011623469789558175,0.15395967672815591,0.2032688061536852,0.16365976155029743,0.21679049383652313,0.23222214721685638,0.2073082433963931,-0.009138315338707988,-0.007676280630005862,0.15585448537047425,0.012807297662321401,-0.008065984534860942,0.2077080358079042,0.2682550744376311,0.2096744397138497,0.16588375803506575,0.006178222916215064,0.011468180482952417,-0.009360424448017908,0.19816140121582182,0.22351925418816793,0.15470236465002277,0.15359032972782283,0.1623910794779913,-0.018328788947128197
CGATCGGTCAGGCAAG-1,0.0654896397250918,0.20062392490365896,0.08285916538704108,0.13181915598024707,0.11729836780560815,0.07425667292487133,0.08938392892391969,0.17813928993751169,0.12618835579225174,0.39311994475514755,0.19386222808661374,0.1593718907874267,0.16154071498245032,0.15544793774794907,0.1649353876533465,0.14453710775757625,0.1362666563599205,0.6307466915329142,0.2284322570194545,0.259663220662215,0.012418824198232257,0.037926094018463564,0.2453024099443294,0.1922079004474595,0.14646331651448016
AAGGAGCGTCAGCTAT-1,0.04257805919334352,0.19044808426118384,0.04025385753787028,0.103464382642086,0.20159099116488147,0.14221904734922397,0.20079370081432685,0.19462762234841474,0.17652540806722425,0.385168711510473,0.20049127558251412,0.1772192481823115,0.22373955677092028,0.21963034820071445,0.20739120906840838,0.09299487061812076,0.10355858750911932,0.1406935958307437,0.15347838315581608,0.17156988504909396,0.011165832706401852,-0.08149397628759664,0.19709435412377801,0.11844857216044424,0.05284319136787683
CACACAAGTTATGTGC-1,-0.006755198193908071,0.019020653603934297,0.018467089927962553,0.10483695310189312,0.06691746572188272,0.09970832475873143,0.05382831826345475,-0.005310903920175207,-0.004461214937241057,0.08258775572110005,0.07884652707100522,-0.004687698694836475,0.11856917799777986,0.09288190279982408,0.10153032484100316,0.10162129084919332,0.10566733525005019,-0.005566176703959138,-0.005439986808609156,0.09327065830932509,0.09496578567429965,0.016964883072697164,0.0016188364318857086,0.11421320337125619,-0.010652120600286686
ATTATCCGTGCACTTA-1,-0.00751099945923507,0.029027039728404667,0.0573831367966631,0.131456825830427,0.032960027614117364,0.101804248327249,0.06267449390493941,0.028530984359359097,-0.004960355272975874,0.02011781170322801,0.12878726499134036,0.033599907234823,0.09613418970411847,0.10854151787366997,0.11113367059074897,0.026851536421794393,0.019720546418524457,0.02628843006725722,0.027342832239122844,0.05362988058194862,0.03748017960690824,0.012271209724542697,0.04037807031271536,0.11699204495450748,0.00551394233949776
ACATGGTGTGGTAACG-1,0.08055423770929002,0.20715132576625384,0.06720698622823312,0.10019667624989595,0.18114772475221894,0.14142451105829953,0.19777970692212007,0.18199346412471282,0.16425265243609624,0.10555004877009548,0.13650504151332568,0.1254352752369594,0.16036353297591352,0.14254071518793437,0.10782333149677106,0.09770684554666753,0.11498710266439789,0.08863092060000666,0.09937505709816334,0.13013160089205347,0.05237215700035653,0.08439656736112158,0.21250536528999728,0.1514746910864561,0.06289174255271747
ACGGCCAAGACTAGGC-1,0.05239988704425035,0.18220793887397121,0.07286480681815871,0.10456963696306999,0.1785899881242476,0.16377410486481295,0.22738209792503603,0.19077934792441173,0.18197237488814247,0.2707520938235782,0.15199844602916107,0.14151934482452355,0.14859850065934418,0.1389187552951792,0.1242657772685783,0.10657911957088069,0.11488193308394849,0.11771236621797254,0.10460663239618338,0.13710547163859854,0.03478601549027222,0.3214792726539155,0.21079686887972068,0.15665392322834065,0.09810133443039992
ATAGACCCATCCGCGA-1,0.10788530847234001,0.23726708528585075,0.3847900099421068,0.3840147853765327,0.04866601844165063,0.04465020332675442,0.07082373959067581,0.061150786673737474,0.05554972349848053,0.17683579130144753,0.03590047398499355,0.04232503030821495,0.07439657757900535,0.035843139673895,0.037131466976336965,0.4186905710254162,0.1253905274355035,0.07920271752103841,0.045258856896599906,0.060374109692291615,0.033439856385621865,0.2808777518851065,0.3756550172231741,0.4690312768390356,0.2528816516170925
GGCGACTGTGCGGTAA-1,0.0502898632486833,0.2412838517162175,0.053778052139916835,0.1291701042756283,0.20224376969074556,0.1214381500876216,0.17978604486232308,0.13695960958517867,0.1631708912826379,0.28068234413964765,0.10593183138687289,0.08577372473238896,0.16244775730948924,0.11486665360482472,0.09674656211031167,0.11951294903561523,0.13564027296758105,0.07887028447811618,0.08148547309116728,0.09590330454566824,0.03163004540132823,0.3672220891449701,0.24772126657422244,0.1822001593910248,0.1128589672481893
GATGAAATCAAACCGT-1,-0.004911191822507382,0.012993138747333252,0.03077801410800271,0.0430994679535851,0.05476224201974654,0.16672359875811832,0.05687479807989014,0.048834382809530535,-0.0032434107318989836,0.0660761657140339,0.04925336341150278,0.056079023055708804,0.09057215107138826,0.25918884345448884,0.04483721928949373,0.04421303700679036,0.03653635693575075,0.04629242359024778,0.04753121165102652,0.04729498729965288,0.06120087001606877,0.032841946802270296,0.011045580271862077,0.03768572834876052,-0.007744348290427426
CAGCTGGTCTACTTAC-1,0.08153452603337874,0.18910983609744197,0.0795910071916866,0.1240605722798818,0.06193789419135244,0.018743549797334072,0.07472234927998904,0.1565660694191451,0.05825411550869049,0.39469949682745137,0.19816157672501547,0.1640323594202326,0.11358800315387495,0.17914808737783403,0.15414447737050546,0.12598633532028097,0.07515468276881385,0.2734721792659837,0.48558253728875506,0.2695407057763597,-0.0004235665202291511,0.06353895202431266,0.2281405682596268,0.1622438010547086,0.1293137700086315
TATCAGGAGCACAGGT-1,0.16409579419870673,0.27181133327200996,0.28226047166971846,0.31687255678981446,0.0512303598124489,0.021448142229268198,0.030630610066237452,0.04487675388174768,0.0490525124737837,0.20256254306353297,0.04304297332440809,0.035492062969957355,0.020559567946366628,0.044557654901226026,0.025309281677345297,0.32591285569339035,0.15875698397080495,0.07290317409956988,0.07524290554620489,0.09058345037645406,0.07192410263135945,0.3496105098579617,-0.04922003168168958,0.49493410188307646,0.2648681574567664
AGCCTAATCACCAGGC-4,0.13098644006020113,0.4760272632597024,0.09184144373315761,0.13967524806236017,0.055146505727817346,0.001450436410182394,0.04752630369586303,0.0445660723294337,0.09234630640480468,0.19351008625778499,0.020054546838142454,0.012211031506801896,0.02782856547010339,0.016721377881114705,0.02521986802199174,0.1381617080487888,0.14285317115536045,0.01661573681536609,0.01896488677162368,0.052982224987760736,0.07709399776721723,0.3266347202558281,0.29568078572374323,0.21217627600755926,0.19039399107846194
ACCCACTAGGGCTTCC-1,0.05162997691336241,0.17057500638369222,0.02259078762934811,0.052798063494499975,0.40624198212152013,0.15479122565200518,0.15442483333319842,0.10861286038001162,0.26598499626164673,0.318565292277136,0.08001965865909319,0.07530639334436554,0.13678816287950335,0.07916545232767279,0.061218703395861725,0.05371834843654465,0.09603586341692401,0.04762298148292904,0.03088824497665185,0.07266315134250487,0.016434751009393768,0.2857243688516887,0.18065605170434512,0.13845123099107637,0.07092013582520294
ACGGGTCTCCCACTTG-1,0.018515009678325804,0.12026754336910943,0.009091864006440884,0.05111457271098252,0.5081586227325244,0.4060733481086997,0.4572381748480715,0.13632080315254475,0.16991159338875653,0.17819256052873048,0.1225153855844752,0.1218786900490819,0.4331650572208343,0.13681706391280288,0.13869259021792132,0.041444932091139655,0.054065718844921944,0.05413328646456761,0.05570921577965839,0.07602058676264069,0.025000321689107825,0.34855334159841345,0.13264880911182195,0.06605470429132682,0.07720384513384096
ACCTTTAGTGCAACTT-1,0.03497536699844889,0.1516058783452585,0.021235005939808597,0.056547549870473154,0.2128305203540192,0.14215524728934467,0.2311543024583976,0.11532677292033962,0.1773687865848751,0.23167625130361685,0.08822349386330364,0.06683098708897456,0.12368252709835739,0.09703995039225426,0.07192312113238734,0.04531121681009185,0.09762877098073877,0.04819435739907429,0.03338216942864144,0.07016758081441649,0.033823041225177666,0.3026848209242276,0.14535960221487856,0.08820117619925824,0.022648143983310727
ACGAGCCAGAGCTGGT-1,0.013140428999736761,0.18822788320872488,0.03974144394527439,0.044973755961117044,0.21856475004599596,0.1705010601186196,0.1933186768087151,0.13348967008638796,0.1905521958145987,0.0909936923964383,0.10625634505915489,0.09469039463813203,0.15520446841731822,0.10605531500465769,0.11920075325686963,0.06400269237059045,0.08659228431917917,0.08971791701908978,0.056969952664622736,0.08719752023716316,0.03875851892532717,0.016173923799883243,0.19257412793140058,0.1375401227068686,0.08583248640050713
ACATGGTAGTAGCGGT-1,0.06948314078536208,0.22321258197926644,0.08215340762753125,0.1346505898740974,0.13743065271155275,0.12716884237606876,0.19152747658028874,0.203599121418331,0.16785973644173294,0.09384422106070578,0.18414270085230094,0.15741605636527886,0.19554615898868027,0.17285894625836193,0.16852534754986045,0.12123167577797624,0.11198448119673768,0.12474682410191251,0.13574481677885292,0.15015088985214786,0.022457985584328318,0.24570578974189733,0.18439956814483777,0.17016581925583285,0.07588555874885532
CAACTAGCAGCCAATT-1,0.45090112025090084,0.06952794349725756,0.07065720210740842,0.1262219169935018,0.09110454011702529,0.024451312590296155,0.04239742345197275,-0.006299255484083469,0.08954439926038608,0.1077609977845461,0.0031938977910853294,-0.011155389671222113,0.009184754216443792,-0.013015398580448354,-0.01256073045358497,0.12797784481702107,0.38564572101190603,0.010433223460857389,0.0024675714358661006,0.004794226425631383,0.5658950469905597,0.192986501484528,0.20728897382089442,0.17379099065475315,0.18495158775980647
ACTTACTAGGTGTTAA-1,0.022799225577557716,0.17960321195934056,0.0592424428039663,0.0870092012319551,0.17489067796598223,0.1307013147954278,0.20307794026599305,0.1623139828497071,0.12290308993784815,0.2658530186969326,0.14418646453660586,0.10663242169135924,0.1605588484232065,0.1317345877317155,0.12681866942665762,0.10159397263420959,0.087460426062115,0.11360533085087228,0.1171157444385224,0.14903330542660018,0.007588475535673712,0.3347160469388746,0.20674027194199965,0.15092689515889887,0.08384280650529802
AACCATGGTAACGTTC-1,0.11559294175810197,0.09652135828934026,0.029903267209958666,0.06230624005107216,0.0024584363234155023,0.0194415633537151,0.019564793577860517,-0.0006960826807607219,0.004422305142447336,0.081356629688715,-0.01485784216482794,-0.01295599341939032,0.01798740123292612,-0.013747416531968735,-0.013553776864568906,-0.00017927991662830051,0.09212891147627031,0.011314276742686303,-0.01503518845431447,0.007839940406668968,0.02266246110854402,0.09311243575634913,-0.01638700190752875,0.043113621594974186,0.09365576607142453
ACTGTCCAGCGTTTAC-1,0.05865639125923967,0.19133347285376104,0.041259876316309646,0.060259934280363976,0.7078605485061241,0.16523696698429544,0.2280135926946142,0.13755442791035075,0.18434621353669534,0.2444327884435959,0.1092859497306399,0.12139460454633379,0.16913751073668734,0.14170786418722503,0.1244059367024829,0.05748755874642779,0.10064730628757297,0.12700615603560386,0.1046961019361349,0.13649941401188148,0.014029562970305795,0.11769108356803762,0.1905644508889988,0.10871747088273838,0.08257564119310233
AACGTTGGTTCAGTAC-1,0.05073720072265323,0.14085144543403896,0.06533965546041738,0.12401709956236136,0.07530301824526378,0.03876800313674279,0.07923494516207231,0.2081425680546268,0.08191687927654899,0.3384022251657307,0.18077403919379673,0.1946090389586851,0.14760823276380625,0.18914532665663347,0.15340525783214187,0.11353103711930294,0.04951610189983406,0.21431511800133976,0.5169715179462707,0.4627100445580826,-0.020269009848828144,0.18426059213448212,0.17802683925440085,0.13022548583709048,0.10091170441319527
CAGCAGCAGAGCTATA-1,0.1992507494301858,0.15597925435572538,0.0881203592061893,0.1744162439603796,0.0353271822243178,0.03310383076001347,0.014041128181809916,0.031102452921199748,0.015226541916138066,0.16531515482420514,0.02990330100986391,0.03693395418369322,0.03563276375320582,0.012194148133820318,0.012630297257406473,0.13824688341544228,0.034720466065379985,0.16822497032473518,0.02931375865498101,0.024320365300274385,0.040896386209487864,0.18162136657322805,0.15529024099231703,0.1776208241629721,0.04123791678569967
AAAGTAGAGAGACTAT-1,0.06548084702821473,0.17571986402534878,0.05385528080692519,0.11667939252923124,0.10701314048241621,0.08399839125730561,0.11272901805237451,0.2499072090857205,0.09845999274957395,0.6109716617995372,0.22879921347706336,0.2523151892093272,0.21624883257110655,0.2520365025712335,0.2271607380940797,0.11847163302665692,0.10417992952490918,0.23317681703816093,0.272914037016309,0.286601750422484,0.009127948840412728,-0.2151762142274922,0.20721427495275244,0.1643315815821368,0.09858837370183969
AACCGCGCAAGTCATC-1,0.15444872187590653,0.22118013075841036,0.5706537094776781,0.27734456518010975,0.060267969439626014,0.06067831963045508,0.056674907141446976,0.0199903989469973,0.06814162022949992,0.15257335131172503,0.0024602822068142453,0.011601776265849906,0.028000957373620735,-0.0008778749307573897,-0.00015717234557256272,0.42378179342632877,0.15696955890132372,0.05507763283810843,0.03406854882396165,0.0382268857435353,0.06417909829683667,0.2924004198536332,0.4016028059879829,0.3739494146622855,0.22840821264964875
AGCCTAACAAAGGTGC-1,0.6135467390657154,0.21970156958124398,0.06547398094410979,0.1485004033888245,0.07738666858219229,0.018369224030357068,0.02450621676385992,0.023456806432061772,0.09601347472336183,0.16181642621664877,0.0059199744151980024,0.005317943929703948,0.022744199038719718,-0.015733707276792862,-0.006590189212336018,0.14307132622185476,0.22085032564797905,0.03505613373114124,0.013085604851805424,0.029527887588122116,0.14813850457889896,0.20950744536441246,-0.27596707492055406,0.2047972400518135,0.16790295897089344
AGCATACAGTGGTAAT-1,0.05657127454532216,0.16388831663519252,0.027708388225691993,0.14103494614867157,0.07606833386234656,0.07369660274743262,0.10965292335929021,0.23428724654756622,0.10383728359265586,0.48878378047577553,0.1799777318383358,0.21184507309086106,0.18628047494025693,0.1961539592476553,0.15317027092189425,0.10619205499329125,0.07159531072516993,0.16211529285082865,0.21036485163901236,0.24729271663698674,0.0003147997043412299,-0.16324930709655391,0.15904736447038204,0.1535381641387727,0.06360134071888017
CATCGAAAGTGTGAAT-1,0.08051120762376594,0.270191608142206,0.044715972462156736,0.11753970180778872,0.19045331570425206,0.11243498949245438,0.1892724910566031,0.1133336377691062,0.18277148942738325,0.3043230127022477,0.10233126900027026,0.06368270071854862,0.1324112216543675,0.08686457587731693,0.07979128343847791,0.11354164167268213,0.130952204302131,0.04716029680809672,0.042825940724150705,0.08868617625705225,0.025825029748889405,0.39278158463958435,0.2621456068950156,0.17811763284374307,0.07852180379844786
AAACCTGCATAACCTG-1,0.19137880738058527,0.021752611553487754,0.16410198416990612,0.127947301317937,0.011117054231164205,-0.005595072143098897,0.012446595246033094,0.027404685214982016,-0.009101042056356935,0.19783520918707018,0.02675797965700795,0.033638422136834205,0.011715373679196533,0.030656788385710048,0.031333206501301926,0.16282877696185763,0.19891291253192842,0.02509764084917016,0.21168176008751585,0.03800752358625466,0.014419129911367089,0.13351487012002466,0.19079936433687625,0.19548977666724981,0.19881059807050486
AAGTCTGAGTACGTTC-1,0.057970063124018915,0.1386361597582077,0.06777698985459528,0.1533364035939241,0.11260417201225283,0.06030595725740609,0.09672694138630496,0.23224696358832744,0.13486015117267725,0.19625696942939083,0.2105517080750049,0.2366460295955277,0.18856765320811503,0.23817012876084775,0.20232553324206629,0.12784549455514535,0.07226956269970683,0.20186518542891654,0.28186056276725313,0.5105064631808234,0.025860039741523455,0.2785625162559517,0.17899142314753053,0.15421091054719463,0.09996910804393154
ACTATCTTCGTTGACA-1,0.025224626824378833,0.20167193007336387,0.012892020524370253,0.04564784182129439,0.2102714039029988,0.10955755043098443,0.14531325410864904,0.12041410663407418,0.1411898414783949,0.22122199599283485,0.10063279033060304,0.08131593683828256,0.14933245369600917,0.09304617628900372,0.08607784375403481,0.038084313411450146,0.10259336785641318,0.051914696303870224,0.07128552609310117,0.06745898439471497,0.03498808635147108,-0.06597894858763163,0.19124702278244743,0.12676419161834548,0.06395353760271325
AGAATAGAGCTGGAAC-1,0.19274561891498382,0.18974179334851546,0.06691660676531488,0.13566654934893102,0.1119826839590578,0.042535146009656355,0.05306959807340121,0.031114671669155103,0.1103795232254152,0.19164358677902157,0.047240766141778766,0.010331353680683573,0.019479908710161642,-0.002779554147685473,0.007372362328008159,0.13849107502083036,0.25541813706490996,0.02756959947200428,0.0201213533832161,0.029172751451750155,0.17760693652558318,0.24059259758593787,0.22603300412006472,0.1601645631923843,0.146237203416374
TCGGGACTCTTACCGC-1,0.15261582700238188,0.2690288455049758,0.38806113974453516,0.3847819662651131,0.03222299834168332,0.029657448784366828,0.03618324601627447,0.02485482577061521,0.019918393627394174,0.1625363826395577,0.007730515898019963,0.018148988166117905,0.015468945463658694,0.02066537494068948,-0.003131964889107925,0.4325374854199513,0.16200101264719485,0.0676950633188846,0.04566878804968397,0.061445783474984805,0.05408560728081974,0.2805044161131909,0.4478427675563131,0.5126812598234858,0.2523703209651215
ACACTGACAGTATCTG-1,0.06378111044180772,0.23388403409108274,0.041198137808515486,0.14501830590397105,0.13094023561752471,0.08398800934832475,0.12511824840985844,0.21916861741559168,0.15142711848024556,0.60705578004371,0.20977225055971752,0.20441365657833438,0.17607116964757732,0.20338624234734984,0.18383831449563906,0.12005255419648088,0.12424465011550248,0.17817138956733763,0.2144739528846035,0.2463047533846242,0.027856141202014455,-0.21719602466218396,0.23729413044327138,0.16403674145319966,0.11504508461636373
ACCCACTAGTACTTGC-1,0.06037803811930218,0.20104998546986877,0.040179438819090536,0.10291601425396006,0.09474262162749834,0.08899605058515751,0.118280701740872,0.17767508858091208,0.09156268810919864,0.2029819526037737,0.18581522541810694,0.159827785030284,0.14424032665473616,0.17472869684038025,0.1396459868056824,0.11300399761286738,0.10252066518012228,0.24598496177657636,0.23381507657809514,0.3612474238571213,0.021583812290922964,0.055305022022271035,0.21747048714672193,0.17471628264226025,0.10997117668359019
AACTCTTAGGATATAC-1,0.0745238718905857,0.18737284689679215,0.10631196653579028,0.11789016505207488,0.0630844022670348,0.05514355685579265,0.09642744759516488,0.20148445305434104,0.11938649146900561,0.3913676799928641,0.18337892829215177,0.20632114459220766,0.1424952536458718,0.17342219827479705,0.14739693285848543,0.13238593543652163,0.09424144121008016,0.20519334477098164,0.2123797945508534,0.5010433536254058,0.029746675902355697,0.15454207628555833,0.1652504145568525,0.1494944250174756,0.11667496234531412
AACGTTGAGCTGATAA-1,0.03846603854803543,0.16446938178087953,0.024352068002238252,0.035843348759347984,0.19263481581142874,0.14830263232061805,0.19049740371538068,0.13046134680196744,0.15537602354956323,0.14425814573694293,0.12826984702417954,0.08309016888483563,0.14174514610718358,0.10390562479574991,0.10670832894858527,0.05469219221585856,0.0749788150835681,0.06915905520483755,0.07139079669390674,0.09160759287993452,0.035170861609500524,0.12728900175091706,0.1614506441785436,0.08671910797875347,0.05845357302056296
AGGCCGTCATACTCTT-1,0.04961880508413484,0.19777249910912692,0.045128341954811246,0.09107149302979463,0.21571100399361337,0.11614110122637505,0.1863208041438937,0.12082529432218089,0.17874889159367852,0.04339264279315881,0.11275811819913957,0.09627183827691521,0.11892529832300242,0.10288843513556817,0.09815720393759968,0.08183649508130152,0.1412050086816622,0.09712119715507309,0.051882984456803935,0.09803745779231018,0.02946094962742435,0.15528187331705068,0.20378018962702557,0.16175215205134186,0.08734553716434999
ACAGCCGTCCTTTCTC-1,0.06720254466798625,0.2459272774871619,0.05118600031556192,0.09591399011621088,0.13785836822726139,0.08467503680607945,0.14459083390072028,0.1722980339267736,0.15741872002160667,0.18968928099997145,0.1625022775664808,0.14357600015377903,0.19125327720205762,0.16518959017652027,0.1693263787440751,0.09465729529844837,0.12614799391874182,0.1377805646287113,0.10641815096449347,0.15509822523145997,0.019713594469198705,0.13650076059461602,0.2508776914081174,0.18694262664864747,0.09153665031839474
GTCACGGGTTAAAGTG-1,0.14953205554949361,0.28120552561941253,0.32135534142494865,0.3787540626516324,0.045743862741955965,0.02810220885329122,0.06784043763397545,0.052724769741889485,0.07047651884883903,0.19670375473736815,0.021095753987820966,0.03298710200478314,0.02362715980769786,0.03511138026466701,0.011912942675688099,0.40017919884960534,0.14642281856076692,0.07774679014702968,0.05784988471853755,0.08480793213225994,0.06797622232689461,0.3337920322604517,-0.06824727282111362,0.5821348588569026,0.24647612786743117
CGAGAAGCAGCTTCGG-1,-0.007862104330069022,0.055370504786409126,0.013041217459065635,0.0029845130892875837,0.06766641802396103,0.13494473903733406,0.07006536250399503,-0.006181148133454496,0.033807723687990544,0.04908867303556423,0.02600365092692434,-0.00545582455892549,0.031062763992636713,0.02924578425438007,0.029742404278386016,0.0031863599228722124,0.04425138718915619,0.05600091634959345,-0.006331382531759727,0.05044160097989614,0.04634019982909908,0.06204539093815799,0.06168925187650033,0.014966400081789809,0.004676704510410182
ATCGAGTCAGCATACT-4,0.10887301822198064,0.4596041128216533,0.1021906997416461,0.16931458920426096,0.06129369301331458,0.009420350497608827,0.05862933518578347,0.05795218704959712,0.08879156657509403,0.23885906531769965,0.03517499074690433,0.026385352301981937,0.046799267876094994,0.027789417268129918,0.028836065046123655,0.17250821883170275,0.15509891195506595,0.04851140500415052,0.050971684563515536,0.06488373152798682,0.07467575564279118,0.38147215162475556,0.3282385394423256,0.2352915804999645,0.1945276479519473
AAGGCAGGTGGACGAT-1,0.05293596063461449,0.18812500647869118,0.04378746354795382,0.1010784288727337,0.137979695334995,0.11786342002072114,0.11182426830952363,0.2639763522048067,0.1381015655148237,0.46520770194931393,0.24254472362607538,0.24152425399797095,0.18217033431040341,0.23567073591438747,0.17770273245594048,0.08403031969374353,0.08172418064521647,0.21389033769324386,0.2486192863023019,0.2696268376011537,0.004341978406501712,-0.09567985819127278,0.17622201184342084,0.14576758781656024,0.1019205834674181
CATGACAGTAAACGCG-1,0.17715983668622678,0.3216129406219689,0.3019133755514016,0.37041679948666784,0.07513406226677444,0.05063772767570967,0.09055360774315699,0.055955855777036156,0.055264002673576146,0.2226262668059688,0.021072106029451296,0.02326075583668156,0.031499703343690594,0.036764321968250586,0.03731141440185646,0.3726421219560719,0.1885232183217056,0.06789353219908695,0.029401099825546576,0.05710167738582556,0.08130942011620276,0.3491205074663241,0.03798254173809349,0.4282277954370476,0.27448904025317583
AACACGTCATGAGCGA-1,0.045361480007149166,0.16659448172927924,0.07040327158520301,0.13705938195093542,0.10239223909743637,0.07708155123975605,0.12427952472778074,0.19370866027654737,0.10317517001910385,0.4055740225612312,0.18254375159179778,0.1921149396093187,0.1837416884601748,0.201495689152207,0.15353168821239188,0.12090878334055889,0.10429426951052732,0.20177308617720763,0.25775654725945385,0.28745603394889657,0.003544510120881508,-0.06526166327046984,0.1916752054234831,0.1679725944625602,0.10175986263453324
CCACGGAAGTTAACGA-1,-0.005672660344157225,0.09998241584256344,0.024033636329423156,0.034815948707880004,0.1654021615760948,0.11283512488021179,0.1084317820270451,-0.0044598179349905585,-0.003746293792545031,0.032802596492090046,0.15394570983959902,-0.003936482946649475,0.1586802082229768,0.16224223410423513,0.1493177493589816,0.1623642581112335,0.14167688376437654,-0.004674182599941414,-0.004568214959224264,0.034618628481917435,0.1388963825218247,0.12237602234044744,0.11382400132145327,0.029887131006602927,-0.008945090932331104
AACCATGAGCTCCTTC-1,0.04594820095021058,0.15970641747408001,0.04113265681144915,0.10512583745021035,0.10998585972008969,0.1031292873030773,0.13622119571623212,0.24897058529004973,0.1710117552386241,0.4536025249439596,0.2371250068961119,0.25077879758487776,0.2079230826913057,0.2616317164352447,0.23640749830097968,0.09417595569855607,0.09088230062795057,0.2102013208937808,0.2254209784083758,0.25778555897219385,0.009646938220938364,-0.055604569244145544,0.16287700968268035,0.14741786208741806,0.09489490672538602
CATCCACTCACAGGCC-1,0.05168442121041761,0.25611340139384625,0.04033821478363504,0.09360176221843797,0.19600384079375247,0.11545761866526658,0.1754061607592453,0.17257986736736974,0.1585021136813642,0.3274287040375903,0.1421005388125519,0.13212990576752973,0.15974881300916555,0.12947920191337497,0.1549148966079004,0.0942685746993285,0.11288995270593495,0.10063775437322556,0.1039873157141363,0.1343932855328714,0.025341210893466814,0.40841770297689906,0.2505066141574338,0.16445411005108992,0.08867359663872966
CAACCTCAGGTACTCT-1,0.1672511160953314,0.269184891015222,0.3165679902480471,0.25846816324164945,0.037744319635303794,0.04358925452495832,0.050375332801026663,0.044497068181166465,0.08894449474929379,0.20939005711317848,0.01871804692981017,0.03135502240743884,0.014697529766613024,0.02594522238952421,0.010583619712332962,-0.21493016452043326,0.15989306943753662,0.05958133469077219,0.055691927592428955,0.07750925098638724,0.05732800321818428,0.33261286724040173,0.39414090627287485,0.43958035430691217,0.19254319964982194
AGAGCGACATCACCCT-1,0.03340403797919357,0.1867627589229802,0.03911121296367853,0.05345973712109938,0.17350217988792757,0.09736203436921122,0.1389897307454254,0.12312153043950189,0.15499467262394975,0.19086020369637796,0.10307428808636113,0.10518058726913265,0.1531205805111374,0.11653759209549723,0.1186910219853614,0.054311374711233755,0.0843182951231916,0.05421650310570611,0.08210208267708186,0.09448495399106166,0.03655285136706455,0.06523576130751409,0.1783653886831564,0.10733721968602924,0.11161449985870948
ACGATGTCATCCAACA-1,0.06502272213312925,0.19093537950762832,0.05260603055527514,0.07227690637487341,0.18532317866132647,0.15924504408629744,0.23306573716433285,0.14353278054540888,0.19167890712574848,-0.035234746656126165,0.0978269763022746,0.08828142598581083,0.18418653027951234,0.10863806756806674,0.11085475786208265,0.07775154691787668,0.10703071989625226,0.05800890036374649,0.043367420517404,0.07992693811752608,0.03479756386681209,0.22288104418329327,0.21976598322647486,0.12538347549253112,0.08364095769964032
GACACGCAGTACCGGA-1,0.01895624636780078,0.2075934746695344,0.013705341259096693,0.003618295959999956,0.21261560285251416,0.19469216533481956,0.19369418879505004,-0.006044674325495667,-0.005077589765692682,0.018311178441092164,0.21872512045898504,-0.0053353651981342546,0.1828722841390859,0.2219905654081716,0.2203048825521944,0.019973109088021114,0.018924876007251623,-0.0063352163622805505,-0.006191591692728281,0.19805731168578258,0.2469278255267996,0.18061812205345,0.15831174173744914,0.01570952348946093,-0.012123849512704465
CACACAATCTCGTTTA-1,0.026956230858167483,0.1771991841040022,0.044607170012825964,0.1053608364846035,0.199813661200214,0.11159897471415361,0.1973833469061976,0.10079851916015714,0.17671704426739307,0.21582272953579054,0.06722045371290065,0.04732724572318194,0.1268776723954421,0.07519804971803254,0.06131114628432219,0.07951403796157278,0.10623685104106771,0.06183258359506673,0.04138781898579779,0.06582030087838113,0.0170749925097657,0.27906689470064056,0.19169935622014497,0.10862372845413396,0.06336336520931211
GTCAAGTTCGCGCCAA-1,0.16617368876585373,0.2584033601599356,0.33765400213440894,0.3816065106677831,0.037921480599778526,0.03546392941694195,0.041638078294081234,0.03590671153784145,0.03632980662733711,0.17414811352494114,0.01900862527610282,0.03966681101785198,0.016739829623344655,0.027777693090006952,0.013510472020827587,0.41402001637639296,0.1497504139668658,0.07781211214382634,0.055136073046125826,0.06684628311004175,0.06012743882577984,0.2719547071856304,-0.13213096295793114,0.6405574347948396,0.24321890054526868
ACTTACTAGACTCGGA-1,0.027821170038460758,0.12776267294785035,0.06489150295457347,0.08889321715997754,0.12753295890966784,0.12672635052745596,0.1214274739393884,0.20329401842829387,0.1260236996834425,0.2517763846934353,0.2402109725516106,0.17731207669761023,0.17394933768331955,0.20824071049521423,0.19071969443959952,0.07120096349368062,0.1145245425469878,0.32793864829434155,0.2668169715552988,0.2630884205422411,0.044981484795403315,0.26642268616779397,0.17078535268213868,0.14501718792636353,0.08369065018498173
ACATACGCAATCGAAA-1,0.07685312714809608,0.21287577459802995,0.08792369202445538,0.14324241141192637,0.1596781723120807,0.1471931308545885,0.2318969340918191,0.1677213704774649,0.16497022060075128,0.28883791923888164,0.11105380243240438,0.11261185311726181,0.150970829210165,0.10371188006211828,0.10643892389518653,0.14989347720870375,0.10527353520477839,0.07627003582424433,0.07077471598325272,0.09892926443088525,0.002725806541021023,0.357016109637173,0.2543308434965366,0.18811652681135962,0.09666314035978983
AACGTTGGTGTTCTTT-1,0.07513961212183386,0.17059613767206808,0.0768439557559856,0.12532524399891434,0.06592891760552308,0.08283345825617926,0.12310109751612029,0.19200664089804248,0.11821211836274291,0.37608391089191895,0.17892680809771033,0.20191888591117513,0.15264846806797372,0.18775545431557705,0.16947302293045452,0.1182036084838504,0.0824538765065288,0.18778612882181106,0.24194053257876624,0.4629017676084721,0.027898258164755198,0.1612785376896564,0.22614673070559907,0.15504750068520182,0.13794419652512643
AAGACCTGTAGCCTCG-1,0.16123667211426576,0.18444441500791922,0.4731528323291953,0.2900914082442446,0.04647006182921489,0.06541668378356018,0.050366228035857906,0.03846130166222145,0.07608242275489693,0.14738450998065158,0.026188123238352783,0.025809344760292827,0.02488703305468888,0.03218095247580157,0.022340813522381715,0.4181672468278286,0.12966788918072392,0.11002640874212496,0.06474876601677293,0.07930139743816951,0.05635269897505856,0.22161685817587345,0.3542039617657842,0.40938540672701823,0.18590655650642898
AGCTCTCCACAGTCGC-1,0.2423243185782911,0.27445197029734836,0.09429898624019623,0.1474066557110122,0.08713944220390968,0.027992555677219505,0.05432762255960725,0.03887171744192898,0.10314525468970097,0.17202463900204662,0.03217074040648753,0.0018679013130383155,0.017958465086083068,0.021501213758792544,0.007255870368760017,0.16460812074744247,0.22369210456243335,0.035149298060382826,0.009291438636173177,0.025093226458003517,0.1737503933625278,0.37011793106803775,0.3169148518748942,0.2486907475223094,0.21723096739146575
ATAACGCAGAAACCAT-1,0.16154549780799463,0.239309815319384,0.308105492722405,0.24635475753104466,0.05811806869855808,0.044624295132877294,0.07088452850643512,0.04104128162991531,0.07537498080408553,0.17373807969703223,0.030263331642904862,0.026337929122620753,0.03285450783608809,0.029193786633646832,0.013061567128011802,-0.10651725612107346,0.13296724832058898,0.06503309980723447,0.06077700671663683,0.08209370125186832,0.06332223696850556,0.28847137709573234,0.3881883859467733,0.4342842283748624,0.17248595177739756
AGCAGCCAGCGACGTA-1,0.03227010965924599,0.2050566837365108,0.06149106509121635,0.11713778245393117,0.08933908951217734,0.05692391423962984,0.09272494742760194,0.21260820972083752,0.12776769320009324,0.5247569822162611,0.19237629762516303,0.1766752628096941,0.1814289152816967,0.21225180039875377,0.14677172765731197,0.1137149795945118,0.039647880058971754,0.2538116934077302,0.27173891586282245,0.271127031035589,-0.008935176842762868,-0.13900218644507276,0.20687520833119147,0.15961341256928385,0.14984484082881827
ACTTGTTCAACTTGAC-1,0.038562616042278265,0.16620200409903318,0.041855730047569005,0.08208430450997947,0.019521872920231338,-0.014611077480378754,0.0399649711785962,0.12583623641303848,0.0517635077432328,0.32561666850158977,0.12691733812521505,0.12454896707024678,0.11903687769919453,0.13818452762547118,0.12306171018846054,0.09461953872271343,0.05111254491949864,0.5482844350791357,0.19645827990587594,0.2055831660158895,-0.012682780347056702,0.07670366278610483,0.19442132065054418,0.13697578922809622,0.09504054062951606
AACTCCCTCTGTCAAG-1,0.05515119605379721,0.19850748194816234,0.03908470813084939,0.08704770735071246,0.16020934170391632,0.13296161281400085,0.14785151534849,0.21269261614767426,0.17240511294535832,0.4896364618847599,0.21531866282241505,0.1745063104470735,0.2156224678778811,0.1964828950098491,0.21165975826323558,0.07742333418446452,0.09997813393271131,0.18762748515951477,0.14339496315964576,0.19501501463102325,0.017791160568023406,-0.16834645325128617,0.18224873533922908,0.13411962210638734,0.08993572906347796
AGTGTCATCTGTCTAT-1,0.04145488260512539,0.16929306160600885,0.032247556626372596,0.0676547255876167,0.20094975324266115,0.13976405630624528,0.2087506984142582,0.1571263900338101,0.15502622735325092,0.31637634797407516,0.13075430648788786,0.13475018277446332,0.1838688602708773,0.1620895349081645,0.1473440115846701,0.06797071080515733,0.056222321778230604,0.10615339322792808,0.11831045767276671,0.12380840576548052,0.02284926139424197,-0.06029664951311998,0.18620770985297097,0.11882523692652477,0.08847292492894983
GCATACAAGTAACCCT-2,0.14741570770142223,0.24987645164323424,0.1564579406330825,0.14872364016636883,-0.006537228654161703,0.009824117936554574,0.017660949632094313,0.022216768951291,0.04413871691533926,0.09688078456385447,0.020925500563078347,0.018272704948808588,-0.007137596572416492,0.0149641641149608,0.004081693268586549,0.18210703715596677,0.13823612660093448,0.03937385119894376,0.06273381293688675,0.05149497978272036,0.08610414074812628,0.16698511642828856,0.271702654216518,0.2700266795100309,0.40840262611486067
ACACTGAGTCCGTTAA-1,0.23888179219582767,0.301944861877601,0.08835541093146485,0.16682514189778302,0.08304949749507613,0.02356700109991869,0.04069887288250418,0.036088350380053556,0.08417890875971802,0.18077567020061475,0.0038907836150147497,0.004990452307901235,0.02775099356450132,0.00099744691185636,-0.004743522521397721,0.15551278518077927,0.26209673949069856,0.013133543547687618,-0.011070010639322812,0.016495514201054388,0.1935904720193756,0.42837328772414673,0.3139606181113919,0.22703604394828683,0.2176226298449026
AAAGATGAGTAGGTGC-1,0.1260656454744461,0.1701708663151097,0.41901345529850403,0.20416437999790016,0.037016349304726054,0.060005329806333,0.039131174242253215,0.05279208117338856,0.05521743042408223,0.1264185157751981,0.0050163474919122765,0.024312656997314934,0.023504822414969664,0.02062408419938033,-0.003584426061173449,0.302871206146467,0.1258722490491506,0.06127160769655749,0.03964950387308021,0.04249000922978549,0.07224290301517736,0.19078677340494324,0.30196499436518187,0.3768024539180824,0.17592547824868787
ACATCAGAGCTAGTGG-1,0.09184335436182733,0.16671938152240828,0.07668329494867565,0.10684026942456903,0.14470120199390674,0.15079538112213337,0.19206611131074905,0.2269472727082706,0.16597405919024816,0.3827481623599883,0.18808980474643103,0.2112027834478205,0.23946383463801416,0.2456905143946023,0.2607994744519965,0.1182997827309453,0.08459669911857735,0.17864678875326867,0.16561797375709525,0.20862076177798702,0.024497299446645967,-0.0017544028547514302,0.21696138182051167,0.16469322895568517,0.09440950133989329
CACATTTCACACCGAC-1,0.16948661766373968,0.14881124258939998,0.15878160612904418,0.08032866724855245,0.011840720151732254,0.03145236241086088,0.034927006533334304,0.028177253685865652,0.013990496779265837,0.05814172764296831,0.008719161236224663,0.012848902402028467,0.033633381631362806,0.011041190875725498,0.011472026829847479,0.02825501055803375,0.18388654399998733,0.04443565241400965,0.027247489169112002,0.005290909332831838,-0.008587040571905073,0.16828936230591693,0.18362389469163715,0.07320826171962566,0.03788081588037957
ACGCCGAGTTCTGAAC-1,0.019368709207990758,0.13770444301285828,0.034824308875222074,0.08031107034369066,0.22351306595298032,0.14430293140310185,0.19803531338736632,0.13576631184666604,0.18172450469959422,0.20979544858453672,0.12456107274967335,0.10350959948444007,0.16726340631481046,0.1372251279539166,0.1293859956748451,0.09196022027876703,0.09745696477368991,0.0995599389339459,0.06449149083060228,0.10561351553236814,0.019977829587010724,0.30417829040868816,0.1715794398524316,0.12366468161111317,0.0700446860266501
ACATCAGGTCCATCCT-1,0.03423448677526046,0.17753722988341258,0.04384381369102522,0.13025127334014336,0.0723233880798853,0.019544350463501548,0.035598264469687134,0.20109513118528086,0.07889208100759361,0.1595188659878195,0.17438218635002334,0.18754107572515627,0.1228908091820394,0.17278459501097207,0.16453509303079966,0.09827389483894323,0.04716378269832477,0.22383124505322272,0.5691319151011521,0.27158801979765623,-0.0008876068195454262,0.2567364696803122,0.18953837669712234,0.13990250828417866,0.07370710488301677
AAAGTAGGTCATGCAT-1,0.1394185829804224,0.15942536820680625,0.47322631308331575,0.3412244063081445,0.0066697151794843845,0.011203704997220601,0.02079175142080401,0.03554543767647555,0.0225357004904433,0.12156020602990388,0.012541164580093704,0.02050386872181253,0.007084438640205388,0.016754845511655903,0.005428744137455877,0.38913667194686163,0.08705473844125887,0.06367701454705736,0.054927564412880665,0.05511371523670357,0.024145603497274244,0.18938902442972064,0.31580202142762,0.3322886476728312,0.21276366673237512
CACATTTCACGAAACG-1,0.18098234849206926,0.1664259754918722,0.04834032086798554,0.1259777088694086,0.06275809572939654,0.030007532068687868,0.05446185053050777,0.020511247543344276,0.09491457766998497,0.1416405910239396,0.01066812068186573,0.005108411925047591,0.016388098334665615,0.0027414627812532813,0.003258864440398847,0.08787400821462259,0.4951510911274115,0.037787601843886805,0.0291201154130969,0.012797664164610622,0.6205809085056181,0.031139085055077894,0.16213468339256015,0.1224706449882741,0.1299271235702711
CCATTCGAGCTATGCT-1,0.04374402656881077,0.15486054645103378,0.044206838083047116,0.06435891002476712,0.1961869039698715,0.146915912363441,0.16873108825579974,0.12190990555031975,0.1397685324586904,0.04070466236890295,0.1288483679460476,0.07397949802249658,0.17440267438486753,0.08930093127114914,0.11358632341161405,0.06092868896463165,0.10806100961207896,0.0453620757047123,0.048004869078710516,0.07495666985951396,0.04482063486761421,0.10639290564354657,0.16447445742031566,0.12220339430809572,0.06394075020686463
ATTGGTGAGTGTTGAA-1,-0.011021467383873905,0.15117120159630756,0.03539765543597131,0.13466661741298286,0.15307134238666326,0.11687627647606533,0.07373302782169927,0.014873276487715636,0.02065316879974899,0.13837605932009847,0.1654939833808739,0.018913075363580882,0.16164443476784315,0.16922627756627656,0.15699737720131499,0.13391240510062324,0.007715190473400722,-0.009081515187946424,-0.008875629620143466,0.03145066909920151,0.02205891762934187,0.16416079215278373,0.1418930710550777,0.15836298709769536,0.0064411453099007575
AGATTGCGTTAAGACA-1,0.05238399398853433,0.13625050244199716,0.07642367578663534,0.11008852100544954,0.10570229993378934,0.09736247481973714,0.09798873208801637,0.27646010943314064,0.11568507410290349,0.4003337155621621,0.18886751465638127,0.2933764735793799,0.19275191096300753,0.2186529689300115,0.175117664085557,0.08526328837363564,0.1041265236138728,0.20225199187620557,0.3781586998531715,0.32306102032987133,0.011287719785599712,0.23951024490945155,0.1704088200952917,0.1335833394087352,0.10594072049119241
ACGAGCCGTTACGCGC-1,0.0339368211313693,0.098564250747994,0.08919376004498433,0.09963155816029763,0.11699633584145763,0.10650539572481903,0.0946889333348623,0.17471935652710321,0.09814574119400384,0.10298764065044716,0.10124757017906338,0.2663396012843265,0.10512082112619976,0.12390243943499701,0.12663171809952822,0.10671091259834509,0.062151725260194676,0.1072738127174049,0.08741429823161183,0.10648703853477122,0.04459870886227397,0.3035528643456756,0.1291010114476174,0.1824221020218938,0.04415532121584399
AACTTTCCAGCCACCA-1,0.1521324569180215,0.2218136264412408,0.3954793313418392,0.409441042005635,0.050558008509593,0.051043105762635856,0.07195019293488744,0.03149874571725536,0.055572112134897655,0.1422831755388086,0.013141238230207915,0.01461894700520773,0.022974764376470773,0.019327308764484033,0.011819170882797275,0.2896029872532054,0.14151259511270248,0.044579711994681144,0.04607923098625988,0.05825008079582609,0.061110864409064464,0.271564506693458,0.3936791272226996,0.23740077429697973,0.23166115463724854
ACACCCTGTAGCGATG-1,0.05486418679147554,0.16485445642330943,0.0600942283127035,0.07755614289037958,0.12422410715173324,0.12492824017808339,0.17382220878699978,0.1160051716276742,0.14483561760403105,0.059192944203131925,0.0764289587851925,0.07119105669824378,0.12337463372563517,0.09544271912147631,0.07682659088996671,0.08860535485813517,0.10034455134979417,0.0336948987533727,0.03518696944449445,0.04450894210098664,0.02975382678051478,0.08440380737053266,0.17205761244794932,0.12602102583091468,0.06800274188693578
CGTGAGCAGCTCTCGG-1,0.14650871033329185,0.28820991242377714,0.2812259289527024,0.5284269096308846,0.06939101060085179,0.08617173162106721,0.13287482542893236,0.17404667778036378,0.13063086179843456,0.32605523387553864,0.13478401250709754,0.1776897192352081,0.142817666852628,0.1614476792463753,0.13035530030260836,0.4324304825186293,0.1647152392226627,0.13979675910772538,0.15707596301769833,0.18617384291122055,0.04954370303720284,0.10697921513410391,0.08891654754621306,0.28471977933587067,0.20032569426534552
ACACCGGGTCCATGAT-1,0.02935550454882322,0.21092507783407072,0.05544131476975471,0.09665568223735839,0.15806782536801597,0.1089725327197488,0.17545392476015143,0.2007962233849538,0.137160156338207,0.200987506432193,0.18838125734536876,0.1803724827341825,0.22999921437631488,0.21025195632123023,0.21450458424317695,0.083858662194448,0.08568854700628634,0.17322971732112924,0.1760726928403753,0.194821037457401,0.01517395297907403,0.11276537895100976,0.22221173386746046,0.1433800420067925,0.07722106823664492
ACGGCCACAGCATGAG-1,0.07454060951660418,0.25294557752364183,0.09932397199350901,0.15341832736009103,0.18028577647333172,0.12953855470252856,0.19309877951108229,0.20519443724614944,0.17057987556275245,0.3700259303102394,0.18483647692502392,0.19742134800517178,0.19863024562623854,0.1939842445112656,0.15594708608471375,0.14056367254808128,0.14056693253900412,0.14001398449125235,0.17681393786032465,0.22441659233563863,0.03648103763525501,-0.017636442066830328,0.2545747275046635,0.2091588497018452,0.1424038598487757
ACATACGGTGGTACAG-1,0.17386135379874074,0.25534980244969496,0.6044640469166931,0.3514352490809457,0.03233185605919579,0.04409430049150425,0.04517433615670433,0.04091340705968172,0.05684319350378269,0.15875145989206094,0.008345905249535752,0.03518099987731797,0.03370902451099981,0.02143354667649257,0.01388008944824465,0.46481262763916287,0.14653380564846447,0.06535050375739375,0.05185736085944317,0.07501098097119757,0.06368719707483289,0.28623028526222594,0.3842558828095707,0.5278271630532301,0.26188187046930234
AGATTGCTCATATCGG-1,0.053355171455293844,0.1969046952168868,0.06114062320691188,0.1109924620072715,0.12105213469354817,0.11238804230757979,0.1896863907584276,0.16573202088777259,0.14189008686819332,0.07821426422593754,0.11855944354138324,0.11209532479837811,0.1416627166148981,0.1223113870536188,0.1347505062877367,0.09591988744815659,0.0894789840033444,0.07706884072695461,0.10641610860209526,0.13081071609329523,0.023857179952604366,0.2374648744758358,0.17792790240095258,0.13568545952168046,0.1035093962183273
AAACGGGCAACTGCTA-1,0.043700649119807325,0.23404625528699433,0.06358484723571936,0.10761621768825559,0.1765411288346706,0.14176076685565275,0.20383077677302272,0.11474463554226523,0.1630014153379194,0.27806330728438633,0.10535760735086953,0.09111130983323093,0.13235055688635192,0.09103022195933465,0.08514592288350423,0.1023283237288638,0.09264415491976256,0.09095771121542513,0.08633541794307291,0.09827198778698538,0.024727465282783197,0.3565580663543858,0.24048477174827315,0.16725245353235893,0.10402069608493647
ACATCAGCACTCGACG-4,0.09403436801985958,0.0499075197838636,0.08218634055826893,0.14246438295407035,0.1136697006396525,0.1062928865578204,0.11831226333942123,0.17711753316173323,0.1036384231578755,0.3989442557601926,0.1411042073141789,0.1275032445556666,0.17380479259273143,0.15470129555728596,0.1597304812840213,0.1404807655883563,0.10093964285564123,0.13137852486913199,0.11853793192426988,0.14020129220985292,0.02058883270158679,0.26803992418904493,0.2269105646405431,0.17208779545988723,0.13922043351453642
ACATGGTAGGAATGGA-1,0.19688443100573777,0.21137179903042885,0.06386160228433582,0.09316907212811419,0.08614167032293026,0.026136093850850094,0.04512597956343496,0.023642210109465316,0.07203293030795264,0.12721976214373132,0.014328430985426008,0.010966017069008903,0.020442400327433437,0.01780922729340568,0.008712966594101127,0.1175290043648265,0.26516393523606674,0.03810876589228365,0.012506160380570555,0.030697283281340887,0.21016910211494455,0.19551099902646243,0.20175412767907625,0.188812172001745,0.20435919038452316
AACACGTTCACTGGGC-1,0.05440677010732179,0.17714945634546173,0.03300331369538918,0.06881557272516113,0.13067866717675208,0.089502463777579,0.16651257691105376,0.22190738836036172,0.163531327843907,0.49934530769499363,0.20036849855344646,0.21479215210540095,0.18278041492994998,0.20092901170043936,0.22397773720210978,0.06989949826878963,0.09615109437083806,0.16482998929775144,0.18667138034237046,0.1861582612123306,-0.0003021064175403784,-0.12723376688359364,0.16299450258844098,0.13456514182693471,0.09027495060959581
CCTTCGATCACATGCA-1,0.06255427280308726,0.179875201714874,0.062092873759253146,0.1683358773724869,0.11655042364402768,0.05060943542569469,0.10015784488839072,0.17534916899362718,0.10586939842677723,0.341613258360949,0.20636048641396953,0.16641431563974515,0.1366996200672361,0.18162503080360812,0.149175426758585,0.13797198960824406,0.11472840047699734,0.2800718583008551,0.27156110100467634,0.2831040622625344,0.028166114814858385,0.28551768072929734,0.20154090811035938,0.16962522170168348,0.09220957433032448
AACTCTTAGGGATACC-1,0.05452395881817757,0.23654071191134948,0.05095392812391508,0.12643787894848935,0.12758549689024778,0.07172139219324798,0.13946369545776424,0.2020983507732096,0.12518009247694625,0.5011522801879056,0.1609998622102244,0.17955339599118478,0.18749260475922647,0.19232930379305682,0.16662895312111242,0.10138387421772699,0.09299688486324267,0.1628085891597206,0.19777495228665715,0.21206507117632836,0.018793708527423385,-0.0912077737036071,0.2261245577334,0.1457887974135296,0.10407561165877066
AAGGAGCAGATCTGCT-1,0.04361036336917691,0.20057663125737726,0.06013646926253364,0.07654470562083411,0.1786832103878404,0.1590323178042907,0.14690555223543963,0.12333801963189023,0.19232358269253122,0.21936868686909267,0.08888784450070437,0.08255264342839949,0.09290783364078874,0.0874464189591115,0.07754129023635797,0.06763854387172968,0.10395327051156705,0.041955074821232084,0.04452440132833785,0.06478473131275383,0.02432776016092622,0.27363599109869724,0.16879935753135974,0.12703610098312185,0.07105666031047862
TATTACCGTGTTTGTG-1,0.08091737284138445,0.27570674518651234,0.06475472075807981,0.10717427756084254,0.16387563110889583,0.09281837145019077,0.16005455527046789,0.1583500603212319,0.17353663667119196,0.30773660900883953,0.11471279068899172,0.11846488219863323,0.16959756904871479,0.1360316894495221,0.14581935954715403,0.1033722395890226,0.14326987938548064,0.07466145743939234,0.0749200774527681,0.11406618419834942,0.05405511502072326,0.3917235375249827,0.23573394236665465,0.15177369894956266,0.11802432755626562
AATCGGTTCCAGTAGT-1,0.056263320465547974,0.11013078075809253,0.03540911959127141,0.07842511583852003,0.08333317044553559,0.05538336063179776,0.06104296499915006,0.19907184371681497,0.0642162787594743,0.2691543603418258,0.21995482866679136,0.2185877375221773,0.1731511470035731,0.19154089587160472,0.16944767868943364,0.08020154362733412,0.07328788013953541,0.42239855876519833,0.5741392936197698,0.4132459813498776,0.01223019874593993,0.20486706609510436,0.13032428147148886,0.08648464154308032,0.06136220709475325
AAACGGGTCGTCCGTT-1,0.015145232188866094,0.12012621410283554,0.004762855466674795,0.00738471686094498,0.284944354679197,0.17214702176648472,0.2120427120876586,0.13647870412174662,0.19290425016957571,0.17346816439328008,0.10413021830684303,0.08845673023160404,0.1812037205010178,0.11572248098549515,0.11746529844498768,0.01879234003291172,0.08060566982133713,0.06852945217379401,0.06046831819905378,0.07855789292483978,0.059613750525232226,0.22227780265482558,0.10723964322983717,0.05571455053729324,0.06336529686961558
ACCTTTAAGCGCTTAT-1,0.034350228678572146,0.1463840649270163,0.06850030053605578,0.13792538845485242,0.10292439830818988,0.1438353062013495,0.1298415090318483,0.5060458958276945,0.1239535817986714,0.5128585216820736,0.4801693702611019,0.3936125458018646,0.193672629539248,0.23881821880082732,0.19932577795370426,0.10138982667788819,0.12669460723297757,0.2173779636962704,0.5324180441965539,0.40172255572231597,0.006983937285192866,0.4092738498888779,0.1593623524056341,0.14431102031525142,0.05180383766945207
AAACGGGTCAAACCAC-1,0.05545733408283899,0.1342871222427868,0.0462779789452254,0.14524965536252182,0.08149108175503267,0.07772343228131183,0.1169105889400503,0.22168589117636803,0.1014842979887018,0.4424223383322851,0.199631658021952,0.21622123253606196,0.146647107062885,0.21973328994546154,0.18199896859665177,0.13291056016025368,0.08403664053704835,0.1913567853381537,0.4441591279740185,0.5277695096751588,-0.008191389836223561,0.21137523966585073,0.15580719704379276,0.14172326120558396,0.0777191105996463
GCATACAAGAAAGTGG-1,0.06078294804377792,0.10884278050511215,0.055172657025408925,0.08580986766236022,0.07604881339678794,0.08190325776066266,0.06623156325197413,0.16057508923269231,0.09646653750732567,0.38601186613804167,0.1820189391284435,0.1594782944536403,0.11730461978047792,0.14870920421211467,0.15167863445343513,0.09240826335533908,0.060283554001960366,0.4120266049339454,0.3282852090516964,0.38880129717103357,0.014634370861971746,0.22444225462071207,0.13991715166293525,0.11463848545489838,0.09572370465460467
CATGACAAGCATCATC-1,0.17012545082575634,0.27960035319269233,0.3768709030798543,0.4088713422935147,0.03792021771267341,0.04363268917480335,0.050898467792850274,0.02216381966049462,0.06117043242606423,0.19170866902597367,0.005913634763833065,0.01572606540179612,0.014749487171590553,0.003244005096106596,0.004050761433423765,0.426758172935717,0.14268310330477998,0.07598078587224692,0.04992732790295344,0.06929562343270577,0.05042431569838693,0.32340982883658287,0.43284275804031863,0.5321744513738258,0.2216941114750053
CTTCTCTAGAATGTGT-1,0.03941315064291878,0.20735828494005565,0.040715325036889106,0.0955098171004346,0.18939177233523996,0.11638707474069296,0.1834013706242382,0.1775903616826214,0.1618373245253643,0.21858285315893686,0.14797122078583802,0.14190671109120565,0.18654948421993103,0.15767412316332702,0.17160050275284738,0.07137546316054388,0.13093763639585093,0.11425797861533096,0.10174910449305195,0.13788118345302727,0.02002362558584995,0.10582248258925071,0.22589783371634597,0.13761537503866428,0.05931359135468468
AAACCTGGTACGAAAT-1,0.058977340087065136,0.21437214091472132,0.02977395095527498,0.1257851469555051,0.13678982176297544,0.11873004947852474,0.13471480915264172,0.2756526506341391,0.13990745401254132,0.5392199725765408,0.2452519003852646,0.27034272323956643,0.21715423228516556,0.2612613141959474,0.2369598288396641,0.10230130091036868,0.10484189355179055,0.22607604171520423,0.26768416399623124,0.29557379046465104,0.009521774360462355,-0.132062379921236,0.1860651921235866,0.14710145350819484,0.1077777572709851
ACGGAGATCGTTTAGG-1,0.05897977171204668,0.17039103610838954,0.04748552462185964,0.10002518132387392,0.1298663895919464,0.11371583088632926,0.14565995112995622,0.2360692346544329,0.14043713154294163,0.27952022267578214,0.39147128852708446,0.2185290202840474,0.20358960824457584,0.19550652663448348,0.19803858673168545,0.10127312131862594,0.08963119951299328,0.2072434638624309,0.18942507550802362,0.3674213588831285,0.017343555019210824,0.2642967238732502,0.15782525493715388,0.1362545855334766,0.10174207437726127
AAAGTAGTCACTATTC-1,0.06674197102679962,0.19109978354868934,0.05559854411041362,0.14587902195113198,0.06439085777894397,0.0616995841298528,0.10948844640654569,0.23520299591394603,0.11447116701775689,0.45947910063043534,0.1959370594089683,0.24030474912203742,0.16130974586504365,0.22296466619685795,0.18603482698990734,0.11055337156341366,0.07418126085244128,0.17969211848770314,0.23917367628873779,0.2608440551349605,-0.006608088230757175,-0.038950995880905816,0.1878283161398389,0.1479891440501951,0.10637498404650185
ACACCCTGTTCCGGCA-1,0.03593720163042768,0.1846923249503094,0.02167656809919613,0.10001653835773357,0.13319291886642937,0.0911192287892901,0.14841951879119106,0.2365103240338728,0.14474992878934628,0.35089816176516175,0.21099398117545018,0.1864109998064806,0.17273250467951534,0.21874319351251997,0.19591584978876486,0.08518414298089115,0.05620341998201902,0.15787818427136502,0.1626776314091577,0.19408536072516056,-0.020514878332228287,0.021512458883244316,0.20538220567273024,0.11907774290524113,0.08018046172303889
AACCGCGGTGATGTGG-1,0.11019181578862382,0.219353344449297,0.045107755139408484,0.1339942194279337,0.13915569138937267,0.07540260487939496,0.11551036705424772,0.24486748600732658,0.15241953652809614,0.4733720585178595,0.19497620717044656,0.21232415353001047,0.20482797714017983,0.2060566674660551,0.1701928645764186,0.12352195806434155,0.13974952712067815,0.20275714141559115,0.25438260986907996,0.2661475208702302,0.02408092531833678,-0.1044011286668719,0.18191025563927696,0.15780970465397215,0.08873686535404417
CAGAATCTCAGAGACG-1,0.16105334178271094,0.29753149541374685,0.3529794230410275,0.4023561387948605,0.03776934448891187,0.02329749700934348,0.05179525595641765,0.04200579836433374,0.052075049209792536,0.2064860609066736,0.03214299776773692,0.039161141759484784,0.02961104938273449,0.04064202204248394,0.034241005625977525,0.42998247707345644,0.14162951677686197,0.06403211318156571,0.07981401045962339,0.07111816677922018,0.05344814280943188,0.3306688230732587,0.4462098454125004,0.5029343544820892,0.23126754107750908
ACGCAGCCATGAAGTA-1,0.16218993582736174,0.26916636777925645,0.2989889019265182,0.3525843745220831,0.041875045254185485,0.025871503440056818,0.06194288099553631,0.03979485084396773,0.04929481890297636,0.17926943789380811,0.02329604796533242,0.011511469279585912,0.03355309466578976,0.021318347854203,0.022465470285195785,0.3686259763445909,0.16048667439279632,0.062049162867524106,0.057166256805255264,0.05625745434565817,0.04772499927958437,0.3289483377200614,-0.15100632670739497,0.518949471863909,0.2722697015520146
AGGGATGAGCTGATAA-1,0.16330576771541402,0.25521958678682893,0.37242058814160184,0.1526427656190846,0.009392500302664612,0.0017655919950587925,0.03797208331668679,0.01973009721210343,0.058817644139520266,0.15813876488934145,-0.00616475604478088,0.01121230518211358,0.0009168555793199693,-0.0013225853463851396,-0.009637544425719093,0.34467091001486355,0.14765421677179,0.06324993089949088,0.02689065147949192,0.044918362954646664,0.028212631445020578,0.29578140185322377,0.4321800108232033,0.28384568178734426,0.27032738310813514
CACACCTCATCCGCGA-1,0.18159589265522524,0.27376696645431503,0.3424408748423208,0.49395654538257733,0.058322414178843755,0.030249949208443268,0.06150089466114108,0.026696055257198304,0.06674957252675998,0.20635860927479432,0.01567767559316812,0.018237353590658027,0.026003450872813055,0.01497465815304103,-0.0016735949231826786,0.3049974742644544,0.17803490924000492,0.06633690609376279,0.05513246538260223,0.07876569989236704,0.0725852591050888,0.29599602927316165,0.41053231121858913,-0.019174244930823002,0.2306478427410982
CACTCCAAGCGGCTTC-2,0.06985005210575004,0.2312303471394242,0.015552646177765677,0.03367222725516957,0.018351056543498376,0.01031743246791957,0.007377525406642828,0.012523804305451362,0.022053086986686343,0.10470603863533975,0.0015066291805849558,0.0071191556549486945,-0.005830298097245905,-0.007096358338052196,-0.006629742691309762,0.044690805527222544,0.05963961392644824,0.010173172174821636,-0.009342631777161528,-0.012642406556170983,0.02427906805554704,0.1513348609395043,0.1263495165756546,0.09657054124078439,0.09347936028264778
ATAAGAGAGTGGTAAT-1,0.15763858720324017,0.30770123830573026,0.34411388390653946,0.274301736350066,0.04258755366499275,0.04414937147156203,0.05539154916224189,0.05099337410364604,0.06562942224820174,0.2064360980303437,0.034900853024918174,0.03844817718760509,0.029143460395502745,0.03799600049013596,0.01916984535547876,0.33829829294981156,0.15715315087335216,0.07675994000320206,0.06730477708121632,0.09070479350126734,0.07325024901508825,0.33909662569364896,0.4317525092136748,0.3014895427722895,0.25978458762929957
TACTCGCAGATATACG-1,0.05702287279371655,0.20878428203839666,0.08632663429075495,0.1345371073086806,0.09678362034639551,0.07894542816252036,0.09283623956763264,0.1490925979815339,0.10629911820582941,0.41905095375737605,0.19552739468497793,0.1500213832825126,0.13586971684801272,0.14633717103005278,0.14653056108703807,0.15977826300023878,0.11955767024395465,0.4210334464334154,0.23139033910726156,0.4934087363088221,0.04465635040447669,0.3444547059234671,0.23822103607248543,0.20282212149123335,0.14282010405242035
ACGGAGATCAAGAAGT-1,0.08594630215865426,0.23752354041588983,0.06834732702558875,0.14766700166023866,0.13323241338977232,0.09938756744788588,0.1396793344385344,0.2214329684670363,0.12825831921213093,0.48725046996130744,0.1964631886027533,0.21102897843180196,0.1949037144928755,0.21054042400342035,0.19689377703218644,0.15023813081236626,0.14063602663284117,0.16601966735701532,0.22860091644609046,0.25799021225930185,0.02472299442864854,-0.093474166371545,0.23157617539748732,0.1920238094836128,0.1151346326906522
AAAGCAAGTCTTGTCC-1,0.1925372160480625,0.267296971512762,0.39369727974656316,0.15472472385910038,0.039366162876601656,0.0505495380991876,0.06064495907145412,0.03993822557804878,0.06551796320809246,0.19361720025473245,-0.003263890111155019,0.004717200033559492,0.012094016755220842,0.018396160497466778,-0.007919341645084036,0.0830940200072501,0.1596819760733031,0.0662215826492869,0.05204590476364709,0.07025962707215708,0.05895096925110543,0.28335416494828325,0.4161660593914689,0.46525259065257096,0.23508145325825316
CGTTAGAGTTTGTTTC-1,0.1303848306220397,0.23690380356199092,0.31487756817015594,0.3881868500974583,0.039614338101987646,0.01443255036880586,0.04402001496355004,0.031775397996854235,0.06440503199865948,0.18772921408567383,0.02882555994559569,0.01756222520408108,0.02413910190407101,0.0202297493866223,0.012397829892651365,-0.17876813471647002,0.1566029275476321,0.036761918131010395,0.052256457833078675,0.08197816115832954,0.05267356415006301,0.2649672082420826,0.3828112497922203,0.4092198655758931,0.2144728014026471
GTAACGTCACTTCTGC-1,-0.012528941825217922,0.13967696620581724,0.17994986048038125,0.15851495247359554,0.293184371352021,0.28141615489266175,0.22302828172927255,-0.009850193043218727,-0.008274265360399444,0.16136850807225755,0.15653593277351624,-0.008694327324803202,0.2086730067764309,0.24644421646488285,0.19252872947530097,0.1582257220915021,0.17326110018616564,-0.01032365033725853,-0.010089604523592244,0.007093042119293467,0.26560489968299006,0.1602158403468859,0.1563091399225238,0.16267002349799384,-0.009077176490439851
AAGTCTGAGGTGTTAA-1,0.08854583525724705,0.15106618556719112,0.06239443678171993,0.1079374773159164,0.14831940655214992,0.15397492074090824,0.16547877919989126,0.3103018334323571,0.14838621076330766,0.39979810443781905,0.26283019271201885,0.24196673476462202,0.21562080020456378,0.19466454494280322,0.20916291663988604,0.11919129089098857,0.1253627421431861,0.15926575397382786,0.16434301475005186,0.18640166861521196,0.04979810372707352,0.13492302612444332,0.2030871017403722,0.13655549481430274,0.12460120749718422
ACGAGCCTCATGTCTT-1,0.15737237870246296,0.26097405508512156,0.0780996665769404,0.14876357306303112,0.10864924206647934,0.07118604728012903,0.142751556364486,0.12307504160719628,0.10381876151807926,0.28953810985334694,0.09054133997989769,0.07158965598991937,0.12562662015167805,0.08585785004711505,0.10295821811502631,0.13730396917463572,0.2187114345890872,0.08179431042090644,0.08595178594773357,0.10902641406675737,0.11174531886726698,0.35732081852921627,0.2629365918231485,0.1783640389712112,0.12767249805578276
ACGGCCAAGGACCACA-1,0.015360284507783364,0.1457111555973889,0.06195827626866944,0.05853226534798478,0.12912021434872534,0.1573847409657127,0.14558278076694464,0.19754330919884558,0.1290039272721638,0.3538576499613325,0.23412392302674034,0.15385840971224338,0.17142157601071295,0.16247727722523606,0.1765015491239673,0.08627584640021656,0.07498406633554586,0.18673985680274596,0.17367453953201056,0.16922820105499653,0.016869108325513735,-0.03147891413347794,0.15260220982241385,0.13189267584614378,0.06289883922280062
CACACCTTCATCTGCC-1,0.0680026982968943,0.08206094825727414,0.08824207631766788,0.12816401159797675,0.04065823610663073,0.009983542134081052,0.019587471075978292,0.19660341435811043,0.058705586028169374,0.24266749629075168,0.18381053963706037,0.1916568511022952,0.1143268805300961,0.2013944768432093,0.14633744107159935,0.11431500133248827,0.09998116986594503,0.20723995561372602,0.45236465849746016,0.34715175609725646,0.022617375692290137,0.16825994536776115,0.14804753271997698,0.1432948713761264,0.10179430429844417
GTTAAGCCATGTAGTC-1,0.03115260296589929,0.20083453878737603,0.06376554954979363,0.08775658633094896,0.12468919455143111,0.08474262545498508,0.1385623431760465,0.16781001790880656,0.11457985001282683,0.3575216274558685,0.18449029143825602,0.13992811469435537,0.1458141901924106,0.1474364961725319,0.13167151818578204,0.09682615425810999,0.1165391378758404,0.5242723973033161,0.19845391255693473,0.21024773731417068,0.04010735139576006,0.16148704637832875,0.20422113797291266,0.14551171300677973,0.10637506158493217
CAAGATCCAAGGACTG-2,0.06721720816889229,0.19916840623951146,0.07902208257236437,0.14847199541487108,0.10787771165703787,0.06703214252176797,0.10329566376118395,0.15758702412130549,0.06856424838515261,0.24234179686610283,0.14632115705549775,0.1759581388800599,0.15008946879862536,0.15289555438740982,0.14545523992091464,0.1333719641057522,0.12474644463867994,0.20562384874719167,0.24926377204988998,0.20904056711602895,-0.0007813468049779818,0.08704421486817135,0.2463576646441418,0.19064325949174052,0.12852952136074156
CAAGGCCGTGAGGGTT-1,0.2476248027831137,0.21796637214285605,0.052681897215159645,0.11139323281686656,0.0947211030679203,0.04878181992864976,0.06366984266431647,0.02960682426294623,0.1031553562137444,0.1639622596378876,0.03801387515620414,0.02741030241761994,0.025906936515343374,0.023713134782661894,0.013355261971258551,0.12740551629045005,0.3825644191007259,0.064432528432953,0.03707868275867281,0.06415883532736963,0.6084784640239811,0.22618327889439552,0.24805001249444886,0.19686585508259566,0.1689482373817069
TTCGAAGAGGACATTA-1,0.04394558666652799,0.15879191896983966,0.048152187881762294,0.0790322355597698,0.175494546232717,0.1409166876525549,0.18249474921270403,0.10096306146966483,0.1586691053040988,0.1347459127241604,0.08946087893543295,0.08005485014849528,0.13652786484312873,0.10068630728758113,0.10195377867137828,0.07675623443658758,0.11435971532468821,0.06014516050789023,0.044742382108007094,0.09678428892978261,0.03335919690624619,0.020133783164685014,0.1910633588932725,0.13233221815322646,0.07061808296267637
ACACCAATCGTTTATC-1,0.07716603936293873,0.1781391307188074,0.03325403873504879,0.10487132219057407,0.1087392504731529,0.11970619404560258,0.14364235957226495,0.1880145562431643,0.15934924785305452,0.5063973838698108,0.2035317151398107,0.17998329919592004,0.18588956186118788,0.16712919062270712,0.17842382739585447,0.09907936347608343,0.122410826931727,0.18210212121354452,0.1736019035427029,0.1805449640993826,0.03944656173089847,-0.1487987137691697,0.21039176890477015,0.15187977850033174,0.06012699042540722
TCTCTAAAGATATACG-1,0.043780715103866726,0.1832785640499918,0.06077103878524236,0.10006611928335642,0.09451455973527019,0.05429080691008259,0.09963020234543238,0.1731860962005442,0.08253117611119497,0.47772865734848696,0.18946674137169242,0.17296027666475386,0.15673706203378224,0.1793597452426143,0.15316307296565368,0.0845104881273041,0.08373360233420046,0.23460816646924437,0.19822399617263112,0.2513434809511058,0.011561570109962187,-0.06778704979034228,0.15532486536004633,0.11369361550213207,0.05796492353717893
CGATGTAGTCCATGAT-1,0.04044734378484164,0.09758185853333726,0.055486072337543914,0.06822246805463436,0.08551882965363693,-0.008370242977237737,0.015789600101711716,0.062030257128539545,0.03187373333196811,0.15016806477890085,0.13749740183964396,0.08849496351035441,0.08669960859686432,0.06806990818909567,0.08374275870715364,0.06945951189180999,0.060369056401442404,0.3644235649074285,0.2618628768475152,0.16403466142166936,0.0026029477826189067,0.15474734500933027,0.11892049275669907,0.12766998849004832,0.0728541136598873
AGAGCGAAGTGTCCCG-1,0.425583589270676,0.17721493314028358,0.09743892906819032,0.10563420301544774,0.07678242331160903,0.060021530336898075,0.02606710954617019,0.017699335459244844,0.0984970736481318,0.10172500027438101,0.02863404898352512,0.011052885042711368,0.010406569431812935,0.008697136190370637,0.009258933587706287,0.10745679428867598,0.43562805622241285,0.03847149428943389,0.004969861647963241,0.011115302720038148,0.5011470098978807,0.1694526504342128,0.2846977447538544,0.13510469081838486,0.11206354095455097
CTGATCCCAGTCGTGC-2,0.06766209789143209,0.06835440788839883,0.02468627179661371,0.022947895138786343,-0.013525560103614866,-0.007791799673812877,-0.013106661668211981,-0.0014635787918806434,0.003519382656167637,0.025757720761279922,-0.0017746720571379325,-0.013317716038151335,-0.013525560004595063,0.0003694280998498107,0.0007874960513985522,0.03049211224502989,0.045986943127496564,0.023756414231227565,0.02493075292818081,0.019377144323373265,0.021473177934270067,0.0436874197835443,0.06982941809470536,0.04360569688203865,0.18889267574728316
AAAGTAGGTCATATGC-1,0.027920568767382983,0.16348691244688593,0.024862954441618738,0.10166257743965569,0.06536866227683903,0.06244064885257802,0.07789385643973222,0.22718567524916938,0.08206828858085152,0.3342210785382298,0.18364026366693545,0.21945236999272802,0.16660860434560737,0.22044080774293648,0.18780664595949742,0.0682578243065601,0.07135081583611935,0.18932498786390423,0.4315268724097643,0.5051824001342957,-0.013329092415155602,0.26028123385339863,0.16503281434126274,0.13926313783029937,0.10436810864427458
CACACTCAGTAGCCGA-1,0.05654875388815269,0.16069748985663937,0.04581144643569521,0.11932884115403146,0.10513743116021297,0.06792492910977871,0.08363550433597404,0.2030327294041155,0.09710782283437773,0.3220014693777852,0.1583685905958418,0.19885722618628193,0.1379371790432984,0.19293238395900433,0.15032044297482847,0.09321029269626632,0.08150946733026732,0.1676001333058663,0.2142410341788073,0.2462246606398145,0.007384696720044857,0.2698887687093226,0.1283113416425566,0.11368610075077867,0.058516188808436974
AACTCAGCATTTGCTT-2,0.02952771340114074,0.12683725236119237,0.20187104843603093,0.09539373710750598,0.02099509199369,0.04463061970275056,0.05096809755352801,-0.008061849830339113,-0.00677203832445092,0.05345499389165067,0.01673272939281345,-0.007115836305018594,0.02101772374214757,0.019483524703990073,0.019910164765416967,0.1058223743199282,0.02961582364554536,-0.008449348998008253,-0.008257795168056045,0.0130206396161331,0.024648783601905443,0.07023276533392675,0.059808573539039206,0.10305052353157909,0.022627698235558196
AATCGGTCAATGGTCT-1,0.07313834072680389,0.1459931692065687,0.06121108927738376,0.14850964391673002,0.09898460161709201,0.051097994787521174,0.10239142816866155,0.188573988365672,0.11815931625761755,0.39530675158343287,0.17102653499733522,0.16437052051118048,0.1378656227940035,0.17073544774159746,0.15373206464679465,0.12811640452041856,0.1190068860690219,0.5017420171031047,0.5546858864039586,0.4969955203768909,0.02075282450195146,0.24334987383037798,0.144824815378036,0.13772230554734657,0.10264570481020863
AGATTGCTCTCAAGTG-2,0.05641195334871079,0.2652383960669212,0.042014843899577534,0.0996550048486496,0.19617585993583375,0.1265784408604081,0.1737985218173616,0.14055018889172935,0.18073295115537036,0.29540490653854545,0.1160250886271181,0.09465004640362806,0.14101423391455675,0.12361621002239613,0.140285264400024,0.09631161076796554,0.1379550938185154,0.06919795116715632,0.05593965437273126,0.10033885687732763,0.053365333599376306,0.40088989167918077,0.24063494398851665,0.16691584633051554,0.11315964022147101
GTAACTGTCGTATCAG-1,0.15905060228849613,0.4423383415484603,0.0821462522493029,0.16197500956037136,0.06402312530162185,-0.002305607792979349,0.041762142592710126,0.023747123013236993,0.07731366539291568,0.20014659038356952,-0.00027765893359824273,-0.00408676885099982,0.01835392917459619,0.0006232303291729147,-0.0034489131179251333,0.15145621593688005,0.18906738206657187,0.00952947861470002,0.003766015345308835,0.02217457786980412,0.09606528956383323,0.37429207620252436,0.34273951451240153,0.24555222501723933,0.2012157048598776
GCACATACATATGAGA-2,0.1487372176807652,0.3170373436186941,0.1525425254738041,0.17323604243407154,0.05797709820903285,0.04430556367250289,0.05321028184048495,0.02712728645323014,0.04776751434584743,0.16110352645368536,0.0314662218161564,0.001851335957556451,0.01738707005838325,0.015183465769654491,0.015797666739679063,0.1927935050152507,0.16355337831603267,0.023923110493590957,0.05636023944108061,0.05058495714167598,0.11080971778715251,0.2727725730113343,0.33291326599533294,0.2818698357497562,0.48103667284084545
AAAGATGAGTTCGCGC-1,0.12488712305144993,0.19830735188452606,0.47097804461500326,0.3983196492068305,0.0226179155927493,0.03570620767195127,0.050700063576350964,0.0518905219524121,0.039903415973280315,0.13011261967440374,0.015580693771511476,0.03671616548152849,0.022518658140144303,0.03230425588725727,0.020409261515167226,0.3965741248019795,0.12393573576023129,0.08160868358958523,0.04996893265029745,0.08172549803050311,0.05694465994177452,0.21449724994866504,0.34571551334135003,0.4080279846380548,0.21474907725919537
ACGGGTCCACGAGGTA-1,0.05314704594758062,0.025885796589990753,0.06110624914757868,0.09685551982529032,0.1885994270252846,0.14685225411592656,0.11548720256745082,0.0842641881967994,0.1602106424081705,0.19436320653794925,0.05630620114895146,0.07090143361420402,0.08870755750299558,0.045357292230649805,0.04668801864007871,0.09019234732919951,0.07465714020303464,0.017590126953804245,0.018438694520397876,0.044200154626589515,0.03512152775072048,0.5716345390101175,0.20781042529139593,0.1577528607934151,0.07726056723434824
ACACTGACATTCTCAT-1,0.5179199018147231,0.20469778032515953,0.08041954450975083,0.13680317577029952,0.06985947806619437,0.019921754085218263,0.03407064914066942,-0.0016240866200028915,0.04824637896977118,0.1460993949217402,0.014313567951034292,0.0039060518677051957,0.003118636533444201,0.0009946541482836007,-0.0069936204762082255,0.1400061539807286,0.5580371547293183,0.03517972901335118,0.013682417244989033,0.01309786375745779,0.6256319875707074,0.31838145125789163,0.30305038519321736,0.19101833956515468,0.18635860907137902
TTGCCGTAGATCGGGT-1,0.048750311865910924,0.15295512624503485,0.03465842163398209,0.09038545508494025,0.06117271715724063,0.023972091873825086,0.05357446287173098,0.17068729620321815,0.046069741283911364,0.28752357343418034,0.2079567712411949,0.16951660385860268,0.11397475832343285,0.16865188584850527,0.1414841362763075,0.09253434318744475,0.09783371876450511,0.34634181762292215,0.3959457222185502,0.44150385639096357,0.026503089680447216,0.2351641756948549,0.18633719998051215,0.1530697831140268,0.0874444778050533
ACCTTTAAGCTCCTTC-1,0.05169087908692396,0.175497598591578,0.018035952623436744,0.08714747123388979,0.17711979337705047,0.10980762689503387,0.19509853204439292,0.13692802974563772,0.20249640880235106,0.13217008322142446,0.1329068098732196,0.12038942271013761,0.16862734219104064,0.1211773625756413,0.1034014373777905,0.05884916201457564,0.1069573618206918,0.10249079590609873,0.11445864099567092,0.10666001789801506,0.012521700317220094,-0.007776314204929095,0.18387933544994145,0.09826073191042457,0.048521687518681716
ACTTACTGTAGGCTGA-1,0.0501132736712017,0.14352724432002006,0.009502399642636803,0.04142179642155194,0.4852585183004745,0.11508578509977065,0.1936626329602845,0.1161396930071246,0.1577261641926994,0.30107921411347754,0.05937750325017804,0.07480524597451031,0.12433255962720184,0.07790518318419375,0.04967959726988057,0.04754627481739405,0.10852606108794237,0.03797000940757468,0.03988981575727117,0.07134953419149066,0.026448177050472574,0.2793461155250141,0.15384548049926308,0.09075610059602505,0.03759713662901152
ACACCCTAGCTGCCCA-1,0.045138307639752066,0.16628009592184392,0.03285833124805397,0.05999688555324592,0.1616822221727262,0.13334330007612683,0.16836698845526407,0.1665652190567605,0.13056892038731477,0.3001309815541125,0.3406700752139979,0.44369634099243777,0.4261714176478921,0.16597473352864206,0.1692509263009692,0.055104251360956064,0.06410237465043628,0.1220727058871141,0.1139553565040577,0.1203952250796534,0.0604622344580519,0.35554571012077635,0.13742481673701107,0.07750369557228945,0.03289823487065231
AGTTGGTTCAAACCGT-1,0.04598419360070333,0.20714535744449988,0.03824825798312868,0.1264578630836806,0.19482226517759538,0.1254509206344675,0.1833342650658893,0.1316574799801304,0.1663556048737603,0.2969106300425235,0.10372728338377833,0.09347049915645766,0.13818838414728982,0.10074830746704844,0.11052200815613072,0.09928484334130884,0.10193245074125556,0.08828745858859238,0.09822807484048948,0.11887562003665349,0.017917536344148492,0.3562124254492962,0.23140211492112434,0.16729841352366875,0.09609006665088816
AGAGTGGTCAAACCGT-1,0.14502071063244146,0.20881071480766933,0.3775083671689371,0.23268314609343022,0.0302987191970553,0.026914979383144407,0.033437348849578136,0.03600630469730788,0.06033071138279114,0.14882735437189007,-0.002261499466617292,0.02380868288338381,0.02916289206353994,0.018934517431464126,0.011416763778491195,0.40000196728606896,0.13108204188061112,0.05332816261679335,0.027562548730408518,0.04986604821993876,0.03938827735079176,0.24898081789941284,0.3701465830039301,0.20910123641054146,0.1905937200049587
GCTGCTTCATTCCTGC-1,0.13486011611772006,0.2794273883406284,0.24604687675263726,0.3241284709714694,0.08251923659016379,0.06406707254137754,0.08535205308106371,0.14947001655830555,0.08866386188770958,0.29404419408628146,0.11999227804310608,0.15882609964533764,0.12501255026520122,0.15051143340655798,0.12618255890857535,0.32913574534983114,0.1485790468041759,0.16287874441005962,0.1751239195373494,0.19995028228402134,0.05688172425480519,0.10996793260741063,0.2532876707346719,0.6251280736579564,0.25721434503526175
CTCTAATTCATCTGCC-1,0.04310424161897262,0.15136157503894662,0.02032359946938193,0.0693403046448687,0.20757699347617145,0.11050149730021791,0.14016859257842812,0.07343110877583313,0.11665460047699212,0.12321838298570241,0.08866294576397434,0.046346321905309254,0.08966080972119864,0.06486463122467102,0.06817631479747574,0.07132151955438329,0.09956211140755412,0.05834915621043615,0.03158339191250161,0.06368312870907193,0.024141681454118467,0.06671892301395148,0.18528663151386426,0.12532837083865941,0.06561903821005781
AAATGCCGTCTCCACT-1,0.09624750240853922,0.20060856070182936,0.04365373791205875,0.09983127433374767,0.11631727389755274,0.11791524230793807,0.16541238700356412,0.25627405417088306,0.14955608796110947,0.3459400360715279,0.23547354369168416,0.24329682490813387,0.22560593889986472,0.22710052518094617,0.18812017355095453,0.0874541872211851,0.0665684550612788,0.17009192698158923,0.23860249077387993,0.24568740083887552,0.016108930725938015,0.2799994039507563,0.17944608499875978,0.11995628139814335,0.11540486439571065
AACTCAGCACAGGAGT-1,0.04688540469248266,0.1485250773470866,0.04441342783689281,0.108685575072624,0.12119123941678814,0.09626782358138565,0.12703601795807748,0.2170840474935766,0.09918649452744258,0.39857185092672387,0.26932436980910734,0.23132126894371902,0.1748879307612241,0.2349103268864773,0.19896670078384882,0.08465633391444874,0.08071557838970068,0.23080042328561653,0.273273654642661,0.45569781072501714,0.00205315367296098,0.0573127193019532,0.16436497920312904,0.14394692104758772,0.07404452917794008
AAATGCCAGGTGCTAG-1,0.15094087997620392,0.18988484419517218,0.4454022479013529,0.31560485570916624,0.03196630153275483,0.05424615354095092,0.03416256483584575,0.03626342843399351,0.049156368366498754,0.08722324817357749,0.002258756208894984,0.03288366775441365,0.01987960774974761,0.028968782157976197,0.01822596642351723,0.28831770891371294,0.11479038764506384,0.06469217768654084,0.066583331004101,0.05638456070947265,0.05275752449501525,0.19608584011007224,0.3392743056673062,0.3436340545424809,0.21500321729932106
GGATGTTTCTACTATC-1,0.04537315590973847,0.15361087984100077,0.049860063410831906,0.06791878509399736,0.21298631563087306,0.13605924499661848,0.19010070507160345,0.09999945448872632,0.15020093939400297,0.040816511268960055,0.08899229704304856,0.07554369781851733,0.11757935687115163,0.09963562399232206,0.07129124406743167,0.06932996605518797,0.11232730203086735,0.03894664499231905,0.04097886440644012,0.07393327063965133,0.028242150463215623,-0.013292523252574608,0.13899808541807085,0.10067811072447223,0.06884497934682789
ACACCAACATGGTAGG-1,0.06273996486690286,0.19132170191398162,0.050981923457681544,0.1551331455423377,0.02699436232472066,0.001374144040460536,0.039047752028859774,0.17093838530144212,0.06275075876445349,0.48538226287197267,0.16716478937372137,0.16343412155700604,0.11990394744638617,0.1591500833326989,0.1346430757004948,0.13369150722249984,0.10530514754892786,0.19106556487240314,0.27035407509209347,0.2524693241697168,-0.004370980937793294,-0.16428871939922182,0.21954582595143715,0.19308629715770814,0.1330169733618075
CATATGGTCAAACAAG-1,-0.008198449812890925,0.15483711404585276,0.15928845341090994,0.15362471130120087,0.1693285824711076,0.1694378826872479,0.16497051175840172,-0.006445581313943999,-0.005414355836439265,0.15698691050693073,0.15799727201949448,-0.0056892279670239,0.14646585931930947,0.16937260213162336,0.17534030122146396,0.16127447533812497,0.16061477777709812,-0.006755393261184401,-0.006602242828847158,0.15578289264378214,0.15439416292323924,0.1660569412927757,0.16415091246771896,0.17080199406439764,-0.012927951724801816
ACATACGTCGAACTGT-1,0.16920876613870042,0.27122099415268835,0.3854494352010538,0.417480427353475,0.029552033957163843,0.04278076123029812,0.0330586824402281,0.04767016449121757,0.05050356714656737,0.1757918436477518,0.017059422508847368,0.037094611395448354,0.013190951492291962,0.03143458132339985,0.01821009921775094,0.4413832800175679,0.15924388587581487,0.07945659384887696,0.06049696402091265,0.06567449761888342,0.06558122106417284,0.27545371320263795,0.4204006380406828,0.49335071070652925,0.23612617265664265
ACACCGGCACTAAGTC-1,0.052811395509733246,0.1752967857590746,0.0376725005767195,0.10986206959388506,0.15029421943400723,0.13814739193514272,0.19014190269867387,0.17960308301259903,0.13955067613529767,0.30680843224421867,0.20685023299153532,0.17687265746591765,0.22785662660317677,0.21455381200693532,0.1997898098448282,0.07937868265493175,0.05375002510368608,0.16180034512933641,0.16412466973001524,0.1937384096903711,0.016365916726477078,-0.012886020585459271,0.17256745012456617,0.101332672056147,0.044922167727096764
GGGACCTCAGGGTACA-2,0.13537767685299826,0.2850349855038052,0.14801130523335598,0.1681247815829777,0.0203715680718593,0.012463651719800756,0.03062881055226246,0.030673849507946646,0.018162451654124577,0.15313006928696685,0.028509329829580987,0.00841797334892761,-0.0030518887385833798,0.01167422871286377,0.004879802695728933,0.19106650868485264,0.1559373806553466,0.04771238234106159,0.06545502351354994,0.05266027369979471,0.07902661324855129,0.26688643386029504,0.3370461283149386,0.2809097508536498,0.4796148897182764
ACACCCTAGGATCGCA-1,0.0072741274405349506,0.16859238411911415,0.019529082268145145,0.04980411352911652,0.5905017781626802,0.15693785118680015,0.2059221425292532,0.14579215146716537,0.18255733834627225,0.4100948756146647,0.11017956667347822,0.10411562793797552,0.17954572478302255,0.13300269858680214,0.11703593587684456,0.03493554802521636,0.07497641466891639,0.07985135072776103,0.05682222182098837,0.07566744583609858,0.03245629621444001,0.3338411892854415,0.16133608227368235,0.10735285087301347,0.054983496690458836
ACATACGCACGGTAAG-1,0.5339131944649947,0.06803136731381712,0.04944680491019717,0.08573565555937146,0.02408603042798543,0.007380304573932884,0.025527886304602208,0.02638417138261245,0.06402206220969042,0.10452538650908415,-0.002500779648479837,-0.008344397884781455,0.0019195721162803493,-0.010143531760987827,-0.020133949244306434,0.08270667271100227,0.16989075163885833,0.004804891625202179,-0.012906574990192531,-0.016320234308587898,0.13196640264325263,0.16331485884065194,0.06095829621832204,0.10680062198642463,0.1427140610823127
AGCCTAAGTTGTGGCC-1,0.026515669768364135,0.11908512844716496,0.05935594024497741,0.06775610245376233,0.16443898862206507,0.1357836711020713,0.14189104542053013,0.10720103005746093,0.10362231912737879,0.22418331608200157,0.11751407739327052,0.08326780665666618,0.17816755676948873,0.12985517989931486,0.1452075224232825,0.0747875166882518,0.10466288624474146,0.09966061040738025,0.09096227370948401,0.12182773865152688,0.03233351667557853,0.014063979620554634,0.17683406848477917,0.11341931454822218,0.09094616698796909
AACCATGCAGACGCAA-1,0.0653517131194971,0.194972209650622,0.06701425876157631,0.12632619053534835,0.13821327345587955,0.12751648123985876,0.1453850995547722,0.23113427053823668,0.15084916300685808,0.4256495949168143,0.20102680191031702,0.22766867627923112,0.20272029828909624,0.2310211162647472,0.19502109562486875,0.10722577668938911,0.07976953941895305,0.20061107205063378,0.2325044967508597,0.22928706052237866,0.011980446183238624,0.020002983898123595,0.18359034680549555,0.12915241425874052,0.08454198385752569
CCATTCGTCGGATGTT-1,0.03391729650634533,0.16968448133219238,0.04621915413787346,0.09282855351959021,0.08975656040312785,0.022841001288553105,0.05338343487892555,0.16830995401442658,0.08738074186701311,0.03627662529083389,0.17671415038004065,0.16593477183467148,0.10187052196747769,0.15364367055291892,0.1467081976873656,0.07289972372106983,0.0984434808023211,0.4570375900651361,0.24472447027726457,0.23254871876085487,0.014624228490010103,0.23953317889486989,0.19230424730927448,0.13129651453500427,0.08103990198615378
AAGGCAGAGACACTAA-1,0.08307636457280296,0.2401086424474096,0.0680073468993135,0.1498400898385301,0.12789280675269835,0.08796822067997939,0.1199359468706563,0.22136824160535598,0.1344220836604963,0.43395544608866526,0.20752088697804166,0.18751754830262127,0.17347899107573744,0.19520039769539507,0.1653719676671072,0.13839792541323456,0.11376537820537896,0.1978033856459834,0.252007012197153,0.2561603176394127,0.020798084063719042,-0.050725142605227,0.23913813752920926,0.19076651636534997,0.1313998831773919
ACGATGTCACGAGGTA-1,0.32200551367013686,0.18456794667792956,0.0900756472469657,0.1110240118246463,0.04991570218381286,0.029497677354161814,0.04165816545006296,0.009715185924351945,0.056143875491510925,0.09051165675764623,-0.01043908396114054,-0.006782119653930076,0.026590800293637012,-0.008548806852293577,0.0028039819960217977,0.11308534668004142,0.3569705917432271,0.007536755680995455,-0.0013099185911518534,0.012201994036573661,0.4600845054043488,0.16679061822731392,0.17069127413394475,0.1590420540256268,0.14905291797060177
AGGGATGGTCTGGTCG-1,0.06141617579844054,0.16882785694706032,0.03852936116523498,0.07821385342871025,0.21589282935276227,0.15160962634032413,0.2010455596890756,0.12413648104941503,0.18811785320616647,0.23503055060312367,0.11278665272913765,0.1043906628456615,0.17445598386268704,0.11634187977052307,0.12870986867361223,0.05817399490654083,0.11928064098069449,0.04563640640984585,0.03793651802495654,0.08528197650810397,0.04803948168956505,0.299747146256087,0.19851355623980202,0.09515255190388722,0.07136407148232216
AAAGTAGGTAGTGAAT-1,0.05851190897709506,0.19078443424443028,0.04250647351125119,0.05747771258530187,0.18921568588627172,0.1287981767217583,0.22846444565708948,0.1291873236610988,0.2053274199826932,0.1732091209220127,0.11631537508750067,0.10192888858105807,0.15045627950410237,0.1313495579589647,0.14459162076770757,0.058498633596205274,0.11479877803527438,0.06735700187172854,0.051683778417954164,0.10580588150086458,0.03432539217254071,0.12702722133843794,0.19151364235053783,0.11735012576561472,0.07989779911838696
ACGATACAGGCCCTCA-1,0.17431852871123504,0.3025365954548331,0.3371341900594843,0.38278301201156095,0.05753525868575764,0.01608356382409056,0.07227450841057427,0.04139855575771345,0.08272910110898316,0.21878885062042208,0.02967881220250843,0.043460223760937326,0.03367888696722854,0.03831130966350938,0.031023204159409047,0.4048589236381439,0.18864533555546636,0.10321783220238347,0.062333166764629126,0.09648309631679493,0.07248838052164228,0.3304791367299734,-0.08845874341147798,0.5686644711831526,0.2636569685523544
AACCATGCATGCCCGA-1,0.026297441404240365,0.0998464525478181,0.015088465430899044,0.04634861971180597,0.4990914337761521,0.5470465727079689,0.35514589538043806,0.1277869012778728,0.12461455163184154,0.46007194932659784,0.09713280237761636,0.10502950321403455,0.12556431077978158,0.1286489530963776,0.109557675563155,0.04320515226005936,0.09672575995912995,0.09131545795179205,0.07506038378140106,0.08929579176509343,0.03207194430649267,0.40839683989036885,0.12596574545394834,0.08800775186311988,0.07091553545988893
AAGGCAGGTACTCAAC-1,0.13410344899907162,0.20873376542088534,0.5327663896267294,0.37911394318740155,0.060989966931459826,0.04181757944805972,0.07597110361458706,0.051902638913064444,0.0468315528395615,0.1380371085521599,0.021898919572428094,0.043029365002740835,0.05129459035960701,0.04719380342361411,0.028313704990102665,0.43500914540038843,0.08834975531989185,0.06638526172775662,0.05888845376143541,0.07221881008423442,0.015692842552061607,0.2532084505820778,0.3531889954727632,0.41842072316335505,0.23127886477083406
CAACCAACAGGCTGAA-2,0.07299820760071607,0.300766388527034,0.06461660338749561,0.1541497904979338,0.09050893238150867,0.04307473686094231,0.11451356768365087,0.1723301666603031,0.1179960757895027,0.3467072146013318,0.1348742915916916,0.16473845058687636,0.14917656922159078,0.17134245461181527,0.14079911696903064,0.14163508007095865,0.14232800689936884,0.15634147439389257,0.1755296265820821,0.20668890165810958,0.028562702229690973,0.42880566543676624,0.31670155479705286,0.2304280833073224,0.16222783361520451
CAACTAGAGGAGTTGC-2,0.13297699144437117,0.47596985729418856,0.08461904826809645,0.13644710892681086,0.055183963310868535,0.00430530373781954,0.046529892760009434,0.0314319690594025,0.05187325800812131,0.20296622228485608,0.011050247228072674,0.009885524615384328,0.021765615656690145,0.015225019804114157,0.017505727026976083,0.14473507135372618,0.17261122642455853,0.03653431701131329,0.015354824193093168,0.05583487385343087,0.07982100145962015,0.3722517709294867,0.3520234046726068,0.24267834772585326,0.23153143818966276
AGTCTTTGTCCTCTTG-1,0.253728317577852,0.27683372883282137,0.11651616436477666,0.17255482386522447,0.06446452854649219,0.021748891407196134,0.02820872748081663,0.017996947354568454,0.09228007715271182,0.177752132327492,0.01730390224572891,0.006418673343837591,0.02556779682496497,0.004048036096165667,-0.004854959973652391,0.18736196876950795,0.17340416392526528,0.005727108587777745,-0.009850485025108158,0.000772965306349653,0.1756126310031657,0.34731659010056537,0.29721799532452364,0.2842929133566727,0.166048516181489
AGAATAGCAAGTTAAG-1,0.466861831618001,0.2876643487900403,0.06816239477674603,0.12142134083844648,0.010445031215314794,0.024407187111873885,0.0016798500621372826,-0.004987812164203749,0.03549919161275499,0.08823041823433028,-0.01388145867987776,-0.010140091856833329,0.009611015838163886,-0.011928068871065513,-0.00171219531576615,0.12352526240548428,0.39133448070236215,0.01140459572595723,0.003454167559457046,-0.0018926599031930844,0.5510843258828024,0.14636228992656566,0.33080910957108606,0.28905507138685094,0.15070184188966526
CACAAACGTGTTCTTT-1,0.05992459351612969,0.23063117931804766,0.052437307142121296,0.11231303572693538,0.18078687628234935,0.10574202311898288,0.18635937626073207,0.1787638078844165,0.19690234315272556,0.04902667378628881,0.13708296307458734,0.1493388012725127,0.18839931332024754,0.1534233341443629,0.14874866488062674,0.10657158280829075,0.14711932500405714,0.10049009217739516,0.07393582715017379,0.1393774984349255,0.03982807686629027,0.25905494531974727,0.22457121947847705,0.15855250127942683,0.07938569490492485
AAGGCAGGTACCGGCT-1,0.05253117008182097,0.1712496374871758,0.037193215167017325,0.05487926394878483,0.1832128728968723,0.13855277578817685,0.14489153292793205,0.13846091192443977,0.12892216957409638,0.10546862846259891,0.13677178420089517,0.10877644900732417,0.15967335318115972,0.12013940812323023,0.11300048514344695,0.056776469916609236,0.106304184157032,0.12339306133234919,0.09747333305240653,0.13324781076738434,0.01734804782367028,0.008629929269304377,0.1555951592505141,0.13435849349370127,0.060001324117003
ACTTTCAAGTGTTGAA-1,0.019404251028465682,0.1735645584169568,0.04706496091905676,0.06813618763264817,0.17636579643232442,0.13841607299703584,0.21520353265116207,0.1286915636325467,0.14983986790741433,0.22312995468538127,0.11722094471224956,0.09479321564430164,0.1983496828473531,0.13210657585288516,0.12522991224525246,0.06987834803873597,0.12529308530005168,0.07800988618598698,0.08783889736334072,0.10382366753346661,0.01915018438237424,0.004474486532334839,0.19327022121799867,0.12140235691759738,0.06365002438881351
AAGGTTCAGAGAACAG-1,0.04324202811810398,0.13892935989603414,0.0476877053547624,0.056727656352817485,0.6383513560968774,0.13541963209470528,0.1544610236522554,0.11754023718591496,0.1382152656887355,0.331490714083118,0.08082474650814996,0.07562854712991351,0.13936888841971118,0.10061498027608658,0.0928527838627434,0.057608284821593185,0.08777840653629838,0.06548594913607748,0.05915183125471875,0.07363905066314774,0.016757772868999224,0.20634202118216033,0.17817016868383004,0.11646380003731194,0.06545584106298888
AAAGTAGCATGACATC-1,0.04477005080882708,0.18695313840702785,0.035079126399378324,0.10403701491335376,0.16411590091648764,0.14305278486700865,0.1724892050132458,0.1782047896342651,0.16929631950887097,0.2394576143841902,0.14101058975895106,0.13918769994236851,0.12652666073232727,0.13703689183928874,0.11164176977708587,0.10653463124956845,0.11932241181775505,0.09780158970066238,0.11066362861489307,0.1336003497857592,0.02200915655494175,0.29014149169025927,0.17989072380956625,0.1562611803517743,0.0811169918974055
AGTTGGTAGTATCGAA-1,0.18109124771202356,0.12813815804104303,0.043154390880564934,0.0830420503652767,0.06930227625132795,0.027499901386214873,0.03836275048407319,-0.01195632975296525,0.05335898694742498,0.13027900319320448,-0.0021935997705468694,-0.019095456428406356,0.002222356276041192,-0.009924532536640353,-0.019976511810384734,0.08967930833617083,0.5097541678357271,0.024779578632195015,-0.0026233500167994798,0.01002486426637226,0.5598202028944804,0.1870240349767588,0.2436883560681767,0.1630414940449333,0.17857356740745625
CACACTCGTCATTAGC-1,0.15936124490520018,0.22773593308072335,0.31819001765491267,0.2908965306146901,0.016111420051928938,0.029470115591557183,0.052858007186591296,0.04870448441249766,0.047493540859498445,0.19886833718016333,0.029396711408023697,0.04458082698888203,0.04211491832206139,0.046763152099818274,0.030674800760102212,-0.22931174034784413,0.1329984025719878,0.0857775343624966,0.07484081949467812,0.10201178104069225,0.03357449751050821,0.2813536311317611,0.39989867090959663,0.42422012416429533,0.18466083931137714
ACGCCGAAGGTTACCT-1,0.005259685113727962,0.08998896955976626,0.045403694433551085,0.06657504622821547,0.1159895622554642,0.12811366490569281,0.12094080922749463,0.17406041013513848,0.12542043812875903,0.38601535220617866,0.3744492951692417,0.24009056991242234,0.1956755850037381,0.33547479213735976,0.38149194321386093,0.050345087048467796,0.014366319839081177,0.14110433488823335,0.38411812768546766,0.3792419440717302,-0.014482298109961874,0.21898874570878754,0.07557403453747592,0.051573758854210894,0.030281098020649412
CCTCAGTGTGCCTGGT-1,0.06357364809511913,0.24234946369773203,0.07082269322054102,0.09539539002201125,0.2186266688120386,0.1414652578921254,0.2122162651663794,0.15964046512624425,0.19818631158317823,0.06065827871175463,0.11740131892575621,0.11632589065067149,0.1493194850848912,0.12340462528554313,0.11812530494929406,0.10243831162401841,0.1132552026609974,0.08054729954947908,0.052217497569215746,0.08965429256486672,0.02379177137693061,0.1375130330307101,0.2491635435035961,0.17308338730425643,0.09464409017843761
AAATGCCAGGAGTTTA-2,0.038654789288891656,0.23562662462413783,0.05437432168610645,0.11671231671722263,0.2034592565620227,0.1151539399732656,0.17245455550654362,0.18610560947252988,0.17482546453050293,0.3448836457094112,0.16923355420740344,0.16062966496622638,0.19413481215240946,0.16784143352615905,0.1573506921164156,0.10384336299403571,0.138126158048454,0.18457935962303967,0.18005189084591347,0.18930981988914894,0.02753628757722855,0.004906925565811591,0.23312578403521636,0.17296985395314188,0.11488068818003976
ACTGATGAGTGAAGTT-1,0.050173121906703616,0.189342505515505,0.06289263900232846,0.12708963055841818,0.0590927544343221,0.06669843411254742,0.10057220572607313,0.1835928024519447,0.09502027954233955,0.35394341240395416,0.18242799195160744,0.15969595096452197,0.1371385565288539,0.16475946135381062,0.14082814186025494,0.1129696181842509,0.10245222219914572,0.23837902358522087,0.2633613682609891,0.2613628775224162,0.008588731693845749,0.29263430440718785,0.20994616546926126,0.1446325920732205,0.12602266021485345
CACAGGCCAATGACCT-1,0.04657566359435829,0.31027458724294366,0.0627632648644109,0.12161659633541147,0.1073960109289696,0.07912356693224791,0.1433405845442412,0.13628623822569164,0.1498848001504444,0.2949064575117272,0.11342722882524627,0.10160880602893926,0.12497379782637155,0.09733123540785706,0.09247685502313024,0.11796573673755645,0.12096912315284096,0.058646820293371184,0.06047472136535289,0.11299822823667238,0.017933330492028592,0.44872682703615924,0.2932958905769465,0.2139762664371595,0.12073170395309937
TCTTTCCGTGTTGGGA-1,0.14866115609010805,0.4532555216082838,0.0999614280585348,0.15120743325682273,0.06993503755092018,0.011566366787128425,0.05664216071278301,0.04218445157979108,0.09603198852286095,0.23004029595294906,0.026706698655821388,0.022199900351404723,0.02930701633413127,0.024581424682891165,0.04045317204606125,0.13166408803526933,0.16248855241956237,0.03595823053714086,0.03715378697401119,0.05334182084268242,0.07254182925630914,0.348031699508766,0.31770916942097643,0.2191041500569673,0.1980438474050595
CGCTGGAAGGCTATCT-1,0.03390986344171172,0.23991265263056744,0.06530013095129394,0.11035708548187989,0.1503770368523788,0.1646994356118457,0.15864355622195217,0.12261716489358755,0.12083618796062845,0.11670133209319625,0.11102233897733979,0.09279524405110673,0.1605975084764588,0.09452881202477713,0.0870312523142701,0.11277069222685498,0.10407985533586635,0.06947135449025704,0.05507429390532683,0.10815210075715674,0.014117338750726821,0.042542148302165954,0.24362335825147333,0.14933289594248864,0.10729021563294433
AAACCTGAGGGCACTA-1,0.04775424382746607,0.17265559432878763,0.012885100239913757,0.052260572633014084,0.4672511636350163,0.1424391742039064,0.3158106972148398,0.14346643764956196,0.19157398236174264,0.329005790613085,0.0944577233774009,0.08117778094842833,0.14418839872974823,0.09459834306469572,0.08624620478900964,0.048728910567367695,0.07895544480110951,0.05008766253882105,0.0523111910388436,0.06891152185602661,0.04232315542672942,0.3178532438468276,0.17061890153415674,0.09590398022111811,0.0627121169968366
AAGGAGCAGCAGGTCA-1,0.029622296273124786,0.16141925280912187,0.04928647801462536,0.06307717181134212,0.1820475083201494,0.13888937973817467,0.1566041169307466,0.11143223957373917,0.1513087293701602,0.0864655818440797,0.09064727680434223,0.08768365330962188,0.10794566040509578,0.12039368296837155,0.09292379735671874,0.06906388146421996,0.09678649025035335,0.07521198889337476,0.04985048538791165,0.09910785356012504,0.0283332155769724,0.09691909343128373,0.22695589991611873,0.1278884133337118,0.06727239170709423
ACTGAACAGCTCAACT-2,0.14733487346279028,0.5032511307800185,0.10851468316106376,0.1674422365967108,0.05039615304979452,0.008411750567015215,0.04538668599869008,0.03185442692577295,0.07262018930783076,0.22345640285706136,0.009736578726059516,0.006051773723133557,0.020340727339361618,0.00831959288822862,0.009815552759332213,0.16042797879293422,0.16926340821030667,0.04632146826646431,0.032678262286807994,0.0564098876967854,0.06342161619930475,0.3533676009583405,0.35577413703855876,0.270889267301788,0.22598138836294163
AACTGGTTCCCACTTG-1,0.06810028703204038,0.13290854319355522,0.10047142812475175,0.1315343554012435,0.0821592374009143,0.054484473753236874,0.09570958956712852,0.1833469084571029,0.10934477762643273,0.30894086648906754,0.18195135537342477,0.2035922331858332,0.1592851338985734,0.198217673122816,0.13632270496502594,0.1365624300236246,0.0945779150033764,0.2063259262500484,0.2544469204022625,0.24601908855332627,-0.0006573380220844451,0.24963850139888896,0.18620206347275586,0.16202051567904818,0.08949327076776323
ACTGAACTCTGCCCTA-1,0.04435691693510973,0.17585003073690975,0.024092780504146906,0.049510580942231576,0.1597628630258553,0.09919771441109336,0.14411372815223117,0.09109438362051847,0.1505406231610915,0.2208560938410085,0.07979805378739244,0.054783723156301076,0.11744959728744149,0.07991095043936622,0.06119147665319902,0.05947569429374474,0.08980662535376988,0.049081432167759925,0.04183544410895178,0.05712938861173646,0.027392897033590442,0.2776715355849791,0.16691910171105362,0.11759226742296101,0.08737053950425962
ATCTACTAGAATAGGG-1,0.1311644422294629,0.29246453773754466,0.31890473115191426,0.34849846976137966,0.04029065347854759,0.00790732792886665,0.03876191657676302,0.03966588015575451,0.016331607065833868,0.1918384690110487,0.017464609723100613,0.011209805127581744,-0.0033368043570173108,0.012956324069990038,0.014090838133635755,0.35886777355469623,0.15017434027451526,0.050144729524179775,0.05746623941984477,0.03940827542406987,0.04753525797116588,0.3483713514988457,-0.1410263109820546,0.6073556759071301,0.25971401989303144
ACCCACTAGGCTAGCA-1,0.15335987164869305,0.27481076691550443,0.36726837616379976,0.39780382444597906,0.08631849596367197,0.11263202237100949,0.128548359658158,0.07295910709677031,0.13541185991759289,0.2398251455203347,0.06852998419948075,0.06688691890394173,0.06634835462360696,0.05290645664409344,0.048102415817058146,0.26753276800528264,0.1534978551179576,0.07224425299763884,0.0692526094628711,0.08986299904611691,0.06058793258632908,0.3318862906414833,0.04236053204226467,0.2406609207957176,0.22893569723459567
ACTGATGCAAGCCGTC-1,0.18089380189939105,0.23538413850257286,0.050016117587332896,0.08512207901768265,0.09445672281775169,0.025759664157922885,0.05624232287549387,0.022450897668679873,0.0919859014495587,0.1553189382565289,0.022629622465983983,0.00023393253688782132,0.029968779323662226,-0.00218672130878834,0.008216322568386173,0.10112615449889807,0.29292305342846425,0.02912722279160866,-0.00592936939343149,0.0137434041279225,0.2423695766342002,0.20588522916866953,0.23728051593173813,0.1658263288088376,0.1635191352928466
AAACGGGGTCGACTAT-1,-0.010771599281902156,0.16896454319368515,0.17877657604329597,0.15798193597460336,0.17073927259166197,0.1468079271611792,0.1314087688407402,-0.00846857889445799,-0.007113694999760788,0.1724188552661675,0.16737343573090355,-0.007474837961173432,0.15102378718570797,0.174206134147219,0.14327760951407892,0.18084403880368952,0.008384395804777216,0.1666848124371971,0.17906203949558627,0.17235811737357665,0.1840704047434913,0.14595409376602853,0.19480778635791693,0.18282220939990415,-0.016985493440038173
TGAAAGAGTGAGGGTT-1,0.12677703233649526,0.1989858495288441,0.1261319907600091,0.14244304875469677,0.03223839019585022,0.012183197344066752,0.02165625550057863,0.03692487620893429,0.023501239136820187,0.099142242044135,0.036023977064651706,0.0214738878116751,-0.004809685340416234,0.04140541780774047,0.03010674383711018,0.13939703027168115,0.12542481929993302,0.07649413332398981,0.1006890751783761,0.07674472859608496,0.10951636457620245,0.15183314951892837,0.26851277793061895,0.23341215365874124,0.4205800578283755
ACATACGAGTATTGGA-1,0.05023157302179622,0.15230554397355542,0.03519089591114391,0.05534764612376524,0.16832258525034827,0.118592661318471,0.15456095867158606,0.09042844637780525,0.14799873077644496,0.14435436852043357,0.0980618194961694,0.08645798397296474,0.1567411015924192,0.10893291721299905,0.12155771328859834,0.07444579111444022,0.08715861382519248,0.07337816042836588,0.05840154647586709,0.08076001580213082,0.027067493512205488,0.09705494683509164,0.17094082463797206,0.11160371432867412,0.07381910946345281
AGAGCTTGTGTGCCTG-1,0.05273069061440635,0.1782386896490074,0.08056763593249665,0.1447910848380781,0.12763394606877343,0.06795729084957534,0.1209169604280721,0.21392664515531692,0.15048192082187403,0.34011073197271735,0.21219243068754254,0.21332023235462189,0.13842475821273253,0.21006606755328477,0.1804468788426447,0.1365872428097713,0.09298447238964526,0.2813511218507793,0.23841002951775672,0.25477657632721684,0.03389675727370318,0.2754971211068539,0.19767065010332113,0.15715341032405783,0.1061930154717432
ATGTGTGGTGAAATCA-1,0.05693117588802826,0.15757286314552782,0.05911266934299378,0.10787639264024765,0.06973244568471917,0.01861541137899989,0.09190225789328485,0.1924512799096133,0.11638913612003891,0.4760217749327025,0.18522450983005667,0.16080233928743465,0.12745928937933837,0.18356843016364735,0.168157574691058,0.09653844588892599,0.10375067054251338,0.2493734795134361,0.22965739098838553,0.24595941487967718,0.008879091140729158,-0.1103231428870042,0.18807683441431558,0.12398582629614953,0.09329647386453271
AACTCTTCATTATCTC-1,0.0686746641772025,0.1899158878027304,0.019833972647993026,0.10517661563696998,0.073683631937138,0.07777216306776452,0.09539755587255302,0.19308827887565236,0.10904524110744751,0.3810538908829209,0.20290059343304845,0.2159756242515545,0.16574821778326038,0.19334743956082634,0.15986027990696663,0.09125328623467793,0.09971423298747135,0.21122204980917358,0.281869509049549,0.4913238222138167,0.015369309313191174,0.016691197446022737,0.16076638388753417,0.1342975532827716,0.07168336818429598
TTGACTTAGCGATTCT-1,0.04425792582988877,0.2720800976733327,0.061299915068147866,0.13436250668021346,0.1264895411314744,0.07395286594122484,0.1354424589857951,0.21242460181594935,0.11702661297682249,0.3552718779897935,0.1620798205810794,0.18276829157672844,0.18835672650414131,0.2138906222375913,0.17939892861697296,0.1369292217857361,0.09716105158783606,0.15014575647350026,0.1758113193567247,0.19230427956972124,-0.00842452828829664,0.42197875499029597,0.289561900771363,0.21968339305996173,0.13099312685583722
AGTAGTCGTAACGACG-2,0.20467090585334455,0.32171071250529154,0.2284218870579014,0.29490587329326096,0.02691912138167188,0.02780641865773255,0.04709866032309975,0.04797864366586735,0.05992080789141353,0.19031096241516512,0.039631280755914176,0.028702182317393427,-0.003601180333804422,0.016942811393775067,0.018031293103969084,0.29610362745968694,0.18958582011509037,0.06995791459255671,0.08085890565125471,0.07811132404407668,0.10085736343690295,0.3401914948448051,0.17700562933664632,0.39161401297340415,0.38183928655533167
AAAGCAATCTGCCAGG-1,0.06383241798110482,0.14282378874502583,0.053878272451954784,0.07364551326135735,0.12435264445787078,0.14452352680373332,0.15271349749600197,0.17758739694818965,0.1352447731843258,0.45344394769423146,0.15556423389090693,0.15023005839630274,0.38660403030408647,0.16007037345074024,0.39601765806269806,0.07516598988837536,0.07187642556432398,0.10095404636441928,0.11291192156833414,0.10665230294170167,0.00557746279943202,0.412812535376362,0.13854915595936032,0.05970692405383896,0.04902001479052061
ACGAGCCAGGCCCGTT-1,0.0743278510171088,0.1627175275054853,0.06273787829721934,0.09593953574948964,0.2144759181843459,0.1546188404877776,0.22105227119863688,0.12081768317762508,0.19551113734111686,0.21391651149302227,0.10905567287216625,0.08834080968062256,0.17033330805229258,0.09037036857120914,0.10282003031190437,0.10172931750059326,0.09775887752482386,0.04877090438559461,0.060042020329401334,0.0905708002898381,0.028456409452419715,0.2711535639207352,0.21438632749717448,0.13823751066939358,0.11134762489660416
TACACGACATCGTCGG-1,0.005689486914953443,0.15234830559714846,0.11483334626303043,0.12380392378832833,0.01681508474565232,0.15140984764852986,0.13124870165126767,-0.009138315220559424,-0.007676280530759831,0.1438650350745201,0.012807297496736854,-0.00806598443057646,0.016835138312577075,0.015395635933615467,0.01579998995731392,0.11511064254298535,0.006178222836337303,0.011468180334681211,-0.009360424326997713,0.15807186183714173,0.020224240200823265,0.15822686249344442,0.12127495461709518,0.14402905439631045,-0.006755107182969353
AGACGTTAGAGCAATT-1,0.007894274940803594,0.1555998584832548,0.017877048266441292,0.05395550704659565,0.18245423978899586,0.13656867773269232,0.15665392925204757,0.08219568207273288,0.1516771096133482,0.10359672495459243,0.09981240140852997,0.06560778449792354,0.10732452377092616,0.049850128642767395,0.08235320191061898,0.050993725836521564,0.07567526698540847,0.04835757005680185,0.03191392226034752,0.04938287100205417,0.03986427605760416,0.03511557189100077,0.1616893443416171,0.10776956182419876,0.06358569099189061
ACGAGGATCAAAGTAG-1,0.040826782494222114,0.25141312808886473,0.05656810027097768,0.1314789030596987,0.19284311895453543,0.14119881877361773,0.192973041866597,0.13471122605195646,0.1712629174856659,0.279026574601458,0.12448472457054648,0.10762332932826023,0.1396702179816758,0.12266748330623851,0.1000570606728803,0.1158015242304884,0.10158265345343398,0.0803765569308633,0.08974426025143643,0.11498124591338,0.015519773721203224,0.3670825196100831,0.21843262986681522,0.1914047946665109,0.08884803086476899
AATCCAGAGATATGCA-1,0.03150460604399378,0.16935343062851949,0.05308463605609736,0.10178493386218565,0.16190839147350952,0.12547441448868296,0.1572845772167762,0.14722845831921721,0.10831760963864509,0.25482486561459566,0.1304449873122477,0.12107156927658655,0.13564433367248416,0.11919819131067838,0.11366689216419953,0.09187313547757381,0.1122940952847306,0.11525854244996361,0.1049321406092477,0.14975611271297573,0.02545126685744277,-0.035874933499066765,0.17495698281785024,0.13320334443902243,0.03368777072948416
GGACAGATCACATACG-2,0.14040703833901816,0.2859284917759648,0.1636172793331566,0.1755689741030934,0.026661166708265294,0.01675439211265845,0.02776761761215581,0.04862057416606889,0.031039797042706686,0.1469616587067939,0.03234384445159957,0.03492579273513961,0.01580870995972551,0.03133426811107834,0.02358049784868608,0.19470005916340583,0.13655450855308485,0.051482107848854514,0.07141554543905776,0.06307753996964048,0.08714700468503092,0.2559258100915928,0.34712952221302196,0.29032776698616314,0.45559996945108056
ACTGTCCCACCGCTAG-1,0.05105024064647723,0.16625025236509325,0.029457728147309886,0.0663426480747716,0.22151352303865313,0.15355633671472424,0.17574176199113126,0.22336020031210543,0.1708493288830963,0.24659960289024901,0.23192921286221835,0.19593442417356258,0.25383779310954935,0.2225243313486647,0.30914210428353905,0.0768253134201844,0.13333075814826564,0.1757974964761345,0.15352078167250904,0.17488404459446008,0.049844298032454624,0.2058721236050684,0.16908173401149207,0.10986615710172495,0.056239063209464764
AGAGTGGAGTTGTCGT-1,0.024704615636974375,0.07885554763164984,0.01596724026379166,0.040553018372240894,0.36390804261654486,0.13011756298144003,0.43159586758188556,0.14007447216867552,0.2956867976368593,0.333783175089093,0.10135849664947393,0.09407993107713325,0.106039781297458,0.11303684374386734,0.07545956936435823,0.04122990971067864,0.0812787509748675,0.049873373154708946,0.040714537198565194,0.07615844036910963,0.029627882933306565,0.34772866243260225,0.11613651717428339,0.0649772763097824,0.043712349891676834
GAACCTATCGTTGACA-1,0.14936128354954875,0.2538965874022858,0.37740064771580223,0.30829366228750477,0.04317006707510776,0.030096568751886467,0.04786855821878317,0.03381732538001376,0.058570892911038674,0.16881250114158272,0.0013722163511262623,0.027166207524232867,0.016912246090788712,0.014509794625078724,-0.0018910964335679674,0.27094749200958906,0.11716144536450633,0.0681928666181813,0.047523689978903494,0.056746884076275116,0.03514695450512191,0.31639905468733187,0.08686473986161149,0.2428059889788924,0.251648837471599
CCGGTAGAGGGCACTA-1,0.20999358107802826,0.14400754349657205,0.18323280204972497,0.0943321433427166,0.006888642865733472,0.02501219273983126,0.026816642444832287,0.22957779777924775,0.008928455725832707,0.22456998237560735,0.21205005737339214,0.2061944054048672,0.21668793899427222,0.2068177623069115,0.20556001567303364,-0.005995574865555235,0.19576971109630836,0.2002859134512696,0.21263950735237394,0.20237759214880408,0.009602570249542723,0.22547354358859062,0.21063769982557617,0.2312465208472684,0.03327616456545479
AGATTGCAGGATATAC-1,0.039275675873824044,0.0740381390753296,0.20102053010306506,0.13100226579976262,0.027791177064854778,0.054972962974195495,0.02914123775127678,-0.006699789080842072,-0.005627893024061926,0.028235057765420214,0.023028933040203613,-0.0059136058573070445,0.027818279566983753,0.026099613744604688,0.02657155622096698,0.15007456141909323,0.03929523880863877,-0.007021819724803584,-0.0068626291810306665,0.018956145290597574,0.031912341258102585,0.05567454976531416,0.11675834728878406,0.14450124612100723,0.0338107450301176
GCTCTGTAGGATGGAA-1,0.046302879557770744,0.25355881919691525,0.08686649376244242,0.14347033521315908,0.20146470848068232,0.11052429543675583,0.19906688353129265,0.1517135452995358,0.18347115178677448,0.3178773262604593,0.12717884171006516,0.1010356504176678,0.14729774454866193,0.12064790799661151,0.10059032492603823,0.13673711440896238,0.1285513602447323,0.08428529379414314,0.0883974755767966,0.12922057222590588,-0.0013696729310408507,0.38145728855409067,0.25825474896552236,0.215084238708053,0.12139613107569265
CATGACACACCAACCG-1,0.18110543459270056,0.23463224315341458,0.3338835768931058,0.358797776719052,0.05040173267968657,0.044937347805076126,0.0687363491199426,0.039505429271625245,0.047852522563405914,0.19708299473155616,0.029437471928415417,0.02665220783157901,0.03155991015759271,0.04454156191175068,0.021044408697401217,0.24264047202808164,0.15957938735353847,0.0783707162364172,0.06682524925038022,0.08751159502469309,0.06081114165471316,0.28891781776159264,0.40817418877963435,0.03375567757622198,0.21690490440497026
ACCAGTACACAAGTAA-1,0.04749877248061757,0.15804132024961232,0.025670652322230446,0.0665394115183633,0.10911758295948107,0.13046265544989902,0.145651240110767,0.16735501532908537,0.14034822228993377,0.29847799476900577,0.14650117766693294,0.13383681420792334,0.1623168238366503,0.1339111479161509,0.16672419124889565,0.06778345383781466,0.0810518840185228,0.12077115168523514,0.09945666402119761,0.0996630802874451,0.0020646997171582635,0.24736502497939275,0.16702889353911057,0.11447382085444018,0.08190611718158938
ACACCCTGTCTCATCC-1,0.07164751718487015,0.17598723602794178,0.05367724863372577,0.11850222728827069,0.15724673638832673,0.12071285409413315,0.13524562011472613,0.22337912430154466,0.14740593381609454,0.24737160683167264,0.2738744694812775,0.2118954763042116,0.15016396593500375,0.21698230215483516,0.20045376467581114,0.08364378005653524,0.12286441049624125,0.21868523122954697,0.2175170081794006,0.21938592851067862,0.021822494160645706,0.2031052942884858,0.1852315963214289,0.14610377135384142,0.13343671780665148
ACATACGTCCCGACTT-1,0.14495074161763216,0.18256577564621823,0.32307134158325457,0.22939664729876663,0.08911909975380292,0.08317194800607873,0.08226967058800275,0.17537034270046803,0.08625074171135087,0.2658139530696184,0.1237173457003548,0.17046179655530608,0.15566548277608186,0.146976270776805,0.1287833058846498,0.26885974952837827,0.1511743944229798,0.15589581508487335,0.14228621316842568,0.1838196617616601,0.11520667567493939,0.16986116435808976,0.15137211757101812,0.2314529615040399,0.1570781076441455
CTAGTGAAGTACACCT-1,0.06956088208215125,0.196549968865228,0.0838052923272069,0.14447865680899213,0.013277209547435219,-0.0016786460266847286,0.03943378314107172,0.00347871997504319,0.02391412480006879,0.11015734447318452,-0.018269072400754094,-0.012044305533478615,0.002481643095968235,-0.007416325380765881,-0.014811253831997622,0.1402504278857487,0.10778556499424675,0.021465080022121448,-0.004061501124819289,0.0067584913178,0.038347620844751525,0.25714168636836154,0.15963102693550957,0.20835913914379026,0.13298154824924543
AAAGATGGTACCGCTG-1,0.12390933759786292,0.42120668430966196,0.06154637294406781,0.12647308374973962,0.13216578437580306,0.10716740165999432,0.12685067713962225,0.0904077029162629,0.14189878219370347,0.234186250746463,0.06230678539750756,0.0594557052858131,0.07947466971639279,0.052105659019926094,0.05401328019548303,0.1253797279482143,0.12552473869196998,0.051335347196246335,0.04265946531658454,0.07963811043892298,0.06261589204299814,0.348632554871884,0.29239336661343424,0.21255049982350932,0.18563330601862413
CAAGGCCTCTTATCTG-1,0.06674331076897744,0.2726505937681747,0.06878542896722334,0.10178902247902734,0.012848947312259228,0.01300483391612987,0.00676641653648616,0.00604187944737263,0.017157355083979964,0.1238808678862455,0.005325116103373261,-0.0014383357794129949,0.004776139438418327,0.00298254015381898,0.011437316218720406,0.12162786902212255,0.09560567933013334,0.05306237953685722,0.04803981648125505,0.04364606600660266,0.022814509715338806,0.216762560688606,0.13942207190046546,0.2190523217829731,0.18968505291739102
ACCGTAACATGCAATC-1,0.028917134484049246,0.1538478841796516,0.022433856634637362,0.028288126992125216,0.55935731546949,0.15853360565462293,0.1721771714255954,0.11541321614603268,0.14674251435570246,0.4110417822862986,0.11281452046533068,0.07829732097669395,0.15535712582954583,0.1089994515953182,0.11188024493477028,0.02104786323036729,0.09766855731215342,0.08157178366630703,0.06730465643614349,0.10150019168485173,0.04382654651522777,0.3569700274137206,0.15509745753141316,0.10528906110333204,0.04580738681145614
ACTGAACCACGCTTTC-1,0.46324551229004873,0.15449720993238902,0.07460567312109662,0.12110330588370899,0.07616146805066477,0.045386583344512704,0.05881762424017443,0.03586337609707657,0.08455691063990331,0.11511135490548936,-0.012664350199393902,-0.008990997763389144,0.012129454902511693,-0.0007593121850275575,-0.00017329288098044308,0.10010531134672618,0.46506829376428543,0.041165539042526934,0.004830068249743291,0.016573560557781468,0.5354310967825839,0.17026780504943265,0.14205470446619614,0.1240885630109607,0.15766744991602233
CGCGGTAGTAACGACG-1,0.14770862378321978,0.22016749160531907,0.4099691455895745,0.08987090212468841,0.04408840293779723,0.037800310330362304,0.06685788724438799,0.04434459341659961,0.030861747627419424,0.13211121670466333,0.02503118616353343,0.04596949617279494,0.025996230382627866,0.031143427610304652,0.023124263777582182,0.3964057837647499,0.13218044519508299,0.057012589631603716,0.05818804298187956,0.06249433832497645,0.05446533107868074,0.2538824212074036,0.3982089619297354,0.2748072973534857,0.22838722038825326
AACCATGCAGTATCTG-1,0.1977775167308423,0.10090155328302729,0.07705042031197697,0.11850384916057499,0.08915067035174487,0.048975771085592416,0.08487702325931493,0.12834597780633936,0.09616285801935155,0.5022091462294758,0.14901002095902924,0.1042617870628257,0.11202730423147986,0.11625117715347999,0.10155171316665132,0.12739290693847521,0.21803018739698887,0.19438245735209436,0.20624976646738138,0.18960496207426428,0.1859890918180453,0.3808912714816482,0.17742680779160636,0.1970526311912341,0.18744159975562055
AACTGGTCACGTCAGC-1,0.07513601650088139,0.18809423950260915,0.05530210903197729,0.14560582384579207,0.09467976457947583,0.06758898540078755,0.09997180982362712,0.2090441229725995,0.09472456663432065,0.36230927700071536,0.1575454526139738,0.19768006480011596,0.17181557555616167,0.20136243260488007,0.16631174759796122,0.1355592823123391,0.11186232842083012,0.18844259547026646,0.21080828897402887,0.2495605799652131,-0.0018674091027325664,0.04457262045175575,0.2272150357855047,0.14951671310654502,0.13180410243321183
CAAGTTGAGTGTCCCG-1,0.0030542620593379363,0.10889886610469537,0.015245844736628756,0.036128498934083896,0.016502035343141083,0.018253328926696663,0.002449410482912378,0.011850153402396583,0.0355867448092314,0.10800984394730381,0.011267857286019239,0.001896513853725039,0.03149487794051465,0.014629239906866143,0.015242246913966757,0.05015652204984625,0.05176203955022579,0.00987345762747022,0.02392514014814831,0.030127187068182033,0.0672369613391719,0.08675099920891513,0.10205732326610259,0.05564505015095983,0.09635882491515477
AAGGTTCCAGGACCCT-1,0.05504705628021346,0.1689644595274928,0.03689503509543566,0.09517133426863356,0.18127888786167312,0.15687284677692334,0.24779963740430172,0.12201666342238875,0.2042340639023476,0.24154922618496286,0.12798690506424165,0.09470028179611802,0.18057978289198737,0.12391360348475262,0.10729647737414406,0.08093563890424908,0.11590829083994057,0.07381724443796722,0.07484004544463593,0.10715895034317015,0.021848955249462152,0.3106214120777718,0.19480658954926408,0.10458084800354976,0.06398506239239947
GAAACTCAGGGCACTA-1,0.02039266794578452,0.12893052229184102,0.04073792247732371,0.08206078467344312,0.09548882789754552,0.1201004818640716,0.09970505945083832,0.1277926762913024,0.1039802640832278,0.050840320670214316,0.09269063504665888,0.13605195715858284,0.1330983375350233,0.13836692254075086,0.12880603294149004,0.08328012895764397,0.07304276764619312,0.07742401624696665,0.09127818045538616,0.11815191367224182,-0.0015736609675197973,0.1750831203236275,0.15722369648485182,0.11924960311793222,0.05307292685404129
GAAGCAGAGAAGGTGA-2,0.13406886705540114,0.4845462765565103,0.06744276104788477,0.13620322370845028,0.03537083385785673,-0.004462180960043582,0.03787552896284144,0.040641784242993285,0.05974299138602607,0.22206776941710324,0.0038817520294305683,0.00742653526499842,0.022542483047099656,0.008937175397843888,0.010361025633219615,0.12309745671597286,0.1657562485802998,0.03790317374693691,0.026850226227023394,0.0477115768592566,0.06513439959181996,0.3493636157470582,0.32717176593814706,0.2119011966817255,0.18931492112460185
AATCCAGGTATAAACG-1,0.1465623301246044,0.21792188174027002,0.383629715937969,0.3654169848260958,0.05049655350124889,0.046466782733066966,0.07165916991533268,0.04767460164994066,0.04857394402875202,0.15868772399732442,0.008103764103244829,0.02667843505226536,0.02621652607769637,0.03028422746102015,0.023064841368636825,0.22420598070844572,0.13370857032045125,0.0729803440362118,0.06769122108459749,0.06851094751116628,0.03425463179722896,0.2639480460171329,0.3933692378965875,0.14081600910089812,0.2409216625298221
CAGAATCCAGCCAATT-1,0.1272706648706591,0.1679018472226045,0.516019192087318,0.3153801475208632,0.034256644971511464,0.06369441218618954,0.04806151677313843,0.06536405711099037,0.03961453626458104,0.10335390493677657,0.034853061869126,0.05646257476963989,0.04529167975479143,0.04054757779183823,0.031471857979549274,0.4103334991363014,0.0878391673181412,0.07916225638076434,0.07212512130319074,0.06901279379064978,0.042403372309926,0.1661163351089198,0.2903703311070056,0.35226765884729033,0.20606252201555217
AAGGCAGGTTTGTTTC-1,0.0497264582356608,0.15412345244476777,0.06618071386611935,0.07799405762959696,0.1555702298375901,0.0985304080667443,0.17308508089272917,0.14233131126708842,0.1340079124278613,0.17999685553435837,0.13196959997991145,0.11474565848517033,0.14430205808626895,0.08680712082126661,0.10955815921031849,0.0885679126914778,0.1498086239491019,0.07330821647102234,0.06558048500673752,0.1112375597609922,0.02561065493251288,0.016017536375754662,0.17193301736694916,0.12637662968413732,0.07214758036842985
AAGGTTCTCTGGCGTG-1,0.021304700916602755,0.21992108083284378,0.06293048803772043,0.08674411721237736,0.16047249200471098,0.1254102709813765,0.18279878181347772,0.16777471849231232,0.15317168568468842,0.22417437389613806,0.15616326253635915,0.15291626655054852,0.19444883888803774,0.1662248658952504,0.15311095529538704,0.09984473799813025,0.0822110604856072,0.12545655782997078,0.12116181997126627,0.17495771161903123,-0.004393127483764449,0.08261351910021178,0.23222965022713207,0.15968663798999994,0.08387151693234034
AACACGTCAGACGCTC-1,0.08870047899534121,0.21276381527572658,0.08610330106221717,0.10798029105880011,0.1382367963214027,0.12947384138382456,0.17103403196376293,0.22493703579708008,0.1396242494593085,0.3908019816472671,0.28160582043033155,0.21691251638564005,0.19280220721121044,0.22778250192106647,0.19851961308959706,0.11296906712123861,0.1314706604365002,0.18800710480420915,0.203198170473123,0.24917770668624825,0.07478020448311865,0.0013686724057401234,0.22957043465004773,0.18193712875774554,0.11924923165743831
ACAGCCGAGTATCGAA-1,0.0495344555084739,0.16563779941728216,0.031206740980079722,0.07221798360268321,0.13634391499910778,0.11872761879547174,0.12235918170719311,0.19335240755884958,0.1380574446676243,0.3335469376922765,0.19820749398958243,0.18677193816035514,0.22365662671577374,0.20049253792482877,0.23227642961272538,0.0848812706078766,0.12059744808017185,0.15508369283076084,0.1758743946231853,0.2049782051537821,0.03792261699305203,-0.04444156882421293,0.20803788069348134,0.1075184055931117,0.0993921023571351
ACATACGGTCTGATTG-1,0.17308081664620792,0.2568091729720359,0.06647210991961101,0.15020333147972373,0.11146005302121825,0.06398296743339513,0.09405673104694272,0.16858786693211789,0.12389870056424693,0.41064254921173377,0.14487013754853284,0.16522334526745427,0.12283052925951508,0.15986885646888915,0.14077794680559996,0.14461637883873554,0.20809271834686321,0.14376270232920985,0.2045598650032552,0.20393262914784108,0.15823369588446648,-0.1082731394884673,0.2549310505335593,0.18763388914729318,0.15991568226998495
CGTAGCGAGCTACCTA-1,0.10561912202744561,0.23650312062220014,0.04881325000932637,0.14380265267752787,0.2157655540303125,0.13235471215224798,0.18721924749453803,0.19424031500364994,0.2259460963892243,0.12058928522749304,0.16674667858749467,0.14448708125845153,0.20595803751386524,0.16745267329626232,0.18652223064373627,0.14224542874846,0.1705595309288919,0.1339748412549876,0.12194205765635811,0.15555060990955707,0.05857277520596026,0.13866718045182475,0.2287215129573138,0.16651477450202132,0.11059809042502065
AAAGTAGAGTCTCGGC-1,0.0562951652422491,0.17277742942283325,0.051276355979836326,0.10409081941325136,0.09377251750009673,0.10554231647119544,0.08924774886643391,0.2146114810436894,0.10296754900040932,0.33607963265834023,0.1678459397481109,0.22111413044659342,0.16643634429708648,0.21477110506459396,0.17002497651077106,0.1098522911069828,0.10309315449719683,0.18545736175757807,0.22342472027978083,0.39640833378476426,0.00014113214145781088,0.10889237471381662,0.1661777750683451,0.12973163507663024,0.0984207065969107
AATCGGTAGGAGCGTT-1,0.019033937150590444,0.14128183120158735,0.03234587878569433,0.05313479876086306,0.13251770897053874,0.12041434933824417,0.15156722995934235,0.18398179011316948,0.19666499659305495,0.21146881518669003,0.14858407371940893,0.15022229998494016,0.19675994960294696,0.18698000525975952,0.21936317732923535,0.06497825049995122,0.09750424829036251,0.15195834320244223,0.10153221540012533,0.13693048884821216,0.011528586837081987,0.21434965623538085,0.13133050948383615,0.0960634094023613,0.0618318622723463
ACTGAACTCGGCGGTT-1,0.208449811761341,0.18118468720735442,0.052404535164457165,0.08162627893391435,0.11514289251920518,0.027450072898249203,0.06230563927345548,0.008694682428487917,0.07819804358235227,0.11941332939663325,-0.0012407641783834483,-0.007381142245452671,0.03635317965875436,-0.009159399758533051,-0.008724787674320696,0.07838274356547972,0.3337763179783159,0.045270144196121326,-0.0017142358375557389,0.020513695908394428,0.6262623290198239,0.16083491120156185,0.1796624259988481,0.12184704649031551,0.1196444736650543
AACACGTTCCGTAGGC-1,0.03471864125506347,0.1947601149068378,0.04098228425013463,0.11288655897574612,0.07652337417954545,0.031235432617614908,0.07205543349392764,0.15843396887427413,0.08460759010234747,0.45165797753630044,0.15730514027211173,0.15346647903138347,0.1294850276703715,0.15650937583189536,0.11728900813901756,0.09154046611532182,0.10084313320483283,0.22020098182984998,0.2522599532346871,0.260409799829383,0.03197970910767604,-0.11983519721706612,0.2459239548536411,0.17540987992071744,0.13716037409912307
CAAGAAACAGTCCTTC-2,0.062159832719800724,0.1862624569103223,0.05338532394448623,0.11015083833463178,0.014494429165058711,-0.00042718335863697237,0.07909113312052848,0.03811564240011717,0.029458847843845212,0.12193335383722136,0.022419520133062167,0.042350052293513255,0.032571240636503164,0.036806732764322767,0.021555616136360128,0.119812793217578,0.11115577422739448,0.034158434081007,0.04345013099545476,0.04680786914189433,0.0317115843899052,0.27583369111366507,0.12294213632314661,0.19980183949558689,0.1400995589687079
ACGGGCTTCATAACCG-1,0.151763450377679,0.26601763311492654,0.3143062075094669,0.3911191788920383,0.04634640473474119,0.03620318181812494,0.04084966766734536,0.04409489800774855,0.044513403768063675,0.2003886029060413,0.013705006503841263,0.025281067496682963,0.03907854738401904,0.03449737651280274,0.021963693895656035,0.42564464424790543,0.1301375965772373,0.06010836784324818,0.057136673988086875,0.06179657323710278,0.041672196145743134,0.29195448481336905,0.10314738222972236,0.49621323681312735,0.24938308246843394
CCCTCCTGTGTGTGCC-1,0.03387281451364462,0.14172335026408625,0.03231882831845025,0.06495394799872621,0.195755466757366,0.166100979964583,0.5402361190341941,0.12211293714362734,0.15561935603803403,0.3765517665853034,0.08471769258533207,0.08257111507243255,0.14179107877000202,0.09434286589123166,0.09704286043441755,0.0664937617841183,0.11336926331476496,0.04396941300531757,0.028353172790330602,0.052958372174927486,0.02540989910887723,0.3352298068837306,0.17319859016727485,0.10275895429665592,0.057112002632244696
AAGGCAGTCACGAAGG-1,0.08458782160936532,0.07790278040097584,-0.04300738989595118,-0.027940481123911846,-0.010260730173485959,-0.005910997652325125,0.010650114384414574,0.024338316647583996,-0.009614932006764507,0.028273087516396678,0.006107757692724299,0.010131344529841588,0.049560713606691426,0.008379865935969582,0.00875734230139198,0.017499125486567072,0.07015869860597615,0.03880598280725922,0.005683992909569307,0.018613053564876133,-0.009275601405467349,0.0928794781033694,0.010528706259693345,0.037316771963606485,0.058722020422977625
CATCAAGCATTGGTAC-1,0.0713997701024695,0.2342062269981051,0.062117024049288504,0.1222154790849317,0.14168041571668802,0.11550589642538238,0.13990160001582758,0.21525183216612415,0.1524838192032993,0.5591865480543998,0.22025342997118036,0.19957436518629473,0.18441292695341288,0.19804668053558136,0.19452408223082476,0.10378488056441289,0.13399428661464546,0.19369607365755423,0.21975513923290585,0.22870608870692768,0.010271238170035843,-0.18853648788844624,0.24542214543857646,0.18114817302894673,0.08814726103013079
GCGCAACCACGGCTAC-1,0.05300644903129286,0.23696587242363296,0.0775353089880014,0.142906342965709,0.020816288500863513,-0.004209770293271026,0.04521598669848415,0.005841004629702507,0.024306001592400404,0.10700474149446353,-0.00913686186474685,-0.006857166386856348,-0.002733434235890491,0.0038726088810891197,-0.010468126821551323,0.12535580825690135,0.08982000449928504,0.02171953249893117,0.02355206688726014,0.014455801378703068,0.03000970433976436,0.23617752902294167,0.18798529960779392,0.2371239810503794,0.15225261194701092
CTAGCCTGTTCCGTCT-1,-0.007329247379741334,0.045683156059911835,-0.06498268997593463,0.008692743088685348,0.034021043570445136,-0.06551507585818804,0.03553069818203403,-0.005762218594282719,-0.004840323992081215,0.037116168427448276,0.02873166832330197,-0.00508605408604162,0.034052467919057,0.03214026059144446,0.032660998016582156,0.06147448009400832,0.04837863306614036,-0.006039184173672366,-0.005902270802177544,0.024262385886243566,0.038626739625974085,0.04195398884169688,0.041503393542381264,0.09722954222798202,0.0066326933379399185
ACTTGTTTCGCATGAT-1,0.06810424310878048,0.14001730571326138,0.03224918233594107,0.0915839142068849,0.09504251101724225,0.08418544716696517,0.1020147742994294,0.21651002327169838,0.11630209077063483,0.4137586030154244,0.17213525200134297,0.22530334100285604,0.20892731459676525,0.2349278643752313,0.21081447418955035,0.0931348656128256,0.08569646730742209,0.18765012521965718,0.20164374923456974,0.22751081914985474,0.01693988892173526,-0.01102517260560058,0.1858802154012364,0.137686998103534,0.08288903011884796
AAGCCGCGTAGAGCTG-1,0.44593593624271477,0.21450681632767737,0.07310208888166504,0.10544764957105522,0.07733580222806985,0.046169241937156894,0.04801350608297758,0.006254011574221183,0.05106215925725606,0.10927626003152274,0.01481353808771164,0.0013526958674326655,0.0014084077696508354,-0.01102307219191086,-0.010603742451963957,0.10207786025918046,0.514844204130497,0.04023959690580064,0.004412423019320998,0.023851909012381864,0.20994824344361776,0.3034755043698024,0.27910058203154375,0.18238716726808935,0.16776486201206703
GACTACATCGGCTACG-1,0.1933781301145279,0.3025156773158127,0.2702530796359324,0.30701756854974765,0.017932978521952313,0.03226651056737942,0.031500477368885144,0.0034154175408498905,0.031299404377272626,0.17548518197874963,-0.0059492174179244595,0.0016158468317976644,0.009603139615699783,-0.0018625316628965232,-0.00913812589063273,0.3314261982172725,0.17325446134012673,0.053627991105177616,0.0397563444862023,0.057116256563433596,0.10251456258848689,0.30650355824895636,0.256111551469247,0.20099930130770566,0.23718878676045843
ACACCGGTCAACACCA-1,0.0532254071287859,0.19277584566754263,0.062192616119499604,0.10269822124647489,0.1391479868709529,0.11366835170309235,0.16704567646268173,0.2310156213254393,0.15418775441244215,0.3538070517399397,0.15671356061660927,0.22640675082001696,0.22281654926386404,0.2502235497723841,0.24441776825924968,0.09612315900691935,0.08796135205542087,0.1570560361165659,0.16994611468162704,0.19571592010233488,0.012315554173641979,0.0006379820632050007,0.19279980210829964,0.14069898211051277,0.08966328633853642
TGTCCCAGTCGTGGCT-1,0.0562584221925986,0.1931751272140632,0.05860701156847319,0.12384229913535846,0.052008558143716264,0.06838678509922137,0.08284643170903035,0.1535632396009793,0.08685241349143853,0.22844777825346996,0.17768656978212496,0.1608536151253568,0.10992776540938741,0.1488453723279626,0.12363828343359079,0.10922780400341514,0.05689701840035747,0.5335557774502834,0.4553421637203902,0.21949252305936134,0.019296445024383452,0.036551256279201486,0.21002162871968114,0.1739505062467847,0.11444123481712416
AAGGAGCTCGCATGAT-1,0.05152187304436906,0.20678362734315428,0.053279957934625886,0.1642796319070089,0.09097405720239278,0.06981113614759146,0.10339908166120969,0.2145865734276705,0.0977805607498875,0.4210912378011237,0.19379850562227838,0.20259942256988708,0.1317765515747371,0.1874375695101533,0.1710953554540243,0.12250401104410961,0.11838485752256941,0.25936325299085755,0.5787095088058686,0.5150417764715339,0.008958415531804733,0.2278618979151471,0.23787472850770813,0.1799640526125837,0.145844825847693
AGTAGTCCATGCCCGA-1,0.05529102302656764,0.17798214199513163,0.07231203003298627,0.09218490411501531,0.17660469801623216,0.14056836349540863,0.18434492884759943,0.10369830161724111,0.1787005159846351,0.11922735066986961,0.0836219298342879,0.08958966915941088,0.15383334060262402,0.12399265262899144,0.10577778912470194,0.09764968818175873,0.12405093602439231,0.0418479378344811,0.052508079944746766,0.07765967700856795,0.03017336543378319,0.10678172816262124,0.18948663154914117,0.1279268014654672,0.07233891681002497
ACCCACTTCTATGTGG-1,0.06925137796133786,0.22292969784382669,0.04981416816533971,0.09418307672446932,0.16368521201825645,0.13833470831083525,0.1733516551711943,0.14657543439510662,0.14062342148328047,0.23823522359212326,0.10530659107788061,0.10405070971007399,0.112610674467253,0.11050853602397831,0.10509048113902547,0.09925773921872347,0.10608617753985115,0.06266715690352512,0.049712249437205445,0.09213922891590443,0.032032793694768635,0.3203290657425533,0.21696410991903972,0.1702925638347988,0.09511095981667288
CGCTATCCAGCGAACA-1,0.02205495001772071,0.06550317786948276,0.15668402733876588,0.06215681305062294,0.07766379693210235,0.2153772743404929,0.08057370040486292,0.0316742074306121,0.0833242647486308,0.07600634388791552,0.0674395029770869,0.03683403646895013,0.07768041464886463,0.07390588562069511,0.07491444664817418,0.1470236627660319,0.05179869249920665,-0.005728125300787101,-0.005598263894888189,0.058809638233148324,0.041181928387455005,0.0612042281590594,0.06034598221707913,0.11103524297894778,-0.01096204536125082
AACCGCGTCTCGTTTA-1,0.07816058397896296,0.11933311455544252,0.42798813340205966,0.31107353095714596,0.020968722809545058,0.02172325932629549,0.005370797835590958,0.04601405243277826,0.006345466344147961,0.06248950606412325,-0.01386752214171452,0.021713638066641172,0.020911999325707427,0.019015997460060982,-0.012650376729550076,0.36003735335887843,0.11317423897109748,0.04345684389455086,0.0449818235532546,0.06392900805097504,0.04470309448381693,0.1269617677490927,0.257886096431617,0.37534666906504205,0.19616736192184733
CACACTCAGAATTGTG-1,0.054582780527854716,0.21634082996478696,0.008722014368497158,0.07710110485858718,0.19332071233074014,0.12469874921372152,0.16917313546010404,0.12173934913657578,0.18004181070915112,0.3063406756659651,0.09048115919528284,0.1024966344349119,0.12922411778446255,0.10303993599109151,0.12909815487903756,0.06320674537011527,0.1294840674859384,0.07189884702072269,0.07059869017028678,0.09941498177993464,0.03940351715245608,0.35656904160882663,0.21279388116979175,0.13271722406136452,0.07466151801015508
ACCCACTGTCAGCTAT-1,0.05013926278640667,0.19722740101021677,0.06152475799906279,0.10692504854825526,0.13330300207698245,0.10821310740274559,0.16013049806404164,0.27408745559032366,0.13508697552824883,0.4843757297002103,0.19384451095877225,0.22708047075185117,0.23280301911801612,0.23158794350424308,0.22638528907007135,0.07495781493018165,0.08246842550708917,0.14807796871504778,0.21390741554951176,0.24211954162169694,0.00026555601828033874,-0.09647230509027155,0.20469675492312994,0.14564030615535123,0.07036606859688131
ACACCGGGTAACGCGA-1,0.019068536272770057,0.1694781982798466,0.05085187019810102,0.08685300382394695,0.11063293236343574,0.09566463838521909,0.11640089065184633,0.21869011532898658,0.08919927704299749,0.4901806941389935,0.20550300857470558,0.5248740474254027,0.18604799412810408,0.22406110266134366,0.1890457193343594,0.08848563821589255,0.05478861817882718,0.17652132883867358,0.19893759016136764,0.4104529927513126,0.013696597984561201,0.29548847667357697,0.17697078437747873,0.12956993386076102,0.057516688909018204
AAGACCTAGAGGGATA-1,0.15894915315268054,0.21794271071785098,0.6413580197643934,0.38770896379716285,0.051406266585062255,0.05179047129401085,0.08193768391440627,0.04907084679634519,0.0569391531607783,0.14192777963176043,0.014140554869603996,0.03342407773304731,0.02307538728336442,0.019329453845802518,0.011647329283486144,0.44890137998476776,0.14445401606391015,0.06865634749694473,0.07019872438955646,0.08031688301609607,0.05030592294683948,0.2505999955778186,0.3999546282937107,0.35418158152654333,0.23888481294114525
AACTCCCAGGTGATTA-1,0.15771213793296168,0.29993718596412594,0.18226511356400196,0.1913894786096311,0.005489398546294926,0.027121645908523465,0.03309239674231675,0.039175256843041226,0.018534874732774424,0.11804972583073335,0.03698463860921568,0.02588903189430418,0.004920526252023528,0.021526088160839632,0.013876806279852083,0.2248963848853393,0.1285350616248657,0.049975699003177027,0.05471974556958468,0.048810134491666234,0.0881337633690903,0.25882961355898565,0.3556764808950675,0.3174605946422097,0.5012498061513346
CAGCTAATCTGGTATG-1,0.054808524060588774,0.19139193467768284,0.07080956387810569,0.11509061966454123,0.1632782678026796,0.11887452735251985,0.18617254938365654,0.15275897295342683,0.17643231926729508,0.18239956469631938,0.11537776791207982,0.10980656720998155,0.16477195256784608,0.13921432704372916,0.12745413881408388,0.09379412958454228,0.10758787979018329,0.08084162904881084,0.08951039073645861,0.11650256548684858,0.030847685188630274,0.08529463206552974,0.21588838708244468,0.13474030453607147,0.066795892490391
AACTCAGGTTCGTTGA-1,0.05208491452413447,0.14399817818173682,0.06807026839627692,0.1248575859822307,0.059673219879559175,0.0765129121981524,0.10311319293478245,0.24279457710663235,0.09684879563959937,0.47591364638795364,0.1862537409020041,0.2305975657429649,0.19193711698447127,0.22264714892288848,0.1872462591921289,0.12629582112857046,0.07268651400773048,0.18392200459109762,0.1993831462207053,0.2232680185342034,-0.009013086644435,-0.08684176074732482,0.1598687968231957,0.1351469993017008,0.11308995051455895
CGTTAGACACGGATAG-2,0.1450713188815048,0.28637125688241266,0.15397275603401542,0.1507880778214936,0.022762233550368365,0.015550680646711319,0.026595371293609036,0.03180462094816916,0.028317278147607764,0.13990588669136247,0.023770360414520013,0.00968153540473375,0.005488006667202094,0.013284389402528695,0.013170967484808015,0.1849495916497857,0.11563593439656317,0.049107847292862675,0.06886525861454225,0.061437959923405595,0.09363094704727587,0.24872583803992196,0.3372807300495594,0.2593577268583716,0.44482246705726586
ACCGTAAGTCGAGTTT-1,0.019748114667418416,0.19288896083172027,0.032697086394543995,0.05336101826350358,0.23384684096367225,0.12249912460799306,0.2038655759195851,0.10459818785090975,0.1843830906614594,0.22296681820333059,0.11439116780051843,0.09777487628034966,0.1205687170699274,0.1021092629287818,0.09217719920831463,0.07093056127880083,0.11596023043227148,0.07584615521272355,0.04661311389658383,0.0774750432643139,0.026011740411478607,0.3115855726674125,0.18232930275496043,0.11287716174738062,0.08626507158043172
ACACCGGAGAGCTTCT-1,0.029032598480826205,0.1696141678399438,0.07243667121276649,0.10476619469862543,0.14739068757659865,0.1537739817675833,0.15334644039831397,0.2003718103941766,0.14807145866918844,0.2125970284746932,0.2154512546082855,0.1582708451224142,0.177597296533713,0.15714794705419102,0.1802337291351191,0.09271010703468315,0.07332633229480139,0.16102273295124087,0.1651290752312942,0.18533072793146205,0.0038875227941047395,0.1002395862774932,0.15455296757252898,0.14953489620570673,0.06729694047709527
ATTATCCCATACTCTT-1,0.20283033052874613,0.21899767375849227,0.35423566341011437,0.22007588620041263,0.04476315039169601,0.05418881932051936,0.05741735000956642,0.05416309595146776,0.08036483286930811,0.17204854283380464,0.025862577357420976,0.028183662730646476,0.03552622367422247,0.03276005824029889,0.014983758610565024,-0.055422451480247444,0.17366357966559334,0.08264615752054413,0.08687010058126626,0.08774164561075092,0.07513534618732856,0.25935953454975913,0.3832737035853687,0.42854025306288873,0.2052672364616242
ACGGCCATCACCCTCA-1,0.07132081814561665,0.1437158298000797,0.0475744482208607,0.11152208581115208,0.10671762950456327,0.051958957262408914,0.10226830475288544,0.21313941281373158,0.09676827502830683,0.4542639009686687,0.1771559862159739,0.18277638854394335,0.17450034574516823,0.1953552973452793,0.16139151183310343,0.11281771668316902,0.06462739207364206,0.21145392289303577,0.45814974694342997,0.5133383503763623,-0.02130085117689751,0.1818763394339312,0.22744018350746675,0.17466480250298966,0.09914818030317347
CGATGGCTCTAAGCCA-1,0.07993017018650173,0.19551450519325597,0.0668548843455811,0.09284387337689615,0.13539193444751657,0.11050103521742877,0.1679678058806763,0.18024487022625837,0.15518796586850722,0.2915683344270477,0.15389707107292852,0.16651276079742428,0.189713254322939,0.17125466589430596,0.16628535696867958,0.08768257687513277,0.10643133765620462,0.07745251452984964,0.12049701918081382,0.16630393817170333,0.015224197052444134,0.029012869560647844,0.22834857018464408,0.1629249197335697,0.06268202751770748
CGATGTAGTGACTACT-1,0.05242025705945843,0.2760829637198146,0.03971161687846565,0.12026599564299768,0.15773027566650055,0.11697103256617439,0.16716653470810294,0.17289591046224326,0.15604920823417814,0.14880497886873995,0.12890831427270724,0.12681626032943408,0.159807486495616,0.12336592077352365,0.14048147308815945,0.11037610366905426,0.13340389978103712,0.11485654712791919,0.08569631944729486,0.13662370295358042,0.041946933601547484,0.04909182465841427,0.2620639840291002,0.1758441685759601,0.0993096956460141
TCAGGTACAATGTAAG-1,0.04276555172410545,0.2662398155855598,0.06374453749769304,0.12652103756438018,0.1212808078936717,0.07917965676654531,0.15541323999817816,0.15478849798959288,0.14317713561023307,0.3168393714710953,0.10661179042595904,0.11222001753638641,0.15548049719506074,0.12288627557089057,0.12463543919118478,0.1317820527186547,0.0883731415157235,0.08376888568104493,0.08767751847897047,0.12161247577470319,-0.004920038141729558,0.41734835181823293,0.26790281400820326,0.19249377053236533,0.11949355558196861
AACGTTGGTCTGATCA-1,0.022683528347446174,0.16121424409281793,0.040744377315555205,0.1197931101039895,0.09672299528149257,0.07390060785318954,0.11104748395902846,0.18461638798887442,0.09522417782540195,0.3734653322797168,0.1800968315984284,0.20470102561404785,0.17872283757940505,0.2090787212584433,0.18236346216679383,0.11273492280110153,0.08336529990614659,0.20537680616787707,0.22217396240128556,0.4768435916927869,-0.009905125764667221,0.04575648943950922,0.1753917805948216,0.14392492755275602,0.08276553402200593
GCATACATCCTCGCAT-1,0.12724555646404695,0.40539188366887585,0.07665886525043222,0.12927660298584479,0.035267370304487476,-6.483320756907409e-07,0.003109323353420844,0.011939810669664156,0.051651539544254214,0.1718723425992757,0.011135254771416608,0.003498269017171511,0.009217596479510277,-0.009500318103877031,-0.008898655853765671,0.13499782237866273,0.1326971213879666,0.023975181140101075,0.01850134371404775,0.023898546197697476,0.05608431480485504,0.2721198963413448,0.26517391456034894,0.18004821221722733,0.21494988484321406
ACCCACTTCCTGCAGG-1,0.48675815226126373,0.17861648859270124,0.07198278856964764,0.13103562786420084,0.06155730922489042,0.023414797398960237,0.032125696092517045,0.0029944102092442056,0.07833455207623828,0.10324780593057527,-0.005317422070060049,-0.01085678796354471,0.009033980613931944,-0.01270908351731301,-0.01225630643760559,0.12458853340754239,0.5367198849015243,0.010222154594845234,-0.015598487327513172,0.005283568973076963,0.5990743497415982,0.17007373035686002,0.09841947144119279,0.1639291564802834,0.13071593677088078
AACACGTTCTCCCTGA-1,0.020971517860506418,0.11458798308423454,-0.003837034844203751,0.005296178981648825,0.5195402879330275,0.149699883276588,0.14752393553015036,0.0822501599104117,0.12977019174707285,0.3123255482024988,0.0900606708283002,0.07418514161042247,0.12925144590223978,0.08910678173070244,0.09147087716044773,0.025398849969184973,0.0934605117437546,0.05600107716864278,0.05790735915843151,0.08330189074076978,0.04652306249070749,0.34347576886083164,0.12516334222616776,0.051813576920220164,0.03915962185125043
ACACCGGGTCTGGAGA-4,0.14934788281511432,0.43594098102866824,0.13288296585756762,0.1827757776127461,0.07082171683036816,0.04073145138729292,0.031787474379510995,0.07465954723618068,0.0993422608969306,0.20227700961143374,0.04720666274982661,0.05004337706679994,0.03870274123129069,0.02521036180509758,0.01607904171120081,0.17286840522570032,0.144173019852234,0.0529138114655979,0.04565453470800049,0.043783142490246674,0.11735968889257038,0.2744093855797895,0.2681198617789521,0.2258727230987306,0.21806390776500276
AGACGTTGTCCGTTAA-1,0.1672754699123685,0.335549289339646,0.20694741735910566,0.2723531085601672,0.039203038452190926,0.028958187490898752,0.06728067356746342,0.05043616318089656,0.05372523632625235,0.18733062007942658,0.02757169464878828,0.02284982945696848,0.01310609912533833,0.0186515853591221,0.01976600061749618,0.2804362349561866,0.16753313420640528,0.0680964213475134,0.05670148817596546,0.06211078502858519,0.07622778274774518,0.32522613142653656,0.45176268056237184,0.39183075402761974,0.34543517472997165
ACATCAGAGTGTACTC-1,0.04868844326466416,0.1553488482089138,0.03465151611978559,0.13761740168650544,0.06400952030571,0.03815992127409745,0.07792005329468464,0.17159441557267338,0.04041661459428069,0.37777037305079975,0.16878604107318218,0.19061338703757946,0.14619343123899006,0.16730402091308866,0.1505039775889849,0.11857089246871762,0.10859107542809637,0.19534465870505568,0.43382723002176515,0.4462166237981603,0.0001601754927930227,0.21236884616226837,0.21969822844577702,0.17620001148879216,0.07687719005522722
ATTGGTGCATGGGAAC-1,0.112260065875964,0.2113576387055251,0.3900384471867176,0.3655126494155536,0.02229831351713963,0.03478139663969326,0.05278540303587434,0.023629834997372246,0.04573659341295027,0.17312968438869944,0.01400017872504781,0.032354141304083504,0.013561101973778833,0.018559088013074796,0.01095584382865988,0.3883770788139744,0.12932929105817284,0.08340442408850031,0.053537480502501796,0.07158065551407175,0.04099963569148736,0.25999702373210415,0.40866707513292744,0.46723155011004774,0.252284411725678
ACGAGGATCAGCCTAA-1,0.03932548022160667,0.1665758063987505,0.018174761943455114,0.05956059424743546,0.6231380722877975,0.14715425145270616,0.16799774449980437,0.1207799787915647,0.1727508983734895,0.3381165039043926,0.08334094372796721,0.08141967479467527,0.14103936847414883,0.08376026229414418,0.09579212608695913,0.07330195397097448,0.0958449214109436,0.051631165508888466,0.028258491472163274,0.06828451449318312,0.04585617682654845,0.3504419471566042,0.1887289010355136,0.11953577561190389,0.09015971759278542
AACCATGAGGAGTTTA-1,0.16280754541118886,0.2255399049606622,0.6074045103666486,0.3689976928915399,0.05465933997855399,0.0695411141502302,0.06750114396128606,0.026893670805627955,0.07190761821179861,0.11997512219682632,0.007785815014970451,0.03571312048964029,0.015773640223989388,0.02140101654692084,0.013249633083904472,0.44936334103376196,0.11343287411436724,0.05598621634928972,0.04952618925509562,0.03990944998465759,0.04445982677032372,0.23848212829555804,0.32463325468799953,0.3953478168655788,0.23438138074186854
AGAGTGGCAAACTGTC-1,0.030797731997394433,0.18246989131832878,0.05873812989440543,0.13332544959382506,0.12567411877708404,0.10910230786434769,0.18151920797891422,0.2549871322524652,0.15698325422125275,0.41092129937954347,0.2516083700568396,0.23407257259496064,0.23652680095734205,0.23627593418629103,0.20116603303432623,0.13507571738613175,0.07188257301537697,0.17226091861433196,0.2305729597718161,0.2731203222603119,0.0008938278567492833,0.014278219576229994,0.1928467440284147,0.15438295367259272,0.11029925341977902
AATCCAGAGAGTACAT-1,0.05156194047341648,0.14248292501234114,0.023890078976889814,0.1209953903473979,0.050149191065518316,0.03549744388294414,0.04427489790803296,0.18735963883136753,0.05585149024254399,0.457741242924821,0.14339905645832998,0.19976504561443778,0.10967921186909196,0.1690002568724535,0.13373506884793132,0.10637393907109616,0.05071939412971836,0.1712733954310655,0.24210354697363765,0.21254271043966358,-0.021566361593576236,-0.13307894344027524,0.17419759257784023,0.14272186543616802,0.09058648925479791
TCTTTCCCATGCGCAC-1,0.16457890301107156,0.25357189840963296,0.35121529415451025,0.04038372092359416,0.03552762945050698,0.01683912869959835,0.0642244100563466,0.04831917531526682,0.013011649497893546,0.21834553700806586,0.023232305419571386,0.03493517413772367,0.00898144119577794,0.03750821803365896,0.022181793777758214,0.2542667496191477,0.12612550805554193,0.06069948966885826,0.07668757497268378,0.0695089465340216,0.056041532148897726,0.30452388400295055,0.40821388681240917,0.3629829370420811,0.23983921393828708
ACGTCAATCTCGTTTA-1,0.04165196628555755,0.19258261544491723,0.05639302713407864,0.06582541119117828,0.18079087705369498,0.12493013441152359,0.16110950105947977,0.11671509795384433,0.17391611971462548,0.0731929849092974,0.113030022470062,0.09849963581501435,0.13390686648594408,0.08959970843696632,0.0826922059055772,0.07145814724781374,0.10990598543654959,0.08944040311094942,0.09333785017073996,0.1247711136256255,0.021241928988446252,0.1321864002629058,0.2079805903407424,0.1283432763420842,0.09557800713608762
AAGGAGCCATGTTGAC-1,0.05730643724773189,0.18554978349462256,0.028631441460173244,0.11454762024000303,0.08207046420548106,0.060441241091484084,0.11749092143185141,0.20358967740711173,0.07890315980356223,0.4554115709467615,0.19996956520379497,0.22609418404613923,0.1475506706642084,0.22062177830491467,0.17338494829907763,0.10680238620796696,0.09479339886937785,0.2261447965588946,0.37891059159160134,0.4423260765027925,0.0035337108801483837,0.2674303201436294,0.18358120014710655,0.13134024475803918,0.09836682057503592
TACTTGTTCGCATGAT-1,-0.004008767588838007,0.01974791225735687,-0.004639173303073414,0.024261572639001437,0.14013509397893265,0.24499862618579696,0.14493885759573868,0.06131633684257584,0.07379321213288582,0.05487423702662008,0.12334074863194007,0.06996593628725677,0.14016371080991766,0.13399083889731936,0.13579460285363393,0.024487620517757498,0.04670826705942638,0.057866452001582705,0.05928515776841733,0.1093322139222993,0.07616277075884638,0.018916621180583768,-0.008228500640347131,0.0208958839944557,-0.006321335746052878
ACTGTCCAGATGGCGT-1,0.058226109066109664,0.22361135461011608,0.06566523689835738,0.09868774253835341,0.17385432543627424,0.12298444793273297,0.1737832856096693,0.1429679694720824,0.15347850972130134,0.27667463704425704,0.1158762510356198,0.08845452286564977,0.13968313525189727,0.09736752083710462,0.09883933868801127,0.10448993890279121,0.12299409825356443,0.05187207936769572,0.05233153707977954,0.08177043153463481,0.02120450411347917,0.3422204552151061,0.23064792243784785,0.16741243681913645,0.08843611979760943
ACGCAGCGTCGGATCC-1,0.011833810165794061,0.06231203032227844,0.06283666353673988,0.024278432390573014,0.05359940482649034,0.1820291857686311,0.05578696170055213,0.04670583940239182,0.02583039931642627,0.060772637324097156,0.11700386056280733,0.05456561999718674,0.17480048027580083,0.11466020058197207,0.1035304106076467,0.0687672143618789,0.03318243721900644,0.017986181188205424,0.01879654383634731,0.0628429223478266,0.027249272092895845,0.05709115449281229,0.048430544101254705,0.055041954480234044,0.01208871925208934
AGCATACGTGCGCTTG-1,0.05570012185126696,0.1918515971101582,0.05663210370166368,0.14358441337557531,0.08069352009606597,0.03712232969521324,0.06702039957790033,0.16756049281522853,0.08957513701177704,0.3396112153185579,0.14897907506326308,0.15715442597658424,0.1224589246252756,0.1366567538335244,0.10939042527737936,0.11277074439854147,0.10081695751317765,0.2248517757103965,0.5604514484299071,0.2421056054371303,0.009600342469836124,0.24730140916864946,0.1987931111256767,0.1611669984801959,0.10604362534525116
CACAGGCGTCACACGC-1,0.1687583565239648,0.2942395523516217,0.3474945925808322,0.09956208477444273,0.03892284125176231,0.050146090744195924,0.050714320906652406,0.05475886534235427,0.05534853354606724,0.18137876869645775,0.02010908594430382,0.031567032281469835,0.01209686396039449,0.026847250906880737,0.009382366686262267,0.04723699804641389,0.14818349227863228,0.08980858487419167,0.08349320068272476,0.07700569734674989,0.09076518921686827,0.3149909733741765,0.4086270822156705,0.1211444878042476,0.2705647083236257
ACTTACTAGGTGCAAC-1,0.05944168493715962,0.19738351988022063,0.06399857421315495,0.11232324064432575,0.0482063751838439,0.018383622624064015,0.031909648256153444,0.1534316288855475,0.05317849342041942,0.4095751701733879,0.1684601763669951,0.1717294572581444,0.11395083809280088,0.16024739285252057,0.14485803773803585,0.11349522023644429,0.06591546181476923,0.22438354234124674,0.25733629216626147,0.24616610677617945,0.007200271471279147,-0.08538716883384902,0.18097104149585583,0.18989982959170057,0.12058273014028915
ACACTGAGTTACGTCA-1,0.02517721702514387,0.17956813661464627,0.0405705550449311,0.030315659682408985,0.6602153053853871,0.16157027882423222,0.20487138741274472,0.1519238268616418,0.21228971720642695,0.2176451421906187,0.12207799021498775,0.07912902624367063,0.1852308891833035,0.10374990354996567,0.08551412042316205,0.036142438704923036,0.10185247043174918,0.06952131912136764,0.0434850436789188,0.06881071281757045,0.03069189040651425,0.16040509058557526,0.1806255984146622,0.11416144483181366,0.06361258151625594
GACAGAGTCGACGGAA-1,0.17256907746943376,0.3220985777024323,0.28013984435902717,0.3387730270838194,0.04243695942689162,0.026631493337893525,0.0646753981122226,0.042836270969036416,0.06599629931662318,0.2036966997981202,0.019357314801354105,0.03177723426918383,0.005281257347059462,0.025779987119190804,0.01845660680896025,0.3560287421335905,0.16039520435213214,0.06781422434800322,0.05564499729909789,0.06354705476035544,0.06795779317047226,0.3644744702246576,0.063296825393977,0.3685550742744021,0.28288279456911253
ACATACGCAGGTCTCG-1,0.15204731166942503,0.2495891945632747,0.6072417811842454,0.422968365158681,0.032119535756257554,0.05084322602312894,0.04400817870894459,0.04834800354218563,0.0554935448912306,0.17092831294973845,0.021766052655267903,0.04217603323612009,0.03197998249510381,0.03698255134354644,0.029537869104549985,0.383185295285365,0.13633469384911465,0.06852967145705051,0.04656914776129119,0.07207235879852497,0.06245268233626476,0.2754001906993003,0.4097151230226297,0.45668557239944746,0.24976332443696278
ATGGGAGTCTAGCACA-1,0.18817157033814844,0.18465127628496608,0.03987113422621604,0.0957706571631639,0.06536055694984994,0.007560989209784703,0.025660276353994375,0.00625523724581319,0.04952669181115618,0.11298451904694283,0.00555333745542565,-0.0085600577108024,0.001446510280380989,-0.0004233026504081464,0.00016988804975583938,0.10663924565660243,0.3928348141188824,-0.0044596991538358955,-0.004026129254646359,0.008907612618491217,0.5472037637984999,0.2695232286049951,0.2433708843119444,0.14023172998821412,0.2913163335743315
ACTATCTGTTATCGGT-1,0.021266451901211725,0.15687736032173982,0.031294795119593585,0.058718628010845896,0.17226911579814053,0.10658690645193808,0.14752986070431606,0.10288818266886032,0.13361023667997798,0.09504584261603885,0.0770726960662716,0.05544245659998701,0.11155683595937338,0.08571982570307338,0.0793399473806645,0.04368273969455998,0.08153648100264123,0.061474855773224764,0.04780361199543437,0.08276149804262298,0.011372838289423903,0.1407002543650006,0.1719165730571415,0.11777580357561122,0.0793861626260015
ACACCCTGTTCTGGTA-1,0.08637022865017102,0.19840410686184048,0.4859579632260713,0.23992981570381114,0.04248672209691869,0.03243286955054463,0.045143535977954195,0.09961611581060649,0.07338593753033952,0.16645556871677636,0.08682056759689326,0.06916809438422257,0.05568467886900468,0.08517683396468162,0.06414726205997263,0.25966396356487925,0.0691209806909176,0.11385953949029683,0.1167623763885824,0.10163758610689863,0.01084434540938345,0.2049301774856181,0.2486813683908165,0.18095932032641507,0.14260714621403406
CATCCACGTTACAGAA-3,0.10559440179497544,0.38704659693578897,0.0884433054060674,0.14157781013181145,0.07901613909183759,0.0648435189243623,0.09818661876756155,0.17420786389569798,0.12907150301706483,0.281161240950016,0.13211705847198144,0.17580735529682073,0.12885432559459498,0.14570647857136929,0.11724343656431668,0.14088709300677466,0.12872295644494053,0.1575887009688068,0.1917744841593615,0.2165913469727295,0.05169487206913219,0.3260297353857303,0.2631827242445758,0.19080058191192367,0.19481488776621772
ACCCACTAGATCTGAA-1,0.01964720028045802,0.23161035085105214,0.07997655749754581,0.10261157832480307,0.15078773735033904,0.14706174597245802,0.15845331679449584,0.16631679522846302,0.14273717519456147,0.24812504907654995,0.10077239828026957,0.1224357287577888,0.1407745848206495,0.1130236230273024,0.12473503135956737,0.10016694311693874,0.08345491477478145,0.09405050629733053,0.087667323053816,0.12201218502830238,0.0024003995728848794,0.3130573855756764,0.21010372518575207,0.15102495150957826,0.1037968341911777
AACACGTTCAGCGACC-1,0.059051956725077424,0.1410630940011546,0.07506585745913301,0.11786084424901698,0.1033243874534274,0.07660610200908906,0.09759328243541608,0.20435282093799537,0.12218857325909871,0.3431345286780742,0.22311884744638547,0.1959626364588845,0.15913561142575305,0.20285718232462904,0.22498181926103106,0.1149787368939881,0.08002370760652279,0.2498151451118597,0.40051737244788804,0.4485020004845736,0.027444479800865257,0.23058029045787015,0.18432691629574172,0.14404550556070211,0.13342053274183774
ACGCCGAGTCAAAGCG-1,0.08620716490441735,0.22556364468068535,0.06093276642989311,0.14159396538686017,0.15707332367686655,0.12504079005132646,0.1799608648297158,0.24408422759830445,0.167820394496174,0.5152634962677286,0.21481193527277198,0.21265258355913558,0.2253464172038416,0.22030125149070173,0.19310529927312525,0.11962640792835864,0.13663455059018773,0.1749376567858022,0.19449995146136145,0.22782072757160662,0.01734294644513844,-0.1153630688175815,0.21940448251995434,0.1699482262440489,0.08902934727212897
AGTTGGTAGCAGGCTA-4,0.1477332252951828,0.49888632447621367,0.10469163513867029,0.1740991376685987,0.051656490139698946,-0.0021205096030213846,0.046610977456290434,0.04737358955215642,0.07780155114713071,0.2137225857463086,0.01195593074655876,0.021112002970799057,0.01317108541688209,0.0007790477009902455,0.0024275570143900103,0.16885644833405836,0.18818660118215258,0.01426137758371084,0.022282206907774577,0.028152177896351643,0.0997278088170919,0.35076736445954354,0.3435959086391332,0.25190812256808826,0.20648123897817003
AGCAGCCAGGAACTGC-1,0.04795932125138204,0.17224631431183057,0.057383058578161124,0.08708505749028199,0.13443100757328028,0.10847722074102978,0.1402420751666758,0.17848058035652825,0.1547393939422568,0.3797673019448588,0.20476151118660282,0.1593874473616889,0.1651865666079341,0.15689408370324262,0.19783090426035704,0.07191089036393007,0.08806426449432901,0.17662191314406836,0.17276135313807542,0.204174785649473,0.010525516677533832,-0.11149003559578309,0.20029374950993986,0.13823084719208698,0.07752864617319973
ATTATCCGTCCGTCAG-1,0.1027747375073055,0.11709696798483904,0.034203334471630494,0.12938915194831152,-0.009990026752188217,-0.0057550509252683995,-0.009680626879349964,0.025834774653483855,0.012314678688800661,0.14259237527599927,0.02520163172870791,0.031941168716050614,0.031101095875792753,0.048708205831189434,0.04969271659985889,0.05980427920966085,0.029486538755240058,0.023526240602184223,0.042615487412148906,0.036029737348712065,0.03594299978840029,0.09671426996498453,0.12301944099080868,0.15491990890042356,0.14351160773570823
ACCAGTAGTCACCTAA-1,0.025976031401212955,0.19414989971840751,0.04795717288463192,0.1172869895539799,0.06042819035820379,0.0500897229962578,0.06326504517562447,0.19704336297066952,0.0556128473457473,0.43170282879298644,0.19352366788691566,0.2110847918652077,0.15788844378121217,0.18752075387013575,0.14334651089802303,0.10717783601185873,0.0709706723440396,0.1918236278011883,0.5406182596352598,0.23687509813384947,-0.0015749263648576243,0.12442305671118074,0.16215825258540936,0.1331953441021111,0.09531261841450339
ACGGAGAGTAAAGGAG-1,0.1330728847496145,0.26141656105375494,0.3625525186321252,0.4246815979229558,0.04415319820439699,0.06205347662761328,0.06482574248824968,0.026365550427528167,0.060706655264051376,0.1670415215790952,0.016805325883385104,0.027632381473647476,0.017976532719192893,0.006602782604997858,-0.0014653987090965223,0.3366829636245426,0.14368298331517418,0.07472237074061934,0.05482535884261455,0.07181198113603393,0.07404616969466614,0.3309844081596528,0.4227288423842283,0.11057754898673228,0.20530788502410907
ACTGTCCAGTGCCATT-1,0.02564032951248475,0.18485603490882643,0.04644838770284869,0.0760239875765926,0.23281349266835558,0.15407086350824317,0.18461114271493367,0.10108356668779443,0.18178046474979961,0.22663679956146582,0.08263708777001744,0.06528569288713337,0.10109509046021528,0.07615041802435922,0.07709575299587502,0.0766091740860045,0.09849272910606634,0.06168094369865143,0.06240469701584221,0.06014942775037781,0.020611798574868535,0.28829660300815546,0.17167503348848223,0.1105453573879884,0.08546008052116771
ACACCGGGTGCATCTA-1,0.07405061702202753,0.1208097327063559,0.06264812199624963,0.1463552149293199,0.08841668733627302,0.10957224247577059,0.17469384806269045,0.5353066562603606,0.13806768865146124,0.4862222441394522,0.38797131760048625,0.2384103067877254,0.22123220357669643,0.22269165800839066,0.20437552493086472,0.14016762837409705,0.08793728368985801,0.2179659000433858,0.23430008374513328,0.4983765146981847,-0.019831203756483208,0.34126376812175985,0.1718594782005857,0.14853694667383857,0.10429768294516915
CGCGGTACAGATGGCA-1,0.18689743596678554,0.203000810402789,0.30230647729482923,0.23710828965470648,0.035276309842983605,0.04584834968327331,0.06567127290519617,0.05324153996778576,0.06942535235231917,0.1903499905186857,0.00976438785890532,0.029445799383819412,0.035854620203695536,0.033638157049239156,0.008639073095325005,-0.16349071633360737,0.15340587379066672,0.07759953387654887,0.058458037431399816,0.08150537594775971,0.055033535978492816,0.2746157741951811,0.3504466960785781,0.3736461615809023,0.20119213189378518
CAGGTGCCAATCACAC-1,0.14389010677339895,0.24589623316434817,0.2693572838349185,0.5259888337697453,0.13119206975468156,0.09029870038564018,0.14558594169449107,0.10581950465438576,0.14161349742950013,0.2763220749130568,0.07053454137499432,0.07644024496253853,0.11899645630066273,0.09635985603046239,0.07617012173644173,0.3911893439038086,0.176611437447807,0.07978000774567084,0.07681428500150979,0.11541940246528973,0.06483418236413802,0.34777528388631157,0.03605371956824949,0.2070716569358093,0.16416359336161968
AACGTTGGTGCAACGA-1,0.07499244598699188,0.17095737246417156,0.05740828917076828,0.1351365741748715,0.07874537757764494,0.057724316040296056,0.08346274867630268,0.23220080759589395,0.10905237179937263,0.3789938437610415,0.17645544058054902,0.22906547149352213,0.15334597292140437,0.20330334212881576,0.16819707401675676,0.08913675398481449,0.10209335744818222,0.22664300100866575,0.262224235921483,0.5049706032283163,0.024209417146166312,0.026468662017247378,0.20401858477176293,0.1330160729337628,0.07401468081011987
CCTAAAGGTAGGGTAC-1,0.08321213351371201,0.2882204868093459,0.05015892608388252,0.14299014513105016,0.165085164304852,0.0869870686771535,0.14306015105937775,0.17735283464611903,0.16025202368116964,0.3717280538009974,0.15682650741574206,0.15419202551769284,0.18061307013808575,0.17629113585433637,0.18755680785055823,0.13723417167209376,0.12456224145853427,0.10954469354855924,0.14600036755562196,0.16377489656190808,0.021278586895799523,0.4431049617026324,0.3103783544092003,0.22068870248607858,0.13004059713634378
TCTCTAAAGTTAAGTG-1,0.1016237622550075,0.25006682735704916,0.09277916248173083,0.160133140103511,0.1500072651152378,0.07813416197969085,0.1316975336771482,0.1288383659735711,0.12956122865424619,0.01401826476087276,0.1422947103845066,0.09901453024692083,0.10322067687150506,0.11932372631653754,0.0976791887231079,0.15829930751382645,0.18031539779978825,0.20808187851894275,0.17138473822206293,0.2019176411487963,0.06728575151084401,0.21690932756334316,0.2710512111092253,0.22126620453717205,0.12789478463624293
ACGAGGACATTAGCCA-1,0.027367929335544217,0.14913011651841473,0.028957199726663562,0.06668953262025601,0.12669603738662888,0.1066240898889367,0.16560382307590021,0.08864856821023677,0.1376553755542119,0.1792015054306915,0.04830430131397863,0.06114965515405657,0.09298597366916471,0.07642652403801962,0.04573251753301497,0.06818698673070718,0.128936428936174,0.0247643350433676,0.026819602024369157,0.06325443408554023,0.04360052450249513,0.2374403645694623,0.16610102518399844,0.11923232319956427,0.06744618540417796
ATAGACCTCAGCTCGG-1,0.052277154639512394,0.04535968726525826,0.1693638058519884,0.11343054468682902,-0.008906745929837047,-0.005130994908838608,0.038717703978339145,0.03162847075748557,0.040497249705553164,0.17030339239109343,0.010631362192061407,0.014851773669928644,0.03729311310050987,0.01300062818742831,0.01344135833611861,0.12916729229496524,0.019687032357426436,0.1962614153019557,0.05039021292716302,0.06116128465352806,0.017219982500318722,0.19518986563576657,0.16664807163745032,0.18208300298804664,0.15783848190522828
ACTTTCAAGGTGTTAA-1,0.062304219905142746,0.10296146222670308,0.052116294293756006,0.06595946036715676,0.49181070412389793,0.15809193098505198,0.45087508028208,0.15104528207018075,0.4843436961210507,0.4143426790464864,0.12952810546242788,0.12238222204109561,0.47927153104746817,0.14470365544394898,0.14599755008800513,0.06745708624703071,0.1157682331473714,0.09694309130821523,0.08035353858176074,0.10973612844794142,0.05325752055015962,0.40490894649655274,0.12747531956364463,0.07391160221487372,0.07230029799387794
AACTCAGAGCGCTCCA-1,0.08016450178563192,0.1123551257296761,0.012832611009133615,0.07521859290230709,0.5427520985628346,0.15071561256475977,0.486696279049008,0.13659401382260397,0.45481971121526243,0.33464318485579975,0.09251720442251392,0.07655131344124153,0.14460008075076886,0.10302523470663909,0.08284795470205658,0.08183166295520565,0.12902687018602224,0.07781493502797997,0.050203350079135324,0.07756974204779787,0.047118914799041685,0.32456550161006603,0.1469002932342931,0.09018633906651558,0.06344102842667004
ACCTTTAAGTTACGGG-1,0.20711839975036847,0.27095348472460895,0.10083700429838202,0.15150162261703568,0.153757857757931,0.08584265708078713,0.14097771620509736,0.08401031886946583,0.14267860504076646,0.22989288650462097,0.06597813343638449,0.0555248440101043,0.10632529597754084,0.06058820856886138,0.06279359659901265,0.16396935942188753,0.2366716694216127,0.05391759955752292,0.04983142780438661,0.06398305110897345,0.1608783397647776,0.5099687065552702,0.2732490474790362,0.23800357655824525,0.19956320272451833
AATCGGTGTACTTCTT-1,0.060707665184459796,0.18005498631148087,0.04390666745830646,0.0860097023679838,0.1053244546371459,0.0996694239556706,0.1571282084511134,0.18116563545051345,0.12433699085785237,0.329447861897397,0.19492895668844412,0.1539155535705332,0.1775432938064773,0.15944827017804233,0.17164082117841412,0.08802356431926693,0.09980798231063458,0.14496155906641636,0.16660421854799953,0.18095713786126927,0.01773228950390927,-0.08185189109038402,0.20637592628506485,0.15366585682687475,0.07368091982429854
ATTGGACCAACGATGG-1,0.05773632432407968,0.29452216427514705,0.10111016190565524,0.1561377883861344,0.057697005333310916,0.03378381998148331,0.07110374519403011,0.15671025078112105,0.07984741038398904,0.15206064172131542,0.1477690864814261,0.14235845459913726,0.10662843267334235,0.1446391526677835,0.10808650963237944,0.15839741092781684,0.1165883516892995,0.2004286214936757,0.2228358594506003,0.23361318504852452,0.0030409216017372983,0.1945405065128273,0.30064991705127875,0.23859596124430194,0.13846550274871677
AAAGTAGAGGCATTGG-1,0.03656784477133987,0.2341983838723362,0.05699249398159297,0.10859413146499926,0.12406495282403997,0.09045952499242584,0.1504109105735179,0.23943077524217637,0.15693519152117608,0.2967042603292887,0.24434056966415732,0.22978973270185124,0.2634317063362869,0.24245455944768865,0.2549244136595387,0.10212131730891266,0.13162101901529324,0.17574689451543074,0.1959570420990315,0.21871393535183287,0.022252537442449264,0.0835465292827378,0.20201410888018748,0.14651745076870012,0.11049876083858017
AACTCTTTCCCTTGTG-1,0.02448172963576998,0.10025876971372484,0.03113830454668195,0.06370299287528994,0.07916977911414803,0.108729198382576,0.09636971071430803,0.18917610876362473,0.07171427053309808,0.29473332770834176,0.4218612145049991,0.1901132452502001,0.1468409690271131,0.17752331147427544,0.18105221266720992,0.058619914244829326,0.0524886969674974,0.20025688771484532,0.20603645184996552,0.29955085155289907,0.00037913498762228435,0.17313097796171528,0.08948119423056335,0.07545052448496099,0.07999757473052414
TACAGTGTCTTCGGTC-1,0.181740336715931,0.2936279921208111,0.2995569177787068,0.361074678701844,0.036132427030022354,0.013219851401365203,0.06410344773851227,0.04166127413646755,0.03445526568196476,0.18740490856204192,0.011672455881603877,0.02319352856864864,0.005694574841734051,0.024658123484141314,0.010052829750094744,0.37423735509331024,0.14702027163547793,0.06085973089884437,0.04053622674304082,0.06283905929548515,0.06705903487354788,0.33905104594494956,0.001550659126028568,0.5258838573139847,0.2733958460279622
AGAGCTTAGACAGAGA-1,0.03892056651641417,0.20355648705648083,0.053505238672940075,0.1055867339655071,0.1363841250611991,0.11739105265513987,0.1530395155118166,0.23371760544334902,0.107814474174188,0.405523292304026,0.249725456406628,0.25133000078685414,0.19886524119067597,0.23444876174275076,0.23845331692634578,0.07522921797353342,0.07115024650571238,0.21418393538301178,0.22748679136848118,0.2671136041435189,0.019607262096747128,0.03761872028167467,0.22337546587209445,0.16718638444408795,0.10423510038562829
AAACCTGTCCGCGCAA-1,0.07836469485346911,0.19922881811474205,0.06476585164305869,0.12900423870175853,0.13334455731783204,0.0891932749026461,0.13989550928246974,0.22718817056060872,0.17482300398375303,0.2247961105653053,0.21412291921815046,0.24438217350225092,0.18655490032522237,0.23748074430251856,0.2194725681072696,0.10851961920547466,0.11299176850822477,0.2475043568382885,0.26487810768337844,0.5278953654091221,0.02152568981811011,0.3077752619470772,0.2195503156212197,0.15969056388414654,0.13186809785147274
TGTCCCAGTACCAGTT-1,0.07845173654125584,0.260202138721061,0.0565618011284939,0.10555705513111253,0.19032235688083907,0.12563141497519484,0.21273392910933167,0.17541788808994005,0.21428864926854935,0.3413060846353677,0.15157154445925278,0.13483822878006071,0.18908763060763037,0.14647693734226588,0.1576300202830597,0.09059750643972933,0.15150229196437315,0.12247300855895596,0.09737555221351427,0.14434034486289166,0.03538983413099244,0.4159864149706361,0.24395573783035404,0.17188737534561657,0.08088273114820982
AGCATACAGTAGGCCA-1,0.07606793136923289,0.18985715036536988,0.03987342381196712,0.08584343455675356,0.10848649677865112,0.0786171107977617,0.15661819118051767,0.17097250105911255,0.12619053577492176,0.2837542185824766,0.16012453669355034,0.13893073837523687,0.15303537538098896,0.1256824990405158,0.13830192637027627,0.08743740765404961,0.09473920098718301,0.14500285571503876,0.15771621063022218,0.171588609346063,0.016348144825540332,-0.07028325603291746,0.20120880119318182,0.117454907134252,0.09000741054803281
ACAGCTAGTATCGCAT-1,0.13362024132117695,0.2669645166912854,0.2952408683169507,0.3303138756129569,0.12254280058131667,0.0903699980011,0.1340536491124583,0.18653354002271727,0.14493361477598674,0.3041978705570441,0.13444559362866146,0.15805270865540583,0.15314012885036243,0.16383146150523395,0.1451217516240275,0.34180241903150926,0.17155141986631614,0.14196139848403067,0.16591520441188246,0.1816961561304884,0.054464598483559494,0.25603241680145067,0.10453425477992004,0.39342163124829166,0.21518228050806812
ACGCCGATCTTCTGGC-1,0.032064066754564205,0.11519441648407558,0.012161266374069595,0.07874392374212881,0.18658875118903326,0.1262289231113429,0.19492806520425354,0.20081330092888003,0.2007700006481223,0.4643416537776455,0.23475597085086963,0.1824744256163552,0.22950381459255134,0.21664298386108918,0.20200996140101377,0.07121250700248953,0.09412321336544915,0.1632598856144935,0.15938606468284022,0.209266649696838,0.012194267867668073,-0.1097416627469732,0.1294891517702957,0.11745390926104891,0.07918147009635361
AACTCCCTCCTAGAAC-1,0.023975740945707858,0.15466004997515612,0.018876656364026693,0.06518346768515852,0.11984903851040182,0.13768606287102034,0.12434216323062164,0.16112006649447627,0.1525562186144916,0.3640523760735037,0.16896971788836498,0.11153397352123517,0.4329135360373554,0.12293138923889427,0.13740535918260338,0.08003195884007062,0.08469326197822519,0.131843171297088,0.108517719955273,0.1348199514367998,0.029268516107065604,0.3584152232314673,0.12567112289984883,0.08195307260292309,0.05188618415701579
AACACGTAGCCACCTG-1,0.07916790082643169,0.20050562290706622,0.0526956580255034,0.08049519565092746,0.18588640397264322,0.16103568164401433,0.21257536896295942,0.11673383339453737,0.20118226988454901,0.09258880458573017,0.08062001016382417,0.0693904501249752,0.14713274533847798,0.10069227563939305,0.10201877106451415,0.06528241823875014,0.12044893019500752,0.05827191272874898,0.03472113712926738,0.05764753166753788,0.05617276104507535,0.1175780254056011,0.19866295663808584,0.12603496923911195,0.0683009730045602
ACTGTCCCACGACTCG-1,0.17421481178472728,0.18863515847829632,0.03426869041221572,0.10325994432226902,0.08183848492586589,0.024328701204939105,0.03265137342501391,0.012382711194442982,0.07953969147285532,0.111369227107881,0.01219144897011388,-0.00016200286440245067,-0.0007970294319902989,0.01631450903816226,0.007630681792240793,0.09241547620166302,0.41363080998866825,0.026715366204023268,0.0015974820808801501,0.020453829061159244,0.6111868586058746,0.19095596518487343,0.21853359664945027,0.14719383335671946,0.13516433837122568
AAACCTGCAGGGAGAG-1,0.03967651760717005,0.19720585378266167,0.06652118328561243,0.09518608914972077,0.19606693915281448,0.15977341433906103,0.205577349097802,0.172668181343882,0.19973472323224378,0.2530774922324157,0.13173467997090774,0.11293277416633025,0.17676158218969598,0.1354827942849077,0.1369202703243404,0.0874629693087825,0.10801769929948807,0.0873357189796324,0.08228478569882106,0.1372912744608667,0.02944038545929425,0.32596887954653275,0.24810178685694392,0.16106715570716548,0.06122321199813898
AATCCAGGTCCATCCT-1,0.06839511616266601,0.18505214972741127,0.04387982042058149,0.11331744337807778,0.10057913075760304,0.09477485945587923,0.14692432101433675,0.2614188385470922,0.15306732222801264,0.396738055975308,0.18516987289154155,0.1987260448488366,0.18520678491969256,0.19344789320142922,0.18602457831168798,0.0837859796164396,0.0741080430926233,0.13094525032454626,0.18903880779443913,0.20697295857137216,0.001928124305862473,0.007655295292496832,0.18542329308868055,0.14807900175418653,0.05617276379573782
AAACGGGCACGAGAGT-2,0.14436004266795713,0.30493275038705614,0.15102876570348392,0.16280369353437557,0.04659095719443898,0.026668159044270657,0.0653372700936449,0.03638340325534249,0.042955920037892704,0.1764979752592389,0.036106935496982226,0.007196100278551703,0.02927160580247722,0.04379456830916583,0.02135664569850862,0.18408341540249476,0.15210532409771832,0.04218834484693036,0.04702126963535978,0.06545621252131144,0.10815934033142417,0.26999263124662337,0.329252483186112,0.2735907452337859,0.4910344147051427
CTGCGGAGTTGACGTT-2,0.13307383985981322,0.27908318647981584,0.15726866957054703,0.15977083734193964,0.03880176045930455,0.03219520639852256,0.031202454961657744,0.05458941079495881,0.0338777910650439,0.16685435932807505,0.06144700568211162,0.04079462367207523,0.03819670906326514,0.05316507194895078,0.036925369948468366,0.19796866062751056,0.13906575760858203,0.06667569635018289,0.07916922298395931,0.09191443762922467,0.10831377488560823,0.24058180700347476,0.291295663900066,0.2561265307780583,0.4323722295397706
AACTCAGCAGTGGAGT-1,0.05439229124897499,0.18945940735782404,0.02653571083002591,0.09647701018173195,0.10112993707747607,0.07743277681473656,0.10706364935945098,0.20860815632959304,0.10014221025512478,0.4641425282783251,0.2055161618395602,0.21191076013165208,0.17433353424124196,0.22538192817626373,0.1884978160861187,0.0933127241233506,0.06844643789468836,0.20277986433479908,0.3180885410359089,0.3097914646027133,0.013640556636749948,0.17872502836250329,0.1883991949986108,0.12431754026789499,0.09773948172890509
AAAGCAAGTAAGGATT-1,0.008547415863156016,0.1681551885775775,0.018318024246686448,0.06870654464198543,0.16085076802655335,0.13822649163479186,0.20313967271636213,0.18963218226182568,0.15279063890979294,0.28558105445193066,0.15718290371290905,0.1861597073150653,0.23782297202469532,0.20440734380760417,0.20814152821730023,0.07030489659795487,0.07628073784149253,0.14925131382050444,0.14292971409371766,0.1755601878007603,-0.006281113802887567,0.33797939705257757,0.18708647780045287,0.10863082584027156,0.07861483478686883
ACTGAACCATTCCTGC-1,0.06236799221806864,0.15821859416062842,0.046035261416685395,0.11784934863952073,0.06488768117645997,0.054093103816484314,0.049490917510718185,0.22125308783344028,0.07228028900291046,0.2895910645440843,0.16833230138331864,0.21992025200511742,0.17514509071298245,0.21287151971360663,0.18711049148260067,0.10627523262889334,0.09005099966799364,0.23279998571685384,0.3269513806056777,0.3107057343311397,-1.0301628487548034e-06,0.28463531082280846,0.20311863483854423,0.14604142048664215,0.10977414008526844
GGGTCTGAGAGCAATT-2,0.18386358603830658,0.32615246907910866,0.1382940200366828,0.18098424752381717,0.011351478376018716,0.012509140546500387,0.03143279320650795,0.028397753656913237,0.04221184271619637,0.16214481396790295,0.013744776944490002,0.006595452640600429,-0.0037182326286464285,0.0035397892807112813,0.0032668729174473833,0.19901423991725423,0.18149697386074404,0.05972873067024359,0.06584839283639907,0.05673254912208634,0.10346554274044122,0.2769293821471117,0.3616392504913943,0.28747665017698903,0.47766550500778077
ACACCCTAGCGTGAAC-1,0.023852529018333218,0.1734139119000664,0.05185893196858422,0.07888294109945806,0.21723390530101983,0.158281638239964,0.21481423858303764,0.22044168938018127,0.15512782167175468,0.36343459400021216,0.1703278392192905,0.16872847788307357,0.19749751390087728,0.1766541164031809,0.17999987170063927,0.07185238374050511,0.1142036559778084,0.1695357586342366,0.1092060027811244,0.17803848193836944,0.017882593930183748,0.015796177230674995,0.19974545460137164,0.14012641600537523,0.08946099019036967
CCGTGGAGTTCGTTGA-1,0.17992031372471184,0.26504356168278187,0.3803765949916344,0.12215895685772453,0.023156986189953762,0.015190346497758703,0.042254454381137486,0.060536768818042576,0.037631338728063665,0.18063949776001828,0.019565640963159072,0.024672046174187508,0.022545522897306037,0.02762166632389532,0.01928503860901153,0.19192842363365062,0.1423259117661588,0.06285571243512204,0.056194076119417055,0.058640711451835026,0.061769550676046114,0.28360236690361595,0.43219696662553486,0.3313817930522703,0.247759567984661
TAAGCGTTCAAACCAC-1,0.06127836260821538,0.24555739750218325,0.0454496130127208,0.09748587839443691,0.21419488750895285,0.12733066997214715,0.18886366086660625,0.14534157046414956,0.1682440367765294,0.28129845555968686,0.09944376488672721,0.09164220001283277,0.12271951239921573,0.10607456955881821,0.08574869225606122,0.09462045392301364,0.1376370336511668,0.08619367290183591,0.06772122340419522,0.08468163070716644,0.032989355506992175,0.3432906053817807,0.24105136571528088,0.17410169409412943,0.0994935848275869
CTCTAATGTAAAGTCA-2,0.12359737214274877,0.25254057667892077,0.13985874724824165,0.15242851809883945,0.016625166150343155,0.01579245354892786,0.010365040741022036,0.025526706737505987,0.012457768755331378,0.10783911392152122,0.016648772685170538,0.018095208247982702,0.006766800822926901,0.006166449294775944,0.006622962539563706,0.1912941677946495,0.14509842771089254,0.05127374336932879,0.06257418817628001,0.0425525344729929,0.07302963250956263,0.22469543422325042,0.2954051326491054,0.2643050517720321,0.4568776373675008
ACTGTCCTCAAAGTAG-1,0.052113594027743675,0.20063697865878954,0.03604117266814034,0.08050659964322063,0.11846995475756998,0.11984572280651358,0.15412449281324017,0.27468421515641334,0.149095192972015,0.5558470936349981,0.27119087079904,0.23165116029356786,0.216040815865739,0.23353654883578345,0.21846641806410264,0.07720961268252957,0.09726070672958627,0.20923096742008826,0.2180213853042333,0.2663947204281129,0.01858101285896919,-0.21303523210819988,0.17506730327060657,0.10725971520380029,0.09008748907192765
ACTATCTGTCATGCCG-1,0.05776991873020067,0.2180763732277414,0.05498282940812388,0.11371422756380975,0.09988621833371861,0.09506471894524916,0.12137666541783164,0.23291113540940614,0.10777058508016116,0.5884908680150273,0.21641702007048846,0.23431679705114683,0.21879316874377888,0.26039721297572793,0.25717881491600936,0.08625439444490848,0.08566883372614494,0.1965886472105128,0.24078017037080163,0.24134043219390552,0.005074590362381685,-0.18204089842168963,0.18718301360992176,0.15765221862514478,0.12639084031533157
ATAGACCGTGCGGTAA-1,0.04179326707950133,0.17571895719943106,0.0542992560156806,0.11012849545700101,0.16102228039058877,0.1326799915632025,0.15760842192555763,0.08153633664148102,0.18300620935445952,0.15064268576116152,0.05411076767285483,0.05941731262581423,0.1325446922322534,0.07089543797792836,0.07332598909499131,0.08465720678531954,0.09483684800299957,0.05692100644452732,0.05803747908896701,0.0616511262781521,0.029204550231008555,0.07084383649820702,0.19383772592609216,0.12596161020988966,0.077611587332168
AAACCTGCAAAGGTGC-1,0.44512337373893984,0.10760056428000173,0.03495363099962228,0.07483632849794412,0.0802048349892442,0.027606740600238655,0.07218796462403115,-0.0024179891856807765,0.0760626023971113,0.12194470185891153,-0.002410809354693015,-0.008065201118269865,0.023302069575401353,-0.009897815353165423,0.011668498262313946,0.07238750853561746,0.43375428585747206,0.004750862107566834,-0.01327352537648698,0.0004894009906292074,0.5999540236549126,0.1862389357666489,0.22134660212043195,0.16193630788809207,0.15318967643822984
TACTCGCTCTCGATGA-1,0.17453360359743006,0.2840526579821539,0.15455189012568732,0.17061082912835757,0.04840818953849561,0.013940642189375322,0.04461522024958423,0.03246189572031627,0.0368424248208217,0.1498243506307931,0.03124774900298094,0.018750817592029085,0.023822832860271433,0.022166678970216177,0.014411788083217901,0.1978150834668834,0.17325538826418335,0.08079256548523464,0.07019747008638229,0.06995467844977306,0.10953993618772691,0.26697818711276805,0.3662067888883247,0.28249089033544783,0.48074826064204074
CAGGTGCTCGCCAGCA-3,0.07113304717774338,0.29742997575812913,0.081351758009329,0.113303780757057,0.06102741081263686,0.04905079890633047,0.029074697117855135,0.18471469440965033,0.07940133354666808,0.20765454286227378,0.181998673045284,0.16893761222753986,0.12980447399433637,0.15628554271954925,0.12551826453193177,0.10010014313244359,0.0704640160772345,0.16546790928972163,0.2097567259150575,0.0797168140750217,0.033002985589627824,0.20800460192026768,0.15082210293062048,0.13718126500645805,0.13107304863171404
ACGCCAGGTGATGATA-1,0.0745609454922489,0.15060638515040997,0.04945544260697267,0.13331685388593886,0.06620013485764868,0.05744349451075276,0.07672855359273138,0.178875685701823,0.08074915319630264,0.4400619523432821,0.17622167707081368,0.1598388687617905,0.12849313551449731,0.162785125016422,0.13129222702498056,0.10599028563073672,0.038719821197561434,0.19238018124204026,0.21423268712422452,0.22054058668550663,0.020172231950125078,-0.084894713841177,0.1670354300589339,0.14787277543347221,0.09233234527401638
TCAGCTCTCACCGGGT-1,0.0885488502077353,0.32077223906725927,0.07416956137431213,0.13028250714470088,0.16739891942851426,0.10639879719889514,0.18437520470036323,0.17854442158284597,0.1937818950479966,0.3455244749817509,0.14000163408237912,0.14928644763356722,0.1699711538547428,0.16557410553125232,0.16384471912397386,0.12264336384472989,0.12763796789917067,0.09923982828728947,0.09470897325227887,0.13805744124138114,0.044233311775545237,0.4276321649429516,0.2822458112680089,0.21244870934333637,0.14220688314597266
CTTCTCTTCCTCAATT-1,0.00357319119829495,0.17386104682399864,0.030401936639078746,0.07693113459129727,0.1831527689829217,0.1059886328945976,0.17744641853517326,0.11138413704648543,0.16327220925282485,0.10331054334816721,0.0821554726630844,0.058207316379177934,0.11002298166955578,0.07641687662996373,0.07757434185020996,0.06510767664204155,0.10923008500640914,0.07613025251425082,0.042336800318092026,0.06522286347122444,0.0307376592341894,-0.025649170011290193,0.17956595388311625,0.12371997128394195,0.04794634348782546
ATTATCCCAAGGCTCC-1,0.22967539571483897,0.20960634947637471,0.05688246264708348,0.10400930124375823,0.06295810782975536,0.020294443773978637,0.05614134648595732,-0.0005929486178134013,0.10988649654237743,0.10878960381912288,0.008252981904802047,-0.0037204001759607416,-0.004401892478798711,-0.015114204663790544,-0.014644784767545589,0.09801763906252546,0.23797412845812715,0.005687270593105418,-0.0011641016516739393,0.0008323090755159437,0.20641332475699423,0.21538105553172004,-0.08475499696575416,0.16749790091200956,0.146654536180384
GACTGCGTCAAACAAG-1,0.07057246851547061,0.18484946854722933,0.046502356229512896,0.08941065391049235,0.06424754380193859,0.05358144638955301,0.07837796660882636,0.19795374626952056,0.11142007441842083,0.2240769958042167,0.1929175186145044,0.21757972853900176,0.14587531752814972,0.18324437890865874,0.16783646436554192,0.09442959421857193,0.11564600693691161,0.17369672981783932,0.22221274711447808,0.23519442081344916,0.052737323127635086,0.10750938931798017,0.18393189371133745,0.16849556552893472,0.10782589933889565
ACTTACTTCTGAAAGA-1,0.03435741589105546,0.18223441606132448,0.03156829726465898,0.05499482848583173,0.21727002311106802,0.1212937477572281,0.17463198472310215,0.09430613564983109,0.1525745879955201,0.1370493085393902,0.10213479195732812,0.09399915558535263,0.13039720290125212,0.12134058636167788,0.1166032400221731,0.05244531047421722,0.12272195562691644,0.055914389421580876,0.056140453497444356,0.08438587332552483,0.053593913978199736,0.02516850409697199,0.18813189388543813,0.1366512187969419,0.059500098529255314
GTTAAGCAGGTGCACA-1,0.0814409045464304,0.32569179916670415,0.06751091441075448,0.1585582542819585,0.1672603804651044,0.12800335861282575,0.18367131799789818,0.16623120630924673,0.19982459083173404,0.37321964228008275,0.1109786314255623,0.11226380265113113,0.13596927011248916,0.11817403759398012,0.10525077052765174,0.1506298340231515,0.13472168063599055,0.07642683412787761,0.08534696620221971,0.11622513922601815,0.028378166415256565,0.4811789593303711,0.32416808095074073,0.24849394747223172,0.13921297469565902
CACCTTGGTGCAACGA-1,-0.006128398781247212,0.02470343578702033,0.021265419117123787,0.030251291932290716,0.19977322576688597,0.1892673224199953,0.17903452940187292,-0.004818117274645533,-0.004047268991889184,0.029201569556785253,0.03636103964608096,-0.004252737838868648,0.1841660155176957,0.0402721798169134,0.040866330024278495,0.16706134309481738,0.027153402983389887,-0.005049703879822838,-0.0049352228566655965,0.03128818612958662,0.18862588544481368,0.021394532762562105,0.021846064315640987,0.1712849575439648,-0.009663734657462167
ACATCAGAGGTTACCT-1,0.060175391827536624,0.15163533426711726,0.026691395889626258,0.07112957883405505,0.631454303937739,0.15861967830385185,0.2105235267142658,0.14865102479042144,0.20545236319716684,0.2258626523573163,0.10410512653798058,0.08646160864241949,0.1421132565708816,0.09733205076590672,0.09028066787130963,0.048167539399750846,0.1476171290228024,0.06397499668085442,0.05847108176696762,0.0781416761772379,0.053081133694949226,0.1696068491221772,0.14487423412888847,0.09260132243214639,0.04385551086164878
CGAACATAGCCATCGC-1,0.04769340196638121,0.2217270221584654,0.05441174334446182,0.11516631033621343,0.20768296691763932,0.13241197253956455,0.2159293469679162,0.14667454710647929,0.19550539320985208,0.2783208700164097,0.107372877510459,0.0984796365176125,0.14762398471462415,0.09799479630929175,0.09941670065266518,0.09397736845870855,0.13577856933499177,0.07990661717777033,0.054129515977052504,0.098393571008758,0.02766710609766331,0.36172709741333015,0.24318922108366747,0.15781609549619374,0.09234870525726452
AAGACCTAGCCGCCTA-1,0.013863407568176563,0.13787354651357175,0.13543565423592152,0.13670283174750006,0.11374802013437844,0.04201892158715402,0.0523329778231626,0.021801230664599994,-0.0059341026524835075,0.10496143551884997,0.12732338554136768,0.1148132564896345,0.07427377141229906,0.11177180034064578,0.1333849847469936,0.07659172519332597,0.12974298870953646,0.02011619931454947,0.02095589960754205,0.12583449330007315,0.11927396513832329,0.1374335374502127,0.1285152735216419,0.1351860999963516,0.015646136839371567
ACGAGCCCACGCCAGT-1,0.08866512541887928,0.16104406819332445,0.07323930157665502,0.14997244938633428,0.06761486734121258,0.03962017316963632,0.07058910996836087,0.16715152886644835,0.07351514030949073,0.2734339150912433,0.18268364892043468,0.19573146745880332,0.1509557015930536,0.1915485727714598,0.15485627657467715,0.14343911445429736,0.08746267075094531,0.23454006498598035,0.6178245962415149,0.5205200117695885,-0.008796080736931501,0.26213111507230824,0.21622196289942852,0.17972631207466466,0.10862348875183889
AGAATAGTCGGAAACG-1,0.047685918568927115,0.1492627774403432,0.07328723444210482,0.14968505533572374,0.09109151141372304,0.05170768531218146,0.05688100087179082,0.15898339983471055,0.05998104086002425,0.3502049514509486,0.1649433144678579,0.17579100527898658,0.1405827690189394,0.15332673033163888,0.13673341611033651,0.12194087180431593,0.10194866029576892,0.22244832447797624,0.5174084212503116,0.2560216604988504,-0.0005283097141397802,0.15832029630834007,0.18321656135981318,0.18434491064439004,0.08779192376193229
AACTGGTCAGACGCAA-1,0.04999147946748979,0.234532814528577,0.04802493753854187,0.12919486528834656,0.08643158116621985,0.09283753414181614,0.15091397689750186,0.2139892608871243,0.13207770769885352,0.29249091817305534,0.17976206414382548,0.2239558905775863,0.2194186746418809,0.2501327543597199,0.20416963158632034,0.11296768028065707,0.09308891658207646,0.13210904937834805,0.18984252483501143,0.19898393808777098,0.020908020287562466,0.13781258385413056,0.2411061384724846,0.18796610123200946,0.11946282756625798
CATCCACGTAGCAAAT-1,-0.006951738509652828,0.18956984885789302,0.237353142567753,0.18826508182177462,0.22587507939809606,0.28559978873603464,0.20263255046943282,-0.005465422959202459,-0.0045910125489767575,0.005672037656786568,0.20338616730349657,-0.004824085778553768,0.2322101227106476,0.2597157980980525,0.2591044033450719,0.19924620294114115,0.21862854360191708,-0.0057281228224125985,-0.005598261472700515,0.20819438688458522,0.24250055263245568,-0.014212882627124213,0.20104427244208675,0.2093338064829372,-0.010962040618328433
ACCTTTATCCATGAGT-1,0.06004956822417074,0.16142038491759683,0.07307851634189794,0.1486281021202101,0.11245880129539569,0.08852666890008504,0.13709034917398386,0.22206931257226048,0.12141011964189663,0.36827590802766064,0.15900720244891478,0.21804937806438465,0.20293635264146437,0.21974020148809462,0.17702369740020565,0.12088318167618255,0.08824056471469999,0.16626007216581293,0.21391322739518157,0.39504598401098845,-0.010493717468459243,0.1539974865659513,0.16080032691336138,0.13208390682193855,0.09164035629090901
ACACCCTGTGAGGGAG-1,0.09290769942396926,0.1717233344572029,0.04834684140810647,0.147480637061077,0.08928429404546055,0.09341622818928036,0.1440207328694352,0.23065308250677322,0.1612760082552517,0.3911657116083706,0.21084468460118272,0.23695333295985532,0.21098398545986774,0.23144021460007647,0.21311159403020874,0.11586006467782377,0.09486885945879384,0.21523142133766152,0.23232714134653792,0.283455378012072,0.02390461219730965,-0.04308727082488194,0.17971925170441042,0.13662406239432015,0.07641580998598033
AGCAGCCGTAGTGAAT-1,0.19204349988658578,0.2972588887544131,0.327253706999856,0.3797059032887331,0.07176066226663555,0.05214779387310924,0.06860067000028218,0.05931411146546948,0.08864371271358044,0.206654282823352,0.04900802532604825,0.050655107583453464,0.04861208890342345,0.0590434415046088,0.03737503269457768,0.39514729844979185,0.2053300452784644,0.09037498023453358,0.07829253789441208,0.10004633498846399,0.07241001132714875,0.3352658616996278,-0.036241333731418725,0.5536362998193236,0.2660221869381414
AGAATAGTCGGCGCAT-1,0.06316266183470653,0.20463462079801764,0.03459115104683436,0.1030997505777952,0.07045621201849744,0.08549380078674479,0.12015431201663691,0.22971730296359955,0.13504197264087148,0.5264210756892985,0.2276669984132528,0.22798165496122644,0.17562723290745574,0.21255111733418025,0.19920938050188866,0.1007401842273966,0.08219490953402883,0.17473357443504736,0.1881778713601474,0.23873614315569908,-0.0021417947655711952,-0.11089880588114533,0.20297157922154083,0.1388196095126568,0.09724149751172526
ACATCAGGTCAAACTC-1,0.048594828018228606,0.18993968042367693,0.03832088474523272,0.0950150045581699,0.09394466625543321,0.07279738444563043,0.10898322436300674,0.22375686573665812,0.10423538993727789,0.39369905732063853,0.17539656988480054,0.2107235210161741,0.2036157827962492,0.23132657677015994,0.1869370259000263,0.10032041606483999,0.05543735695581943,0.1510321973633695,0.19725327514685084,0.234954284188483,0.010052708014771502,-0.0243413694794224,0.1931751619114626,0.136311940511473,0.07972775756655223
ACGAGCCGTTCATGGT-1,0.06487782893724958,0.24683343176600497,0.08004868269250992,0.14376127301696812,0.17188331515234648,0.10289415403087782,0.1513557152979224,0.21713453586264497,0.17992452255070318,0.3800512230611048,0.19697820349089132,0.19147341723434627,0.14781463150744728,0.19704649406480657,0.16197186139781125,0.13465535382829547,0.12705626767102712,0.2093021086731192,0.22452720510278815,0.26685530692811577,0.027595674499400685,-0.007019822661887838,0.2456816123412313,0.19817060020675067,0.12902226513444162
CAGCTGGAGGTACTCT-1,0.074854969856032,0.19058523264172303,0.04381096390218466,0.10255111808175055,0.14818843650290625,0.14519148234617457,0.17652428827967656,0.11197835568180725,0.17353849273429167,0.12387680451416985,0.12645757543228528,0.09196639890347362,0.13964339056232808,0.11332871240121223,0.11432275212589207,0.09529168140136623,0.11580046480396465,0.06853036344173956,0.09752875050276534,0.11447899408835371,0.012879921393668725,0.07052109942541292,0.18462131444204544,0.12776633506943738,0.1007806153632226
ACACCCTGTTCAGCGC-1,0.12299456118345849,0.19709895851107048,0.4163554335384781,0.32479065156478626,0.0045114176882861,0.009849426486673888,0.03025794040235746,0.04129855781408482,0.03121472472697862,0.12484146800440352,-0.00042890781008659683,0.028420287917697403,0.016262872540113524,0.013770260745223542,0.003673077863828395,0.3960427738169601,0.12855547003096815,0.058308821287627294,0.040438479642173585,0.03208700279178952,0.03486875111512778,0.20621349399116207,0.3310754399688557,0.3660282603298565,0.2020771660940049
GTCGGGTTCTTGCCGT-1,0.15780360964482887,0.2732715783310274,0.2744993928330613,0.3053226216606929,0.043613320694511036,0.03217171877368739,0.04863979115518261,0.03294667315010312,0.06928047502768009,0.19911683008963665,0.04016570725508122,0.009416522482318923,0.009468624154136155,0.03095507680047051,0.01620401471473771,0.3097908067306759,0.16159646381874582,0.061018712072767343,0.0624679286636456,0.057112381421343776,0.10177497351481736,0.32040898249790517,0.10372785788863843,0.41379188342461487,0.2625155110930584
AAGCCGCAGTTATCGC-1,0.06705991371784878,0.17176786698403654,0.11502021475555874,0.1536583451203412,0.12920807071861232,0.11165444826411368,0.1355768228489901,0.27757003536147334,0.1297058821967316,0.37880702851581255,0.26540100776743725,0.28971432398588337,0.22255252617361446,0.2804681217874619,0.23561813671674522,0.1428410250924707,0.08708914413850188,0.2721508974729947,0.44646058081361173,0.4499165131562457,0.034140600444046924,0.3055788825481058,0.19527801250617494,0.1855598029414761,0.1314407560183906
CGTTAGAGTGCAGGTA-1,0.15782538018758435,0.23727877732168218,0.3234667836673086,0.30357179137054907,0.03853885622983312,0.04919212348074071,0.04260863739331599,0.0561787975264107,0.06420051876750989,0.19952224689456896,0.028344562074730035,0.041190055663046926,0.03973105842081135,0.04475286980605938,0.019238983459566802,-0.2002041251873345,0.14076770419099902,0.07341978785707884,0.053301410286614205,0.08649903639311268,0.07833828146900776,0.300048510975482,0.38920497382927993,0.4104523379277205,0.19121065037969076
ACTTACTTCCCTTGCA-1,0.0583561310909751,0.17323878370140758,0.05281630990783901,0.06958296136428976,0.16759867753425958,0.1102995014591894,0.1542717076571458,0.09096308625827929,0.1277673930491203,0.30524639847844376,0.05527954215571239,0.06838498868849044,0.14731614440377647,0.09100815700617262,0.08369907974288583,0.0673981981542271,0.10045461360666869,0.06654154559757668,0.05236937221036324,0.08822376886873531,0.045408807561622445,0.2167501812795992,-0.12494730127513624,0.12064418032668535,0.08383466315388141
AGAGCTTTCAGTACGT-1,0.03549410206249373,0.18261664900967645,0.08278463823066955,0.08495165908507839,0.1727482810932273,0.12937879911501396,0.12730786667334645,0.13203052600851334,0.1440859666039871,0.24999199991922696,0.11113663682999665,0.09355448958546961,0.11138648045435465,0.10528883457352807,0.0966541619103717,0.08241156411786389,0.08526787029204828,0.07056648930343497,0.06518386155621779,0.09440834280951653,0.03686961934270514,0.32492538125242276,0.2074721963276406,0.1409005434478305,0.08666952552481556
AACTCAGGTCCATGAT-1,0.024086117057800657,0.15974842006912898,0.054045318608220656,0.044059196790614104,0.5570586629284517,0.11195633337163763,0.48368412405336525,0.10113555003026833,0.16182609841218507,0.3372543688506996,0.06397318565591144,0.09981937027488921,0.14891650987528357,0.11151014722095266,0.10369016391637938,0.04124630847640546,0.09553209097193713,0.07607533533096035,0.05372223606183256,0.0983183205660812,0.03515017997403396,0.3292398383343675,0.17519005996219977,0.12114772041241618,0.08864768820009435
CAAGATCGTAGCACGA-1,0.06801376909004465,0.2397125167498976,0.07423944412920593,0.12285670229083022,0.09239449372415723,0.04943741474331042,0.08689656732491094,0.19897600878958346,0.09046018594678912,0.36673752674895865,0.18910072066212477,0.20198466366765835,0.14959074998158403,0.1949390056323999,0.1743128033958531,0.11361448377091844,0.11796865053302717,0.22537431318604137,0.2566662299852945,0.28559632935882856,0.0027730289971297497,0.31638312632496135,0.2239137975658663,0.1795353016635117,0.12859278033040428
ACTGATGGTTAGTGGG-1,0.05216237536407503,0.17716880666370302,0.03695998038947799,0.10102066678653722,0.058179840456030626,0.05645894595323474,0.10113926433463548,0.17505707945549034,0.07429818834418928,0.2893375488814748,0.21745419713813877,0.17400024915068243,0.13024252720196203,0.18063159696697426,0.17387098769142081,0.09427955993470924,0.09315699527053331,0.3970521805735915,0.3623022349821193,0.2356570105158432,0.022803234255409515,0.24179607474583478,0.19207305468621955,0.13834664504852837,0.13768258750570123
AACTCTTCACGTGAGA-1,0.03951462366890963,0.14686729382080366,0.047957175602619306,0.1225576697611413,0.09278412684656771,0.10473388242537593,0.11746334068893005,0.21721238416730887,0.12243410832830855,0.3352100134847381,0.24209593254545891,0.18443618448395485,0.19928878787521417,0.19820886426903722,0.23129096760796145,0.11981074166254428,0.08648051443279955,0.20282659300601655,0.22455693907202934,0.2529068711695913,-0.0011565883988907382,-0.0349637980036469,0.16949612716765988,0.12041101279246379,0.09507266030687272
AAGGAGCGTACCGAGA-1,0.06603670854847286,0.2654217110573617,0.054251116015822165,0.13400662646572775,0.0687328167249598,0.05596897190381504,0.09610727916704266,0.2064765568309339,0.10856292712891402,0.5473590727231135,0.20389839675656488,0.2008742389663839,0.15413727403547112,0.18758986547337567,0.17133081940666997,0.130766253398323,0.10253904364700331,0.2282135267956536,0.26236440784846754,0.27922660315088554,0.00729324786411273,-0.1591148940606978,0.255960248552853,0.18382912302672372,0.15978763841955695
ACGAGCCCAGCCTTGG-1,0.026556667228058183,0.20860262719710887,0.051635464094804046,0.10474060653114384,0.17280573444105723,0.13098294030125948,0.21085512317446148,0.14063150274920547,0.1529234629503999,0.11469529390105368,0.11207403518737727,0.09302189020196627,0.14205418638805084,0.10430611765782302,0.10717499768292832,0.08079634981397947,0.06989839787617476,0.09722645696274172,0.09085665706168937,0.11701115075955959,0.003312463619322131,0.13198825327721883,0.2118273017672423,0.12849490893208407,0.07047486591258427
AGATCTGGTCTAAAGA-1,0.09507701871442302,0.1746751831425026,0.05074265640756094,0.14079042107185435,0.054687909098288634,0.03774713038015303,0.06755758172010681,0.18385950000071177,0.08026398771098758,0.21818326611657687,0.20804642150672775,0.18808668251687422,0.12399399782309042,0.18312183641389737,0.15659509150128348,0.1184276283024926,0.1012946677491307,0.4899190082431566,0.5528861072332563,0.26002792158260146,0.021084556207764407,0.25720852941563904,0.207970038575058,0.17416316061795956,0.11859054252435182
CACACCTGTCATCCCT-1,0.06887374990078059,0.2368444162296563,0.043029730885117905,0.10416168103323842,0.12403716565134379,0.10277022978241307,0.13431134720240728,0.20802774239951963,0.14216404653670417,0.4081430789605732,0.19056564421702163,0.1891211835839548,0.1670635489011533,0.18800343556801064,0.14630482572421394,0.10578092434697228,0.10761570536496505,0.16364229361063237,0.18819478975666423,0.23239968370471434,0.012588320792363385,-0.022976953712505147,0.22857544646911476,0.16790587456704192,0.09268594729721091
GGATGTTGTGTCAATC-1,0.01582691878697359,0.06174523889637849,0.03247967175264356,0.046088371022940146,0.09748149058122159,0.2022974332079218,0.19530113971276988,0.024291228602562963,0.06781069967995003,0.07430371609105153,0.08426191330690845,0.028873132303776843,0.06291367653567694,0.05971389557832662,0.06067454855208208,0.09249752551646193,0.040784684277798924,0.022301102058632567,0.02319463077145263,0.04653884457324984,0.07077130292076741,0.09550434426230126,0.09369544734640158,0.05377664004726045,0.017646377159528066
CCTTCGACATTACCTT-1,0.19170330892014628,0.3037497322702665,0.247330124199483,0.3135181271730732,0.0445016844409486,0.04042272349508187,0.056642250169913845,0.049084107190645106,0.04062308022071204,0.17291439097286448,0.03900668546631669,0.037691398090273914,0.011263980262326306,0.024687871726158186,0.025876906145186264,0.3158270258419203,0.14351687283697181,0.06605303165988934,0.06898595530590199,0.06190808813290752,0.065532420463204,0.29814011530372486,0.4553078919727444,0.40032023394503025,0.3488048071401749
AACCGCGCACGAAAGC-1,0.16008938548110285,0.277560203845997,0.3393457503521926,0.31582085127011866,0.04712018553620308,0.043271723512276,0.07523715301496264,0.045021658158698824,0.08105219655510026,0.21669434542341237,0.019996686330160197,0.031976485959989615,0.021829942196915125,0.03509863370238598,0.01943823663635475,-0.1409306898383827,0.1524647063874589,0.05563511391069855,0.06600479771877292,0.0780658360436844,0.058362429785168375,0.315375115799235,0.412196008535808,0.445774786073479,0.1915407846473077
ACTTGTTAGCCAGGAT-1,0.07077317124133874,0.15994171438102053,0.040392341373558356,0.12056792442807372,0.12484816731413384,0.050774214578572986,0.0725152535122774,0.15915911473761918,0.1153706519247881,0.14978937011054075,0.16727450757385848,0.18772433114341744,0.14610806820940012,0.1840942864351584,0.1325736613193933,0.10212802999310289,0.07765763710596114,0.23305206860079972,0.466963992292181,0.3752543250211489,0.018845968300360134,0.21518252212396177,0.16235692899795495,0.14549386644854964,0.07279583235437292
GGCAATTGTCTAAACC-1,0.06145264495985285,0.1654573646423492,0.05097496498980697,0.1061238744217619,0.11176273614246142,0.08624175616980245,0.11539003338921214,0.2002310276518397,0.10984424876130722,0.47136828284691407,0.2243686006638082,0.2141370638507854,0.16945698568702566,0.19847391062394712,0.2107361788764366,0.09958722944238262,0.10865570575019982,0.2590723048368694,0.2391030736411872,0.2621825590477438,0.032184216237172276,-0.11969250195013788,0.20257272256076186,0.13942119402539732,0.08217341067621774
CCTTACGAGGTCATCT-1,0.07603260089827281,0.14874373968927726,0.0892308445882938,0.10210792866196577,0.15238147829908688,0.060792125476054344,0.11786119251128384,0.09508471175149026,0.08761217480001837,0.1841840297510355,0.1115834214984989,0.061640466521102485,0.10157763473192036,0.09502454567213374,0.06753104755255772,0.09927548149856422,0.147459407333978,0.15059131072643162,0.11996508068298968,0.15817603686145199,0.06966170582931717,0.1168519612177577,0.11076379344328958,0.1593065053705956,0.12255114954453347
AACGTTGGTAGAGCTG-1,0.22153048276138163,0.061825285597064,0.08608314151727296,0.12733936160561604,0.09738071610178527,0.04560019900864915,0.06852016073271208,0.025401342262699026,0.10656215213490451,0.12452842499197665,0.01493146434367083,0.012649110344387572,0.02284411014161241,0.020034033627863213,0.010335848968505004,0.1339578319288145,0.6595182183454545,0.04100395472677057,0.023179978056507577,0.033585387044287776,0.22129041392469853,0.21600764820604576,0.17797023485866106,0.22440981019544906,0.1828588737803688
AACACGTGTAGCCTAT-2,0.022437387412200988,0.18299134265704103,0.05173001511264088,0.09904632103764825,0.20855135404114308,0.11682123520347319,0.17370858368690345,0.13394197339059685,0.153556540341288,0.23340779972673184,0.10131210196533555,0.09137642943950013,0.1406366902719353,0.09871158317393554,0.08670976197355967,0.10173032695853584,0.12160659029370925,0.07930301603720753,0.06253283977107406,0.08936942702552468,0.03828645828808635,0.3094495050752288,0.2060464444259761,0.15841094389424834,0.08437009685144603
ACATCAGCAAATCCGT-1,0.1280350932064442,0.2124189553759601,0.4585684222712137,0.34819242510349024,0.0364686614941736,0.036530060844493055,0.03874133767324271,0.05259570197014622,0.04095448465357537,0.1500170163236384,0.016535741428563993,0.0501150963927788,0.036466740825324154,0.03309588705552681,0.03396519038780329,0.3994266854711916,0.12634617152586203,0.06073466445846237,0.051144756966918295,0.06280536094563079,0.0005864538527229959,0.20026070051572756,0.31724042964003907,0.3021347610262609,0.1886786511394645
TGACAACAGAGCTTCT-1,0.17288304256590017,0.2776953611005362,0.15981178080598307,0.18999046644256412,0.000855787712954836,0.016624092077125625,0.021091077543597226,0.04322685829452315,0.03144595730698208,0.12028395757871767,0.027097393778847186,0.01976234938755675,-0.00017617904714531304,0.025164337942773105,0.016408451008139688,0.20899146000800686,0.14615937179068705,0.05450022384631202,0.06698108670917657,0.053202016284319316,0.09676149940872163,0.22750903490772367,0.3411760254752825,0.28999076611355856,0.47799191437152555
ACAGCTAGTCTAGTCA-1,0.04125404802339939,0.1863459486306077,0.03829768550668512,0.08310914526395669,0.20675260607584367,0.15165570555156369,0.2135752123577755,0.12476088294186038,0.15512098452223727,0.23054987336456467,0.07888926303175663,0.07379987006179013,0.16465696131474367,0.09753175904763374,0.09006417296403842,0.07657042144205539,0.12803668039439736,0.0715716852138524,0.039196489409708136,0.0710710062373014,0.036022294737394434,0.3098975443173003,0.20401945093027007,0.13958055227518223,0.044123308597176704
AAATGCCGTCGGCATC-1,0.1694799426102608,0.25528563154776124,0.33133876400054535,0.19483632094427258,0.04510863216119066,0.02770203878182811,0.04961620915250471,0.05951030340143106,0.061979287603359065,0.18912103969553234,0.012181332238926673,0.03972288019108532,0.03869225124845603,0.03486450384521529,0.010894713289818728,-0.10737449479887552,0.16295703831799765,0.0616306847491473,0.04970595676416006,0.09031029425307606,0.032264414201420316,0.31229591400432405,0.39395403671099843,0.42179878656888004,0.19160256247641488
AGTGGGAAGTCTCGGC-1,0.1782581078828749,0.10141325422649175,0.06564746146408323,0.0948117933739071,0.08687099635251352,0.044789430594900655,0.06940398148389522,-0.002580458439805685,0.07315596263045797,0.13563939279595688,0.005413037207080533,-0.008594188432806682,0.022832730292064025,-0.010448916528601027,0.00012955948965927695,0.10132419877005756,0.5604264431187304,0.012832685516889049,-0.0047557807805130225,-0.00036318675012955145,0.2003426574309774,0.1929741352155392,0.1715803183274987,0.17180068977390545,0.15576707772799256
AACTGGTGTCTAACGT-1,0.12883025872220785,0.20202674911725446,0.07327541158775241,0.10157923541022235,0.06551927641688472,0.02677907221534872,0.04778474710609618,0.044430924253997105,0.09555365644998862,0.12287581781608475,0.03392490787881753,0.012170555294483191,0.05377772273670644,0.019142979155192173,0.02000547010374498,0.08902787845798381,0.19592400879363775,0.031968333996078804,0.023984039345330884,0.016340150075439583,0.1994368836385237,0.1657288601397914,0.17495562303074688,0.1344672067097418,0.15664467170425841
AACTCCCGTGCATCTA-1,0.06342620780237945,0.19852911398041267,0.05158825794341794,0.06989185251099933,0.17226442676317383,0.1580988620370282,0.19923461061377934,0.17505479895202328,0.18354957518204468,0.2798525315179001,0.1558316054857465,0.15452985378570142,0.19101634642166215,0.13436776843723064,0.16480481540733105,0.05535633499884379,0.1097949686327995,0.13117153745068258,0.1184031836004123,0.12451498486150527,0.04326623322903369,-0.06974811186632413,0.169210302091966,0.11909624125751544,0.07504648597503252
AAGACCTGTGCGCTTG-1,0.17783829636278126,0.22864861825153915,0.4422241066319209,0.15631120492752698,0.030627348124093606,0.042281552605057504,0.03351090179422289,0.04197925392953433,0.04605667941496612,0.1415370242449472,-0.005306155308061838,0.021470149092042947,0.020386537498173676,0.017112999030353307,0.008217560337603623,0.27012985901033554,0.14747180928219286,0.06515594240889303,0.04838630109172809,0.05545928608908558,0.061842976106244646,0.2598114679165554,0.3853319090097764,0.1820724628084628,0.2156159405653816
ACACCGGAGAGTGACC-2,0.07762236371634149,0.19073937294473886,0.0829810179698055,0.10972950607938141,0.14049768796959494,0.07563024263845523,0.12074656697863778,0.11269437936715047,0.048943340337668576,0.3146836456249478,0.1994953242573528,0.10848658167124461,0.11759760594922135,0.14533887977978333,0.1376131547202686,0.10086380494771979,0.13004818710517047,0.49895664153500713,0.20627210302294427,0.2206712194266622,0.025201974247810677,0.09381744133469844,0.2140327854040803,0.179517935609121,0.13732264857538937
AACCATGGTAATAGCA-1,0.03689264532830691,0.19127214861764805,0.05319025070090992,0.11574245308129176,0.15617485224520194,0.07843522535510367,0.12966121781419662,0.21218136961597003,0.16093749264935897,0.41649158373332096,0.20014574312247366,0.2209974741872318,0.17973881436371028,0.22263159294192594,0.1824430460727302,0.10983801710702493,0.07962552154294458,0.18343877935171116,0.24610668083974618,0.27179689972980065,0.0038218537113594367,-0.05564017033859887,0.21984862444544542,0.15414289321339247,0.09582916631526413
AAGCCGCCATTTCAGG-1,0.05578753201166577,0.20908458786209172,0.021591356895941886,0.09127734236733626,0.10209716458770011,0.0777019151620027,0.11916541033637867,0.2774318852498551,0.13633266838233873,0.22262202765373787,0.20802426539525942,0.2052386354102305,0.1983867898112161,0.21871820388136107,0.20168004405233672,0.08216525444688402,0.06524020013531241,0.1449952669949474,0.16805141062503826,0.22146040726803448,0.0027953798554346283,0.057381631516087356,0.1835683545260444,0.12568924118314273,0.11847965943201834
AGCTCCTAGGTCGGAT-1,0.16050979996787038,0.136273233901593,0.019765077239049987,0.04558256874183437,0.029202633859886456,0.028011817045431563,0.010302852793137782,0.005970528694861379,0.03214828061917077,0.11608754843048442,0.00556093639986072,-0.010233799761173014,0.009133945604923095,-0.010858936359989912,-0.010705982470786468,0.06410186169974276,0.2888851572326766,0.004573987603788515,-0.011876133541614235,-0.013198192665407407,0.2692994623921516,0.12077059681759535,0.14760644170333803,0.11394373194501843,0.08610141944543277
CTACCCAAGGATGCGT-1,0.04889630549232267,0.2206858320360908,0.05416030064249164,0.1056738393332418,0.18081059103639183,0.11518939578737228,0.1792743699946658,0.10765666222425249,0.15907129480444615,0.2470291611949868,0.07848591702997108,0.09590803175452968,0.14306694550995067,0.08749365376409948,0.09057380879897187,0.09249670647185709,0.11324488573407643,0.09033856805988327,0.057504295632248355,0.07733912165004884,0.020471427292887045,0.30729202968429037,0.21921611124093462,0.14475163600336263,0.09295244897017571
AAGGTTCTCCGTACAA-1,0.056631045108543596,0.12266336231478038,0.0421819531670638,0.119305120798331,0.07199072542267175,0.04200824257659007,0.08676263186062237,0.22153215190291,0.10012532232285883,0.23292246478177775,0.1914300841948535,0.20566034318880916,0.179522619777067,0.2006269337152872,0.14422038384869565,0.09849634564190099,0.07942514688699552,0.24690805619471076,0.46020422871398836,0.395565621718153,0.003503245149167285,0.23860649505492876,0.1986027658431359,0.14784973465985846,0.09768021102835038
ACGATGTAGACCTAGG-1,0.037604955566731144,0.10607437774742724,0.03467088775948234,0.07411703171044559,0.3950287185783194,0.16019282765817228,0.3140087500160252,0.10723522834900318,0.2925183356265175,0.1692588454624365,0.0812234043978956,0.054923935805551785,0.0958296378310311,0.06331208187104796,0.07870846772927864,0.05726419075682595,0.13497479118887593,0.05290222558409194,0.04248108614495851,0.05633712210863968,0.06282311042450016,0.13997014835132443,0.13767266204346604,0.09095765412189587,0.06024197112129605
ACGGCCAAGTACTTGC-1,0.058417026904734305,0.04262238156095351,0.016510503604577512,0.09201396030931105,0.18795645673805458,0.1185009237649676,0.14204017693945728,0.1849898636642346,0.1586362728724051,0.4212625581176064,0.13809271422074243,0.1404610697622111,0.15925805835744242,0.14930220616968115,0.14325516593207482,0.07494581534451217,0.11658665640936353,0.09243022581772888,0.09550664805745625,0.13862488716278432,0.026457991944152985,0.3331189213065188,0.2156193111569161,0.14010733336070108,0.11203839744256544
ACATACGCACATGTGT-1,0.044283639462386795,0.15591073361407645,0.034178060771174676,0.09354220520349325,0.14555637791472803,0.11078243819759223,0.1335306476889945,0.19901285627365403,0.1370062529322328,0.37401227888392913,0.2516351837099104,0.15177148672356844,0.1788412975555432,0.1874229858430442,0.2118785684305207,0.0738911968443707,0.105668847458597,0.1539535851711232,0.15911488972248086,0.19195628327860417,0.011941390794172951,-0.07926984811371357,0.17113412421018948,0.125263669108149,0.05551483474293087
ACATCAGTCAAGATCC-1,0.0755911881878667,0.16084947556250542,0.031858455854113996,0.10860466783074461,0.1814450793811312,0.14936249448284317,0.1668020816281326,0.1863909429009122,0.196435846757981,0.3120735898616719,0.15835243837271365,0.1558402049981091,0.203895177199385,0.18363829399193074,0.19892852410771264,0.08439566730911839,0.10520902613233002,0.09851619004757124,0.11023087588097025,0.11865277579000226,0.03525254040053441,-0.11339820815709556,0.1762567473002909,0.10668869396518582,0.11033121194824366
AGCATACTCACTTATC-1,0.19291034940220297,0.17508433031337878,0.04894811391921366,0.08084466382117333,0.05798282557885151,0.028053550405218626,0.03774286978495656,-0.002084824090339832,0.07650940330125312,0.06314875518096912,0.007967733879727826,-0.008374155863214008,-0.008821199734441076,-0.010171777529092485,-0.009732412660675444,0.07343724963012437,0.404243935765633,0.023567033253115655,-0.003055617721096197,0.0005339933531480909,0.509119078203949,0.1514277761723348,0.20276256450150829,0.15016254256645248,0.17839717888152978
AGATCTGGTAAATACG-1,0.10426490883745317,0.24882082599438307,0.07466446602316783,0.17112165206678148,0.08333743919935487,0.07735083804309399,0.1047979505090172,0.2248934205637802,0.11598257419098852,0.4840033724223972,0.18672823477600758,0.21274899212638804,0.17892818151239884,0.2033571571318422,0.18105246263056354,0.14700258095659638,0.11251266265611971,0.21606054073292968,0.2428304179482687,0.26510795893389305,0.01763170538811015,-0.08490971088959748,0.2762662250939955,0.20671950953094967,0.12589454849755186
AGGTCCGTCAGGCGAA-1,0.04115789590677214,0.1939227817019931,0.03823898078315234,0.08753899478999738,0.2225181412731207,0.14697189889834783,0.2411403992598687,0.13072673501947651,0.1861711934125391,0.09783913549123133,0.09346227749454401,0.10350069652281477,0.20050836484698023,0.13358118611815206,0.10631213486319604,0.08830882186102056,0.12019901583310333,0.07865892094947398,0.07308483586975975,0.10289092845615712,0.014658806410218574,0.07708738013654061,0.20380266325251825,0.134593689591068,0.11197450138406514
AAGACCTTCCGCGCAA-1,0.07310638191225767,0.12089708583288304,0.04139879921400494,0.10772520738008858,0.12201865978262018,0.09095412357733966,0.11632257713162816,0.2460939543600607,0.145103089238521,0.3075250685090492,0.22182229611731433,0.2716395551535292,0.19598740476965404,0.27616696675581015,0.23412258667483857,0.09379268285847396,0.1294246875232831,0.26176196709507454,0.345576605054314,0.40692226861782166,0.02112929134030549,0.26311049821324106,0.13298103343655662,0.13195774763131507,0.06646841812027932
GGGCACTCAGGCTCAC-1,0.17497167237424333,0.30419104563320803,0.30372139527933756,0.3412629121729152,0.03476163893207493,0.013200114810535703,0.04779905319768018,0.03357018378178258,0.0338558217740902,0.17788985422504575,0.008932827989672248,0.021245560195950745,0.004301185522727075,0.02341962171178463,0.016407416296008042,0.36359503279915767,0.14552694871701594,0.05208961406471253,0.05967116846450004,0.0668907793108889,0.06477319413137061,0.3440460183679815,0.09173038056820712,0.39999611024921494,0.2797860337312967
AAAGCAAGTACCGTTA-1,0.07068028953174767,0.21109664563556874,0.054155498908760126,0.08728618923991954,0.17840062988707756,0.1295355470631949,0.21294853990543736,0.22105778245889476,0.18284354070424744,0.2723182254216567,0.1738870993658365,0.19286178291046094,0.1888869681325192,0.16991624115820284,0.15027357785967085,0.08660675664716684,0.12831933916934363,0.15729355894574235,0.15492199600421241,0.1852661398182806,0.04481234349948548,0.04410246972565653,0.24001952515887637,0.16021418591551684,0.09807207893008257
AGTGGGACAAGCTGAG-1,0.34635312670471435,0.27910794173057424,0.10275937897938481,0.1485495486231158,0.07510568307796933,0.05426475869543114,0.049364521727876,0.03595867504526336,0.09406244230956341,0.2073708672563328,0.008366463248956579,0.01724570062000183,0.02586188920078959,0.02281971980287581,0.0053761480523312685,0.15473895014518388,0.39900118305421284,0.04027430098192582,0.03319226810039732,0.055606933136751815,0.5083109303563693,0.32204487879880017,0.29371436048325655,0.28258117402767324,0.1889257625917388
CACAGTATCTTCATGT-1,0.06028624612624155,0.14068257297002937,0.0696859262197171,0.10579441455667037,0.10229942015158225,0.11258348455832658,0.08854256754133956,0.16948270012941916,0.12965012033240023,0.32963049876793743,0.19238826733367353,0.16338245779569605,0.13015208349227914,0.1512393342247228,0.15275053140671746,0.10266465186538928,0.11340875373986137,0.24029579216871694,0.19132240870187514,0.2036074036994765,0.037593308954368077,-0.051213450824315485,0.16528968507858938,0.13604884245447618,0.06394588119478203
CGAACATCATACGCTA-1,0.1534504828420087,0.3028005723705795,0.13552388457983652,0.19522702685011128,0.06240499615246833,0.05391772434876251,0.08700415040124998,0.13729671260231394,0.0909944836442461,0.2979279223441463,0.15229859846860763,0.1480738113780908,0.09456632293138852,0.13696335029645443,0.12310881039194546,0.19284004020744352,0.17176963457623712,0.16833304987864842,0.20383123012277043,0.19714694677636482,0.08158739181895176,0.34207298091294497,0.32568358257724356,0.25971387766531795,0.39787306058377275
AGGCCGTTCAGGTTCA-1,0.05250131986541439,0.17321316538686649,0.07842513439070846,0.15689224383898187,0.1302678325900795,0.09406248841095101,0.12860432690567003,0.26876311561409066,0.1512024551685892,0.3647318735503934,0.20312407976983146,0.2483758327610388,0.2057496324260265,0.2393083058073355,0.20065871442358008,0.11714088677706906,0.07739785005804245,0.21309315762465045,0.23146606350131838,0.27729840956186536,-0.005420829187036872,0.07816812254739258,0.23312298714894883,0.16795706850419034,0.11209628651561024
ACACCCTCAATACGCT-1,0.05631780750412852,0.17610572108956177,0.056454690970815236,0.08221516461826067,0.21701739557038732,0.13182895500927863,0.2267950929084724,0.15623069412443222,0.21273939445422602,0.17094218889387558,0.13018624344334545,0.10838356372470266,0.20800913293252998,0.1258898759872713,0.12778448823689043,0.06761228800447643,0.1274662310179733,0.08376222190380916,0.07096906767308442,0.12346672097584978,0.028379877011613718,0.10024943321625415,0.18130820578054543,0.09978600097502072,0.04151542207033771
GACCTGGAGCTAGTGG-1,0.08389730069615293,0.1831658255493236,0.071177622630475,0.1162229636899085,0.12341372453596977,0.10533705668890143,0.11945264024645912,0.20579842477460517,0.1131246012392423,0.3315508762327096,0.24797083198966835,0.19915204287270863,0.15644062720305085,0.20461628721800393,0.19812928128337212,0.10085042004186356,0.11037714794314979,0.2565520532499432,0.26408981313298885,0.4822090995374568,0.04244243948204601,0.0001200328011431705,0.21631503235967683,0.19085716851794132,0.11249931925544181
ACACCAAGTGCATCTA-1,0.030699984943953516,0.1728051645290086,0.030539465800144307,0.11736580596389846,0.08961256375396627,0.11120736601331298,0.13572522510224305,0.24101589294699452,0.1194779090000259,0.35449078391280064,0.19955397451638715,0.21784176874141883,0.20205443489033664,0.19287870892605738,0.19611429771354297,0.09823556366560629,0.06715587555774533,0.13837494766778907,0.19526784639229336,0.24294644669142582,0.01261863285632313,0.03182238502899745,0.1797996568456519,0.14562426363931782,0.10010742574355816
ACGAGCCTCGTTACGA-1,0.04734602083892842,0.16088150689958802,0.05994861779231523,0.07785899617898213,0.1533110154243372,0.103816600248719,0.18299358982728323,0.2448850518275336,0.15540729738433554,0.42608671300072104,0.26089769472241525,0.444946257991207,0.2442579679530022,0.4259926812960545,0.23619640335973852,0.06991216683467909,0.08529992752247266,0.2117143539065382,0.25503378358374723,0.4414117100819522,0.0052688642774360375,0.2996359566450536,0.168404403341408,0.11370218374548563,0.06289934704835715
AACTGGTGTGGTCCGT-1,0.028909122699264572,0.07886101363726168,0.011406712660014591,0.022506379548756318,0.4983300574799618,0.10967406983129596,0.42158336785547035,0.09215278569732835,0.12867959408243354,0.3406758629986534,0.06999443559462368,0.07498042313651747,0.42738013793875723,0.09076440533291762,0.08157159627080907,0.023729192080603843,0.0709812076178452,0.057017283851648545,0.04798507773642813,0.07559811992800866,0.020812041336984305,0.3013829834207504,0.10518194199714867,0.06898371542940467,0.047088626509880875
AAAGCAATCGTACGGC-1,0.07421059504978643,0.08893634682044853,0.07282815386735189,-0.021933381229922326,-0.00835585929166026,-0.004813640337584545,-0.008097071015469933,0.012425529538067224,0.017975807275221346,0.07130474770950959,-0.009435189601723093,-0.008227456789115782,-0.008355859230487522,-0.008730034958914886,-0.008607067777270098,-0.06678627751405551,0.022534439142779906,-0.00976928793713868,-0.009547809984138284,0.008427938789839936,0.019206974359065418,0.1153669270907061,0.019910654497474953,0.018958690279392156,0.08120587205486518
CGAATGTCACTGAAGG-1,0.031225896563441925,0.17648059374062142,0.07396401104922841,0.09745388949325684,0.15818860149358305,0.1267951931747807,0.12459475403183533,0.1480812059960891,0.0971890831822268,0.32901775975253156,0.18942974658073844,0.14291227242752733,0.14132980011813162,0.15062825530435642,0.15464124213091895,0.10409618132824021,0.08755859037266879,0.5598338390935479,0.2323362712942401,0.23531932485070362,0.023511948092043888,0.07218300602123318,0.18661330615243205,0.15389876946330183,0.1035781045812882
ACACCAACAAATCCGT-1,0.06075958075096347,0.2207916724376137,0.05318066322677611,0.09772969466526951,0.21394649026990423,0.13270316765587803,0.17586842521023802,0.1205517177910875,0.16188142661051727,0.24699956636411716,0.10295371822087547,0.08908451109963643,0.14978759445006384,0.08046561452985013,0.09164518554322933,0.10773807212462135,0.13106085187099173,0.08726475609716453,0.07485695061118161,0.1054884962313272,0.00754082105937944,0.30933174303319283,0.22715624595922157,0.1636836591393047,0.09533227371629276
ACTGTCCGTGACCAAG-1,0.04430878685821859,0.1826523661296707,0.030040933632874398,0.05209187036347413,0.5444884181829056,0.17323233727847798,0.48016934573485814,0.13924708047053166,0.18340827243986993,0.36495402320583714,0.09956852734812575,0.10892032879517961,0.18296496006867052,0.1322422334759545,0.12444254103534906,0.05357981847111958,0.11017336460821157,0.09257951288818732,0.059496451307877604,0.09901983579355263,0.061757310436696716,0.31382886757272455,0.18308865019585013,0.10836013030422614,0.07078933703240985
ATCCGAATCAGGCCCA-1,0.21072243018398396,0.1649821376712658,0.03737768792322987,0.0862901284864817,0.10579742217346338,0.042181768125483396,0.06533894090891586,0.0132363036186165,0.08193797443262078,0.1350395744099828,0.004171078363604001,-0.020449269387319204,0.029970027571761162,-0.0022870137715315466,-0.0016842359462326914,0.08783133001277812,0.5291641152828311,0.029144599575386988,0.030854620662433035,0.006679569572357774,0.5912805135347613,0.27635363074096536,0.2622761059539251,0.15773988878198136,0.14595061315169916
CGAGCCAGTTTACTCT-1,0.12909540170822884,0.2902353939716523,0.33993162569409685,0.3779283667605536,0.017924660973307686,0.01252680177478753,0.038155148454133966,0.04570323925736528,0.022979804400468838,0.2100294374864521,0.0023627318364897497,0.044094576605633755,0.028031596330283688,0.021891396567482194,0.008542173262902505,0.41051078548130415,0.15776033581154328,0.08981965809009909,0.0649936203242613,0.08266237740378524,0.038236550358327376,0.32009820236211406,-0.11352454238173879,0.5652474368250838,0.25922921581455144
GTCAAGTTCCGGCACA-1,0.18001709039523586,0.2895295151301881,0.18375899101073856,0.18097261876555285,0.03924900047814209,0.015241328769527121,0.01897770480250557,0.01717427611636879,0.011051259492921716,0.13285781596801222,0.02382061793367305,0.00040608410350237694,-0.010671215800842886,0.014466308088915756,-0.0011402719440676556,0.2216726106290087,0.18457664031368803,0.04354296798333854,0.05522166013954508,0.042326871431269564,0.12565718400971077,0.2520178692260622,0.3361848548528141,0.28755842920580077,0.45374693567921615
GTGTTAGCAAGAAAGG-1,0.13091711823017424,0.2726355733775576,0.1612084500050424,0.16405300853729904,0.0400892789394574,0.00048036991774923584,0.03579335815032376,0.04066805794950318,0.03734673674907911,0.14501865755955115,0.039487105615693435,0.018550487407626923,0.007155771028518503,0.03051683442271212,0.02282658774245235,0.1802232032949122,0.14036974173730857,0.06665495232880404,0.07902551230006152,0.07635467978301917,0.0833523038970381,0.27346771618590754,0.3133483425979059,0.25081175521427596,0.4401209693996787
CTCTGGTTCCTCAACC-1,0.05332687944266641,0.29668180150072243,0.07338880349492893,0.15245582336103827,0.152150407398692,0.11102859111258623,0.19832414655947958,0.13679645619648417,0.1654045421333404,0.3020460526448139,0.10302548127943369,0.08105465398222034,0.1293275644447486,0.09139554779504577,0.08709113418676447,0.14798116050758364,0.11960015961098983,0.05179233839549289,0.056336067519294215,0.09884261953409512,0.025689686286469896,0.4526311340409948,0.2872145713982184,0.20867200365032443,0.12929238888338002
CAAGATCTCGTTGCCT-1,0.24291756112173787,0.05194793933111733,0.08204354427257439,0.1487181420079092,0.08387471367101969,0.020828357393659982,0.06607488067105885,0.00914285357077015,0.09127376467321238,0.14840246372657517,0.01584906704593827,-0.0032506302777411088,0.034944678423119914,0.0032793063973019245,-0.005098675010211659,0.15136077534355546,0.21991719335506554,0.014950195332897253,-0.008802055237789638,0.030949600414292764,0.17909312130789187,0.19515455117717323,0.23208283463680968,0.17883333354554265,0.19673579935703547
ATGCGATCACAGCGTC-1,0.20600730315889879,0.1994975197084269,0.0690749115770801,0.06577513822072631,0.0627655169996715,0.05030817696788011,0.05429291405201243,0.020668421392083535,0.06993302558971144,0.1498889966902153,0.0208076552960165,0.016458712325414234,0.0043136338302804285,0.002511105610819167,0.0030941184343287772,0.08250823999366952,0.4074778550376165,0.00809389672196872,-0.0007258427636325747,0.01248435504399086,0.6306138153175616,0.19091084112109843,0.1832074736100343,0.15009652830090142,0.1495734140984298
ACGGGTCGTCCAACTA-1,0.04756068555757378,0.15381892690334376,0.05973059546580454,0.08323532672881367,0.16437855799271095,0.10313704028542878,0.1391298912496167,0.20395558942177186,0.10857381569653472,0.40798509945785166,0.21279420885015982,0.15934889953684545,0.21059894710703064,0.17964415793293492,0.20411296345655128,0.08484569839045798,0.07770747316206943,0.14809740161704993,0.16192187502246314,0.16707299720193228,0.017144294707982007,-0.07824954019693091,0.17347590655752526,0.1407545877393199,0.08645447552206693
ACTATCTTCACGACTA-2,0.11470781228089756,0.3066341896218278,0.11216574112631231,0.16178339842953574,0.05437838411903446,0.0361298393898737,0.07061717361513056,0.12069768490599656,0.06926084647138049,0.27049216235238743,0.13570420696383045,0.1441889081914628,0.10089283698701958,0.12598792018167243,0.11992161105728454,0.17075464934435564,0.14518480660004995,0.12787350136722547,0.18210224910534772,0.1911798559773659,0.06804776664401432,0.05072374477070655,-0.05570414984828466,0.2550044058568443,0.6511881299603585
GTCATTTTCCGGGTGT-1,0.1503318033997003,0.2744846596837619,0.38351882069988186,0.40276172466095017,0.059824498017386846,0.05457944872559675,0.08259319160046161,0.051690642596334095,0.0514438874082262,0.1886064247736109,0.04834912662162456,0.04040246038732148,0.029686350687220777,0.0333152869667708,0.018676376208718717,0.4396513359741396,0.1399162565457984,0.08208949884096005,0.0716411303339898,0.07603225923972408,0.05650913402088261,0.3252856391541066,0.41477420033912926,0.49100473773425,0.24172391419596428
ATGAGGGTCGACCAGC-1,0.31903104258461007,0.20049105578782037,0.08388138536777363,0.1555223259537451,0.051564447443445904,0.003912201643835984,0.04496275237084349,0.014999911316731158,0.08934503137370026,0.18076753346688548,0.014775122145573947,0.004823420470492044,0.013791851931535783,0.01933061792731714,0.0025803627755389886,0.17411886957954317,0.13075015208039587,0.005147371897509581,0.0059083874750168,0.02195074110720056,0.19412004253475726,0.2646533448165195,0.22762889062436542,0.2350619829307818,0.19963187112189576
TTCTACAGTTATCACG-1,0.0645663012057684,0.24199525522160115,0.029232719405190056,0.10356563201475291,0.1764418447933323,0.11407648459982643,0.19415468425451396,0.15223050807621832,0.1877720216535332,0.2272981778918899,0.1342480150489651,0.13341052071667064,0.1816768989764777,0.14225365901491085,0.1562613523602189,0.10133031018099431,0.12689897409760756,0.11657291448257735,0.07798527744910907,0.09509750847913175,0.039915014959003715,0.024660386501601027,0.23881158385720724,0.15993182574252576,0.09278480833660792
AACCGCGGTCGAAAGC-1,0.03399672291245741,0.1740630997720309,0.05346922740440803,0.10493746770503716,0.09195211960134612,0.09442876435184001,0.116707868970802,0.17319922196164972,0.11116653384592516,0.21855739938495877,0.189986487046484,0.18121230192074977,0.15590994755845683,0.16799228754261747,0.14141440159667348,0.09747531497384439,0.05599964949275458,0.30475520524922317,0.30397953828249946,0.4007958585215264,0.002766561059669069,0.14728219497996378,0.15360648630285467,0.11772649709182902,0.08256318125136032
AAATGCCGTCTCACCT-1,0.156568893065374,0.17441359460671052,0.5153253709226212,0.3339144340101195,0.02499859245489681,0.021370851236950955,0.02801555372284835,0.02766891813690234,0.02032468065971204,0.12399270881821008,0.00047520879811532635,0.007954862389420926,0.007064856100199866,0.004673676049164837,-0.004131326231623137,0.4591597418625765,0.11239311917665713,0.04135827288522229,0.04330096938073295,0.026516148897075282,0.04416963727061624,0.19076643426514198,0.3173957368365775,0.42955819773880577,0.19624505479954898
ACACCAAGTCACCCAG-1,0.30311000938881544,0.22193253193692167,0.055052701389648906,0.11640460902357859,0.05548879220042606,0.02157052525391638,0.01873815126224427,0.02700434203427948,0.08319364496374704,0.13881177403002573,0.017677485429824384,-0.0019276917255691558,0.01650403042010715,-0.005080579621549694,-0.0044804302120817424,0.1146068118289995,0.23273987008652477,0.0071393990236021995,0.008460530073950666,0.01047254451928019,0.18105390173099636,0.2803102483460438,0.2311402258654594,0.18535619542511678,0.18749767885211333
AAATGCCCAATCACAC-1,0.0196244000985077,0.1463269531937412,0.00031653335711026527,0.06534305635601473,0.18187789702337437,0.11801914465345875,0.189910989882134,0.10875545475411603,0.16616329442311664,0.20291799634891888,0.10722910566183584,0.09065206346469329,0.09928356550180398,0.07353727783291888,0.07586124299007871,0.046384110380737524,0.08297303509628536,0.05292971802424446,0.0711508205853478,0.08018406127018951,0.02928183807545808,0.022222234719506243,0.13283264225951874,0.0818625245916856,0.03414862330498836
ACACCGGAGTCCGTAT-1,0.06750230509576391,0.1482039299038357,0.09801274678606149,0.12567795243591368,0.10831750268159417,0.07561737965061913,0.08348279564570701,0.16584700610470512,0.08667836237684673,0.28551899956706045,0.21833882367121238,0.19339213242742878,0.1401902964693787,0.1995797471316659,0.16594150846440817,0.13138173838930725,0.08858602035203748,0.4760948311648912,0.4172186286018908,0.3688486012577015,0.03495581195148247,0.23245548543641723,0.2016036667861094,0.17863915422262786,0.08614300416396353
AACTGGTCAATCGGTT-1,0.05247556363747937,0.16263655578811811,0.047255147649412056,0.09437680623748462,0.11012824808291537,0.07056212598787727,0.11607668438546224,0.25273201425815206,0.10997765783748491,0.3258070790083667,0.17332822381677968,0.21481667668529486,0.19074071862528574,0.23516889790023626,0.1921105426194333,0.08874648411288716,0.07164105747637654,0.19567697575005125,0.2215530122572825,0.25369779666461717,-0.011159243739815847,0.06067129883535147,0.1784256456283382,0.1302191662220304,0.07545057196618238
ACTGATGGTTATCGGT-1,0.4347427388655463,0.24205151577990672,0.11558982844638208,0.1529911358203076,0.09087901433257248,0.046167195352284175,0.038208627079998524,0.017094647954990525,0.08828851953719445,0.149236274233996,-0.002330708811141444,0.0030199579700415035,0.0023882034645072376,0.0006154966152132299,-0.00919453587161926,0.13567210557254442,0.40792086049137094,0.023994508486667558,-0.013030124706958843,0.0009482916862937518,0.5946598255740699,0.31111174514503087,0.27600593083657626,0.2477577000619437,0.21743247993206474
ACTGTCCAGAGACTTA-1,0.443724775258627,0.1903960794954205,0.10152295167644558,0.14178703234425727,0.10110019795155235,0.046651924473436905,0.04834380686516394,0.044930144755079955,0.09767341293906676,0.17038293496302828,0.02505055939582012,0.01276201553185884,0.03362511919245983,-0.00037453410083461457,0.00015890552363983444,0.15378300574224651,0.39452031139288707,0.014221634102949573,0.014571642862785611,0.025070257558482197,0.5323376533414401,0.25790465459055256,0.22916105726107502,0.18161681904572352,0.18023116258563324
AAAGATGAGGAGTTTA-1,0.21681878756748285,0.2026083084111944,0.06301120795415464,0.11045260348612337,0.06946938195198613,0.02834759339838089,0.038785889139512184,0.007354356842756134,0.06455085488306021,0.10136025701251436,0.016730970753817326,-0.008180792744843264,0.023697210808666814,0.0003644112649458973,0.011388848126847055,0.0985248959809087,0.467139061866307,0.014925761537389006,0.015602906996106664,0.01782209176987887,0.6132770987902174,0.20894411326430715,0.2116998308442083,0.1598999093221385,0.1838254734961401
AAGTCTGTCAGTTAGC-1,0.03673511666627919,0.1746976590078041,0.03967538332955993,0.08272591734598186,0.2300953064733998,0.15771970668817034,0.20912232074570042,0.1771071041825306,0.1854149869190357,0.13356373941953847,0.13198549247954214,0.14638099052905898,0.2026798835607633,0.15358206036240893,0.14957429705089345,0.08425020951408654,0.1168397898782551,0.13403852940294847,0.09487914715866816,0.14810401975879697,0.04308013211022086,0.13235916542066278,0.18380993846776755,0.13064674097693849,0.05802559337693803
GAATGAAAGTAGCGGT-1,0.1516063522748374,0.325016587356631,0.22219836943363433,0.24280613323245645,0.04042389769256586,0.015707412918459094,0.053003446443243035,0.04906181816666289,0.038773729404751454,0.1902779672814747,0.0310422493003171,0.03482797370020419,0.04045422165896212,0.022215803840146316,0.03175451341772054,0.2704980246187102,0.1505723977665836,0.06566100993826783,0.08585809299276527,0.08251224627064459,0.07099374254205826,0.315990278344635,0.27017899659182104,0.18756784056741296,0.41068537203827904
ACCAGTAGTTCTCATT-1,0.045094122437730554,0.17649843823975953,0.03543992715675694,0.12491366926984732,0.09790010739656374,0.049881694186844024,0.07186096375186848,0.1781749263843612,0.09631616744857702,0.5422783678547166,0.1853524102513687,0.17111175583071253,0.14606679134240433,0.18384155506626998,0.14989744287416001,0.10225711890781283,0.07029028799456927,0.22419874609938703,0.26555915939942354,0.255482974144416,-0.01165616253797468,-0.1500578319784633,0.1814018201343362,0.13173674919674447,0.074046241014769
CGTTAGATCAATACCG-1,0.07336923720577908,0.16094472384923722,0.07921110229574706,0.13985640109656045,0.11186920114545239,0.08691376398755976,0.09504096112663052,0.15845817737618895,0.11013460880914362,0.42391628085513083,0.20097934596222614,0.17709068535748396,0.13370497412060564,0.17397937134057587,0.13849314526293544,0.10865929394549285,0.1274194232038832,0.40357560778457474,0.47826988771301365,0.42120144140520865,0.01027572763336431,0.24053313951413213,0.19234635619099869,0.15068728583502422,0.1117661844879412
CACATAGCATGAAGTA-1,0.08134374270574946,0.21613641600517308,0.037369717803570554,0.08900915809102951,0.14653231184964827,0.11625445075126001,0.14362725444557164,0.17687116992898916,0.16599118354495485,0.5010800356017032,0.15335543118881395,0.17052148347450807,0.19953484722308865,0.18766804314421973,0.20807070627353882,0.08391492297959814,0.13175510895282952,0.13137777765989847,0.14149680356020455,0.16954041284252486,0.033206761519512365,-0.12449249658390171,0.23157227925633664,0.14200657159863136,0.09490512369082485
CGAGCCACATCACGTA-1,0.046385919979784966,0.1547449329912728,0.048990860144770776,0.10766258302794124,0.13775175341594897,0.119796569303512,0.13509917253844483,0.1986868039938579,0.13947728560009656,0.45560853827602243,0.2022385954448783,0.22146809015390628,0.2181480182750915,0.2340669889350373,0.22902489338030263,0.10472456990743208,0.0539311951018844,0.15288949021119275,0.1748835953145459,0.22157462216684187,-0.01097442582063856,-0.09072328599290282,0.15968569924444856,0.14563535012985404,0.07864050791108575
AGCGTCGGTGGTAACG-1,0.4284621791321192,0.29837323393933407,0.078346436426989,0.07364135240977043,0.11663241083036452,0.1256255129428404,0.14283241802573898,0.07974543429662842,0.24284669734807063,0.42231364771658947,0.0780421889396475,0.07295778155864618,0.09406486543309851,0.08841065553727909,0.07898963928522432,0.0653544427572486,0.12415389706321855,0.044075794166870685,0.04615451211450697,0.06346295288188974,0.39429942128280054,0.38270979684964157,0.12651531355864196,0.11731605379055547,0.08461052320772008
AACTCCCAGATGCCAG-1,0.06314302148342694,0.13646249757333342,0.04013444773539459,0.1478923162096595,0.09041223272285047,0.12054719815666419,0.1390146188886526,0.234139475766206,0.12207416752968968,0.37115912851111743,0.1722542096046841,0.20400242983959768,0.22231616110163452,0.1914572542461705,0.18327919344005625,0.11676329230483834,0.08577031013855396,0.17345534155787654,0.15946355287719113,0.19997187106883452,-0.006196225071268473,-0.018709460911028153,0.13958230975071373,0.13209759652197975,0.08735024422502426
AACGTTGTCGTTGACA-4,0.17442672476472748,0.4639657222767429,0.24622404325118108,0.34590850029149656,0.07755538226199168,0.015436644926454695,0.05794733605197094,0.07020621723808702,0.09280655895750074,0.24313255216577156,0.04421890614262466,0.041463296655482804,0.045966587710168184,0.05100649546506573,0.041203749207004196,0.3603641028234116,0.1706785516336794,0.06683298366462127,0.07434711486834349,0.09698351876833992,0.07283080106699605,0.35876217427721346,0.40601789896586743,0.3936298237083496,0.2669551568511538
AATCCAGGTTGCTCCT-1,0.06546811169184448,0.19114229651116255,0.05515830727180516,0.13415663241004336,0.053921873104060554,0.018378480450459832,0.04706392151868823,0.18184163743077364,0.08896698783402415,0.20002970147000365,0.19017137915922713,0.17497734154435535,0.14231901091545135,0.179845047078776,0.15476431192781576,0.12359777784704888,0.10696325722556421,0.24991605657556284,0.5248025407167137,0.4504829462507391,9.73477679082009e-05,0.24412583420235154,0.19217705838913474,0.163799525138573,0.12039879017357848
ACAGCCGAGCTGCAAG-1,0.07451978526386628,0.2144406469549172,0.052620940498791076,0.09240678013000227,0.2130544238788633,0.12633879076955742,0.1872370970369399,0.16870579124612997,0.20225051905358662,0.19992900181134748,0.18288867836321943,0.14617667837868478,0.20924495138967789,0.18530188552774954,0.19792670756709535,0.0836033816038275,0.13820002471164775,0.10574795075275491,0.11719425552109351,0.15508793796651768,0.04366031336116629,0.09022304071035078,0.2049397979570416,0.11764846503764387,0.10137869674211186
GTCATTTGTGGGTCAA-1,0.018969629049317274,0.15483693480839933,0.19624370019742812,0.16367681666663086,0.1684348053806183,0.034054090675918004,0.1770606111315303,0.030589039063525548,0.039653419411229344,0.20114330312108789,0.029876188986240174,0.03700080625280892,0.17811171629381348,0.15900857411324373,0.17026139154978984,0.23719590636880405,0.035252802410090295,0.04706535239344289,0.029070218898570876,0.16142864442825586,0.01690848511079078,0.1718776763025712,0.1771495146493409,0.19199896804613367,0.010773964478325983
AGGCCGTGTATCACCA-4,0.12150331701946164,0.4685170725642724,0.08427483436082742,0.17480661349007048,0.03561792476307406,-0.0021688747424144458,0.0276548367994849,0.019428937040057985,0.0671499816222,0.17295158798398477,0.010141073821832922,0.012220554608625249,0.010749749121542895,0.007558404657276716,0.008263295007077655,0.1531792817607242,0.13508558486742392,0.006145547756482037,0.023138684661822853,0.039303638477846264,0.06307863847425033,0.3665738784568588,0.3386309565677776,0.2598434422639146,0.21222119895731079
AACGTTGTCGTACGGC-1,0.0776772123383983,0.16462642840292727,0.06562075907176265,0.12248429593522984,0.1627792155883435,0.1485662989041037,0.15918882048038202,0.22891045580593122,0.1327386433482883,0.46440002919755896,0.27263192923741864,0.23336925368925318,0.1872726971535286,0.2372662959876251,0.21089774410334344,0.11469019347160785,0.11300936663332793,0.23263591251573806,0.2663428577557442,0.3014891786040242,0.0592687316152958,-0.1260226604795565,0.17286651240733286,0.13737028445762986,0.09641605225374275
ACCCACTGTCAGATAA-1,0.23785471583753606,0.24104703609034675,0.0856615637001038,0.1231085315500111,0.13988223177448184,0.06310409806006345,0.06893868649062002,0.044285381900639166,0.094854859101092,0.184458936822992,0.03399880911796645,0.023269410619740794,0.0437932710175819,0.009505505435627745,0.010225567497872876,0.1159124474844541,0.6457948565213627,0.05770401899745045,0.023419682818324107,0.04977479533281684,0.19746665138672426,0.008145372259632792,0.22442186111478282,0.1759769865578819,0.17109624125962627
AAGCCGCAGCGATAGC-1,0.05784040478966393,0.17204021451208182,0.06049976049210157,0.13405231210073856,0.10692913386679968,0.09055106602026709,0.1216908430972235,0.19384485276544822,0.10618639163081868,0.4482451925895499,0.18272605182582982,0.21699873497408328,0.18018711922292216,0.21916058768931673,0.17454134117734668,0.11530305408167567,0.07238643893921909,0.1999036332416742,0.38336277454807816,0.3863196826997364,0.0008548746352829255,0.1895643193136818,0.1541958424784345,0.1205220872689642,0.06653375365909778
AACCATGAGCGTGAGT-1,0.037267813295250564,0.14666428153518837,0.01871855720992149,0.05342704527997663,0.14923394227725928,0.09940720467782829,0.12216384880684994,0.16012766912710577,0.12895642978068145,0.40753192586052256,0.1679129939202689,0.16619565275279727,0.16332039371679163,0.1743286133020808,0.17823654594099406,0.05989574804237428,0.07454378850203727,0.13291859399371408,0.13571711473896145,0.16882922738528758,-0.00660506224544919,-0.11644376532008104,0.1641850817998676,0.10298403914393407,0.06287773193531312
CAGTCCTGTGGTTTCA-1,0.048598365968496426,0.24384027799993632,0.047197828246940084,0.09857639388885708,0.18800736906427667,0.11840478431234208,0.19109685744525653,0.1588613762303991,0.1679702760909058,0.2809323236089083,0.11571941574004109,0.08951411308225168,0.1508555407233646,0.11056228113330055,0.11229817862270394,0.1001121510130031,0.09716171172814388,0.0775587590827519,0.05871003445877213,0.10475429329340046,0.02674174191806394,0.35721080917616843,0.21692330091821885,0.15605035521543714,0.08865884301940587
ACTGATGTCTATCCCG-1,0.060517279499411304,0.15930673126922512,0.0678472488030545,0.1610345702711942,0.06627145119602101,0.020650542981637703,0.09027090281371636,0.2015679514177217,0.06232923592745772,0.32583868731432003,0.18128596383903295,0.18312025174873942,0.14799349907034867,0.17078125012713272,0.1332955619313616,0.1541438481464402,0.11508825656193254,0.26244498260554133,0.5419683120470266,0.4713989416883264,0.01281143911460262,0.17141387635719088,0.17485953593626155,0.15578372954421138,0.10907523126096787
AAAGATGAGAATCTCC-1,0.06883097093881607,0.12164172788674155,0.04492766383594404,0.11435165892760447,0.12007255077424665,0.07619982462758362,0.10505752214178829,0.23446242243701285,0.08758823336236513,0.33269955732818496,0.20605721654496081,0.2312470024609556,0.20512778031082327,0.2054668640532056,0.1788862859507362,0.10697986323846949,0.10284510097611112,0.2226570947270426,0.2672167760976745,0.27590277195839236,0.023817387997240834,0.24464807355085558,0.14554801188791172,0.11754481973978813,0.08416024743623042
ATCCGAAGTGACAAAT-1,0.07196529671537667,0.234328610197012,0.06839907241241436,0.14372301209266708,0.11846612145062692,0.09303617041009686,0.1321495625615397,0.21284258459858482,0.1299349760684591,0.4792913909816785,0.21195968935969745,0.2002517084261033,0.18179038342962678,0.21005452688365286,0.18977251607987525,0.13088906657430674,0.1100081941587251,0.21596706138003915,0.25067178689873826,0.2614556955065504,0.013730933732860526,-0.18196794263075988,0.25423874818944076,0.1932570904144131,0.122596322983112
ACATACGGTCTGCCAG-1,0.042758386483597574,0.14676555236779706,0.06004771688186151,0.09185794331796746,0.11414444616204637,0.09629958247075397,0.12006363589414486,0.1826810403235062,0.12516834520561526,0.2189909996710052,0.10671407770638089,0.1277750586190926,0.1573309701540285,0.12776361866387984,0.13150564459827002,0.08001657118744032,0.08600409265514068,0.07361414709025374,0.07706259063925663,0.12145327745287934,0.003949226655528498,0.2762613635130661,0.1455411907627479,0.1321142248989163,0.08302856096841159
ACCCACTTCTCATTCA-1,0.03992056622109808,0.169778226354765,0.0413442293199747,0.12066077891057193,0.08888930031039674,0.0543630996582107,0.12280266590845985,0.2211077069430289,0.15864681310706513,0.3667541231347276,0.20982407192325975,0.2106883122369169,0.18622577060175782,0.23282714657474923,0.20003394509007133,0.09469910617104832,0.06498593405585809,0.17781438089451,0.22386221606965323,0.25538026472269354,-0.0006697608439079201,0.010899219814963243,0.20520121834001206,0.1285787180597489,0.09149831364115997
ACATGGTGTCTGGTCG-1,0.19605600052301958,0.13534718565433498,0.014384576641373074,0.1770496456610339,0.18886261613959543,0.2057067613242195,0.1491415324657,-0.006044674391728704,0.14392628232985988,0.18733249256704798,0.1798315332646872,-0.005335365256595211,0.17711713496971418,0.15099760185405717,0.1865177140187923,0.17083480908917273,0.1912457109420523,0.1874425373815366,0.19097460690698603,0.2027750282656398,0.18050869816750598,0.1550918967810666,0.15385715992718413,0.16335213393816048,0.00536310092642354
TCATTTGGTCAAGCGA-3,0.11960358806747992,0.5017462350440148,0.08770400656910003,0.17328477000346743,0.12629250855866397,0.07367463821926176,0.1218327913633275,0.18583937480322169,0.15208195010817746,0.32090392786926886,0.1554734030115201,0.1816884952747166,0.1659916895993577,0.17214418353739736,0.14372736661355814,0.16650970532916448,0.16371668018534694,0.16354269371956764,0.1737820853309984,0.22044988610735933,0.06252669671357972,0.2868490447791506,0.30652048058403136,0.22574555179030018,0.17231706088007673
CAGCGACGTAGAGCTG-1,0.16920495121824333,0.18544097680044422,0.05575728712463338,0.12444012344048398,0.05628301685782764,0.008351924180742248,-0.007187575017566866,0.007049977893880699,0.06316769449163899,0.11803281135407807,0.035404305515992406,-0.008370390166311178,0.023360205358404277,-0.020420652317344915,0.0006779505718007193,0.11238481433799474,0.4067619082721343,0.023572231209341328,0.005941147789727349,0.0006056595785232485,0.46546464415622935,0.2088829772454646,0.17598801042379134,0.13654573630779115,0.30448499465256734
AGCTCTCAGATGTTAG-1,0.05223982391917626,0.0891995301660598,0.023389040527923274,0.08069808230808227,-0.010707930566432,-0.012027165803908554,0.011856003632825367,-0.005082376954306304,0.0021028046692281393,0.045539194151675004,-0.01456441311292391,-0.010236658776699981,-0.010724195468851491,-0.0016758932274349703,-0.0010874548325030533,0.07348369341672485,0.04366572877789841,0.002273758014161097,0.00404679660187015,0.01459630055877971,0.015592793005905258,0.12219597056008083,0.10905448784428651,0.10287278925531175,-0.01591724414963814
GAAACTCCATTACCTT-1,0.13871689352879837,0.4553995321905749,0.06187117257121044,0.11521879203925298,0.058149058375695166,0.00027628058331681147,0.017715643198632263,0.01651238024888876,0.0852915597951997,0.16533327130314468,0.008398032756681528,0.008718955758825432,0.007376712889828068,-0.012236770806480493,-0.0037493197436045075,0.09820265626464929,0.16745409241336207,0.01223632678101257,0.00666569492526269,0.013299770512515007,0.07992348477115477,0.29462226682487413,0.28539259124691774,0.19879650575050045,0.18522726519731586
TGCCAAAGTCCGAGTC-1,0.05586105046929445,0.24055472598891203,0.047681579280304816,0.1373726294297071,0.20363995069290752,0.12222528171052198,0.21181202835093094,0.13650045649806944,0.20341357647531477,0.32643445753517475,0.11425066434525867,0.07185182572187106,0.155445800609851,0.09963929279148259,0.0873597304679763,0.10746323432199414,0.1348563658126613,0.0867734959088623,0.08316437003760739,0.10960951556869314,0.022982083059904342,0.3796450895767808,0.2571438236255219,0.1704404700432237,0.10094563618354324
ACTGTCCGTGGCCCTA-1,0.01918029091640077,0.14264912583518025,0.042210643045104475,0.07128690302750275,0.47806089830116083,0.18093430032197716,0.38751383836100267,0.11734944429887027,0.1592573289405871,0.32994563300733054,0.07672764620327856,0.09313109825835733,0.15865724385977617,0.0961755154173659,0.0881461871920124,0.08221244225841559,0.059374986512495356,0.07114612980291625,0.0358121116894063,0.08873725734161987,0.031129181922784584,0.3080058910944226,0.14527390934660062,0.10221469409750263,0.047134768932908286
ACTTACTCATTCCTCG-1,0.05811129743673698,0.1442725832625896,0.04813990572477742,0.06501042079586494,0.11486119001714824,0.07862560273679135,0.16148856460986388,0.08001614697600547,0.09095326058196435,0.123656743888514,0.07775144630471156,0.043627553185776574,0.11569443667645611,0.06874329047644766,0.03996518677447663,0.07144321891804828,0.1016388159470326,0.028850895160067017,0.04900891089222519,0.04791550653122104,0.03832425841670821,0.13052398698419965,0.1571649412381337,0.12850349786048973,0.09473684167612766
AAGACCTCATCCGTGG-1,0.016075025981785954,0.14321115737339785,0.052337443439546265,0.10155803860010765,0.21660637918975625,0.14576286572538752,0.2232750597809664,0.13378159586778382,0.17859317912015782,0.20985426654420802,0.13279530346517546,0.09812398917539869,0.13643933972293515,0.11806139562447379,0.1210863991913231,0.10340117395734408,0.09193496844338865,0.09205431451735532,0.0686443406879506,0.10262526491679795,0.03458106826543027,0.28098227079965704,0.17699902617289065,0.1218622944730163,0.0682094708178744
CTCGTCAAGACAAGCC-1,-0.010771606750847804,0.1747157512932507,0.14277275106194132,0.144896898618414,0.16670366085543736,0.22159491625742425,0.1511680736799913,-0.008468584766506682,-0.007113699932343213,0.14074860091768845,0.1681494232614394,-0.0074748431441696616,0.1372283346312015,0.14776811232104983,0.13904291895634335,0.17825169273596184,0.1386400309442884,0.13820594479275353,0.14253963564237154,0.12642248350580498,0.1634969870416545,0.14859854933494948,0.15177119744760448,0.16861741534717026,-0.00448089551598788
CAGAATCCACAGCCCA-1,0.16764579425744375,0.23793053958693952,0.3301215083086998,0.13626361634000658,0.018528257482945426,0.03166313237465414,0.0482902044455596,0.0529360981599164,0.05078437003740634,0.1997366223195111,0.03448018336495607,0.030594274482345904,0.037414725613143636,0.03452012229001598,0.026794412350855328,0.021991614576252014,0.15704983731734934,0.06318944731009053,0.05809939503304165,0.08112643696504718,0.03399371762953686,0.293294475027287,0.39092793139947213,0.4172768066306915,0.18941621790714724
CGTGTAATCGGAAATA-2,0.12077914519989698,0.4712222881800502,0.09831852916745515,0.15432498709317238,0.08391851004831158,0.0052681573420963876,0.045296218143878964,0.03005425047779647,0.08641695471538959,0.19496615732528488,0.004564986493251012,0.002228563517324862,0.0134461900485703,0.008984446428624605,0.003919485686124634,0.14241531715106048,0.158708012349144,-0.004147519334916682,0.0021467960392407507,0.027818820532946275,0.07125938791737309,0.36559333677181427,0.33163038604034617,0.2517589901739693,0.1814774194058437
ACACTGATCACGCATA-1,0.06742727790150743,0.1340420077544095,0.020415270894361043,0.06905099665114549,0.08592984109272415,0.057632459534111315,0.08916412351951115,0.17767882315986885,0.05306255786807754,0.2929590345352446,0.17675829624553968,0.19370381937414233,0.13849081306402722,0.21657073790436973,0.2079430096252823,0.04781768426485905,0.10259320594728885,0.16950467909958966,0.19573911736160216,0.21338610347329906,0.013024656753585556,0.2377258160885958,0.14313055463212518,0.09301547763862542,0.07907603503047031
GTTCATTCAAACAACA-1,0.01114714502516939,0.23327422698789996,0.025681047361099073,0.07489199821437603,0.18904821988532258,0.11370158498158156,0.18308313884115002,0.13134328628283948,0.1441094463510653,0.2796313710530958,0.0942920230070357,0.08536987549637433,0.12318283661396988,0.10004796877089939,0.1022369118408876,0.07181736546813487,0.0987812416277351,0.07457647579803792,0.049588531344797564,0.0754376273390076,0.01665967873514459,0.371851249561907,0.23292049404381218,0.1561232253024289,0.08317224351343402
TTGGCAACAATAGCAA-1,0.07060654779947864,0.197785391740641,0.04935314860717591,0.10654640635861036,0.1761631377932175,0.1032164365472987,0.1837149627705463,0.20641196842382326,0.17131523471217813,0.36901082982778616,0.15756213593575574,0.18020545191251103,0.21262539315412127,0.19854566146247174,0.19580519245629135,0.10131108453004758,0.12311325263394154,0.13497018224550023,0.13735222968932434,0.17122374621370842,0.011646395543352173,-0.07740047904353317,0.22899410665226552,0.16136979378063834,0.09831415387093596
GAATAAGAGGTGTTAA-1,0.022839353435240916,0.17999720432221555,0.05747909938043934,0.10607224657521838,0.09623051039428697,0.09785193962405724,0.11175851294963457,0.20976670042297602,0.10535169313686438,0.3428620563263645,0.19859343278070848,0.19052091848159916,0.13165845672655072,0.1971643416214728,0.190567938659126,0.11177708203364276,0.11161578905051307,0.22735481002627358,0.2530758280443996,0.23932875757512687,0.0385632614234736,0.010855418764357102,0.18148696401382672,0.147068483575522,0.08919567876241438
AAAGCAAAGCGTAGTG-1,0.05135272054848134,0.20828571973822618,0.07127934436632086,0.14613043620825167,0.07059866404590394,0.06745805291198179,0.11937863190589927,0.20233064746012921,0.054425209982893026,0.3457256705853656,0.1994039518105906,0.23463807091704358,0.17345396001868407,0.24391512534306867,0.17911192621323246,0.13811047149113245,0.043707800931300396,0.18189760858202453,0.32088472959891057,0.2041855278115234,-0.005416557741917858,0.256982693889947,0.20425816037551559,0.15294509527087596,0.10022730205298758
AAACGGGCATGAACCT-1,0.08793674469626454,0.3174624851625064,0.062095816166179235,0.1394028522475879,0.16333350365763044,0.10024376994032527,0.1646963541879447,0.16819074296589645,0.18969179588140817,0.33224735499729036,0.12310789394936822,0.13905050319833986,0.14544556782568654,0.12709572528001495,0.12291244206331539,0.1345522782669015,0.15441116529960436,0.10040378116224874,0.09768645032811756,0.12913683458992836,0.05889620944486827,0.42800020834111274,0.28054259648831,0.1894449330113299,0.14229033000571062
AACTCCCGTTGGACCC-1,0.18457148772592846,0.2453754055781592,0.40239021124842134,0.08904119133094854,0.03406415544885396,0.0169762051077282,0.04789932190792291,0.027889032143294627,0.04126080308451821,0.16585011998599264,0.0170971802030321,0.01123278663730807,0.01908471591861643,0.015079753478725677,-0.0005769099072803719,0.33226255137250726,0.12644954169808933,0.05369911154323661,0.05514570745231203,0.06411978262033982,0.04683914845360678,0.2477559561555756,0.40569825277859334,0.2601609360231985,0.24715787213724388
AAGACCTAGATCGATA-1,0.06263396806597353,0.2305433019881356,0.03996302902407319,0.11237280394571281,0.15530470628382428,0.0977494977629122,0.1556065893828749,0.21019456055175348,0.12190507996357387,0.3137156320704976,0.2156668211212459,0.20957997278338508,0.18666032328807003,0.19447647831351464,0.1969995410251925,0.09488211871983668,0.1089590190627723,0.18925095225124358,0.20202803787543344,0.23457587659946175,0.015684978520162495,-0.029351736974190534,0.2284361089063204,0.17062680544511893,0.0931360488753421
AGATTGCCAGGTCCAC-1,0.04704051417461201,0.16707920885176739,0.04944664569968613,0.09453780797868909,0.1597806297585248,0.11198673098552607,0.12716846304693105,0.1679733892486326,0.09884070020379132,0.36640816967793133,0.21348214997882559,0.16443619300097428,0.16287427295120221,0.18190879008602043,0.18617010647029766,0.10118771399872017,0.09548580345841574,0.18426636357114268,0.18041159749685817,0.19610842461876607,0.012763515466278822,-0.047805057031918834,0.18566755238031002,0.1296848703247919,0.08202589471539415
ACCGTAAGTAAGAGAG-1,0.06412959983134325,0.2208696273239035,0.059365533233224445,0.12097098000800334,0.16179091609651497,0.0956009784985535,0.10874133262266435,0.2394514801097023,0.15530101526010429,0.4182331505495933,0.2146418986081039,0.2553639325991935,0.20986130646866116,0.25972642154338516,0.2135039160045726,0.11363117409391181,0.11352163204074994,0.14491875945061364,0.1954123899474397,0.22827043891577117,0.025274314119685774,-0.07990478661279146,0.2058982235781344,0.16510270192822718,0.10075941848266276
CGGAGCTCAATAGCAA-1,0.14992921014951668,0.2915076187875722,0.31033902420016446,0.3600325405859759,0.04138340199062032,0.01099926157977274,0.053260055200621395,0.06007252503102073,0.05453735936535885,0.19322560375732806,0.029809457973823283,0.04459268331679719,0.033601393698909715,0.04472008851129774,0.03799822645725728,0.35234958058280813,0.15361650870652357,0.06957844007102433,0.06588686280391391,0.07616369114403848,0.06287954294626956,0.3170027973928515,0.016551440758203535,0.5165306124435693,0.22251959362157478
AACACGTCACTACAGT-1,0.03668217268690961,0.19662631082449414,0.016218386599255584,0.05093513950663764,0.18483158868263092,0.1442949154757083,0.19350999756017676,0.1266810835259885,0.15940869830926327,-0.0054810135310289455,0.10599828985370581,0.08933757936536639,0.16542515063807756,0.10061066560072189,0.11189793970679142,0.06886665671964326,0.10571282381061119,0.04968063212275627,0.043212132671135245,0.08080832407397275,0.012148513000186495,0.11927879604919088,0.15023620993950526,0.10569429669849202,0.06407990752956104
ACACCGGTCTCCAGGG-1,0.0016333873739494491,0.28513793185088815,0.03532789719771982,0.09286901873610705,0.1759661429818732,0.14801198492469203,0.1730138655232051,0.15159676606410277,0.19017370738188727,0.30112509335177734,0.11720844405094552,0.11325614142205546,0.1298716828309465,0.10325559529253522,0.11618981826883172,0.09375097140669912,0.12728699245659186,0.10954007051557421,0.09544587306979493,0.12916458159675742,0.027171551143291714,0.37786175655711146,0.2682308996068079,0.1853586086540985,0.10790304475056148
ACGGCCAAGGCATGTG-1,0.04766414371718222,0.1763691523085573,0.03624437429356579,0.09881624162939795,0.19758129705781377,0.13963590865419168,0.18688682594761524,0.11294505455395674,0.16281828196850606,0.04465463304333543,0.07754099002248119,0.08540823911558633,0.1796217882377145,0.11397415974798521,0.11776999695820542,0.09685693427115909,0.10176766369850188,0.06161664028085417,0.06481706904394471,0.07610317268067975,0.02072145082117445,0.11850016605818539,0.19657300923157314,0.14395560031696952,0.08089212612680613
ACTGCTCGTCCGTGAC-1,0.07929908348791216,0.24765780991897948,0.04269187052476711,0.10319528070065986,0.16034292047120552,0.12788004225758373,0.1926423736021899,0.17631498044769764,0.16365683466762457,0.21799062436133135,0.1340740611376946,0.13542536052076207,0.1773433905401377,0.12331468557805875,0.15094258091644253,0.10112930643046801,0.10933787664067741,0.11030013955446462,0.08325599499023506,0.1380494176240467,0.02351802668484845,-0.006459252332238251,0.24855434321294048,0.1578396401461639,0.08055753675750865
CAAGTTGAGTGAAGAG-1,0.08086509926499552,0.27916260239301344,0.07472074593646068,0.17159330423544972,0.17139478409454112,0.1054399185957367,0.1862714978884327,0.20452678383967293,0.17715875840810444,0.32884032970766,0.16264086385452728,0.16713494455260253,0.1786635309930038,0.17287693489012243,0.1578140576942621,0.14379470485087248,0.16531276854641055,0.1733510731648077,0.20450901667403873,0.22904213976616541,0.02999555319488322,0.04955995042376116,0.2914407504587199,0.21165634062136768,0.13246156944238588
CAAGTTGTCATCATTC-1,0.4896845634636142,0.07642177781626555,0.0672560395259035,0.10818561754324654,0.07245252882800676,0.025126825639244024,0.044384401515574226,0.022567278018434205,0.08001252861884127,0.13905140240418526,0.012761287705340938,0.00028108393442236523,0.030149311770966154,0.0073587799831808035,0.01777695853425948,0.10316507351550569,0.5087399268089086,0.0364453661771471,-0.006567830684334872,0.005334821761170643,0.5707662550962793,0.18208599550725107,0.20452473253708559,0.14452832364121007,0.1652502595738605
AAAGTAGAGGGTTCCC-1,0.07662301659124686,0.2085289702058011,0.06998696055497998,0.10989891370418346,0.06204044696810267,0.00324499080561202,0.055814237122468704,0.008538323778709528,0.09053765991886081,0.1260490130050051,0.016011771243545445,0.006347114134124462,-0.003828395048334102,0.0033736685358636987,0.0040579564052003044,0.10281118623233401,0.1375058912778053,0.04722481546971292,0.024243551780425435,0.03879439339718565,0.0749267639244098,0.14418025883278224,0.02407431723095027,0.19079096835208498,0.173713245068906
AACCGCGGTTCTGTTT-4,0.1148399417672483,0.45489179288897985,0.07672634568441436,0.1504810452252875,0.11998669941465448,0.06940007570632939,0.09478589456135668,0.0633136015919883,0.11872427915653905,0.2307233434776888,0.05943949342147028,0.04404405143523499,0.07581160852812587,0.04799986674760516,0.05083484323708417,0.13760347907744444,0.1360650669180152,0.011462731039168273,0.03173471456893734,0.07268302714415051,0.06824445677223154,0.36053095459552736,0.30934171250807946,0.25556143002288323,0.1882456177667664
GAGGTGATCTCGAGTA-1,0.16443329831683134,0.2935007619253871,0.35635900360253464,0.3842602668882,0.06576906345319335,0.04412004248759488,0.0531158678924381,0.0617001155881363,0.04587991121449855,0.195244443846183,0.030685381389888224,0.026021778814994026,0.01745796351643598,0.04456898396927822,0.022096505133066314,0.3833525593698048,0.1384177079101466,0.06640058818247624,0.08265319578138368,0.08217794266686632,0.07270532287868794,0.32337521395906216,-0.09067638158410457,0.6172656758170743,0.2279248809116384
AAGGTTCGTAAGGGAA-1,0.05728448516164423,0.16654895700208427,0.04849732190751376,0.10282430557598495,0.1255086877823675,0.07402949722580511,0.10178490319440323,0.19951660361321386,0.0940856711214415,0.3704576473051607,0.21656380139438594,0.21264256884428925,0.19728414849896359,0.21652026973470404,0.19996742246165466,0.09232492547914785,0.09205056285473469,0.4250567245221672,0.2543711541512433,0.4856285348282054,0.022382869943103078,0.1245894550641886,0.19369979935559387,0.13701845341853658,0.09622579252448968
ACACCAACATCACGTA-1,0.06677913679597033,0.14475255944252174,0.05094112921891689,0.12746285984410605,0.07705584806448798,0.021903522432958778,0.07014322814936096,0.20326170221287265,0.08405744892656791,0.32162960239976746,0.1729852828266117,0.18552079979570427,0.14951925897846843,0.18074872137760362,0.1644665756525303,0.11495210151724587,0.0936924115687938,0.22716056988849612,0.26099996001863357,0.26077026520838303,-0.009129128724093565,0.2644619781305771,0.17330584178927327,0.16225350737247404,0.10471269148122976
CACACCTAGCAGACTG-1,0.04914391623275601,0.24969093871883163,0.11004919692210816,0.15059111772158518,0.0877616372913881,0.06727938991135174,0.10374655610204149,0.21335294374829478,0.09856316456829428,0.3163591836100561,0.16882570944536943,0.21006414516294405,0.1639788974834277,0.1955135732209569,0.15143014422352447,0.13982521658011948,0.0683875459298426,0.194329086837732,0.22272235716606048,0.26249666276333017,-0.010362466265019184,0.36680336403533187,0.2645550076145424,0.2384070948764735,0.1386018409761112
AAACGGGAGCGATATA-1,0.4213028861129638,0.18217026230052932,0.036991693452524475,0.07693270086977334,0.09081202228554061,0.06594802493251116,0.0607801211782494,0.017215077503128926,0.10078462871876465,0.12453388438201425,0.02711470413970218,0.0028672479002318997,0.034541527391024,0.0005067291724871638,0.0010436536347320743,0.09718419511812076,0.5025662315403423,0.014916433174401661,-0.012707258484157175,0.00951794370088559,0.5517485956195965,0.1792466087834743,0.11317451671695396,0.14658595045292988,0.13412716743337455
AAATGCCGTGCAGTAG-1,0.42134022864082654,0.18202678652816653,0.08160224924553837,0.1146929103124151,0.07525799460548817,0.04364890373798724,0.04487307582541216,-0.004693685451284495,0.08193423516041097,0.10001902148110613,-0.00402176695425688,-0.009958194172476908,0.009959880632189156,-0.011790721632959186,-0.011342793943268412,0.12620992339132306,0.5125101667904706,0.02029587123162562,0.003254888756191126,0.005987745220676376,0.5643311588632955,0.1599529651112966,0.12484306207766008,0.16353461198989994,0.15130750457708617
AAAGCAAAGATAGCAT-1,0.03179776550982166,0.14237927114457566,0.04380111777116189,0.11599106025346363,0.09769931493952629,0.09215163633682247,0.10304926087403991,0.23844391321329725,0.12848469895484407,0.36828177721307015,0.20219750459326738,0.1954904625915668,0.19216439786047132,0.2014861534181655,0.1753487788479643,0.09659920371029258,0.0740327811438958,0.21702746404657836,0.21522156152882485,0.22861125946183608,0.0016218718185616657,-0.001037838745114096,0.1849052972100037,0.1326335833172807,0.08602118138528489
ACATGGTTCTTCCTTC-1,0.044387028649292455,0.21210441299893693,0.04693408603209419,0.10859167096937472,0.10793205739694499,0.08514849425507247,0.11558292707916346,0.15175273799339195,0.11843460528279516,0.3927898558527316,0.19045354957109434,0.14774091328877037,0.16528654761436917,0.13763145118059655,0.15003677327946108,0.08281857548896124,0.09519042190692076,0.1178330673273272,0.14558303691030655,0.14092060710773047,-0.0012440660696665246,-0.056360373641491546,0.2419877927138408,0.1542765585304055,0.06684877399545854
AAAGATGGTGAGGCTA-1,0.06301753555343695,0.282099618825085,0.05496224412487478,0.11133555620430205,0.14976526991410122,0.08433560222162259,0.16070831974226468,0.16541446972654036,0.12857181053396782,0.3383013475113041,0.1285552945749928,0.13908817492381564,0.17285502484076912,0.1692971178583487,0.17301012923992834,0.10647139268136348,0.11049838086520883,0.10870074105238971,0.10610257572985501,0.15440462044142772,0.002955093769136473,0.41371528911517824,0.29269648906696133,0.20466767864225577,0.1385009870608998
AACGTTGGTTGCGTTA-1,0.03748032168074878,0.16933610756244352,0.012028963412280349,0.08563128507153901,0.19158480914879444,0.11864796533600898,0.15548339016129395,0.1008324438708512,0.14143799788678796,0.1998411390324479,0.08986894654440146,0.07714890043290476,0.13797809817818216,0.11062712636581014,0.10265745301508188,0.07788757445149647,0.12647381608035713,0.04897029746629074,0.0589661579399845,0.06563827579452425,0.05194844569890272,0.28168940358834255,0.18326167426724274,0.10821941313216167,0.05822911037699604
GTCAAGTCAGGACGTA-1,0.04649707895650507,0.1379355417574096,0.04143029786331732,0.08920377844911419,0.09461064042012317,0.0279784999692582,0.09938328754335797,0.19877302314643175,0.054770821761440255,0.1548687169821961,0.18744885133736405,0.18507060631822778,0.13243899574959342,0.19413968290585498,0.17482893701014796,0.07051122411667193,0.061970604941764935,0.41926039649544444,0.24629135577696032,0.2450888004064412,-0.0038684998955597683,0.2470865151636049,0.17728189124532234,0.13250873027972618,0.06333498447807234
TACCTTAGTCATCGGC-3,0.10553294250325718,0.4466160941173508,0.08508079349283491,0.14573274003388914,0.04664385247828548,-0.0016984452864231075,0.030425494393128142,0.03443030490561478,0.044078927737325406,0.19401996753100562,0.019586914211257987,0.006365974288286917,0.020401715166178325,0.016019818948542614,0.01708389509931923,0.13950972294343061,0.131942366846898,0.00349284958281973,0.017646311440297567,0.029111311342661594,0.040427928083261525,0.305299388452047,0.3256784428761717,0.21874245336485557,0.19032668634187536
ACGAGGATCGTACGGC-1,0.052297224737740296,0.05376090198761526,0.04161891464005735,0.0852311994995235,-0.00890672164109204,-0.005130980916587346,0.015005651278357181,0.010968306079170063,0.015873080423618572,0.06267210017912458,0.010610873805200732,0.014828373213228802,0.014347399083668383,0.012978533638838947,0.013418956360260642,0.06459606227258786,0.036002209411922635,0.009516356834845969,0.01023897983620188,0.007134388601786317,0.017083854055005978,0.059367348681529084,0.0656613387418761,0.12737906102071547,0.04315462219238822
ATAACGCAGAATCTCC-1,0.046546385558443086,0.18938987470022717,0.06745310914140332,0.1337630796578013,0.11684252629830594,0.09739393602280069,0.13837422836806976,0.22002231904651173,0.11035031329491038,0.5608986356482019,0.1581263684132906,0.19963053990133736,0.19296426734540098,0.2000612737165556,0.15605354296012172,0.11633952891056266,0.09065348222473057,0.19055854150119503,0.2205803035406436,0.23753826188767815,-0.0013554832912503268,-0.1644904122645124,0.1978171345661124,0.15180093010367474,0.0838394295792522
AAGGAGCTCATGCTCC-1,0.14074562050463355,0.12319130399960593,0.36842420562899036,0.3436092542052439,0.050762428470923444,0.0751822061557781,0.03691160050526991,0.04291550536825018,0.05580369588284683,0.05695097939754093,-0.0005770922081186933,0.019608355727198976,0.019013331009881784,0.017138920214689168,0.0020624927454939946,0.1775366282231065,0.12901171085879073,0.0952070302264027,0.05614389901354208,0.047210235416155245,0.05922701589069874,0.15241536341910444,0.2884819633988122,0.3234435015428399,0.17735634972173706
AGCGTCGCAGAAGCAC-1,0.18106842771037437,0.23370758654953372,0.3158212081602404,0.3551308771221811,0.033884305372650934,0.020526115946959897,0.046015157678643996,0.04356300512018728,0.04956004269013521,0.16715021407218827,0.024197455910038215,0.0451883509416092,0.025322593941196278,0.021623028378353355,0.012760159106854765,0.2018820574980642,0.1592639775267451,0.08063064762726892,0.08434986426055889,0.093822790591675,0.04391660108523024,0.25651332234156415,0.3880615304057329,0.07158078912909639,0.1891179086184943
TCGCGTTGTCGTGGCT-2,0.1471937441248931,0.459379174795036,0.09033904287815868,0.15910851465954257,0.06419199190340887,-0.00021030134901892518,0.04892156896076572,0.03979426339099263,0.08343499594690146,0.2099418097730988,0.008207549972281339,0.008830409983769442,0.014410756615549188,0.004795878716390742,-0.0029083618069848127,0.14575579639507374,0.15763911954431784,0.005484260719913184,0.014727250928254087,0.026699533425317636,0.06106189890440294,0.3530748094088909,0.32253777822886004,0.23603935636572054,0.22942585768446727
AACTTTCAGCCACGTC-1,0.03538219373585527,0.10039754511323601,0.043786509695445876,0.0970091024085082,0.06892083332896089,0.008442677495795223,0.038313775858378855,0.1897806201674392,0.05224744699187433,0.24213091259366482,0.16937685585759488,0.17678828201012822,0.1152521892956855,0.1745314122232471,0.14411911495710972,0.08400450655445679,0.04953152113748592,0.42915179326410197,0.5690225256651974,0.493826760256127,0.00638662820529181,0.19440130194119057,0.13288416918222662,0.11149728588750624,0.08867460887834622
AAGACCTCATCATCCC-1,0.023915501045746856,0.18043613772611022,0.024440437994389844,0.06434891392251514,0.1857388916500052,0.1208663174272948,0.19054923944930913,0.08330173181012034,0.14284130351469743,0.20479801739223397,0.08181117142145179,0.045715152853328056,0.10809380882399394,0.06068157676398095,0.0633660874281543,0.061444011992445584,0.09108490902316879,0.06617150368780345,0.04137236678408546,0.0500493715285844,0.04046311477480173,0.27283529085333785,0.17761319482860505,0.12319043551678631,0.0837316613635978
GTTACAGCAAACGTGG-1,0.14462892641490732,0.21963186458291822,0.33609836936817405,0.33549460304042544,0.038651894506762166,0.027090403856171445,0.049171199074582075,0.03751687799352872,0.034602278348661274,0.16360239257389736,0.020738973930664612,0.015440978324548191,0.03802915086041607,0.0350038798974779,0.02796489845322693,0.3512419072743419,0.14848042955295127,0.07030234907222502,0.059156453255917556,0.07249394305827613,0.06937474181826274,0.28631204690221856,-0.11190328960470002,0.5830916649606336,0.2501356453857226
CGACCTTCATAGACTC-3,0.10253028507419297,0.4713461127964133,0.09167598230028566,0.11938720378054299,0.04278467636728804,-0.0010766003248349253,0.03633207897841186,0.023665582981683874,0.06674279307152843,0.18155082002918865,0.00866850067343952,0.017519687449411653,0.024246366216025977,-0.00404470966646569,0.004533547897393573,0.13654147488622648,0.13523140055213187,0.027150052518382622,-0.007027138275840886,0.02746682208273577,0.04524926964515133,0.3035929813313272,0.30938655983616237,0.2314208725255315,0.17958200012195413
AGGCCGTAGGTCGGAT-1,0.48878747995387894,0.30839068675310843,0.08779571962372029,0.15961295612811455,0.06785103238883416,0.06518328211121346,0.059195912927521806,0.03519897525785697,0.08631019310150732,0.1477165131561005,0.02524358735661029,0.0017878083695611385,0.03346664400701607,0.01963013803309679,0.010174705132882707,0.14322335434612946,0.5399042076493795,0.023261603044628484,0.023495684418918045,0.0412987744535822,0.18986071718446892,0.3817504978053662,0.280173651194305,0.30826992279599436,0.18371356398237218
ACTGATGTCAGTCAGT-1,0.04629326751770457,0.1264549735119315,0.04805445928190935,0.1204717397960567,0.07939212832745181,0.03755887678943302,0.04733687875395008,0.20095112221564349,0.049714181851936955,0.20322019718137482,0.1961976560920609,0.20429912905136613,0.1312680814891757,0.18110638623711128,0.1546727610507408,0.12166482238647412,0.08451007811579846,0.2395599945253692,0.5216716723206535,0.4482289442674367,0.008835112146786304,0.2659462980035083,0.15984091008732004,0.1286590841206209,0.11060879075995195
GGGATGAAGTAGATGT-1,0.042975731362005824,0.043164986050163806,0.0775620208282494,0.0818826734289489,0.12880197815492922,0.22629956556203534,0.13365583678725648,0.05557593526861864,0.06780504281879184,0.049398072741723795,0.0547510366287217,-0.0030050338063825955,0.12859075708706275,0.06001379771896927,0.06080750440500788,0.08269941944972645,0.08988845049347988,0.052888409062742815,-0.0034872856235731546,0.048020115132334056,0.0701405177046754,0.016250859870216385,0.01609807071138147,0.07305734493680001,-0.006828506821222345
AAGGCAGCAAATTGCC-1,0.04627922364866435,0.14027951339565808,0.01142173837704383,0.09892904540163476,0.12027579695718933,0.09206660707036797,0.11422806160708625,0.23222553494175455,0.14393073389371794,0.4071110112331097,0.2287578220140527,0.2450493925760755,0.20516308284178672,0.24999172045708667,0.2085066968946891,0.07488286629670186,0.10398454516444208,0.2081124872535973,0.3864620590553914,0.45758630707207926,0.020697302212680325,0.18133818758604925,0.16783182016892215,0.10158037799295154,0.09991356636272059
CCTCAGTTCTATCGCC-1,0.16105088421906322,0.3041062553055535,0.2899289889463109,0.3482448220915088,0.01490367760328115,0.008835509565713209,0.034012333864804234,0.02970976768271554,0.04308902222586277,0.19176338768493414,0.019574981214954157,0.018246113577359082,0.007872818857144994,0.019964912986902866,0.006385860724943851,0.3709052024701187,0.1421410317215153,0.0453498855194156,0.05352587371443051,0.07666905898819165,0.057021356628901405,0.3496334208255209,0.02839789676155559,0.4910254616797006,0.2505553204129009
CGTCAGGCAGATTGCT-1,0.050067259147203724,0.04817346018944448,0.027852623806806955,0.035901521864403485,0.02555797576510041,0.02535471071997085,0.02758586076507874,0.0373965319645614,0.009283361758071542,0.04373276365092449,0.004237885355104205,0.008219168487023207,0.02604374836246653,0.023990599717165134,0.006899806238373292,0.049654307687780744,0.049518705774022086,0.018919871772380158,0.0038839836090578134,0.000872745978123936,-0.01003183781293695,0.057360958054727886,0.05352782587729915,0.08217259230659861,0.04327188860900815
AAACGGGTCCCTCAGT-1,0.03047185695896878,0.15565964045235567,0.03260583253772169,0.08171087762557824,0.09698161021729738,0.0898930599985055,0.14982895553808717,0.2308990072994704,0.11917159146153244,0.3387492829898327,0.16571302977722438,0.21978038247404333,0.17976800791517966,0.2151014106286817,0.1732391059487202,0.07801538074186101,0.0701385829079149,0.1385033932603828,0.183279564643863,0.23468912707842823,-0.01693555125989603,0.02505878490907051,0.16946283338928078,0.11761756145476358,0.0626190770260912
TACTTACCATTAGCCA-1,-0.008521789130618554,0.022337005145133412,0.2022607499995469,0.10182865167084643,0.15267950913470604,0.1285733269623734,0.1520569294060061,-0.006699789110780376,-0.0056278930492104145,-0.00019244508067833082,0.023028933143109418,-0.005913605883732253,0.1458285833749902,0.02609961386123196,0.026571556339703154,0.14771099861397433,0.10072300601655733,-0.007021819756180895,-0.0068626292116966275,0.018956145375303945,0.1428703578192214,0.01847354531723844,0.09719506126078385,0.143178946549741,0.01754590859368959
AATCGGTAGTCTCAAC-1,0.20932429447603534,-0.05738350775304311,0.05985985867539534,0.10077011479692556,0.06080614158463817,0.029686702050492064,0.04030855895832228,-0.001181966967994903,0.07981677063320068,0.12020438254802246,0.019082759251687627,-0.018562451705315376,0.0032916349791869597,-0.00910648373205651,-0.019418914499959705,0.09290422595458765,0.5199480023132511,0.026557210855240106,0.027672005265371835,0.020295578486984975,0.6730671602874005,0.21342249698660337,0.21781407223266658,0.16179699268940242,0.1830440081309147
CATTATCGTCGCTTTC-1,0.14283621757115367,0.2525492350995036,0.37730795755082785,0.06146055519234031,0.02870000569375421,0.017295675085740314,0.030635958096877053,0.061660430641071955,0.062348856327608476,0.18753120847585308,0.02638805272445004,0.03037666017149368,0.03814528151004819,0.02545833910451304,-0.00014506185278250904,0.10941121711260844,0.17660826670944385,0.07265433396527653,0.059923609555467876,0.07724755201796799,0.06655632967151334,0.2795095770176214,0.4087883518329354,0.07354282804482719,0.2125683212997551
AAGTCTGAGGAGTAGA-1,0.11421656391148968,0.18960735391322864,0.5762621228746736,0.3378082290011153,0.028592562091108418,0.04059006152967208,0.03170258512727538,0.03976679932382984,0.04440832486790594,0.12601491563828893,0.002173461049898099,0.009987330735051751,0.01883196075065245,-0.003168879356681074,-0.002597714432040896,0.37280942177814885,0.09780771987029321,0.06253377825290075,0.03827578810410793,0.053511501963595234,0.025840120055050212,0.2158561923353084,0.3353911068151162,0.4126782229481508,0.22528540766823843
CAGGTGCCACCACCAG-1,0.17551651227521495,0.28131018974307864,0.3420210362345909,0.49506760221874613,0.03732250049716569,0.041429713775314014,0.0657599245819611,0.03972014322509972,0.06942944879447306,0.22859627282684367,0.006529996126287832,0.033979698820152525,0.03237144788119151,0.021060835377562523,0.013512471292353475,0.27085341421784787,0.17369607659706626,0.07618013861700122,0.0646811490022708,0.0862491652335045,0.05748087635512312,0.3314412795908819,0.43170155331688953,-0.05199908894086779,0.20184945074847313
AGCCTAAGTTGTCTTT-1,0.05517282965899205,0.24985172418035942,0.0350201113316295,0.1393766025479989,0.11166402876799535,0.08037138999900027,0.11625366652429132,0.21123780592573843,0.1120745615785061,0.544463754721143,0.22268285199266924,0.19369551248218805,0.16871143889181234,0.1935558436781982,0.1928481811317871,0.12912671234031353,0.11847713669882749,0.20796010100875814,0.247171329880943,0.2744705849386851,0.015772150331068418,-0.20376274086442195,0.24524843147581665,0.17300739446400776,0.12713565855496015
ACATCAGCAGTTCATG-2,-0.008833551790825444,0.1433350416668959,0.1799831953512984,0.1731221540921511,0.19680557560503284,0.23482998090340498,0.1981152599545993,0.0224056413853567,-0.005833784896742478,0.16796350439731134,0.17036702697219608,0.1992015417697668,0.19170190733035175,0.18358575502332214,0.20015439653230072,0.17141871987479812,0.014395034200437697,0.02074824900472508,0.021540501600006954,0.19819271898867796,0.1864056338719936,0.14421953724407907,0.12086311299599475,0.1635095190419298,0.016106959171937003
ATAACGCAGCGGCTTC-1,0.06754746661363492,0.2418731361817902,0.09058046657475412,0.14725432495857532,0.07464164074034693,0.0011637877362139662,0.05972508629166883,0.1822177274773874,0.04354829747306371,0.1425251720824233,0.15541052606405448,0.14894304085693552,0.13400824372619266,0.1538205647761089,0.12102745753378817,0.13724544206242273,0.07515521702209821,0.18007184083245223,0.25287906775343044,0.24380800921082907,-0.0025087055151542677,0.2573390941607226,0.23959480915185596,0.19856920022396168,0.1459695838593443
AACTGGTCAGTAGAGC-1,0.02767973945719484,0.16621342169452777,0.039520452787152265,0.07599400009129628,0.22875766491741412,0.15014388707690196,0.21451480404389436,0.1327725146365277,0.17812661839412294,0.21769019442659754,0.08599834141839385,0.08358180486984355,0.16484237274826571,0.09679249647803591,0.10795046981975713,0.07747645070776123,0.11532037610206129,0.07993278863213012,0.03860965742499052,0.07854851186707222,0.03820956143270796,0.2862937698958101,0.20628494695622948,0.1254218864560327,0.0810610004333833
ACGCCAGCATACTACG-1,0.038404494274933254,0.2259633592851243,0.03828241265691823,0.10924507864199297,0.1972443351904836,0.12155518112360349,0.1720354882241768,0.18155126923171175,0.17887980773953738,0.33985741264245994,0.15499272137061496,0.17547247781342878,0.19247583786979344,0.17172432566982715,0.19220506885414393,0.08893633698207387,0.128870437324494,0.12329819961214955,0.12747561496982202,0.16254688664703953,0.03160104832787908,-0.00731678117167027,0.23344105355950004,0.16729027868655366,0.1208998390187024
AAACGGGTCTGGTATG-1,0.4604481343958504,0.19180492574262506,0.08319092766733287,0.13067695799269,0.053896647647478264,-0.01179579874714207,0.012536303961898036,0.02451941437338454,0.036948491756457,0.13257324632431425,0.023600172219359096,0.022348949276540932,0.030822100085594793,0.018566801501454195,0.019476089810503958,0.1323183419997838,0.2924563491172318,0.011762119306821223,0.014168559403839015,0.04041924624562676,0.18459931632365212,0.1643573118606562,-0.06075832172168787,0.16571611261994484,0.1347500447267362
AACGTTGAGGGAAACA-1,0.07403152418139922,0.18032836134705213,0.05404069271605574,0.12234167172431336,0.13930398527503976,0.09808525930496503,0.09851218004476335,0.19074854871192345,0.13042132647940272,0.5202835892314093,0.23875514301394501,0.19475466398707678,0.14552526692876128,0.18233153437972052,0.18411830092135173,0.09675461955951793,0.13890271783864783,0.1657449435279302,0.21068937124373247,0.24285341969087068,0.016716526258518404,-0.11978006967040362,0.17215559168648217,0.1433966812684462,0.10476564434523573
TCGGTAATCTGGGCCA-1,0.16550820205774633,0.3318775091980347,0.32589227542527405,0.3555042876969406,0.04462494510064927,0.02252719733927489,0.06438751142734037,0.07685476750128113,0.036311012223168626,0.2147172912892752,0.04065238181889228,0.06317644415794724,0.03167130226520778,0.06282235971026486,0.05041262964326555,0.39592947234253156,0.13620916909665728,0.08298745242957492,0.07933114036617658,0.09421645023174123,0.059411404107431974,0.37270394928398703,-0.24119383285457713,0.6505129357894552,0.2558122738087203
AAAGTAGGTGGTTTCA-1,0.09836179092237553,0.14659832625102479,0.04821628853998924,0.12081036886031296,0.0869576755735725,0.07236573643535345,0.11155017738536585,0.19277460188252718,0.08448372257387966,0.4373604829180167,0.1906435569972352,0.20401346941074122,0.15968653868317753,0.20946623702791842,0.1929699334560918,0.11490098178748988,0.06437917494037382,0.41466718271607256,0.4899401033639075,0.42870602485657383,0.01183763298100812,0.16063028325511744,0.14918666819918025,0.12438751544363669,0.09468689664106876
ACACCAATCTTTACAC-1,0.43790154416345917,0.15912657222200824,0.06751941380432162,0.1350236806989742,0.043938203186704626,0.02015525150465979,0.017472348393565967,-0.009268946309353971,0.06049832541939735,0.13661534772102063,0.007992774087613478,-0.0227417093088726,-0.0047037369803469885,-0.006524604061679141,-0.01484232117995185,0.1125273818766079,0.3219317889351018,0.012502375589636192,0.005915379810475728,-0.00028656394639527995,0.6555529642273138,0.24322505215123036,0.2280540579801145,0.18428171844254213,0.17489608334333182
CGTAGCGTCCCAGGTG-1,0.18118611709243854,0.2747044752360903,0.3620681891542405,0.41936515220234494,0.03953494710089461,0.015032795699795952,0.06049570012434265,0.04637896932467016,0.05495939746483932,0.1937342610709968,0.006511535409296949,0.025076879143001347,0.022757311756578847,0.028631755264875648,0.012633459232760958,0.3590304617063239,0.14313999054451823,0.05739706689572263,0.05183668411735441,0.08673500699645502,0.050736553552889085,0.33717377037213747,0.4443272885107063,0.009974391751926999,0.2311515662488455
AACTCAGCATTAGCCA-1,0.03610259950725659,0.1749477274933024,0.06579892620530711,0.13591082547572558,0.0948696162680126,0.08357121188651825,0.09108016689010652,0.19841262675104326,0.0948540091822046,0.3589309667777637,0.1892552437573221,0.16815907352021847,0.1548364156786469,0.1554240973091509,0.14821925769703867,0.12888025845506446,0.09309484576728709,0.45789669786317194,0.5675017304943377,0.49653763744676677,0.017501904409923656,0.16350199546821287,0.20285083305578488,0.16490337216834602,0.09442398809323624
CCGTGGACATCCAACA-3,0.13250418317420695,0.4860472635039039,0.08214809054169445,0.1405499825332948,0.06735102591587785,-0.003415327131100584,0.037251022849073924,0.018105625160563934,0.09219711756943358,0.1828936494237099,-0.0036406091154448854,-0.0029175224704867993,0.0025779441437373783,-0.015449437153490593,-0.014830949987194203,0.12129121888086214,0.1432563129765668,-0.00587257380236309,-0.005338309588280651,0.01357965201028101,0.055884326041852526,0.3003610440177348,0.30501316070828394,0.2099605575010529,0.21111323863265485
AACTCAGTCCTGCTTG-1,0.18595041025394243,0.2449043027031219,0.3489839318716285,0.31975366547326006,0.025107209455377658,0.044360964064797344,0.06272960601698682,0.05871215126534876,0.07644534116405723,0.21070265279542552,0.03840387288126962,0.0453570086935478,0.0428110811346682,0.04810536679340048,0.03216627403895866,-0.17995066966536896,0.16322444569404065,0.088203142999047,0.09241004237483187,0.10476449512494176,0.06917147472259086,0.29442451297203476,0.4024237482848246,0.4497019347613062,0.2045137443579152
AACGTTGGTGTGCCTG-1,0.05538780044367474,0.1518653961366223,0.06387873932319527,0.1375545956555908,0.05865566959195289,0.022640329603320342,0.0523654132272152,0.18902856686139205,0.06529209345981625,0.1171584242570923,0.2128174614646067,0.1989434040227836,0.17218856261395182,0.18408007469356816,0.15645633711633977,0.12141498218554488,0.10462087272530482,0.239786228163997,0.40522716285709076,0.3397619968572902,0.002966063446889537,0.20753374595112703,0.19709744442703026,0.17171954269796486,0.08071627396112155
ACAGCCGGTCCTAGCG-1,0.027475037584245098,0.13711477584939352,0.040551222778308374,0.03727911943617505,0.5652702630346239,0.13481386759402597,0.14023394513752127,0.08855974653740561,0.1575611154938584,0.33048023918002145,0.10560507672904731,0.06398146628832836,0.14428363740113417,0.0872261365314463,0.08912463266910055,0.04733292324258073,0.09398659587016849,0.07190143733803368,0.04883038805377531,0.07157511333906624,0.039228252245499196,0.1931456483153441,0.16176897269815263,0.10659731070573901,0.06385690979772186
TGAGCCGGTGGCCCTA-1,0.07681216351292923,0.27006695364124833,0.08792789137267083,0.1617430503327359,0.1533624278296971,0.11314562774700977,0.180320726409999,0.26487240731593154,0.16234832873515206,0.38704673687850294,0.2257643821097464,0.2092761409135964,0.20064650308323653,0.2243022232963551,0.19543932536283037,0.1397843486154369,0.14676005456162308,0.19903282710531,0.20414002348648316,0.2539653116872258,0.02498207483380181,0.4400090280630002,0.2916909843644106,0.22916386755861928,0.1430174542017658
CCGTACTGTGTGTGCC-1,0.053931377687936315,0.2389841932844117,0.056933660520009165,0.1335510676591774,0.19631762836464137,0.12465024231825868,0.19562731548728277,0.23446903116670015,0.17758214049206852,0.31203568676458987,0.1819223106069257,0.18552565814728084,0.21323615547486255,0.19522236866831857,0.18241730346544865,0.13348314809978332,0.12277873565047064,0.15475667885500383,0.16350294976346103,0.1981031495454058,0.034223684763540665,0.07432449971855991,0.2543277005012041,0.17733698791272706,0.13745641062304775
GTGCATATCTTGCATT-1,-0.005672660344157225,0.008539266600798805,0.024791605874529412,0.17161086485179172,0.13734748721548826,0.134479008172656,0.13576110880896777,0.040836341051082255,-0.003746293792545031,0.033790160096009804,0.040001180372031035,0.12684062221743142,0.09986445842021734,0.18239139679873378,0.12511035947208254,0.22177838012136036,0.030254267382021582,0.03887344204261454,0.03983013520315582,0.1347950031402054,0.13314399068836502,0.025423633335699556,0.024799437016813333,0.11556147041793348,0.0138530558304956
AAACGGGTCCGAATGT-1,0.0636272449221607,0.19691886899807953,0.041621160973414284,0.13159290679808452,0.11437945858031005,0.10825409552470078,0.1615056807498996,0.22707015679566286,0.14542571779994398,0.2990116264016721,0.251181749739054,0.2418249457834345,0.20711434849046578,0.22553454107017878,0.20932002740851924,0.1252005523795789,0.09280320289074426,0.18045722457266597,0.21125466455418715,0.3841014780710535,0.03324282110892482,0.0685320970795415,0.20142681388487943,0.167471363117173,0.0771225598016951
GGCCGATAGTTCGCGC-1,0.059629251922360745,0.2594813505414184,0.04342852283751946,0.11247902941077523,0.18992048095363762,0.12132081218649426,0.20666654104812504,0.13300672417290468,0.19616181635172592,0.30753559149259024,0.11580055958106962,0.08650683358555422,0.15699550442563812,0.10730329896518905,0.1027967941335463,0.12816320951851554,0.1532078828517822,0.06301795326611899,0.08164307095602728,0.10919729640718154,0.030546399566805812,0.4112363690081176,0.2636776062035485,0.19583979591439407,0.10406760040441065
ACGCCAGTCCCAACGG-1,0.047525350464231876,0.17062607546628325,0.05188799388579599,0.06166448687759679,0.22856309461709307,0.14116865439195647,0.17232249464432772,0.10513742436787572,0.20166068754967442,0.20705006793687292,0.10212321690731956,0.06922292570321903,0.14405200219365316,0.07300392771617238,0.08594256156957596,0.0818962145544258,0.14688266275955578,0.0594002866671977,0.03263596382502327,0.06036494212622092,0.06557290679765297,0.28593871680081,0.18493701127367138,0.14898785944340856,0.05213712156710641
ATCATGGAGACAATAC-1,0.08490787693991489,0.24540919540729206,0.08617554135846206,0.16127020944384635,0.10873078118081309,0.07236540014733733,0.12435687608440711,0.22330936799621642,0.1319054632593719,0.4800070376715782,0.1994760798293898,0.1991615524803832,0.16313362256918515,0.2016528852549326,0.17186152597079488,0.14101938956410454,0.09523254608702768,0.21245733738254505,0.2594465452703638,0.27124899294675414,0.025500904798166493,-0.10760333887218414,0.2734325180132261,0.20810377059956445,0.14187763747391988
AAAGCAAAGCCGCCTA-1,0.0937698426752181,0.18557042280044383,0.04666699977574481,0.1318796280328628,0.12288077922300439,0.09632263798521287,0.16102237874184241,0.26831902698950655,0.19940547391302094,0.26366193248121317,0.24595613638081393,0.27821520461872606,0.2505991130868684,0.2688799647128368,0.23236560311182614,0.11066040133852613,0.07803003283663701,0.18999657029412578,0.2788221074559511,0.3670528517773143,0.0027841853378064996,0.0795899287818224,0.17853019454866467,0.13749924826633445,0.12900311126165404
AACGTTGCATGCCTAA-1,0.06501155126476835,0.15545281957429918,0.048015278832813674,0.09813731807285975,0.10829321425950436,0.10121651471261187,0.11346546787305803,0.19050681616791437,0.10873075567808639,0.3126899071829491,0.2123443283948155,0.20271933883880766,0.16885355110247494,0.1798064501617484,0.18166327761372733,0.08761579230408091,0.07833487262899258,0.17065199643726078,0.20988656264113217,0.19444111897143168,-0.011104928316000866,0.3087912246347113,0.16442849559982212,0.13830016748482368,0.10823165227581276
ACTTGTTGTATAATGG-1,0.07981716393246159,0.15769955101022062,0.09266673277670859,0.17276437694507035,0.05641042066895188,0.03112953284266659,0.10585421239170217,0.17243925153253653,0.0530925360841135,0.32276000605580496,0.1619194180225441,0.1758124725102487,0.13159349253829236,0.17886279601880992,0.14573696222590202,0.14356780984605855,0.07404627330925412,0.20934583751368432,0.244044095024899,0.2411243563378042,-0.012647993734425048,0.2513083520279428,0.20028369366927948,0.1735254392042169,0.09324669925169064
GGGACCTGTCTCATCC-1,0.15028409333644777,0.30587368975155266,0.33088323816850906,0.379913528538582,0.040601156956185935,0.02468660701879983,0.05331504072565144,0.04512255563456227,0.03689478779256463,0.18412779098457532,0.007810251251759911,0.019279386907713636,0.0018544284159824267,0.021259408856607397,0.006691367038827633,0.37767213297624536,0.15507880712987548,0.05479497730956256,0.05531065915831542,0.05516626759413392,0.06205800161420936,0.3258476347263978,0.4415074504602093,0.49281308911196614,0.26883682903251016
CAACCAACACTCTGTC-1,0.13377274359799715,0.24599930416612928,0.2688454910166604,0.11116871261196963,0.0866102032052847,0.06312109547087176,0.07147149732259717,0.1383556798710259,0.10536812040788777,0.29730961754366203,0.11355957292729811,0.14318999219989445,0.10341381622533405,0.13089736139446223,0.09949256538076912,0.08119873016585988,0.14675867394353098,0.1671235149207626,0.17986549845613609,0.20471047826893016,0.03186752528604891,0.13432703183705139,0.14850657828556002,0.39117694877312487,0.18477088713519318
ACATGGTTCCAAGCCG-1,0.0906730160761787,0.05425101351367814,0.2417371582208268,0.13396480390646928,-0.011035214073258913,-0.006357162051536319,-0.010693443834229136,-0.012310168847446002,-0.01034067081002171,0.060196499091811725,0.003955823337302157,-0.010865638562989766,0.007420134365053409,0.0061704576241942205,-0.011366974017863359,0.16054796775077357,0.037081035506840124,0.003023132302037093,0.019738706246010526,0.015244091953538028,0.010966316313190434,0.07653005756701663,0.12442669375116829,0.11593051873064013,0.06939282026929117
TTATGCTCAGTTAACC-1,0.06029371032686666,0.2086791594694672,0.09090329103591112,0.14985898502617928,0.09175095695930764,0.10114277743423279,0.12900816471722065,0.18573440196520197,0.09359657556915871,0.22304551548405172,0.1665499529231531,0.1727002639138781,0.17296348920984353,0.19561783485956102,0.18091194123823967,0.1319485102160301,0.10840000335713257,0.1779717593767896,0.2087522721610212,0.24181155551099082,0.03768178183247603,0.18813500764918953,0.24774039000509682,0.2008692010074643,0.10769554564316149
ACACCAAGTACAGTGG-1,0.02268118138681258,0.18593912254978964,0.011142892895120254,0.06158759717479048,0.22545583932918384,0.1565200573773701,0.21156237937431527,0.129562243325768,0.1409017309538664,0.218846994226118,0.11772432281699279,0.11926013224346076,0.1281022653218588,0.12928075106581396,0.11256774075488318,0.058295543565023845,0.08328590295828006,0.11993550443350869,0.07711700567535847,0.13111059149085116,0.04039330975230546,0.3007608026538679,0.16845668676477626,0.12291177532685592,0.05356916341044439
TTTCCTCAGGAACTGC-1,0.04630449674661088,0.22468212688395992,0.07089294072032366,0.13284086183288477,0.10225251696387798,0.04562958492389268,0.07201935920343418,0.18299256842808112,0.13028055082220358,0.395438231644179,0.19715845870758675,0.15407409735877062,0.14904464061297729,0.16480238210987208,0.15204301380444274,0.10546060373279242,0.10992100190107408,0.21864374159419778,0.23449525719309186,0.2364235151263549,0.023132849474219324,-0.04922881305436009,0.26219181179493484,0.19059100540862464,0.11725961157200372
ACGAGCCAGACCACGA-1,0.03339528933692945,0.16709761229105094,0.0433203015570412,0.08117465804572789,0.23215971115895637,0.16398737202476235,0.20035945226277585,0.1569712552087338,0.15097013054529637,0.2260771990648323,0.12858087379734953,0.10148910821213529,0.1809090356387844,0.1332461740775608,0.10615674751987328,0.07310543016691513,0.12425290061817643,0.1037397168185249,0.08176055009610055,0.11540557809432625,0.035772091295003146,0.28691573927120534,0.18766388787241248,0.12893967759247132,0.06571146544863604
ACACCCTTCAGTTGAC-1,0.02384278123936516,0.17519818894163985,0.08095105851354782,0.09496051737543847,0.19585425092055977,0.12824322434534183,0.1825948826686972,0.13370270449600113,0.14132949943267487,0.23379217303300853,0.07719626611452365,0.07761977473833473,0.15711150069089824,0.1224505989681997,0.10708287789951948,0.09631156086162856,0.0999079227145632,0.06408027260466347,0.051597191705216656,0.07724345442831018,0.028014487546402487,0.28580848884655236,0.21222817421232354,0.13717265263072828,0.06354555639184742
TCCACACCATGGTAGG-1,0.08405714919440894,0.28437323164339,0.049897025126503784,0.13149560624841164,0.1743653014925743,0.10605161429414207,0.17464732684975093,0.17493967106050673,0.19358699086880915,0.3554803516952505,0.12595380347536506,0.14108266762190608,0.16818669209035875,0.15660660887281302,0.15220977678866598,0.12308247080537466,0.12910741441595167,0.08855986423172298,0.08346255306333407,0.13953736774224038,0.02171121158282069,0.4425066401719471,0.257963582916867,0.18651327601325435,0.1204517303031639
AACGTTGGTTTACTCT-1,0.031179939221073216,0.15452264513103822,0.048371935227497435,0.10959161863517172,0.06907932330510588,0.05777294743669465,0.09110253673115835,0.1756503145636052,0.08528140643583729,0.3266521744948382,0.19181603855132712,0.20512648733447916,0.15893448648070396,0.2197918787733894,0.1747487075116553,0.09843756629862266,0.10673144905545022,0.1995695987887605,0.26610259394030783,0.27478198860930547,0.0020725078837324946,0.25800435654722864,0.16388307001576624,0.11768845392618692,0.05875526384120498
AACTGGTCATGCTGGC-1,0.13790169685188053,0.28464757628720744,0.1477585574401446,0.1912472216133919,0.08826081354641085,0.04652191809555316,0.08579995159589542,0.14133791082864913,0.10361945646945656,0.2853617604942332,0.11236085436967995,0.14021601952273657,0.12423390942268686,0.13140942367928107,0.10731519340929463,0.19381880130240609,0.1769185122749633,0.12638212120715614,0.15778135525486903,0.1705850849299148,0.09330116159296303,0.06281898988816983,-0.0045369482348382026,0.2570482203908789,0.6499339812683028
AACTGGTGTCTCCCTA-1,0.05114628214075563,0.1741081902831659,0.037064937495118654,0.12606808897436494,0.06403000274821435,0.07932341230116959,0.07779981513360795,0.23490592438889712,0.10259281686225193,0.3024074284983506,0.22244021062915884,0.25959187007544177,0.19181560755007654,0.2531587332019775,0.21521185009163235,0.105425232514901,0.051092893531205726,0.2214733519219836,0.3900382438180723,0.42319532385708825,-0.007575517630168878,0.245780723685652,0.18010370338856355,0.16681971696383288,0.09027300435387509
ACTTACTTCTTCGAGA-1,0.038786378698809985,0.1670162640745812,0.04132528770297418,0.063841266887954,0.20726928304543502,0.13683561848293194,0.16500829421947316,0.07628476862687233,0.13971594051602362,0.050948013022318724,0.08410122100003743,0.03481424458074365,0.11114238221784893,0.05771518007989543,0.050581913419470464,0.06161323498374279,0.15181764833634012,0.05321720016402558,0.031083075537183417,0.060707872281084034,0.04253960447958859,0.13296112634933888,0.1833134751840753,0.10035642650581351,0.04881923858555424
ACCGTAATCTACTCAT-1,0.041319883482323974,0.1584146388808916,0.03941588390950148,0.0978445008189882,0.13133716506423146,0.10712026826417573,0.11920043947530731,0.19452511960277966,0.13207256724206465,0.300139275121596,0.1756203880006155,0.17741220684562278,0.15506171910738525,0.16499319418785452,0.17876286765961927,0.058120260526765034,0.06932601069472692,0.13437538399882543,0.15427164062239979,0.1504311101710409,-0.010183423965367032,0.07664366308487316,0.16671543141699102,0.11866499464415772,0.06980824651233151
ACAGCTACAGACGCCT-1,0.04815955577623678,0.15707939076057945,0.03935479875895113,0.08539738908148588,0.20709312589415363,0.1328219702302183,0.1610432411407761,0.11519384263276555,0.18892049573408473,0.09777054723441228,0.14012322551576384,0.08431806694416509,0.12402857766323103,0.08664000681335246,0.08838037437567947,0.06890340638059282,0.13639122098607181,0.10021274627586313,0.09276262798891861,0.10337215198998283,0.048682869710024536,0.11723683263981353,0.17333597658386066,0.113717989718555,0.08208950032394804
AACTCAGGTAATTGGA-1,0.058448449225794175,0.23904776993445154,0.07412221952070583,0.12468491442310776,0.058101072271826516,0.033795579415248966,0.088644083700584,0.1895225393207861,0.10151459165685582,0.471399587989516,0.17760124043726352,0.19574334962560702,0.13154826475665354,0.19672923008691423,0.1631687785808112,0.11873630157837162,0.0850750002624053,0.1864571166927952,0.242799182106028,0.2750375519524768,0.007133161102863874,-0.126446781237175,0.23691606345107646,0.17465468028169973,0.12333317550491428
AGGCCGTCAGTGGAGT-1,0.07849466690012569,0.27867819689779016,0.05312537980192394,0.12860391900420431,0.1460910126583456,0.08818491846971713,0.1769634445815651,0.1480175158521765,0.15517854982629997,0.32912462371076173,0.10730022303999148,0.11195315474981163,0.139601533492407,0.11488680856564792,0.1249239524951314,0.13509787200955642,0.12219954601694559,0.08165609576569707,0.07558175221194514,0.120070497360705,0.04380487739566309,0.42332740301586363,0.24962915495489693,0.18376168708515883,0.10986722892509546
AGAGCTTGTGGTCCGT-1,0.04499215842806418,0.1621909958192368,0.051390343415359724,0.10520223843425583,0.18668221665325713,0.1498599107919808,0.2164904046999606,0.16368729205764487,0.18955830523817338,0.13938102994214044,0.13180983706680074,0.09794449484412843,0.1421339549982247,0.1119859848561562,0.11528693650061055,0.08241842883700148,0.1252293130505834,0.08539429242215887,0.07749361063284121,0.10220631518588501,0.032547543295487424,-0.012946817841537006,0.1695212303471204,0.10683563386096931,0.044959464104762516
AACTCAGGTTCCACAA-1,0.057566500172134286,0.20190570529272253,0.06292519743912021,0.15755928154087112,0.11651732196616497,0.08550638430598018,0.10451277732938652,0.21386161091392802,0.0888528933868464,0.48776531211477625,0.18557131604148328,0.23927273960119752,0.1489749905392092,0.21430770176706931,0.19822780699807133,0.1546718022498628,0.08282352455455132,0.18288990927149712,0.22306606275305427,0.24907486185536104,0.007839831862360333,-0.1302069672946281,0.24232421971674326,0.19980552978024718,0.10686804647488389
ACGAGCCAGATGCCAG-1,0.020074634978848697,0.17387007532924795,0.06094665984651245,0.06851713286343243,0.17052195911151327,0.14059782560259126,0.2074084173711261,0.10433402252051184,0.16252005132055244,0.07401353819611657,0.12834796580871724,0.09497422943436487,0.15085844444171215,0.10482343542218006,0.10777456734374205,0.07936748608084725,0.11439519263364582,0.10337411364811609,0.06622087368794749,0.09840162537836705,0.011586315931974853,0.08965829708427486,0.20174077787722233,0.13653944810276603,0.07392158357174758
CATATGGCACCCATGG-1,0.013273481664934932,0.1491630554149691,-0.03269118176555779,0.12121793980483396,0.025141111361845183,0.006307375681723534,0.026428162836168397,-0.00718181801849261,-0.006032802382082862,0.025026063834028195,0.0205846666591879,0.025350291450913727,0.13404091562884787,0.023523558856638035,0.023976689018476525,0.15889636997561096,0.035611111124922976,-0.007527017763350679,-0.007356373956232756,0.016662923710931185,0.029071148539543578,0.0149119291011037,0.11760682128215715,0.1207708187534813,-0.00021315154188196177
AAAGTAGTCTGCAGTA-1,0.011609575010717455,0.1750034031453371,0.06879748428757387,0.10051989649018628,0.03717391033110978,0.020931292767621353,0.10030927660711146,0.19445678502908353,0.08360523229499398,0.36763885315728045,0.18296311692966435,0.21729306605179016,0.15961746535886573,0.19172274955977167,0.1551674036699321,0.08836871802894102,0.05932335706171404,0.2193506148497246,0.4337503392122417,0.44247954576313153,-0.009106650069131611,0.2446974083541424,0.17865802770088896,0.1526305077242482,0.09172559686642702
CACAGGCAGGTACTCT-1,0.43673207746680365,0.143302923986382,0.06876526246417027,0.0850478352619994,0.06233473655311525,0.04341446708114331,0.0760021904398344,0.022625637318205653,0.05832043199617336,0.11653870261167573,0.013357217773875073,-0.009980917009194859,0.02001209722291413,-0.0020901915215186645,-0.011374934194142731,0.10571832387963238,0.42335030234415494,0.03815291145236423,0.012708157781528739,0.022457759560078856,0.5638655728703863,0.16770288497406946,0.22870883922567375,0.1165305665838024,0.11858270263005397
ACCGTAACACGTCAGC-1,0.05489440449140014,0.15866589383251484,0.06257017339833822,0.1006378889900998,0.10515258660480234,0.08955496918959228,0.15908040720139216,0.16047969911705523,0.14347881391267783,0.3992525199893072,0.16684860186077216,0.14796312861043218,0.1459861626174422,0.14796873359799556,0.16980905472150584,0.08527156208787733,0.08160707565664349,0.13449198791312783,0.1643664767013925,0.18172449893011275,0.010514937045474872,-0.02496602216073249,0.15457725705588832,0.13838854326549724,0.08798169767453588
TCTATTGTCTACGAGT-1,0.03571944143315959,0.2543630866767074,0.034954099477583066,0.10237424256317297,0.19827020792449396,0.10956168312729135,0.17498705650861873,0.17750457869040798,0.14995421616952306,0.3263101620497093,0.15816629843296395,0.13694222087970506,0.18552667731453926,0.16398787074256455,0.16089899848542472,0.08861114214534824,0.10048311585120688,0.11055864671966656,0.11907096895299336,0.1440442800368877,0.020648206275401763,0.379528867198173,0.2470367816843543,0.14792695419962756,0.09650016963136641
ACTGAACAGTTCGATC-1,0.3817042395659061,0.1878904530685273,0.05783923150713144,0.12445906113967611,0.09815588670299191,0.045012118393044094,0.06767455946424909,0.02416200581704288,0.1395436650762222,0.12378099659641945,0.02393186458265369,-0.009190764423472575,0.04276391750618417,-0.0012523869262186487,-0.010595469038527951,0.09894108783179108,0.4401469468403431,0.03042505093010595,-0.014422922065598944,0.015378721839528401,0.5893749766870544,0.16378878438402444,0.20822756698002415,0.1443074719885363,0.13829898160637397
ACTGTCCGTGGTAACG-1,0.09874679356389438,0.17136864871696356,0.07732993070849027,0.1554294904797584,0.060211586792314385,0.024299977469553872,0.03133203164978067,0.0037467610412334376,0.05561109458659202,0.11392250243796807,-0.006323758899506526,-0.010421034960324208,0.00912446637377695,-0.013189099520503353,-0.022199675326909637,0.14900186122278203,0.23023744968175955,-0.007065579228597325,-0.006292986800068181,0.0057405500872355865,0.152647315282207,0.24003613191602144,0.22297138928489482,0.17262114593848785,0.14817286146079356
CATTATCCATGTCTCC-1,0.04914751313036744,0.22545554187608338,0.06454427401583354,0.15466191423754708,0.10429752852734658,0.050806647054089854,0.09455375594808682,0.18805869544007678,0.10105722282041982,0.3602645229681447,0.16790414881189378,0.18077213660654973,0.1410436894218599,0.1726747601714833,0.14385859269178133,0.13758751152588217,0.10249104246273492,0.19785779097804004,0.2410250696360895,0.2539223979407539,0.027163969487531678,0.03917416877711878,0.22494844669151076,0.17703336195408592,0.13245478946550157
CATATGGTCGGCCGAT-1,0.046085746360913525,0.23391832233250992,0.04635076262407166,0.08809512016761878,0.1802433683096712,0.11905063272112726,0.1993855292749869,0.18470675429916403,0.15799182888693658,0.2869286387634703,0.13111075669948394,0.1374713003840595,0.1924154273494687,0.13624160112158312,0.1476207122025253,0.11438325616710542,0.13818262490124608,0.06854649492215491,0.08775317717290174,0.12462627218167938,0.029928916922550716,0.3944679813361038,0.24354976103229825,0.17985631013678208,0.10367169063904098
AGTGGGAAGACTTGAA-2,0.09742515267712729,0.32056271611473913,0.07771298201273245,0.14748990794551714,0.17638765449490873,0.11727780398367695,0.19417400755214506,0.1633179589212017,0.18618030376574796,0.3591773047222271,0.13270161485251833,0.11003086682224593,0.15334438059845631,0.1263701060427468,0.13783968699827628,0.1508946627769546,0.18004689839569693,0.09189170384082024,0.07619150200296576,0.11360529907531236,0.07098762036994102,0.43666039045353255,0.2821442913102238,0.2289876384748271,0.12804138347049726
AGAGCTTGTACCGTTA-1,0.17062840177993377,0.27558422398412397,0.3377528935382461,0.1713517480314168,0.04741079225772777,0.040993273571240295,0.06771183823835547,0.06563502067058313,0.06129672000543309,0.2197742264747208,0.04029393101568043,0.05626631383283921,0.038581738524891177,0.04262321000435085,0.019695692821845297,-0.03170681624962854,0.15049837184921855,0.0899431438120864,0.07877428532836683,0.11548778433832314,0.039237140461630654,0.3189897595223177,0.4013208634953653,0.4420003817668591,0.22803531694769047
GTCTTCGGTCGGCTCA-1,0.04238581996584335,0.12814183899170473,0.05321904751432243,0.09480917204203508,0.1245814590649008,0.08902176662366983,0.12967070132838712,0.1962819717788525,0.09222028793384092,0.44580167616778904,0.21284883013073158,0.1808286247222343,0.16646816913721976,0.1950022717175729,0.1695593086640384,0.07958526040090583,0.1027284076201998,0.3886443402971925,0.29542410901951816,0.40615736804116015,0.021482129124042064,0.22763420989389804,0.16967806200197516,0.13816096253226726,0.06020894420368218
ACGTCAATCAACACGT-1,0.04087507766971239,0.172804411803911,0.0008540424696082162,0.0586183454619408,0.19963650906580732,0.1433432729860078,0.1739078658278508,0.08671106093404354,0.14559016194291985,0.19829797523300582,0.08498136354982427,0.06995596771034285,0.13448571785380364,0.0638752304163456,0.07574459028400396,0.05028061754526447,0.11795496034912958,0.05152849294091429,0.04365406673818028,0.06946250961906113,0.054433208017553816,0.2576061011517014,0.15653445799220117,0.09416168031581383,0.08973293609356317
ACATACGTCGCGATCG-1,0.09226558775606186,0.15241779760835403,0.43750624216137135,0.24184547370366258,0.07952481721818215,0.11068495923806956,0.10445391980792922,0.16948934277788133,0.11988355019548967,0.2820007749596668,0.17516808297417272,0.18666465665406812,0.1528920014418777,0.18201268283902605,0.1673896814356408,0.2635620331626358,0.10613879257648609,0.17819294473852107,0.20737763114816282,0.21435809042638077,0.0361035640179281,0.22309748795647136,0.2053652374704453,0.3213550115233093,0.1245193927686786
ACTTGTTAGGGCTCTC-1,0.07496412342598156,0.14949768297302393,0.049391798403013956,0.08728454980835808,0.12123413441627046,0.10522346942085248,0.14713138248822252,0.18369310006648104,0.1305581449128863,0.2969697549015201,0.1976587276549159,0.17512944212731082,0.19876803681282243,0.1808149472941042,0.19322166652964853,0.10555336000372789,0.0871669219013152,0.12372977562220348,0.14465170379035214,0.1556952952699289,0.021389580671883575,-0.0012162636271373082,0.18555249431218404,0.11468688215770734,0.06813969850633414
ACTGCTCAGCCCAATT-1,0.056070494472772806,0.13493623532459867,0.012164693563011409,0.05418682084631229,0.13488534962007379,0.1532717362651924,0.17622492040622773,0.1465626249305016,0.1936071376180589,0.13056294134633792,0.11484001983269954,0.08930619128680922,0.15844906656999103,0.11567805492034151,0.12985726746861972,0.04462093576452406,0.09776748514219506,0.0681284430199403,0.040072029106672756,0.050513740011854914,0.03490417972168628,0.03733596457362225,0.16176399925232557,0.08925691074446238,0.037835749800889634
AAGACCTGTTGGTGGA-1,0.054621027611400925,0.17629029742132551,0.057404723976588405,0.11416956844859599,0.0812409438188493,0.09594032672398964,0.13701196086158968,0.22551043741004867,0.11063544575113902,0.3251771813231476,0.15024912461658024,0.2207419509285406,0.17523709725219072,0.19627600239539153,0.1696554389680487,0.11232679577520653,0.09642843944256946,0.12345276272051268,0.18282262267013077,0.20825737295616512,0.0023047792389443472,0.03928697017619003,0.19109770795533543,0.17070464348648312,0.10392598831065297
TACCTTACAGCTTAAC-2,0.13255649639030156,0.4537078662664596,0.10248105159253737,0.14523472250696315,0.04386246087067865,0.004401019260959895,0.024258140573909855,0.025346805506437982,0.06690210398448923,0.18818299300243144,-0.012823238318618799,-0.005409854557507811,0.015104864786034696,-0.015381259712330096,-0.02078882906191783,0.14782308147589504,0.15115606898212489,0.021327467329557495,0.00496318012600008,0.017697073329173474,0.076328290380206,0.32955283855078893,0.32455587991060414,0.2303862952905588,0.22157208283733226
TCTGAGAAGAGACGAA-3,0.17038254054128177,0.45305430328254315,0.1203419283680255,0.20817315243075724,0.06251638710876262,0.0150148092603901,0.08002595719139385,0.06173886367491655,0.10440367991145517,0.23589740885075988,-0.005814463530187374,0.009431153636364613,0.04089888252702421,0.020127237828344784,0.014005505028006607,0.1871772000330694,0.20157299089079272,0.06246665802302536,0.03515042611050191,0.06048013541694075,0.10017234353419638,0.34008005179725825,0.32208849090291797,0.2452066793475778,0.2232419108252275
AGTGGGAGTTTACTCT-1,0.10103356984410661,0.214249696645302,0.0917166298083316,0.14671777542228073,0.07810606974910386,0.019141241080284716,0.044011723236220684,0.030270336455073703,0.09539197070084027,0.16124882794618312,0.014596080346614925,-0.004990449304460757,0.012434983064536083,0.001169097634837253,0.0019093272108347912,0.14946462979360223,0.268629362843181,0.034184349262803226,0.004612655143526551,0.01265397525075858,0.1711505284212135,0.2420753450497908,0.20926073883243632,0.19317142897246148,0.18625622150967389
ACACTGAAGTGGAGAA-1,0.03837221852415799,0.1673405106197322,0.029042991061833254,0.061605084050605004,0.14576739578484454,0.08602832865691352,0.1512275820525444,0.08351601816867228,0.13832818358614984,0.0019177767332611848,0.09758056763206037,0.05311017261525755,0.0993872196488823,0.06434251848861705,0.0761125723875671,0.06342437997974588,0.09601194459392545,0.06911433114767392,0.053874100112432724,0.07180291746693025,0.020368263664861327,0.21264180507094738,0.16643627453393584,0.11134126442301732,0.07620023582442016
CGCGTTTAGTCGAGTG-1,0.026168111736566982,0.1729119166393441,0.14239770413341105,0.0517317160131446,0.018552720805388754,0.04103126321651537,0.019699824318750708,-0.008665009663254937,-0.0072786989036276424,0.11665583171720324,0.014444825382905585,-0.007648218664789099,0.01857382756760157,0.017096988708225378,0.01751000384411967,0.1449022298600039,0.02641703699922784,0.013087047198194646,-0.008875614956149056,0.03133112506531106,0.05096028258250823,0.09572317527728118,0.11333993034555224,0.1037401944235419,0.01869879930522409
AATCCAGCAGCCTTGG-1,0.044344437365904106,0.15122483147722654,0.04025702498431697,0.09773903139342899,0.1221618987771157,0.1033458914347686,0.1570311315525563,0.26642973940405634,0.14333845727092054,0.336894689992307,0.20231658826754542,0.21866833542204847,0.21417634142757475,0.2029415932014491,0.20761224690581948,0.08703022383549344,0.0858004070592323,0.15098958272824384,0.1902682334736443,0.2440798780341303,0.0006634078645707726,-0.016651156585817763,0.1360979095559528,0.1102860268890286,0.07368869194632388
CCACCTATCCGTTGCT-1,0.21027082888557916,0.012403005405069433,0.226659583663161,0.20784713791657886,0.007342326239790664,-0.0063570218891681575,0.17881450829544598,0.21200104013044477,0.009397299349798991,0.22218475891415146,0.004386066958611593,0.008369376149369239,0.1835069551109545,0.006634519418069901,0.00704906160816026,0.24186348864967622,0.22902199248598906,0.2067188643616915,0.004032056804206475,0.015773869463748626,0.010361805085258661,0.09825851178484163,0.2386083555257266,0.2376447718689138,0.21535875763664694
CTTTGCGCAAGCGTAG-1,0.032014952652017974,0.11184713895368797,0.10837318996934642,0.0976743072754504,0.022911940621188738,0.20747224017695537,0.16672864024493453,-0.007634174785746426,-0.006412786806084308,0.10447786648694792,0.01851822274548262,-0.006738346563444597,0.022935802080993304,0.021352992953218897,0.021791394167572455,0.1279808001232257,0.011471724739726675,0.01742957321646166,0.018180066526134915,0.03819339920119542,0.026689649645301575,0.09840708285557713,0.10813230890491393,0.13997222115920196,0.011345604878475066
CGGACGTTCTATCCTA-1,0.17232038844432174,0.24915351878393252,0.35500784135552027,0.22568990037312844,0.03127636193588716,0.042605535098489127,0.04208997721867891,0.04536542422593466,0.06255166079083359,0.20866138382630392,0.012358611162129803,0.015707703658107783,0.022651869982830766,0.026803457122458893,0.002891208865582868,-0.05590718363996482,0.17977422527644324,0.05597543864853876,0.0647830820981536,0.07906128925758187,0.07555503834513329,0.31043624403013925,0.41047363461298453,0.43648887591643937,0.2146204806361765
GAATGAAGTTGTGGAG-1,0.05004985624145291,0.19204225746349088,0.04701376501245951,0.09248419964523383,0.13775124457891214,0.1179414434057181,0.17810140327933566,0.15375089234964834,0.12460931350476709,0.17260775175943752,0.109282509548367,0.10634322095560099,0.13718709844241284,0.12049260950490148,0.11694662311466351,0.09318330990074139,0.08429480539998435,0.12209214360389249,0.10532506993862847,0.12555551097649886,0.0016476253210996115,0.0894981255008826,0.24054874623322234,0.1620211415896332,0.11792869103548072
TTAGGACTCCTAGTGA-1,0.07138729433767195,0.19966796330609982,0.08946862082100708,0.13592128436670967,0.0020557075584728335,-0.016916173948956406,0.028010167053348436,0.02961040069223952,0.006811519964308924,0.12370619711065842,0.007892015382236222,0.00973791832000139,0.0012362310657764515,0.020998890537665835,-0.00028288899384810653,0.12830703256284828,0.12276526664017905,0.05861572993839317,0.04754561585739972,0.06061651149477801,0.025355547197605285,0.19433735885054906,0.1374576283376575,0.22186409367198637,0.1734600952632572
CCTACCAAGCTCTCGG-1,0.06959179860785551,0.3207069286896993,0.04745447316714372,0.13044181103100794,0.14968015384229602,0.0863521228180798,0.15970766878232137,0.12404876176600448,0.15397743547408316,0.3076856931178776,0.08808832767549102,0.080357504547654,0.1166478684270683,0.09099175389149383,0.0937047551387272,0.13161811684322366,0.11897434703912227,0.04556570774043869,0.04460827936600525,0.08839017588615594,0.003474122321451458,0.44485149258391493,0.3080103900183165,0.21064585605945252,0.13298418889633618
AAATGCCCAAGTCATC-1,0.14049547274204022,0.22541402988905254,0.3956979634604846,0.4025380599284952,0.028615614607263275,0.0274557953212864,0.04076790892806013,0.02201188512925434,0.05216133441127165,0.1381425667326673,0.018845209497897097,0.02346712095058078,0.022136689752499505,0.01866059983164623,0.011323947967624964,0.18364309874695886,0.13829754582647458,0.039901086598227484,0.03429413054772078,0.06378018829897651,0.04009077441492429,0.2583063624460632,0.39789295006270053,0.289552398713097,0.22931632286881837
AGGGATGGTAACGCGA-1,0.021709212044774814,0.1418572252862953,0.03843277473587841,0.05672752547082541,0.48420041458322016,0.09003413479048564,0.12562216056280015,0.09264788480798189,0.09345369936799305,0.32365189555354956,0.09057033476314989,0.07466966840887858,0.4123686615910832,0.10104671003409749,0.10359529690768039,0.06314090881599435,0.06163227228038997,0.06677912385000698,0.0784346351681831,0.07537247939857235,-0.004680582528763601,0.29861953449234613,0.1440699899808329,0.11247856735949659,0.024516582084465766
ATCACGATCTTACCGC-1,0.04607333880182019,0.24409784205322857,0.033514625024414026,0.09488227590612597,0.16550257750028297,0.10277048842124985,0.1646627429290368,0.14260043006029774,0.14432072080363328,0.108984845954248,0.1529956364488834,0.1417467935446926,0.17994291431027984,0.15792351798079346,0.1543823200803229,0.08591921215156557,0.13599877223896012,0.11256919767591334,0.12260697252582885,0.1564516433595799,0.016956932855008613,0.09181357177803678,0.2557646291252462,0.1660139150981306,0.09738112806669214
AGCTCTCAGTGAATTG-1,0.03177017191380997,0.16141251328282505,0.02241367555923862,0.037328948016405704,0.13906020782099227,0.12799907548027453,0.14270857884720167,0.09139542385063959,0.12932114087961208,0.19403058129390588,0.0662145356084268,0.05852383619468177,0.12897460306664943,0.0776604756103027,0.08765524012044083,0.03837893027688512,0.07084013699337546,0.05446541065540634,0.04072504798511472,0.05960954978621711,0.006997961638851172,0.258355744143902,0.18124271309400353,0.10274334965415652,0.08385346630863032
ACACCGGCATAGTAAG-1,0.05760397247964417,0.23713148670992892,0.08424725106231631,0.12085659285402242,0.16583684854798658,0.1094064960956112,0.15452982355169953,0.21278638828561813,0.14265085332614638,0.30626436136292545,0.2027554484581862,0.2109620725170954,0.1888167881201595,0.21139078703693737,0.19841780554819494,0.1271867911387336,0.10845145217077072,0.21335047525710585,0.24147505900411942,0.2689609800568377,0.03405464184948249,0.001802355033763219,0.2138438331236152,0.17242088316103943,0.11214596074917674
CGATGGCGTTTAAGCC-1,0.05595306276644259,0.15138815695727223,0.04949033075802171,0.07665937473362726,0.5633044489299109,0.13753704957014973,0.5128773785727978,0.09118445056515978,0.15808752956238536,0.33282761204411987,0.07425557878160446,0.08217821631581204,0.16472165914926182,0.10199613446649285,0.10422772531552438,0.06687673635379585,0.11614506977496816,0.05944166801625837,0.045677361213928576,0.06486277055199487,0.03996901033735149,0.32456685709196403,0.1846738500775934,0.11505184132954324,0.07329173658573304
AAGTCTGGTGGCCCTA-1,0.011586700925209173,0.17003493196252792,0.02148136908761786,0.022705833873089998,0.157283366936197,0.14143183006412482,0.19751088110657516,0.12601652842609667,0.14636083458643048,0.17128019250393195,0.10526943402128155,0.10301388243250027,0.15687963143113426,0.09581587673145381,0.10749084233673802,0.05227578884237616,0.05809673322546939,0.07119305925677738,0.07445019552715135,0.09760359677599376,0.007555514504118519,0.07266964977826881,0.13421790908236939,0.07465204297902492,0.04064610866312756
ACGGGTCGTCACCCAG-1,0.16799315789630556,0.16273187953132917,0.09866033895598057,0.130773590532433,0.17091995763619364,0.129671109863108,0.18510014030972172,0.11531323468223018,0.19420907898808576,0.20542212419675307,0.07616101417735498,0.06980414068541432,0.14460144110812062,0.0716598728907348,0.07348422598444794,0.12860134216813987,0.2169263562508454,0.03714103603578053,0.0234425454985572,0.059402369546078755,0.1750960357305193,0.502309009961195,0.1300805864539429,0.2065477058344274,0.16833746481486017
AGCTCTCTCTATGTGG-2,0.1114173724462849,0.4806233664255336,0.08918726071303971,0.13704475855906886,0.07188423978628758,0.007198133742783898,0.04224368750229844,0.0444033943133783,0.072120075444677,0.19943790633886238,0.016900439555854792,0.0067415844816264645,0.01878730487151964,0.022353845528487463,0.010512905046082788,0.12703994266185853,0.14050876979430554,0.013537969100963117,0.022602562648620837,0.03513124706165003,0.0710497694780702,0.36844473128929556,0.33547270096882364,0.2498751794044228,0.21414531474199114
AACTTTCCAAGGACAC-1,0.0603643877365264,0.23045980134503438,0.07976357516263154,0.10256151511167617,0.13918229505856378,0.12780514526886377,0.15366514656010552,0.14733263331389276,0.16170569382118652,0.10376105931187174,0.10071727516921258,0.1422278635386051,0.16786172333077645,0.1025537357460443,0.1046676855560131,0.11284115301200834,0.12290197930507879,0.07815252397347201,0.04645009261845675,0.08337718546818748,0.04526821582597239,0.1745489610190901,0.20535930441262645,0.16311503719642612,0.0989983593320408
AACTTTCTCACGGTTA-1,0.06599883922514654,0.19010557206490464,0.05044153691225238,0.1009167368562941,0.16523020203864072,0.1058748318201026,0.15118963559892376,0.13955451958815396,0.2068173435897117,0.13934289359872587,0.11517904689591661,0.11997656526800678,0.15252677278214666,0.13540943678023018,0.13354865170841215,0.09811554349032238,0.1453453783807234,0.11511464761926786,0.08074937530110823,0.12041672058410528,0.034369252732761285,0.08656605626732713,0.20421061499100965,0.14639060359098024,0.11103504584428607
TCACAAGGTAGCGATG-1,0.0608676423940243,0.15123065642243613,0.06983695322477121,0.115750210455576,0.09760188524562216,0.08126766732785759,0.11265029006597109,0.17168947470978962,0.07099285570354212,0.3911636139680026,0.21740421605065724,0.15633986280675286,0.14280311759413344,0.18634614133382166,0.17891472494680996,0.11374890585489902,0.11332323119268667,0.37587746145049367,0.30890209793954426,0.39589009847772133,0.01601344286809701,0.1400086259749007,0.19050840876096156,0.14871073814616237,0.09397861268919006
AGATTGCGTCTAAAGA-1,0.07999733041561949,0.21027889354260565,0.05352181931880601,0.10810658447447334,0.15823524261190164,0.09328557653110135,0.16326682754514055,0.10157411240371614,0.18258539517602762,0.24770508029371693,0.09906571128393556,0.09031578108325787,0.10616110744402874,0.0730261547601158,0.06463604153936342,0.08378334497153848,0.14221655929810764,0.041519075518611295,0.061655320405894616,0.10439504155018764,0.0670508447566814,0.32902858885126895,0.19892375965511738,0.12903897575570428,0.1108145989343994
GAGCAGAAGAGGTTAT-2,0.1728572223072012,0.2928843190006886,0.1300368984657417,0.1520482222248098,0.04939485348349489,0.009552880069063638,0.029808938680474614,0.018434580589259536,0.056897176518305705,0.1579618988905502,0.024502440253671966,0.021598072432620883,-0.003876952831114132,0.015986513418408826,0.002642236825666944,0.15548784901230667,0.19111443166533085,0.05233323817760133,0.07203515828142931,0.07704942511015626,0.14327264981613075,0.25484696088788056,0.3142757008718312,0.23120412858537362,0.38265175383079725
ACAGCTATCGGAGGTA-1,0.054077099065368686,0.21717308718210418,0.04884702372754966,0.11570286057130356,0.11213859437436416,0.08890652543598294,0.14632917545158955,0.20090374918546752,0.12163630344594778,0.3225915375860254,0.253169803886,0.1854008805532863,0.190710981342408,0.18260260797115793,0.19707978865512624,0.09791889257542812,0.08090369848863102,0.1667235272820335,0.18809074225590647,0.2085856165209393,0.010345546393906068,0.06527401256790669,0.19387360627656058,0.1715005446055756,0.11999260024351303
AACGTTGCACCAGATT-1,0.08011509208490292,0.2048711837159635,0.06507174936861203,0.11458900285327893,0.1561008910299455,0.12093086274474879,0.18254730248237977,0.2562928138702855,0.17070235895341873,0.3659895533411907,0.18577972454745204,0.22890836936714296,0.2276953507495221,0.24015051774643117,0.2190993078004651,0.10074277483187051,0.10703552919133631,0.16691445972451505,0.20598723101537655,0.22549973410947374,0.03097032929316602,-0.07685375598282293,0.17987538403894837,0.13521152794019015,0.05772189430892101
AAGGTTCTCGCCTGTT-1,0.058622375570438374,0.17633583783641898,0.04404301915921835,0.0709711141299321,0.19287608510894125,0.1463889568598488,0.21623131987594127,0.13361721410530855,0.2174992316671841,0.1337344480682292,0.0910028389448755,0.0854884337615184,0.158079498082721,0.10234002885579416,0.10507341625508097,0.06563650922520729,0.14566286770843204,0.09373681349291434,0.05580825634335045,0.08816024799616334,0.036594072094798626,0.012606596964965518,0.19565045600741227,0.10864850317354335,0.08657244085340941
AGGCCACCACGAAATA-1,0.06549175601072366,0.16483816048504063,0.041675043685763455,0.06059536936748337,0.614513860554036,0.16408184835480713,0.480602988173541,0.12677021067765407,0.17267676087791728,0.34401031230234475,0.12627712727945617,0.10079906324120373,0.1776516310560418,0.1307637512166501,0.10493221186848027,0.053862487181359144,0.14355579345011016,0.05941021701818308,0.0796633165116469,0.0981601280325573,0.05837245308352041,0.28306001489503485,0.15835080105030544,0.10444269456236725,0.05716866362399
ACGGGTCAGGCCATAG-1,0.12075902846951463,0.22002968251168323,0.03983651273695598,0.0870910812077268,0.1885987555918548,0.10129030618640013,0.12770729902940864,0.07966824879813324,0.1602297883494581,0.2306145096658839,0.055670911931456624,0.04712759338124816,0.08848120482710388,0.04134924921812358,0.05061172480859339,0.08956373357517423,0.20538595845877242,0.051996257823041604,0.03850863814300297,0.05508424134471562,0.17603096158787152,0.2888026055367563,0.23043085492949356,0.1664750863093217,0.127233499925191
AACTTTCCACATGACT-1,0.1714512812675211,0.2266023474716765,0.3957471812643839,0.2295426883611882,0.030138921911640127,0.014032544262184405,0.03539559723414149,0.03147706682562824,0.046350647535227225,0.15944631804139991,-0.0012030233602282002,0.008869808992290383,0.00791029018960095,0.004857259173692798,-0.011212695573315194,0.3230574081225247,0.1322304463446073,0.05556043456816712,0.0503618095509521,0.053103200849536375,0.05314811683551085,0.25239168566797165,0.38044213592648063,0.22086429809027747,0.17131535239799628
AACGTTGGTCGTCTTC-1,0.07144378160820762,0.19235184542901446,0.06018181001964112,0.12576004995169188,0.15646847754969087,0.0924095409626998,0.1539409946070529,0.22892636292971436,0.16050899257983117,0.3588386360417624,0.19050452259150175,0.22716615290096562,0.22152477830617628,0.23081367146361662,0.2147383670273867,0.11513736180223234,0.10743075573555659,0.19654520154795488,0.24640559453543986,0.3545466916774836,0.01135792160843442,0.2816492879429767,0.18389472271964868,0.1401746861808668,0.09776480392066961
TACACGACATTCGACA-2,0.1259183938301963,0.48154758252904467,0.09404140518033785,0.1484295149914592,0.04784377170445687,-0.003217141409409526,0.040720259806271614,0.05464464310344303,0.07207855770490817,0.1960240520113626,0.012736484119931358,0.001522261478260042,0.031610584241290124,0.017658559152640835,0.010957900376190068,0.13808699366697164,0.15908591132296196,0.023096065975280126,0.0238726656458786,0.049696206921566524,0.07104285470124831,0.3128364698098666,0.31131095583259955,0.2173293884721604,0.20639698288340935
ACGGGCTAGAAACCAT-1,0.19062477966398186,0.18623962731362112,0.07763695103101494,0.09887714512437537,0.04308443656664299,0.04370251974872808,0.057064952613290275,0.005416234834385728,0.08196149312614216,0.1298236939903865,0.005370277283009733,-0.01994597108429897,0.02133704244292562,-0.011230019012278802,-0.010781852064357514,0.10581138413705088,0.24426332303112516,0.02106171034310304,0.004754143881558336,0.015797832138615093,0.1607134889403319,0.16628239585107793,0.19021953162332816,0.16269405937081788,0.14630198432017694
AAGGCAGCAAACAACA-1,0.06528217829019031,0.17148971104617844,0.04982363982554046,0.0904786493619755,0.20503986396657095,0.12691940946017985,0.19072782197554625,0.10806453231130216,0.159614550140589,0.21504279722959954,0.0977145728160754,0.060685821593435635,0.12553606718224666,0.07626585373466559,0.07852185595773056,0.06844030389895306,0.11208040818122314,0.0822664216151046,0.0751867791232386,0.07199686436591368,0.03190730068199183,0.2706284973712306,0.20036540422993274,0.13225264319702176,0.0661676308795262
CACCTTGTCATGTCTT-1,0.07401831917896012,0.20486420199770394,0.05478602299265348,0.1053328208630792,0.14837736972983115,0.13640033652078792,0.15599187762934416,0.09442828941331174,0.1407994727535288,0.2313314279900756,0.09991518438052152,0.0734432901254429,0.14949978893846166,0.09488299090570085,0.09692019805258104,0.09458298478640591,0.12811396852683454,0.09502105755679058,0.08046317589921077,0.09049890733711237,0.031442545200864945,-0.02178882656814519,0.21494035538854198,0.14626238172822476,0.09455395444078563
CATGACAGTTCCGTCT-1,0.06855605067714199,0.21989860969338368,0.03953817261098678,0.12746094784133,0.1566765590475938,0.11226456880826229,0.17084642008120746,0.17564693846741997,0.15504256871421104,0.4737730156060543,0.1656916792967014,0.19053053964972574,0.17871795589979247,0.18348207762372645,0.1702524091051192,0.10081870206554273,0.11455441907309923,0.1583332186775487,0.19973947106088819,0.22300894405882135,0.03374670163463674,-0.0924421014627324,0.19658316452731564,0.13189497230955533,0.11008191189200962
ACGGGCTTCCGCATAA-1,0.024915146293895313,0.172859385605732,0.052587443595099585,0.0900853831954736,0.14356442127816485,0.12331660896988125,0.14983124588487148,0.1341713255384344,0.1433289353302722,0.22106430615652015,0.09387635383550089,0.09049758614142654,0.1334139515050472,0.1045993308389284,0.1066506278201863,0.09251717380167805,0.07714288986002389,0.06921085221050594,0.07140256649799859,0.06891585338095964,0.02980975070798691,0.2909738523800893,0.20781573958777622,0.15478862033732993,0.07685784704542464
CGACTTCCATATGGTC-1,0.15439949055433255,0.22198569111350733,0.3128072078688969,0.3415483540506221,0.007507516770964615,0.02187407705181747,0.03962773103573889,0.055106862865828984,0.031288828749678955,0.16474713375881855,0.026008203214910618,0.04799434964947698,0.036885541191508775,0.032882469754030946,0.023806605836491707,-0.24662618679851434,0.1330605075043992,0.08599277007363103,0.09705003867283349,0.10537816880576892,0.03538257005730748,0.2502277600964619,0.33072712191923304,0.38778889262990224,0.13897588346462567
CTTCTCTAGCCACGCT-2,0.1268522927853404,0.48336953686972706,0.06263428463543291,0.16202163021487773,0.06908100837338738,0.0075000284419682465,0.0494144207199101,0.03624779502664577,0.09437312958389743,0.23190584458382718,0.007716228836922614,0.0050005765248096815,0.018719800985318096,0.013374969853232704,0.007358397580652201,0.1448488277279595,0.16819520490666848,0.029391560208941597,0.031083241587000418,0.050251352092921905,0.09121064415677635,0.3695521774152269,0.3217993430482795,0.2379260778005817,0.19828216698125922
AATCGGTGTCTGGAGA-1,0.07043735548881898,0.1453751662899492,0.004530865706883591,0.06697665975471385,0.1906958860908319,0.13137872337151071,0.24984059601446512,0.15465425801715824,0.15185023900113542,0.3686758853980502,0.12218019563020734,0.09913075000849962,0.18914333604197012,0.12389787403917842,0.11565937039832727,0.04872850780334183,0.13484698717622123,0.0665999685120903,0.04930495299465842,0.07688071501885653,0.058747179154900166,0.3746890730071253,0.1636769127608629,0.11302307417378195,0.06371425042121036
TGGCGCAAGTAGGTGC-1,0.060503328875717494,0.2583070509055999,0.049984004952419066,0.1245758563083653,0.17696874191073403,0.10514223094641738,0.17496387596546678,0.16725278683009542,0.20177377695026538,0.05690052341766961,0.1496870884099667,0.13701502864001874,0.16972557193189897,0.14293713394827545,0.15409153235053924,0.10640808605443194,0.1431707928444803,0.099503433408464,0.11318393944188865,0.13911912041132704,0.047989681528869774,0.14879026260468167,0.2325768023033316,0.1521623000466507,0.1040305381030635
AAACCTGGTGCATCTA-1,0.05187631354524664,0.20831016334181945,0.043442409633858904,0.09633347017651973,0.09545903514179639,0.06254408917299922,0.11190140984521853,0.17913002298795855,0.0936115405745637,0.3007464051448803,0.16601410753668536,0.1665039103103186,0.17224004597744255,0.17306912676143452,0.15569790754940704,0.07907782879131012,0.08244837966833538,0.1042783487414281,0.14425265146953584,0.18457631510523057,-0.006745265679745091,0.01150352865743392,0.18646658252529796,0.13570113655898144,0.10072148940310863
AACTTTCAGCCGTCGT-1,0.021672265781705464,0.031450175503260035,0.08942834587024513,-0.07288832521728854,-0.008516759633293569,-0.004906331747023459,-0.008252988132685943,0.011848123534715765,0.01735284790762601,0.06024242245545751,-0.009616873516842093,-0.008385884613464532,-0.008516759570942889,-0.008898140423395613,-0.008772805386950293,0.020828517795502738,0.004699665251728768,0.010574485728248796,-0.009731662516196962,0.007875256857162482,-0.007699068807865042,0.03563503770691547,0.07020075846443456,-0.011269994668000192,0.024407147810181214
CTACATTCACCGCTAG-2,0.17316136259912424,0.28468839032028354,0.15987431206255406,0.19251944499194912,0.024194853501049104,0.02855570382805112,0.05226987241032065,0.048411278889466,0.029762972583815616,0.14632554723479635,0.03989500993382405,0.026648305179508055,0.008141242264935029,0.03908821689838345,0.015159606926178572,0.2130811700594048,0.16628466144704093,0.05143014339634839,0.07865769395068663,0.07053574491381714,0.08365740834222966,0.25585851482543853,0.3382718012411305,0.2735731426762637,0.46801443672868565
CATATGGAGGTACTCT-1,0.08588061378330059,0.2144097162761513,0.05821010830425934,0.12189234503009423,0.18933125181906837,0.12817162263841794,0.16037546192144744,0.2257279804091788,0.1587418938653144,0.5292622269155272,0.22240087656717333,0.2029650402186487,0.1902645977681866,0.21289450671348598,0.19096955868972496,0.11936903555353462,0.12149168210627816,0.2546673759763222,0.21921282340686696,0.2554085388170665,0.028929070650562324,-0.15275758208712614,0.24593399200101243,0.16422162402586718,0.12847822543936854
CGAGCACGTGAGTATA-1,0.13766639438484252,0.27167055771404114,0.38569015221826375,0.4130515296962559,0.026953691272997137,0.032187617091483656,0.05814795521097853,0.03488103259800991,0.04106024572313811,0.16741723474697326,0.009521010264532432,0.036785137748559606,0.019314774499570322,0.006774978019628783,-0.0005966073043057849,0.4282212557199205,0.13444309744681043,0.07033272472276204,0.05611870185722545,0.06562924051137133,0.047469289971411956,0.2873017720675271,0.44313873690608124,0.50875857007682,0.21771791313860692
AAATGCCTCTGGAGCC-1,0.04341825242914271,0.179987017733785,0.06797151433791118,0.09357301161309785,0.12645792838251266,0.1363270678693916,0.15488966231983176,0.12859925090149074,0.13745038865923442,0.194927145455352,0.10814703196678284,0.09833595279167853,0.1379912915593638,0.09962392738158954,0.09175606140643648,0.08186552226033975,0.0730625941959696,0.05756540032219604,0.059570451979042684,0.08280486702740172,0.015711793298606874,0.2932377538883861,0.17232060255604761,0.1597358114052708,0.10903227186945176
TATTACCAGCTGCGAA-3,0.11936642899045839,0.49768365349444355,0.09915278912078833,0.15379146318811485,0.04016779990948376,-0.014114630257156462,-0.00439072477695883,0.013309699173273782,0.03527981166303396,0.21971178110679104,0.012408742403826195,0.01306864111779048,-0.005789853838725664,-0.008963542451296491,-0.01680831053703462,0.14468864742032156,0.14524253364212455,0.018620959612514174,0.042577605337360734,0.047959557667500125,0.04993417176230345,0.30196534654252044,0.32290404850462756,0.2444834940068775,0.20436431395036234
TCTTTCCAGAAAGTGG-1,0.1544429047815823,0.22047736928144684,0.1413174436214943,0.1246487253413915,0.006271605085387072,0.01093354235712156,0.007560955377559469,0.0238665550066078,0.021486968871746732,0.11902131976889753,0.012754610781650483,-0.004838876489868149,0.006184711449858425,0.016757973476163594,0.016914824013978032,0.158726775550807,0.11986922712935574,0.052305962499172146,0.08582654157726052,0.06338390696949013,0.09063437838261308,0.1647368619834986,0.23744454232543957,0.20808574994963033,0.421314908288972
ACTTGTTTCCCTCTTT-1,0.04398151881581308,0.15502330083883445,0.10600054005355435,0.09947179099583293,0.17335133529920269,0.1275515298285371,0.14571172653992367,0.18037862777450892,0.15060117280253313,0.200210039567862,0.12878108929831267,0.15255911684490125,0.14974250777981274,0.12065847857303724,0.11282874245643543,0.08676263919668385,0.10016024281951677,0.1119295575420043,0.1056147046687549,0.13516459836064734,0.05762794736382212,0.10464818960346581,-0.03666142998314033,0.1450995781439553,0.08928278564447954
AACTCTTCAGGGATTG-1,0.07272229283147573,0.22679661863722428,0.05494397487237816,0.1395358592438775,0.10862142856319423,0.10645920215767979,0.16192181454301913,0.19278065431071656,0.15312895505590784,0.3814980070722502,0.1485287165833356,0.18196980613454938,0.16388007678182198,0.17322992996771316,0.1467116051568442,0.13594984738887583,0.11167371887878703,0.17026163864596247,0.19313934633139024,0.22189207283487114,0.03691318710623816,-0.008434020527822066,0.24216991940543356,0.17669328371528026,0.12293800390844407
TGAGCCGGTACGCACC-1,0.08626379006957205,0.22108965261661115,0.04253752345350273,0.14583865179803607,0.07701608530494361,0.016919866937588002,0.07323594180089438,0.16124859064953437,0.07578887752159431,0.35406863870544053,0.176929807993344,0.14741989163826488,0.11753194818600375,0.15317739200129346,0.14593073332186382,0.12121025085013416,0.12226886898416847,0.24037820660408632,0.23241630056507948,0.23858666602678302,0.004783740529242686,-0.07274463483440902,0.2388601393082319,0.18739751081793768,0.13388414613227173
AAGGAGCAGCCGATTT-1,0.011640454183284781,0.13918277280405392,0.03564235594041638,0.04810123438362589,0.12530686062829308,0.0866463063611933,0.13100548303920154,0.15072310812673734,0.12288727968198095,0.3328454682535994,0.129355864149643,0.130035848271057,0.17179815674780047,0.13157764434192917,0.14535606790939595,0.03919424361814787,0.0897346692023956,0.11278319902022653,0.08698091152051252,0.100851445110885,0.006604293012884989,-0.04008385595157934,0.12563594239528159,0.07817979336755689,0.05718971520396788
ACCTTTAGTAGGACAC-1,0.0588749145500811,0.20356296338197177,0.07590776526691137,0.16536092720886034,0.09138837366923024,0.050555444944563294,0.10570783981384821,0.1892493261203347,0.10126247762013482,0.38747564949912716,0.16886196227819755,0.20421413021615695,0.1516411946161578,0.22299621226327454,0.19099148636036228,0.1278440546623983,0.05974419447538135,0.15400697988513418,0.2050063989315291,0.2104588179823124,0.006560951007027725,-0.023254582902642963,0.21476314096963517,0.1786987410718473,0.11611001803968188
AGGCCACAGATGGGTC-1,0.4122004743345363,0.19689339804300054,0.06823610487285367,0.12165990110178626,0.07282297932588849,0.042772409816044854,0.05488487829711394,-0.005219426913695594,0.10134830210196831,0.1493067733584427,0.0038885227021421163,-0.010334940330018439,0.009317106358689353,-0.012140555904920698,-0.011662608513242769,0.1290596401200154,0.4640494772739529,0.04593886012928646,0.003219889379104822,0.013813291981859644,0.56195438984117,0.27181067023697075,0.26833526604125335,0.17985890185192227,0.13890030926920113
CCTTCGAGTCTGCAAT-1,0.20005504312807992,0.0470352020076615,0.1751664973691607,0.13239583011742906,0.009149550988058235,0.027828066644244573,0.05089238682504621,0.20623846601572207,0.032424903460560144,0.07400919580808298,0.02356113808106552,0.030099027740617634,0.18517316127281988,0.02722046178781753,0.027863961970143486,0.10461918499544096,0.04086752629459556,0.03850566653559031,0.022922170759686313,0.018289445938819305,-0.009395515895783605,0.09096653546610839,0.14121683679845096,0.08970589450023664,0.19295373243211816
AAGACCTTCGTCGTTC-1,0.14586746467563425,0.24690609968593935,0.33378140887172236,0.3012133988785096,0.02093137517470993,0.04994126846400389,0.032620309037213344,0.053799682417811426,0.055133007400004166,0.19017760435506956,0.034900451149740094,0.030536830452093378,0.03790736085855996,0.03440601774475516,0.026368585396196687,-0.1586942597806973,0.11791882660103871,0.04218439233633474,0.060804673590734847,0.08333839504328908,0.05719244211109141,0.296595029742112,0.37821743181489087,0.41332976141603955,0.1962445329751977
CCGTACTAGTGTGGCA-1,0.046922733414876044,0.20046330000838775,0.050356897704538224,0.10313667048780929,0.18998793533074407,0.18056307350669218,0.2072825271777944,0.19453189038625202,0.19481757748500206,0.2511724439616975,0.2085933554631309,0.1958376249946181,0.20021428049020698,0.18119320556117535,0.19392375788348873,0.08705235682764488,0.11646428342467323,0.1398405523955551,0.10044811701548086,0.14887839774637893,0.034477694814827514,0.06135555844809478,0.18679959205647034,0.12303512150751844,0.09035043645936525
GGAATAATCAGCTGGC-3,0.17057103852180366,0.35582646442202776,0.33274190449150637,0.3277363784537933,0.047132253188321926,0.010817445031042467,0.034107524891913495,0.041367529258780115,0.05507116120516762,0.1914281274573966,0.019762067279778237,0.02392396350864487,0.02931915313487163,0.0107563659805558,0.004785467253035737,0.29137246311129544,0.1729816972345246,0.07658410021786287,0.053099368630165907,0.0755905416678712,0.06957381403379675,0.29371496671310954,0.20479044526410056,0.26719975889913583,0.23614979951558476
ATCTACTTCACTTATC-1,0.17671270304836267,0.24572156957342037,0.22973430544631268,0.2907388653717779,0.024151001732448253,0.02407629767624022,0.060522761306750744,0.03118409577510696,0.04852591344918142,0.16089581923677154,0.01609217957560142,0.01972223923458991,0.009651639316252843,0.013989363618910691,0.01511360380421727,0.2973662104559869,0.16692364566422915,0.0465191242605925,0.04213008947516618,0.055352115187520826,0.07172436620929432,0.29482347237157813,0.07186214535613974,0.26923280030470736,0.2671603146783618
CATCGGGTCGCGTAGC-1,0.18340648760892436,0.2978535797290301,0.14421449278607168,0.17787011717623885,0.01432100753052676,0.03546157650340448,0.01621688763147964,0.02655532509758114,0.028013976928669426,0.1445295870117991,0.017426013667921833,0.01710896428143903,0.004943517816286435,0.004646427966319331,-0.0043415904236370215,0.20182332151678908,0.15618510551880255,0.0721432267136486,0.07796533162857482,0.07051695478622996,0.08435619864873528,0.24727529087517378,0.32449313470103286,0.2848494610625664,0.4622243993157002
ACTTTCAAGTGGTAAT-1,0.045611817008072514,0.15650269635905023,0.06802464228950962,0.08929649664409181,0.1566244766626812,0.12708216702617667,0.16162545017857652,0.22723072343588124,0.14843452374253574,0.32779981219358906,0.21041254966192605,0.19045853766986,0.22269794305009186,0.21189381877949845,0.20683880039494434,0.07663702919442043,0.06414514915575108,0.16009641601854646,0.1900437715334138,0.18733002253716288,0.00602112580157124,0.024226044301314992,0.21505802506781457,0.14569473697212104,0.08420745998846767
AGTTGGTCATGTAGTC-1,0.024429690370649355,0.12309399884968128,0.0461605098355489,0.06674411312928241,0.566616120041033,0.13938121967790443,0.5097056267786337,0.09344551707069979,0.17668082086443873,0.33522283711317563,0.10307829353938856,0.067650920360862,0.1629876655117852,0.09296636057935512,0.08472789089157705,0.08188861754531951,0.10106216926005963,0.09633118525418309,0.062286896654562794,0.08519296949659758,0.018762043226378224,0.3345694256999109,0.14380185091818048,0.1000093858812281,0.05726177281874376
AAATGCCAGGTGGGTT-2,0.041804397925917065,0.09766461022685886,0.06267000570279535,0.11810724135614144,0.11404840060976942,0.08232238973673701,0.0928064277675919,0.11129481393460783,0.06826389713776342,0.08912518468398088,0.13263042724875132,0.07761680673703901,0.11444739205133415,0.0830810573979338,0.08515327975978698,0.10780385986902048,0.10536172772316084,0.0982361368733233,0.13128431079107547,0.29464957928943447,0.028652067151272914,0.3218942884459705,0.14720251555246344,0.1234188192952484,0.05345260937419143
ACATCAGCATCGGGTC-1,0.07654285586904404,0.2162519682471202,0.05162163316685136,0.08877747335323566,0.1945199697131654,0.1590966323333516,0.20282082442902605,0.14261014811913267,0.16900706859590944,0.12271382819149929,0.1328674147662622,0.09891754307811088,0.1644328854079715,0.12818080289040246,0.12182088010296471,0.08155794531590066,0.15186696671659172,0.09036294764608643,0.08540762362868097,0.11790063036151989,0.05409843783611663,0.0791960009942529,0.21908374201235573,0.1436599320338603,0.08078651471307295
GTCACAAAGATGGCGT-2,0.149704422566722,0.18472575385372614,0.13368178513615966,0.11431809334726546,0.04494024578099795,0.017444804876639974,0.03205981405617375,0.05089451329799573,0.03410068585105185,0.08540004918898905,0.03670216805428021,0.03164337574901979,0.015473112266819583,0.05622842049229616,0.028529402237785557,0.162266770655242,0.11757001193631705,0.06080505267895804,0.08900656028174485,0.07651821734887033,0.08624661653847118,0.11935716270282792,0.1861303983064018,0.18574654307571103,0.34805183022341685
ACCAGTACAATCAGAA-1,0.04434560949597895,0.1632084536057972,0.027849641678177026,0.08564818158852963,0.12710377222164,0.08619655125061582,0.10362542179073417,0.21930973154857106,0.14851238350270107,0.5498859528665535,0.25143132680915903,0.18885351423206065,0.18544205589790666,0.1849421622369794,0.1803566473248294,0.08723282154820453,0.08893108064130631,0.19844595936550904,0.21163529938645387,0.20068119312585195,0.029314419708767473,-0.14067302342185936,0.15224822205354277,0.09339881661857555,0.06029612882375359
AATCCAGAGAGACTTA-1,0.04229015791721495,0.14668171742294364,0.03824221694588725,0.07444116297593512,0.6321847329511545,0.1265750919016523,0.18089752742725,0.10801032592685043,0.16664820400762756,0.4601846080297806,0.09814153371114057,0.09885237729256524,0.15465395627498202,0.11990477905492684,0.12082218131698501,0.07570582731608355,0.061970294771307284,0.05654098297704727,0.0611727025237192,0.08049745528897657,0.022180458191798206,0.40762599712270825,0.19290992736414103,0.11097957873561959,0.06551064117752484
ACGGAGAAGACTTTCG-1,0.08779880359335067,0.19547561370166322,0.07876987379833535,0.14621295686508642,0.11269344129577069,0.0949918180675966,0.1270848658587635,0.23655199525256335,0.1592956113961356,0.34326917690839975,0.21224779563401527,0.2405438576577603,0.17768576367105035,0.21577054529654177,0.19987208383530836,0.12333856430223218,0.11343001668844124,0.25448808170457204,0.27661403926364564,0.28513696887398565,0.03851759736380574,0.29233198020115675,0.21162606193226427,0.175100695546793,0.13291443981470336
ATCTGCCAGAGTCTGG-1,0.19264318505076716,0.2262744728024902,0.10051193261307319,0.12409043312289392,0.07052849327726243,0.024037227979496346,0.05207386747692181,0.012302363978112588,0.05607088868772354,0.10817640250829351,-0.005946080492301841,-0.0006633960781685597,0.018909691851178707,-0.012541866355035371,-0.0026073337364724523,0.14382149323418758,0.19450114950032765,0.00877061152606511,-0.01618282927810212,-0.011402122553701525,0.16339977413850335,0.18084007296970112,0.24132475337899975,0.19886561062615915,0.13178761540347458
CAGCCGATCGACCAGC-1,0.17118096729950336,0.27963290585397604,0.3263516751441019,0.5463053171784638,0.03740015758988996,0.04157410527811796,0.058717926617192676,0.05073017831173535,0.07183718615698663,0.20217621311189216,0.01959118911384855,0.03942286069675978,0.021485120237110876,0.026496890870336718,0.011527996382153372,0.3427671802439641,0.1726232328908055,0.04763925303089822,0.05612398549957768,0.06426765423278247,0.0665544793641287,0.3457064234904095,0.43885679613270456,-0.01704568321694889,0.2357512002906715
CAAGATCAGGCGACAT-1,-0.011505504258726165,-0.0036086427373047255,0.01755558397454618,0.035866079297014665,0.017144594070068037,0.03899000042911929,0.04411923513609776,-0.00904557141289597,-0.007598374760611543,0.06474371775159807,0.013118485708476608,-0.007984123596211413,0.0171648452054868,0.015718497716068223,0.01612442427879286,0.026120402294980253,0.0242844409341268,0.011794024637699201,-0.009265426357188324,0.029232119695761158,0.04805342081197466,0.08706677588342049,0.11639178423426957,0.046116542769465536,-0.0068571996016251885
AGCGTATAGCACCGCT-1,0.19920725658243923,0.2036873018758877,0.30002388746711645,-0.04790195449155779,0.03633857082710415,0.03102918194157116,0.01153949877835549,0.05323811795712922,0.04281097039418943,0.16643496054759851,0.010011699686222281,0.02950919935614123,0.010185471257676404,0.02460636447019881,0.008079203100902184,0.10827054253054796,0.15968865582960762,0.064442807653641,0.07382714519092146,0.08811080744796863,0.065530247705256,0.2485290509720323,0.34464045172112295,0.37146534223333977,0.21323408011387426
ATCCACCTCTTTAGGG-1,0.13437078536154454,0.46739611318106533,0.09237238780656461,0.15669973504636192,0.04920079575560244,-0.002745587839440787,0.03714303863101905,0.045527347095120484,0.09313249461866847,0.2523202091456477,0.042894650009596275,0.03433612294491845,0.017750929571411056,0.013743838068379711,0.02983363798347347,0.14538403166038,0.187027724139102,0.0443835108002174,0.046132366345284705,0.07339004993953334,0.08685053482984163,0.37050382902367546,0.33440724666018384,0.22893184346421636,0.20229451413759736
CGTCCATGTGCCTGTG-1,0.06483259215653916,0.19376971190414558,0.04614675461494273,0.131532404038512,0.12628227395921798,0.1255646603069945,0.15178994649978902,0.19218064394697437,0.1674032662556559,0.29549801486693106,0.1810830712961495,0.1994253155105773,0.22048884740892474,0.21862042132512774,0.20492665336413438,0.12159919041275695,0.11859466714345784,0.1622831711179108,0.1444015785964281,0.19445599491505575,0.015124501330334621,0.027145340727393368,0.2427554668354113,0.1769061051556416,0.10595912245462853
AGAGTGGTCAACACAC-1,0.18916683772614776,0.19795415104907993,0.08013301357934727,0.09285301332217735,0.055877316347485766,0.02710229291490865,0.025518758563620687,-0.012221787509520797,0.05205073511320509,0.1375561034902798,-0.003229498769299778,-0.00885919302482562,0.02284663955417122,-0.010627660033947352,0.0006030348916246257,0.08539401078279632,0.26629626906129156,0.02319475526037102,0.005646897448252817,0.008641489296500812,0.21572272232576023,0.18172256347693586,0.1935250009236683,0.15452468668415043,0.14458307594541145
AACTCTTCAATAGAGT-1,0.05753226982340011,0.19441008370329782,0.07257283934428743,0.1404743511195043,0.0957295734309786,0.06979250324520386,0.10190596964603933,0.23607835156043713,0.11782837118806742,0.45421740149621015,0.20779678701646356,0.2444685514151361,0.19285864781162199,0.2285430606540076,0.19546104778374382,0.11759548388764501,0.1263607011448523,0.19710954291539934,0.2864569866141321,0.28861537686519506,0.009720255019890938,-0.05345343757538652,0.18968605598448646,0.1603518248404187,0.11009775335732046
AACTCTTCATGAACCT-1,0.1270687165603947,0.21677148375753472,0.5146353373878261,0.3211567415041039,0.05774853348518131,0.05800132215704574,0.05179051776835745,0.030716642610967355,0.05410971186226573,0.12810085271243896,0.01130579451970399,0.019706251685621262,0.01896807885370414,-0.0029544543881448327,-0.002369836202187924,0.4303798679385117,0.09079794637987854,0.045317218904445795,0.037606701618316814,0.02104031391615907,0.036944396093658904,0.24420584998249475,0.35753910279594747,0.35607328174328307,0.22235474556605644
AAACGGGGTCCGTCAG-1,0.03307152259094725,0.13654261093146108,0.04801493272658329,0.09635577360443343,0.090355396800335,0.10442881697498896,0.1181961865695129,0.048174152481432114,0.09913777758576117,0.13774883978993022,0.08567702228180984,0.04769176107871082,0.06846674902136302,0.0534744717317988,0.05481613821607807,0.07498023541970825,0.07871801146220071,0.07173928587564472,0.06507999952697809,0.07903831879801854,0.018610073191772377,0.3836241756088406,-0.13525321205564741,0.11138040697549505,0.08752360400584233
TCAGCAATCACTATTC-1,-0.008985460475698396,0.1786292054127316,0.0094969360574395,0.15585208741302647,0.17732689786080036,0.1123282717598678,0.08238684027119522,-0.0070643252640612934,-0.005934107237345751,0.17519164149984884,0.16085184641220193,-0.0062353657339649215,0.17032069514727327,0.16426734630900627,0.17070247436422828,0.17330506311216862,0.1419519500252554,-0.007403877627051995,-0.007236025510126349,0.16895647887065807,0.17731357346066165,0.1773847167243069,0.1710481887812331,0.16723081682435212,0.0002848907808579732
ACGCCGAAGTGTACCT-1,0.05995564950531237,0.11615494460716315,0.07815464857726247,0.09902156813276194,0.08233192538292834,0.08710594426548711,0.13125794883242775,0.22311594346807795,0.08953869865041435,0.23420143626720594,0.17216377794626778,0.22506219110485148,0.19656947087568913,0.20950487126298203,0.16928647897376564,0.09601647393880937,0.08963545355780071,0.20091740703160368,0.24840923574771082,0.2371777325477719,-0.005152758459776094,0.2072588342348427,0.13497974172533336,0.10508694562060857,0.08963380260938476
AAGGAGCGTACAGTGG-1,0.18487817676270604,0.054433956420073176,0.05689524557651491,0.10494752628527881,0.07029652603045043,0.05881984766896247,0.052570567185467015,0.029487794589875053,0.09783831984403424,0.14569562428777585,0.020511584052637862,0.009598389835386436,0.059741260898274556,0.02600339632577758,0.02695619250654777,0.11184536107257438,0.2602945807365904,0.025309771403434746,-0.007778475507232965,0.04327998467980555,0.18458606800899813,0.17896758787283068,0.1030059052849019,0.19336336586393063,0.14948261257136963
CAAGTTGAGAACTGTA-1,0.00897445546404699,0.09657815416508861,0.09496158267955736,0.12571856394281103,0.020555579744774406,-0.0030312939494732687,0.021742367801112727,-0.008165359086252204,-0.0068589871839224645,0.017206559215743066,0.016322128551343226,-0.007207199321774373,0.02057793345044726,0.019054451980187452,0.019478522636678337,0.12455134503121175,0.009457634418703623,-0.008557833507908516,-0.008363820243109105,0.01263010020488741,0.02418181662430935,0.02785034773534188,0.10065253339680628,0.11411928182270699,0.021661697377443636
AGTTGGTCAAACTGTC-1,-0.005177369468250237,0.03315415061706224,-0.0059915457020086405,0.015440433286096919,0.12956387419491724,0.25005312974714866,0.11834483049934683,-0.004070422660570098,-0.0034191976821943224,0.014643228401643962,0.12496236879079546,-0.0035927810557638148,0.1567844610730723,0.24652399187247145,0.1349628055401589,0.01564631730577154,0.03415502019743405,-0.004266070734675466,-0.004169355332309348,0.038824557567446745,0.14420989279975147,-0.010585171531886633,-0.010627203259034403,0.012415411874453637,-0.008164077853078931
CAGAATCGTCTCCATC-1,0.10031027199451516,0.10169573290751202,0.0666097711253875,0.08102087230708538,0.09175954644704898,0.03607662774002152,0.06607335509646857,0.0512192589571759,0.05915621971868656,0.14810307713756501,0.0341470626421844,0.04546836125493732,0.05426015401360186,0.049838453592401036,0.051182689079382414,0.07397670116818546,0.11467626399112608,0.047982568446621625,0.03390873594545968,0.08479694578791687,0.09416281282140358,0.34095114922025826,0.2548377492802931,0.1804254179191857,0.18214702855812115
ACCCACTAGCTAGCCC-1,0.04336090244268383,0.16901940644822558,0.030681901501941722,0.07559934985423253,0.19236448146207225,0.11735129431830027,0.19902519315120099,0.1462754453273279,0.14935723922022578,0.24007478410577787,0.13605848839297494,0.11858497430306655,0.12829399551980694,0.12987780109152447,0.13238376159752863,0.06382075272156011,0.08987957394574335,0.09341323856728975,0.09551790202179027,0.12314980335939017,0.02770883945348121,0.30214509933864836,0.1707170488403329,0.11458496829799053,0.09528576032108704
CGTGTAAAGCCCAACC-1,0.09080583342698992,0.2844814185014489,0.09813823866000669,0.17282749183482357,0.01746302452044631,-0.0035627694863573874,0.01302611035088225,0.0033133685822801886,0.005966810856497853,0.09031804194074103,-0.004214868729114499,0.004083091726874343,-0.005166666156718937,0.006996563053460783,0.0006103001904898868,0.16196288631522965,0.11867075100258727,0.042080011170997224,0.037871580231608484,0.039125996328931184,0.053552283710229506,0.3932221556566023,0.3296326479855884,0.30125014490185337,0.17407372876326324
AAATGCCAGTGTACGG-1,0.037149363657327995,0.1990631378997142,0.023872150707436424,0.0784524639479137,0.17892848168169354,0.12834679301991062,0.15626046923742076,0.17480631164287297,0.16051342766952717,0.3605460003825986,0.18980888956987713,0.1522446256130937,0.19974697608093936,0.18987543667917994,0.20285648542110943,0.08806142693425875,0.10543322795498532,0.1299664173606667,0.1334342635986532,0.15507376646643264,0.022630567807384948,0.04629040036840352,0.1937489976916252,0.13114905395648208,0.09672418693933064
AGACGTTGTATGAAAC-1,0.0631675542772438,0.26199537705170295,0.07059088404945067,0.13428505010329317,0.1809250339627633,0.12343119108062003,0.18007931341732553,0.2490255661395426,0.18789987085984902,0.47512380390840697,0.20294147940726223,0.20963796794124795,0.19345656918094525,0.20509513953127181,0.17858607277289631,0.12479649275476433,0.11937770116203308,0.16939037030714918,0.1968032061558387,0.2206360311175346,0.015149520866911338,-0.08570910323255244,0.2578285546060078,0.20271510480831617,0.13241951934158325
ACTTACTGTGCACTTA-1,0.028565075933392393,0.16358808218002466,0.0036090186992379135,0.05565190193492961,0.14637253080455084,0.09809294850431922,0.13128056795851534,0.18595568535825416,0.11612011111486095,0.3477352245192498,0.18328027381034961,0.19523398266633707,0.21238534829391276,0.23184893806857687,0.21421304218298393,0.04307525238072273,0.05871590183817128,0.13897715449124873,0.1709919649916539,0.19053521188177244,0.026008516774862486,-0.09984162517060971,0.178349759126357,0.11063933774889703,0.04227912682090253
CCACGGAAGTACGTTC-1,0.06940187857714226,0.1512150369913738,0.06700516784510752,0.12441514698086914,0.11803407988232453,0.12576696441341084,0.15062014999957152,0.22875280603972858,0.14710135295996918,0.40955461307531615,0.22810014518699975,0.2210894484464569,0.17356337031772942,0.20684941862208028,0.1837136592770426,0.11792450221657465,0.11409461691223904,0.19460172633087203,0.23164952114157317,0.24446843125368084,0.03666800931193427,-0.06873563455084321,0.1957728559178761,0.15182362792390144,0.1056614227473668
AAAGTAGGTACCGTTA-1,0.09135360013778598,0.21396755509309107,0.0807275557412763,0.16231183455473028,0.10527703083085652,0.04993196635204952,0.05361406592507677,0.17895130975290163,0.08641757509188755,0.3820469865453928,0.21163235152193458,0.17322879012638462,0.13666996811086,0.17765294574240417,0.16110676973788235,0.14366853413858663,0.10262211388122826,0.24921687125120265,0.5169058687799505,0.2574372050650287,0.01977533213231374,0.05181997310032915,0.20030855456265523,0.174322542440794,0.13309036448438558
GAATAAGGTCAATGTC-2,0.1263535962439535,0.2961596454156512,0.12510428400917867,0.1508111928848156,0.09686452389862975,0.0678988131995349,0.10266312138070562,0.16525281450286666,0.10326662411754291,0.28604423660524286,0.14921118029896518,0.16207620820755625,0.13333215915704272,0.1483640261796672,0.14177754464862252,0.17699056469310667,0.16123192241313866,0.18235626113030015,0.16978804535207953,0.199075599293539,0.10299002840791781,0.31679511905203256,0.329373870515846,0.2688988576646477,0.408057650343765
ACAGCCGCAACCGCCA-1,0.14032136679089258,0.23003314496873548,0.4110667942146108,0.3675422232784444,0.03683594027083204,0.04742160970910974,0.05693190601847816,0.036712328159356704,0.04355879158037295,0.13430603577104314,0.010856579116830738,0.030633408866361667,0.028544815146530865,0.025968759561093385,0.018139900490648543,0.33720834131768307,0.11295552473976446,0.0692585315427166,0.0496890524156591,0.07349645741473951,0.0256918022851483,0.2750481587063134,0.3810373763341112,0.1453837726669992,0.22077955290399295
ACATGGTTCGCCTGTT-1,0.05029441139998172,0.19513402754566225,0.05583192314160836,0.13375740589911572,0.14471209830568862,0.11939699184819544,0.15926027084486138,0.21288114155747745,0.11829302246340147,0.41135807961633186,0.2278528110374635,0.209500183532131,0.15876969430179882,0.17677010759529574,0.18856197100268315,0.09562342355047049,0.1081056416771769,0.174389924480628,0.20397488618965326,0.22375330196151624,0.048987965101819256,-0.04094113424030665,0.17892197588509123,0.13370092082065446,0.07530305644741216
CCATGTCTCATGTGGT-1,0.1442896969375384,0.20407006242516645,0.5190265686981959,0.3379103225823338,0.01384692408194117,0.046399617095881036,0.038171894015937034,0.03737623645152205,0.017317893666119574,0.12294391071473129,0.025705566291246994,0.02534268825942331,0.03498146586900852,0.021003576811418834,0.021859042597931092,0.3608501411336505,0.13630603118148388,0.07134818071693648,0.05360762741179452,0.061057283498757546,0.056723709442262085,0.2192390446239963,0.3487238379697772,0.4298566896587059,0.22858047135862394
TAGGCATGTCTAGAGG-1,0.16490149527980655,0.24331540231698795,0.3726498060797046,0.39323931560099507,0.028671730193246404,0.03232192852388805,0.04059751158251508,0.051278958607191845,0.05155313297071576,0.17082766216204284,0.010589216049891869,0.029472711079656367,0.01974478019086508,0.01590568110606819,0.0003717329550900377,0.4278907358289109,0.1675215560919138,0.0853720991855998,0.042103431587392125,0.07334398348712778,0.07692029757859364,0.29265025043418447,0.4297798566128497,0.49411946754225833,0.2359965551279058
ACACTGACATACTACG-1,0.04597312354374613,0.19679385994071666,0.053233329833992545,0.12191501446333464,0.14557303737833516,0.08780834710357885,0.1724982191358747,0.23975014828159952,0.12989447241204258,0.40107938407290117,0.17983410468720562,0.25985082663889175,0.2359021825129313,0.2508161019516988,0.21829093595347399,0.11986923050434217,0.10565425055964599,0.1701875935587665,0.22540707164100138,0.25817425205050337,-0.0012542171445101607,0.07565217643089833,0.19272383595147805,0.16006607900328715,0.08836667311152559
GGGAGATAGCCCAACC-3,0.1591297597678365,0.46970973282468254,0.09634483836889643,0.13447647190799092,0.0745532422348778,0.027233312024958878,0.0432612705465013,0.03810688685367498,0.07301177049789628,0.21746526155174084,0.02122004319301801,0.016785769501275322,0.023290787737617794,0.011709466094547268,0.03566549625331901,0.1405246279664131,0.16525945602958708,0.04696760932185097,0.03466924580245741,0.08419030429537253,0.097276579389269,0.32130850146925977,0.29306133874894574,0.21706519169762895,0.20349634670977199
CCGGGATCATATGGTC-2,0.10248233825865433,0.2352539647719934,0.14266393634156435,0.13143606544620123,0.0586286236659242,0.03570061922311426,0.040417509655849684,0.09473941075789959,0.043326487433191924,0.1962700550121778,0.10811189323308378,0.07945220272489605,0.05144545549891614,0.07788862126729608,0.07954016522915211,0.15672317823718268,0.10609795014353192,0.10787032971228891,0.10098547703767492,0.10055332058826,0.06642568867336254,0.2504150214836521,0.2751011321483593,0.22660943109072412,0.35617150043579027
CATCAAGGTCAACATC-1,0.17060798279276948,0.2396458150908852,0.14550143569861426,0.12688714441081075,0.03984818665064575,0.017822941831370013,0.004792621634168318,0.032327080436918405,0.026911258043069586,0.10937994269815028,0.023585401437917906,0.014872088371418526,0.03082448941521414,0.012027516868338674,0.012563161718839628,0.1705625406006544,0.15591725159390443,0.036973841789673154,0.07337994517431418,0.05190540482776521,0.08309844136388131,0.1938100807216919,0.3126496127466687,0.23053243443437096,0.45731935172155147
CTCGAGGAGACTCGGA-1,0.170535702662205,0.26686137567309737,0.32961432014721015,0.31980687911884836,0.03610166560476871,0.046873154642149736,0.05592736867787224,0.05056035970678913,0.05940499570172438,0.18377125221225724,0.01750484213668709,0.028796174308331406,0.01923741612580905,0.02410475954931476,0.007375036673640915,-0.2676508115555975,0.1575289775653862,0.04655770172611971,0.06445402797997878,0.07267791904510036,0.055692041940413495,0.309900410594554,0.40246142020127845,0.43391255656938565,0.21551359726670352
CAGCGACAGATGTGTA-2,0.15973374082784594,0.2643922063463167,0.17903293847199778,0.18039364667542607,0.029114621001932454,0.0018450650670414031,0.012391609392103497,0.04664733577914466,0.0065590954870648165,0.13917952275280912,0.04534458781879891,0.021539740812816285,0.011729788879203852,0.027689991473057587,0.01944536019590872,0.1957235387511776,0.18305069209397934,0.0799279965198146,0.07800861360935318,0.08390635725949928,0.09888491556726847,0.23274231712333737,0.34228363282177116,0.2675571297020141,0.4809455623969137
ACACTGAAGCAAATCA-2,-0.010385938016318553,0.13685444943645578,0.15213421008239936,0.13873508108837654,0.22809695687466608,0.2252789607210298,0.21639683441222635,-0.008165373885744138,-0.0068589996156507484,0.1626364021461761,0.016322158134758638,-0.007207212384627714,0.22888799662880152,0.23234237962572257,0.16535066037526902,0.15623206726842226,0.009457651560409557,-0.008557849018749697,-0.008363835402306504,0.012630123096601557,0.20495852080302276,0.13178375965452388,0.12864648650645652,0.14921262435450852,0.14390808940508065
ATTGGACGTTATCCGA-1,0.06623709113543928,0.15575561406828525,0.061312039759008126,0.13763693630195428,0.08077767020309626,0.05211041149259773,0.10508894755995628,0.2184286373088198,0.11952883540669902,0.41806570216252853,0.20690001050374157,0.18421295524922118,0.15174653253041848,0.18116146858717003,0.16609538448776742,0.11563295356648415,0.0861870349592607,0.4207722017670377,0.39902560643953455,0.4553098197428947,0.009088456655210544,0.2232804108399968,0.17112935173372604,0.13835141743354448,0.10725415894090436
AAGGAGCCAACTTGAC-1,0.1498733361797325,0.25947442304071144,0.3043731591766927,-0.03801741968316897,0.1540953435743244,0.10660949852421335,0.12491758549217927,0.0934972771920668,0.12019665143818531,0.23349105199673162,0.0744802652261225,0.07333907562894897,0.07073370505431809,0.0647786646324874,0.051596600942155686,-0.0139106072749849,0.1621055892437559,0.08588166190133802,0.08173835930746642,0.104065910808925,0.06960976464097049,0.3403615212700219,0.08457460901229782,0.273410894587126,0.1939719905121509
GCATGATAGTCGTTTG-1,0.05822504464625175,0.23078035384263645,0.06925128303854426,0.0975840097508452,0.18755378868868766,0.11238540956852223,0.186897381290284,0.1392505577671634,0.1739239120571186,0.27609831810363195,0.12880504553152705,0.10094863869357507,0.17223744047065181,0.11633844784395046,0.11720821478429062,0.10298608320284346,0.10293371455000253,0.08872061322202728,0.0770779539018272,0.12653721409380358,0.006357961542942459,0.3342896130163365,0.23116606070562776,0.1664052768449024,0.08903897659498894
AAAGCAAAGGGTCGAT-1,0.03017306390712439,0.17371234401193253,0.017376069937238555,0.07084361991563927,0.2059650103511905,0.1580774884707216,0.2118462347393004,0.11178668781241279,0.17477790134424848,0.07489662644450855,0.09217193842290505,0.10036608173357128,0.1751430885451074,0.11341932202908969,0.10568374286216074,0.06821396881283137,0.12659341918427516,0.06761510588999632,0.051781675259816896,0.07553600218890637,0.03979701788910103,0.1254593510751908,0.15682040685074616,0.09508501657491208,0.06909467468611936
AACTGGTTCGGTCTAA-1,0.07508873259161077,0.17776228428738253,0.03868478212128733,0.10309201264810415,0.08430436275199961,0.03911566435729161,0.08956164911189647,0.19537556127772843,0.13426106485759562,0.36325786452066994,0.14954361740610644,0.19006995354036088,0.12667403980954542,0.17637844814841389,0.16891590936101836,0.08742140103409167,0.10270682086610532,0.20094144474001724,0.26634149358832865,0.2828260416816323,-0.010493740485640406,0.28336164992511725,0.18845111221764568,0.12136512659182351,0.0715020961904852
AGAGCTTCAAAGCAAT-1,0.0059176218621614365,0.16863024664041776,0.03479093051029809,0.12038104530185378,0.028885704914850912,-0.01229360936260224,0.02170758582557876,0.19264283042737115,0.01227904197399378,0.3731592938756362,0.15330947060184844,0.18293435986039935,0.11486818652233033,0.16851188360177902,0.121922600156715,0.08708732629384144,0.07663844939474437,0.21676305889165867,0.4338103783986013,0.442910582263248,-0.01929126468814707,0.1895855941560491,0.1885618982951758,0.1607377788028727,0.08774241341250862
CGAATGTCACCACCAG-1,0.1711022145126941,0.29816503006806744,0.30526975420151314,0.3188878183526635,0.04385269348360356,0.027721571729103965,0.04189413397510608,0.051041416134187764,0.04508053855562261,0.18927442424422566,0.03318704330503133,0.02345296626113268,0.013657224400599731,0.01870290989846938,0.011410352903492332,0.3495322780926768,0.1569450379892854,0.0689171752160343,0.06388177198943838,0.05706856498495965,0.06892584748500298,0.3201874391631022,0.029234126510218308,0.4772192282814784,0.2838098700846469
ACGGGCTAGTCGAGTG-3,0.1351969652933856,0.5079940357562021,0.09149182538340472,0.16916180144183848,0.07970994725047514,0.015029136867169168,0.07373100260914452,0.041265648952794325,0.10490378293100056,0.24097941252144714,0.008644629105191988,0.018982732893730613,0.01024021454377962,0.0051331481768296305,0.014521040720306534,0.15235025963497703,0.19673574471252117,0.03585768774742651,0.02193728286989757,0.04885607586777641,0.09149265770496662,0.359724457992687,0.3405957639273154,0.25236046381723204,0.199576861534026
ACGAGGAAGAGACTTA-1,0.023705570901426505,0.11281437854469453,0.02014350999545185,0.034536380262037515,0.45680987175222143,0.13286885988501593,0.15273613351887855,0.09568110509636224,0.12052868007464766,0.29191338317321625,0.07361995699640755,0.07793591118623441,0.11260381779959462,0.09411033417864714,0.10706015703458134,0.04069428693342538,0.08143361254240469,0.049187639506038106,0.04073300114082228,0.042581590062852934,-0.0037751716456697238,0.27135827115176664,0.1426028313419238,0.07169195230013795,0.06909465535141222
AACTTTCCAGCTTAAC-1,0.06739050006887484,0.1599099836417608,0.009630291561116298,0.08384605477695936,0.1066966425831333,0.08410136155322254,0.1117453704332024,0.22754983681354793,0.14536977126030937,0.41476182703995557,0.17417200769850305,0.22810712883511342,0.2022463426201461,0.22912470552086253,0.21383528229739032,0.053489983952195216,0.06883225239358116,0.16388187423432504,0.17687732615241078,0.2139864131503653,-0.012078111323642234,-0.02768722121877678,0.19579007620391567,0.11946662298002586,0.05784743269341289
ACCTTTACAAGCGATG-1,0.06362590384896258,0.1701225846915565,0.020968335848613802,0.07806340611587714,0.22133471310600758,0.14100690399371568,0.6177164769181992,0.13383790311308927,0.21230083229191157,0.21373436641742297,0.1038421317504758,0.09125443279861045,0.16497005327772815,0.1047610011571356,0.10799806925954568,0.06074251767157288,0.1324607427109076,0.07021762144593743,0.05369283026321471,0.09493472923522588,0.006175099165666904,0.23348129414394012,0.1696541041930272,0.10788853750933701,0.07867082735577724
AGATCTGGTTGTGGCC-1,0.1940691375369638,0.3272482874305225,0.26169215416619895,0.2935131936005485,0.03046681462467147,0.02963142659879657,0.0758042871888727,0.03562915520395045,0.06120497918974323,0.19700182170785513,0.026843816049211086,0.030314887450002215,0.029175460744256032,0.018375281717224964,0.01946687496699194,0.3057577102394476,0.15609084281160693,0.08827081014437357,0.06344166532587586,0.08269728210785704,0.0601178227834842,0.3061769487354263,0.13699717516361898,0.18359131427251826,0.37102909580255716
CAAGTTGTCTAAGCCA-1,0.46144626170142117,0.14115620766962805,0.04181604896853305,0.10214447628193839,0.07448934385470016,0.010107611487698023,0.0187260152142772,0.010881877262791705,0.05762756153199176,0.12241726383068603,0.010561202521686927,0.017269867535733806,0.01647366114150604,0.014216707686151495,0.003868952824128729,0.1041323333713473,0.43729854221028325,0.017781410177953063,0.009605389180158418,0.03161076282751846,0.5517271902197786,0.19076445962986635,0.22905941279470707,0.1685802737214011,0.13053537299018061
ACGGGTCGTTCTCATT-1,0.0597680549237018,0.19043315650641446,0.03694686162579007,0.10425651936324516,0.1920880673089069,0.11948856131455757,0.16711848771265828,0.13026062759144136,0.1396080098103805,0.09391339581165671,0.0906422536152587,0.08853474775394654,0.10783741040381978,0.08050753408854584,0.06252282999017794,0.07871988609766165,0.11238438356591603,0.04833946268920763,0.08749598931038557,0.10757852550147186,0.017469085018573156,0.10849093665454915,0.16874462259817238,0.12003075574889722,0.07217788756895398
GTGCGGTAGAAGGTTT-1,-0.008361647016289877,0.13365959337586186,0.12898020268583943,0.13160702205051558,0.13018244774241536,0.3189389122969859,0.1942989860443794,-0.0065738861604361055,-0.0055221332517897065,0.014883160920706481,0.14769202186129596,-0.00580247694883233,0.13843850284849898,0.2938594723669494,0.1507955014660356,0.13146000893312945,0.11994333265159729,-0.0068898651812725085,-0.00673366615769824,0.17144026408104077,0.24489168757624477,0.11444084551272687,0.1135085493163157,0.1349425264407512,0.002819528597272354
ACGGGCTCATGCATGT-1,0.006668592920010747,0.1380343373969,0.13674166206061472,0.057902753216911164,0.01782973895523194,0.03997997796001964,0.045192910206672814,-0.008857278926296003,0.019624466014591547,0.034907039104981996,0.013764528065673756,-0.007817926192351572,0.0178504041623819,0.016389466217680476,0.016798768823787096,0.10209226206858847,0.025136358575684224,0.01251803721663167,-0.00907255737317736,0.030202108873311033,0.021294699122358273,-0.0013388759790069725,0.15546447724956253,0.0849453789135574,0.029931214867937147
ACTGAACCACCCTATC-1,0.057388480484147436,0.1913394122849123,0.053456547031424134,0.13484087894221858,0.08701982665888466,0.07998699884413575,0.1376216892176486,0.1785747026453691,0.10458316501365988,0.44019317349259524,0.2038109137226862,0.20014959108404004,0.16474163509347992,0.20409428298119825,0.16988209312935212,0.13211984796417237,0.10966125402957788,0.48690384027779215,0.3711830411572567,0.5067657457679805,0.019222940110549758,0.22032098897672134,0.21438284380064612,0.1714344509293994,0.11648245683115067
AACCATGAGACTCGGA-2,0.012473107642225239,0.1386154021186225,0.15214126609643924,0.12872949147361853,0.13705776633800254,0.20641949239202456,0.17144838572664226,0.02045177479042795,0.026811900509768238,0.04971967304930077,0.0474293545544356,0.024808782695270037,0.17194563538522464,0.052564277708803904,0.16880154578442247,0.13946633623014182,0.012850781282253846,0.04528394575647494,0.046663467184832615,0.1640790549416721,0.028438186198532892,0.13293287855969935,0.12297278578319899,0.14539215690325685,0.014067424370420342
AAATGCCCACTGTGTA-1,0.060451131275360094,0.1813066363565338,0.04373196261514702,0.11518814188874468,0.09526261678530366,0.08124865769417522,0.09977803952898685,0.24649053237723365,0.1266676875895114,0.38427558106294907,0.22490000333441,0.26344042129003786,0.2020766053024995,0.25566963309611324,0.2378970975904289,0.09384081381845424,0.05249378062914415,0.23245602277545,0.38571433236709424,0.429730625494891,-0.018642075083774304,0.2635958105084028,0.1894540314950505,0.14598554535925726,0.09801315565010386
AAGCCGCTCTGCTTGC-1,0.01949139980292033,0.13873384310923964,0.021460768009350244,0.05823600420682087,0.07403909744307648,0.0984156812154672,0.12025126286926097,0.1655482002928228,0.10240988782406939,0.20042476572129558,0.13595234341411602,0.1403704042267608,0.16869339403162886,0.15022663939020472,0.14263950852832913,0.06881276260463667,0.055706959401452275,0.09162874312778725,0.12157092809676688,0.17022397470410583,-0.007590134870669243,0.0668447360757902,0.14497898413580504,0.1039913835304017,0.04506110658457924
ACCAGTACACGTGAGA-1,0.0280710828892748,0.15387393657023815,-0.007835391763438532,0.06971775845449145,0.13389580863636552,0.1085089057175661,0.12149062954577299,0.14416323399766728,0.10473169003153811,0.3095740017149002,0.15928021805288764,0.12949053485078385,0.1761990288963011,0.1668945622075783,0.1795715016708707,0.05461790536195455,0.12296845957646954,0.10995188540279686,0.1212032401286436,0.1346928055590918,0.021101094889354174,-0.024887312952940662,0.16656494120223425,0.09947867401144043,0.044468014365535415
AAGGCAGCAATGCCAT-1,0.31806763485575934,0.20967082556676261,0.06298877389048106,0.1063066276633937,0.04265715518998079,-0.011859126970495957,0.044726784967782096,0.014402545363908162,0.058576793203799,0.16252192443020663,0.013488386727054104,-0.009147459631380027,0.022130105880973104,0.008500512467918582,0.009820771242199442,0.12661464558157154,0.22745763256185045,0.00283356107618559,0.021983560574856318,0.0158301026920953,0.17071794602375306,0.18149447664896928,0.23328140313917356,0.17122309346224174,0.1571429103228989
AACTCAGAGCTCCTCT-1,0.06817063976958598,0.18317273665157152,0.026075622877210502,0.09731646042609053,0.06044670773159858,0.07730327801379805,0.10496673083379952,0.1989099196480158,0.08832119694200438,0.4375859508983272,0.2133173600760347,0.22151499605704061,0.1637613189753267,0.20631116617765935,0.19809559075486208,0.1110691843257884,0.08304504951678468,0.19659677510770107,0.5040335824811525,0.5569536508285138,-0.008050815693034005,0.21013753122525,0.19178822289049122,0.14929593976933117,0.08979306598067521
AACTTTCTCGGAAACG-1,0.056960358174531656,0.2336039963576813,0.08432474429186598,0.14411628076797384,0.11497214858126599,0.09784246494253905,0.19395742443183206,0.1609632012526396,0.12394734502346673,0.0814344254109799,0.10400653393530554,0.11522365141575334,0.1138246497368934,0.10611932208381449,0.108462861364282,0.14611839037909688,0.1003420969129569,0.05376642640033245,0.05738778806418869,0.0875327795239704,0.014389015352209227,0.1179080237318843,0.22289229472432687,0.1675036939417935,0.0859282800511832
ACTATCTGTCCGAACC-1,0.09343961002016282,0.2519881904404136,0.28288039110958774,0.26739603751814317,0.15306669714575474,0.10084314216802896,0.1719733584347563,0.11950484044482966,0.14287576261500898,0.2913369281501504,0.09483612150448824,0.09178577954308795,0.14610908711422269,0.1083174791509496,0.11038381173501242,0.29822287725980806,0.13466728194180708,0.1044328488441816,0.10088142389562503,0.13545736346115447,0.04258225674112329,0.3324715234620878,0.0964380527583428,0.4161541448373961,0.1765320222367067
TCCCGATTCAGAGCTT-1,0.159626962677271,0.2961452562551818,0.2882850415452534,0.397421234091509,0.05603323404971599,0.041683466448877694,0.0669753843886792,0.05958775036230508,0.06917150884508348,0.18938969396207764,0.03414302303062015,0.04105169062792727,0.030868254556654526,0.04358155653215559,0.020257935996299402,0.3862609326894757,0.14224219798818236,0.0772293853450844,0.05648924821563624,0.08414887592921474,0.062121950000189455,0.3300482876785286,0.0291843593296915,0.4780038415989186,0.2547586905052116
ATGGGAGGTCACACGC-1,0.18323894381397574,0.1726064082777544,0.08053626994653916,0.08479687981532198,0.11131427432500092,0.04498049357692737,0.08156102935223247,0.016048696578405665,0.10939806212105715,0.1433952006169495,0.02568927179225298,0.01284047975183104,0.0342980001755408,-0.00032952052740367854,0.00024057902806278274,0.11886656982332712,0.4788857864732699,0.031580058334131994,0.005420037408005232,0.01728685755674243,0.5221450988836975,0.1726552475461771,0.19494108957563858,0.15615077304485533,0.12994898678668157
ACCGTAAAGGCTAGAC-1,0.09556047565318695,0.07457458373655478,0.06455201532720588,0.048982342891302315,0.012647437373853126,-0.005346723168882944,-0.008993774807078274,0.00928827759854501,0.01456873735699104,0.07970925893665673,0.0088544718103043,-0.009138600051166786,0.012577237490620428,0.011199522175407426,0.011660228128235837,0.1162587909417743,-0.013169160129265651,0.007807062363576019,-0.01060517472726273,0.022678895959785124,-0.008390135787048968,0.08502405920537062,0.14945199189171887,0.03358875602351598,0.11025351135090368
CCTATTACACATAACC-1,0.13837288314790797,0.30998039501830466,0.13579419205236354,0.14758710056500643,0.02288419568926147,0.01379513112716535,0.01700397790953999,0.024861411085404028,0.03614456059731717,0.1674216865818206,0.02377679922485748,0.017531547154310326,-0.010977691423132253,0.01380692466115688,0.006021895310925316,0.16167584795321588,0.12909629595916033,0.050877786386030535,0.0617719833082525,0.06882993344820197,0.06976532709490219,0.2683904056939729,0.34985054479074523,0.2717474179838417,0.45880196310085886
AAGGCAGTCGGATGGA-1,0.07949261176397134,0.3425099957551507,0.09135462239260068,0.16974056442762284,0.1446018999730664,0.10049404005006111,0.1477873278656726,0.17998109078289026,0.1675522174048408,0.3563794693264306,0.16025369669054293,0.1553826995070378,0.15206661637583427,0.13570426673752783,0.13223602165903187,0.15973708135069029,0.14089302401721684,0.14200631616833287,0.1536021994870175,0.18424183677955946,0.02916182960360028,0.4564014045911374,0.3230401988331998,0.24725596833331742,0.1467393472942031
ACACCCTAGCGATTCT-1,0.14506231231559066,0.1719646378220975,0.4711306810597193,0.33103142483262243,0.058056000368078155,0.056296608694913194,0.07420728717784987,0.08216802895215071,0.03810065717716671,0.11793465354675274,0.025475617393387127,0.05931288605245532,0.045647682178474695,0.0418682478143064,0.0192107129953452,0.3586537118585953,0.16191245276999153,0.06704341333462648,0.05818345841025397,0.0678581118242556,0.06725966134326009,0.2069950581081643,0.33132511263956727,0.32499831560210013,0.18010525275819667
CCTACCAAGAGACTAT-1,0.03583232312096484,0.13696251283198801,0.029223582918330104,0.11021239170897375,0.08258696119656454,0.042206611461032335,0.0658147694081819,0.18395498562057985,0.10194376302869511,0.1472496916054328,0.20993074934476533,0.18244301490313883,0.13625698964235244,0.18889777781225667,0.15189306117295862,0.09772848295800425,0.06314651667788261,0.27656908099623295,0.38982086230144564,0.320711232154943,-0.008036969630781465,0.21515461678468303,0.14148221870351108,0.14353860244296512,0.07950367330301805
TGCTGCTAGGAGTTGC-1,0.07850908813225385,0.3488733210182955,0.0852710159618124,0.15624366196648226,0.11378378523638634,0.0769704391171297,0.12885324602988563,0.1324362648857549,0.15223487830890228,0.2919502133066706,0.08730379191210587,0.09322776964673893,0.11882782454892092,0.09718813872659207,0.08605273702826138,0.15842901740428922,0.13507173577446224,0.07316435250701803,0.07136112658549139,0.10983493628693396,0.03350336534951026,0.4379464929094691,0.3161176582919356,0.22845630621301932,0.15394098931209174
ACCTTTAGTGCGGTAA-1,0.013114814710029867,0.15044822762198892,0.031006198386544222,0.12422620330881663,0.080941579104388,0.05556645038476829,0.10631308655800192,0.2368957335229145,0.11047615940936945,0.3331969193555014,0.16603782431999772,0.20891850392882536,0.16111916700723833,0.20142866634846482,0.17504057468343562,0.08844930479744917,0.05904841904144637,0.18897644344533035,0.22225106110718182,0.25429395060606036,-6.791557862161746e-05,0.03238161765271658,0.18724923002698535,0.13548412865648793,0.10210662008388449
GGCTGGTGTTAAGTAG-1,0.1529155895289249,0.2776442681667707,0.35067595132964285,0.3742824991930364,0.03698633427757565,0.03686739087118174,0.04964247271576471,0.02772567117844763,0.036763527413958795,0.1958899761872572,0.013216558590681467,0.047097097446668824,0.015139693788471499,0.025555123396132837,0.02002231357648732,0.4193173662700303,0.14563413267905,0.07820387037494275,0.06658572070725369,0.07039482136158154,0.04418192546066583,0.31703526063820686,0.41847976835073636,0.4826278720009729,0.2308767521263342
AGCGTATAGCTCAACT-1,0.21124574135851265,0.2388522753202445,0.06776491844007891,0.16690960587154907,0.08632745579423445,0.03635055339156148,0.06243328396682045,0.013105201231324921,0.08586418787048723,0.1598158561005331,0.004425274690363528,-0.0060964158601528665,0.012365177416293605,-0.00856888855452375,-0.016485815357597453,0.15297768271300946,0.5706906469605203,0.026598636576903426,-0.0039453750778005725,0.02578878024829175,0.19595316618112393,0.3069437073915795,0.27888712245289055,0.21209500761818695,0.15233037435749783
AACCGCGAGGGTGTTG-1,0.06781847425772469,0.1796522049986003,0.03787776240396012,0.14083884230282168,0.10284469016550835,0.10615218143646339,0.12794667903667511,0.23818223020898413,0.12310987100457231,0.4966253841844732,0.20083845438327008,0.2586027633259526,0.22338150548393557,0.25984385596618853,0.23672722042192748,0.11047315645543021,0.08099790984133733,0.14909124673552404,0.1558820102158756,0.2188508145807518,0.03057686860699366,-0.11670683950235645,0.22443978437499024,0.16657107702674284,0.0934686189458071
GGAAAGCAGAGGACGG-1,0.055260810027989445,0.2332539768323639,0.07296962810673899,0.13285077663265496,0.1561309736299242,0.09517296650598807,0.16609674982510605,0.20122040680853281,0.20472318720615476,0.08506531601520188,0.15178491022510243,0.1845149776171264,0.2140427139785245,0.21172247948300202,0.18984761441817657,0.12684464407135937,0.1327651520913493,0.12035852600854588,0.15735938113262982,0.19720144173954263,0.023715574468693164,0.2507510810813695,0.24128778267355008,0.17968459577670665,0.09819921118489545
ACGCCAGTCTGGTATG-1,0.00867515836045564,0.13136317015242358,0.030105087292163053,0.0486970892708063,0.547609878936125,0.15935398331976233,0.44453129573514166,0.08996899945721575,0.1270820319189582,0.14832266111915376,0.08813477859961644,0.08210015495794597,0.14145290851915532,0.076088251360442,0.08911102609793871,0.044451215190123204,0.09440442606188568,0.053055263360038935,0.022999450919281322,0.055065524072827395,0.024199568879533184,0.27274983694857124,0.14216769720625785,0.10082053421037791,0.08015350967038783
AAAGATGAGATAGGAG-1,0.055287153690661894,0.17380680257274075,0.034092238286060804,0.12066551950304182,0.08435922409821503,0.08999840622704526,0.10862136267472491,0.2587708308797276,0.10379849313495286,0.40446235163575595,0.22072963521705372,0.2501159719269366,0.18668873223012708,0.2249164878875712,0.1995708252923461,0.10540316722988127,0.09452833970806804,0.22808469664094355,0.4347335209984071,0.4449232973443837,0.021536025225219173,0.23252034836498978,0.19426501908257032,0.16382329532370662,0.09376751039767921
CAGAATCGTGACCAAG-1,0.12036208705538416,0.28404012311239235,0.34249621926634843,0.3773270889106517,0.053786180193840065,0.04040631347969373,0.05755498422519276,0.04452138083054802,0.06066470814255253,0.19792077141508319,0.03268526595631587,0.040074108325695114,0.037609814609333186,0.01868698050602269,0.01866420778569926,0.4222705288875652,0.13901590211300419,0.07570591144316957,0.042136604896321386,0.06429751995273741,0.05152156542796759,0.31386564122905897,0.435239031584457,0.5015376911458609,0.21836575674845554
GGAGCAAAGTTGTAGA-1,0.12294837092699958,0.17997474544363384,0.5900995461000959,0.3535160587742942,0.016997205815402965,0.03876560445727972,0.06895083102208287,0.028663199898315707,0.03249554135458813,0.09998542797848774,0.009388290258281164,0.028073187779005155,0.027725975179947033,0.02369524611153914,0.015500992786160336,0.42451323658659307,0.11618464994537464,0.058703442784782865,0.03498291911796602,0.07303219593890979,0.06654757982932916,0.21351724112450307,0.33902468153161464,0.4582226628163763,0.2027009259080613
GTATTCTAGGAGCGAG-1,-0.00836164830941232,0.11302395402371725,0.10151434349602784,0.11739637813892123,0.1745858423305827,0.19805454224409838,0.14816276908274145,-0.006573887177082672,-0.005522134105783474,0.12020599640292746,0.11758623924829897,-0.00580247784618104,0.1357336771852893,0.14342492952374689,0.11410808345345975,0.10178587133773083,0.13327012566130622,-0.006889866246784994,-0.006733667199054663,0.09823328829125307,0.15162417671733744,0.10347854168262137,0.10411582533563758,0.11840242168324976,-0.013185295775535824
ACGGCCAAGTCCCACG-1,0.048897958406738475,0.1459587755348203,0.07257219338050679,0.1308659238671824,0.10121216923091463,0.07647107317075312,0.08531347137605508,0.22836569454001765,0.110706761710715,0.41522437009066077,0.18847235879206792,0.2134444302519953,0.17619547238365768,0.21698124300560276,0.18007452906143784,0.10567201727978402,0.09881767773079564,0.14598170944762792,0.194920760655219,0.212177848956541,0.025515136569419977,0.02813076901014427,0.17863168241462252,0.13491410928475595,0.06789451416970405
ACTGCTCAGTGACATA-1,0.029747963755134874,0.1710183966481534,0.038766572084819324,0.08419204079923753,0.15298986523036598,0.11911543000138528,0.17913533807752446,0.20921735099932803,0.13676954540227335,0.4825601579276445,0.25814036258909395,0.20697398032870196,0.18367913404541023,0.20077440657607834,0.18672249859309054,0.08617679237484056,0.1011766741780602,0.18966964551504065,0.186023356883812,0.20666250567459882,0.01910949620157255,-0.10371811439761451,0.2016925008794661,0.1321665763054576,0.0774300208660306
GTCTCGTCACGGACAA-2,0.14767193422673644,0.30345266384420727,0.15995944254643493,0.16029175253730632,0.057979489554909905,0.04258755868664657,0.06187749295712198,0.03254184931991646,0.028231307250264966,0.16251347939842947,0.03143871162386301,0.01038007859424114,0.024369531357257876,0.014628356836732758,0.014594482848511533,0.19849337397598987,0.16564432161928372,0.07316286911124195,0.07107224867098093,0.06955382619897241,0.11373300786911017,0.2423116182227616,0.34463807804744945,0.2854908752724184,0.4650256767744828
CAAGGCCGTTAAGGGC-1,0.18194732831812083,0.21405892943983945,0.053253881641378786,0.11610428911637223,0.12001422049033193,0.07822707138852082,0.11637848541890963,0.16151799368606493,0.132089147931252,0.37882871306650134,0.1635124550661212,0.1682657298316459,0.13796902947218342,0.16286118354241536,0.14003775326387333,0.10145257837106952,0.2026795283393962,0.18196294446117625,0.2100867278039238,0.22641469758456792,0.14551858183410218,-0.08966491347019634,0.23145274117606615,0.17787092381418163,0.1487176256981961
GACCTGGTCTCCGGTT-1,0.034188968403245784,0.13904848797591393,0.07789789091616933,0.10798874730688354,0.08033097162608026,0.023496035081041595,0.0740427701504547,0.17150440449537246,0.07857042131854106,0.3093664654963255,0.19708200242912854,0.18015130469589705,0.1446531041498948,0.1762192537927412,0.16901947052350547,0.10088712142550763,0.09940047502310001,0.32228836301395813,0.40157837186776557,0.17792239717008934,0.014396725986416701,0.2251187155204111,0.15257345815837547,0.13749032973723674,0.08656998631435046
GATCAGTTCGCTGATA-1,0.07325147877916709,0.28920933510890817,0.06430939421459217,0.1460725522756459,0.17396502230911554,0.10235835529506086,0.16560265198185428,0.1654266474036765,0.16143827832614444,0.3386663979312928,0.10666552104858613,0.13298434501340628,0.16293930572357374,0.12258909292023279,0.15243267029705115,0.1351932594404602,0.1368626613702626,0.10398121017652734,0.0896525437616487,0.1395136959065287,0.042888840598910696,0.42612336827727226,0.2727550671952778,0.21168542178472344,0.10098613949747447
GGTGCGTCATCGACGC-1,0.012776005943813973,0.18527648586842702,0.17050752701969854,0.1710982107534332,0.17177596671382228,0.22515195528271312,0.2095415279885406,-0.007297461737668867,-0.006129944317832701,0.1744673987143216,0.17090248747204406,-0.006441144930778737,0.20357380310059048,0.1709982715139208,0.19550682717548656,0.1703773752663231,0.012850781443921556,-0.007648219989057077,-0.0074748284258057225,0.016147402981487126,0.18544265900149007,0.17638790502049667,0.1541090384219372,0.17015500919079551,0.013630373923704047
AAAGCAAAGCAGCGTA-1,0.02103878514609898,0.201319318102692,0.05271745484618235,0.07602995523824269,0.0946513000864025,0.049600690838663294,0.06348710457405671,0.019025336614451903,0.07998693234559204,0.13819871625174018,0.008980012298642452,-0.0074312544676425046,0.02576978173019548,-0.009211215977002493,-0.00877618648153199,0.07338614963975887,0.2994371979764491,0.007761585351485272,0.017650556809043795,0.02003871429810314,0.1863496826470406,0.14812667589378453,0.1877810284912056,0.12569118939597798,0.1444144886757516
ACTGTCCCAATCGGTT-1,0.04092662060058338,0.1973622268947307,0.057062737020888446,0.09748695180004188,0.18235978654065665,0.14785379044080693,0.21051057068449675,0.16840870622302387,0.1880768223338633,0.05095016142363603,0.12067739355107904,0.13513676445898343,0.14178886673450347,0.1245357218876706,0.1262748770226096,0.11164931549016373,0.09855510235592357,0.11341790303576703,0.1165157968667288,0.14143601617862328,0.01563817228825108,0.1833476931597446,0.20350192117328259,0.13184073976219854,0.06728216592415885
AACTCCCGTCGTGGCT-1,0.14943888576602543,0.19408612113371407,0.4894291562126819,0.32359064180783037,0.008801929851453078,0.02234320903900443,0.06226116367951058,0.046978590917386966,0.06568316027699962,0.17772323224873748,0.028963251799481345,0.03921942906498379,0.018302546428940754,0.015419080165131339,0.006328177381121588,0.42400651818325186,0.1331544877718382,0.0440871705751204,0.06247264482041702,0.05916079218935414,0.05836248231891812,0.2317653765177255,0.3499971541511836,0.39963325376209163,0.18253638925769533
AAAGCAACATCGATTG-1,0.049689531662742356,0.08929701519159354,0.17761397799216702,0.034531470136388485,-0.011159374489895372,-0.006428688338539389,-0.010813758894084098,0.02028400959636611,0.04793123647944238,0.07382903895265427,0.003551596552684302,-0.010987891036031603,0.007068594756068539,0.005791084910742845,-0.01149486716253499,0.05719660247664929,0.010150499708042634,0.0025655426672051337,0.0032106519524289635,0.014537586228051996,-0.010087967225771393,0.10111097683743413,0.12027927161179151,0.03180022748803295,0.08498258493962235
AACTCCCCACAACGTT-1,0.050491479890938475,0.16520111131580176,0.06665148024881676,0.1104365288554136,0.11461730452443,0.0800566753485066,0.09819265819373814,0.25220646952199055,0.10294844184339899,0.23285689329121534,0.22164923056693572,0.23817159558733403,0.20137615605156392,0.24289149509079844,0.19571744644047845,0.11643841598105369,0.05757320720754361,0.2015313783753181,0.2640456407892227,0.5287855643421914,0.00340335257910805,0.27011759843688293,0.18928015971194803,0.1408625250849037,0.0851621161306385
ACACCCTCATGTCGAT-1,0.07751447006226479,0.2446509270481501,0.05292490808012765,0.13416150690587456,0.14341245895406748,0.12477661098655216,0.15147016347826867,0.16874107175601213,0.12375008521636581,0.252253376831316,0.184987641240767,0.14853338469222657,0.15633625749558075,0.1553384810008751,0.15903940176011444,0.1275312632039984,0.13893540835913318,0.11874013785935938,0.13909738192079246,0.13570796515617972,0.024081055171241747,0.11055889785020123,0.24864113181291134,0.14750647454687832,0.10451003918925911
AAAGATGAGTCGATAA-1,0.0362240824764817,0.21658620690936947,0.038571342331101266,0.05944811556160619,0.1341030949121013,0.09906989434468826,0.15975573374231683,0.1918136337491271,0.1255237515867574,0.4040458479016745,0.20548347935346664,0.175574937629288,0.1915320654603701,0.20019022653310367,0.19560645285317257,0.056778797773228494,0.09319665126877712,0.132733835830607,0.17625227044275274,0.19754966020646944,-0.001650374338457429,-0.04731345241398685,0.1990499816240772,0.1335350570881125,0.09362269858242384
ACATCAGCAGTATAAG-1,0.07807845095967245,0.17446912148163843,0.06347849468625118,0.08781667631966389,0.10688097058121498,0.11823011788792026,0.13273845880648813,0.15905346265000125,0.13765222597005852,0.20636177391486113,0.13204822274248929,0.11061967598757799,0.15644184946181167,0.1275678907182743,0.14068046093696301,0.10553843619940352,0.07135308810135331,0.10780314928602809,0.09506979958583385,0.08796934413848106,-0.0006226203609119618,0.01696911442948691,0.1675175135178329,0.1398829059129112,0.10634429342092784
CATCCACCAATCAGAA-1,0.062059842893239375,0.24795691391534921,0.054537876890629396,0.14941178043293438,0.1113325936146487,0.061921304202190594,0.11340737583967306,0.20517135728026256,0.1267069902110751,0.5946849182301325,0.18439012205390862,0.20759190144234418,0.16743752595935402,0.19684660859715394,0.1696954934966333,0.1371009602230126,0.10139413502212968,0.21397879149397342,0.24642622172016854,0.2553974011175759,0.008469946833360758,-0.21040928951109392,0.2308183645876545,0.18335315594156043,0.11490162044663695
ACGATGTAGGCTAGGT-1,0.06927238441768158,0.18242347417710322,0.04530119784615857,0.07713668054131458,0.1353979397342934,0.12059221111809712,0.1901758359025491,0.17788290080918057,0.15746157337666994,0.4272848064529776,0.20039804614604131,0.18853949643427106,0.20468042987409088,0.20098300689123397,0.20532512398485603,0.08330991893698377,0.13406411083057726,0.14935077592356966,0.16198976934481282,0.16350257316194922,0.018757399692871372,-0.08648131404243113,0.2006261285841533,0.1540904749255507,0.054878009306010465
AAGGCAGTCACCCGAG-1,0.048430429196083175,0.1671924111093639,0.045543593171286846,0.14050366745694387,0.17112439584017927,0.14754193923677425,0.18756278222946304,0.2977525659450037,0.1727694836955309,0.36750061067309875,0.26788172974545044,0.25161362850014096,0.23578999078173427,0.25219802734081087,0.24612243228282188,0.11240858337652843,0.13441163230396838,0.21960281977007826,0.2535867418430096,0.26576332674999414,0.012946621280949776,0.31080395443053616,0.16068461844051324,0.12431943039496424,0.06640083721726817
CACACAATCATCACCC-1,0.04974100844231396,0.09009995338446519,0.07238345394289278,0.08004704229980002,0.11308307389277983,0.11487508096787868,0.07419894144570635,0.3280307493192663,0.10762670995298682,0.33858078026797306,0.1742368276536033,0.3309717592144531,0.1570060489655459,0.3045459167785003,0.15177181472995407,0.08730689181952511,0.06947409075563728,0.16744597239559972,0.3100229041701885,0.32852110032094456,0.002275245296442266,0.2313296107050713,0.08645420279465134,0.07630881989088838,0.07168331884733424
CCGGGATCATACGCCG-1,0.06707643005249542,0.18764259590762405,0.0879376096311904,0.12460437123756214,0.11513391202748063,0.10003424543538711,0.14001779768416306,0.21076100093442832,0.13573089861492244,0.4956481369849918,0.19125901246456073,0.22783121060140565,0.1757504290587866,0.2037015737597951,0.1700510567667654,0.13076400740373584,0.08811511543210462,0.15810452666001448,0.2116856989523199,0.23069049199777805,0.028459583226154803,-0.1427734554952799,0.17859208280903305,0.1414761898585635,0.09155762870879491
TATCTCAAGTTACGGG-1,0.14222236606292366,0.29982104718121433,0.331384663299408,0.3461044793689964,0.0431750436613208,0.040038201059212866,0.024213337822938746,0.07100127840642646,0.034493946132368024,0.19542781068924814,0.038799090834596386,0.037879561862239855,0.037390055813859,0.046880649132701464,0.04162882525978144,0.36294178917866,0.14747790877482372,0.07272607349861201,0.0808404849850541,0.0853230309424744,0.04140580772122023,0.33080641582757253,-0.0799740779254388,0.5990416349697447,0.2659961390682795
AGAGCGACAAGTCTAC-1,0.06290011596640836,0.25215507953328725,0.08720342459260363,0.14276141757071034,0.17323793199370752,0.12354741544839482,0.20152221035955478,0.20210255669811492,0.19670461087835822,0.3020908274269501,0.1460146082364097,0.13594210713498345,0.15336315535373005,0.1345782711401485,0.11765938655514274,0.13137415552863765,0.09202570603481225,0.08227048273793534,0.1175143243078678,0.13204341206318318,0.012103608111183342,0.36942030491817884,0.25667670384180413,0.2037868887686826,0.11480186294720289
CACACTCTCTTGTTTG-2,0.1474970351724468,0.4887137019392326,0.09817763083458758,0.17831742389295532,0.04478726009527065,-0.003636492798504217,0.001395910956335153,0.022320654740634785,0.06353674239323284,0.1989353718922134,-0.0001088365932802072,0.0014071312064316975,0.001317684645155691,-0.010363014089499146,-0.009905141532382101,0.15922199454927938,0.15857363617639328,-0.0021117228044342114,0.012556800209892761,0.022695704397786603,0.08261428269790554,0.32998847853931357,0.3529383903247069,0.22615535769162992,0.21518665943379706
CGGAGTCTCACTATTC-1,0.11032901264849237,0.1899843330423131,0.49119462204529857,0.33344689085029716,0.03324980855817952,0.044179872568063876,0.04780833913152631,0.06474424546518151,0.038605094732328954,0.13223639758181832,0.006030389867957862,0.03481611666620326,0.033949767295017835,0.030608426691911567,0.010761972189363722,0.41924744644038003,0.10182053018886754,0.07885116456352816,0.06233194757309522,0.059700402750239356,0.019061445078349816,0.22168459843286792,0.3153600557499348,0.4190294952300481,0.1938740096093046
ACAGCCGAGTGAACGC-1,0.05613729133570593,0.17426794395569795,0.051940522984289514,0.08086568871213529,0.2587691246706805,0.13363156596978876,0.20444397174574785,0.10739423949721286,0.20035332396619482,0.22373123620065619,0.07875122573064645,0.07409667858465487,0.12526165641312426,0.09688599581251459,0.06983645704100566,0.06489007617245594,0.16553288855291454,0.03699106649620994,0.03893720476484918,0.08700315686548803,0.05991610440949502,0.31350506896194386,0.18002401216897765,0.13762727932354113,0.09115096221110337
CGGAGTCTCGGAATCT-1,0.07287431877874594,0.20168861534829935,0.08343560726455283,0.14156819751492897,0.08900867036182711,0.052301541533582845,0.08479139470759745,0.19207021433172913,0.09842131293453198,0.45045464568997257,0.19070882911007767,0.17507900427840029,0.14008490354434083,0.16233128607773908,0.15551401836267917,0.12292887077732931,0.09106760049465522,0.22370428062946549,0.2146709738813147,0.21681689334835255,0.030898953386847748,-0.05682115505339368,0.1853202611070097,0.15115598284796677,0.11976226203216622
CGCGTTTAGAGCTGGT-1,0.1546644516570342,0.2663076213350825,0.37398427055377076,0.3821920368713742,0.027928263353506427,0.026898591456292625,0.02429021276740032,0.041428516312729154,0.04082766198696643,0.15563032819647302,0.02375831782398132,0.03704735832816185,0.020585210419595372,0.023609047593237682,0.00908285649102284,0.4178178853906903,0.11738376547082112,0.08508664030222124,0.05910733749968198,0.06533058583322662,0.04096104432063566,0.26802051255290793,0.42695646726290076,0.4830940427878295,0.22699702328707197
AACTCTTGTCGTCTTC-1,0.13800194105889324,0.1557895571664228,0.5285877564172131,0.31555879543361415,0.0406230717990278,0.08708313594588765,0.0856465711977582,0.033193168644579565,0.07503087074780192,0.10607562187757907,0.03220134138467869,0.04149390903560877,0.0685118720362474,0.05108221000958476,0.05222257070318654,0.17049500488102026,0.14689579655644772,0.06646390418422864,0.06941207510508539,0.09203185922998598,0.07960612821762779,0.16861131970033616,0.31395216104277374,0.3411024397373557,0.19364616103418483
AGAGTGGAGCCAGAAC-1,0.013889528951052983,0.13327266885549569,0.038330789868740806,0.0717482987252473,0.16530124790629822,0.14915234813172515,0.1613295181718436,0.1649102816983876,0.14153856642372803,0.36527039171146897,0.1321038015318591,0.15599975368191535,0.23314788818485735,0.15657842705838995,0.17121447151112595,0.06320253388637567,0.06994485906955368,0.11522865588003373,0.08905009321078367,0.1385025436159064,0.0331751012201154,0.329568145155238,0.14830345393809363,0.0771571374967916,0.04544810529360816
AAGGCAGGTAATCGTC-1,0.043083990492043804,0.16050067945987087,0.06547158527189946,0.14648050783500707,0.1450148133659587,0.0753180221184158,0.13131118403174794,0.23678460420364467,0.127163370305247,0.42668553886323063,0.23196773575551272,0.24486400059499677,0.20728843939776745,0.24564636386430241,0.20150090631654405,0.1320443525793626,0.06509381615814973,0.21514471402591334,0.3909057389036633,0.5119782880186291,0.0015315639941629383,0.21874804111663587,0.17049167371730645,0.14659389588646046,0.10525775628857885
CGCCAAGAGGGCTCTC-1,-0.006951739889516442,0.16566581303581013,0.01755750948361507,0.1395241443541595,0.20088216196047992,0.2920567965009126,0.19614024016078285,0.18719302906260646,-0.004591013460255449,0.17480149277038087,0.21012703741277433,0.20142861946757878,0.22758333864290917,0.20664056060786345,0.21045525651644784,0.16608040331065554,0.17844486861380277,0.21108795446757408,0.2106172087073024,0.2066886361052426,0.27173205530564815,0.1400880708815196,0.015765435929456097,0.14598731034301476,0.007875470466418701
AAACGGGTCGGTCCGA-1,0.03323631955421156,0.20856756228762435,0.01918240875702047,0.10269072476978569,0.10778416580330523,0.06782506759225956,0.10329406053430402,0.1993647575103499,0.11798034668927145,0.3572522796024002,0.17951775693398123,0.20368362723703826,0.15058751985003854,0.1899135559751746,0.1636694040464526,0.08404144547629752,0.09201772341903346,0.22059366041407533,0.2700917399939227,0.2888133038715785,0.009662648338755294,0.3030389412217666,0.18910556153768573,0.1344194615847878,0.0885028460185579
GCTCTGTAGAGCTTCT-1,0.14417609649933255,0.2721077691401588,0.12549189218832443,0.15113174800583146,0.025246588428211363,0.012153475470673783,0.013354703804552281,0.024683688132044718,0.029878895339795517,0.14208059271365564,0.030930740469713065,0.019221411422626247,-0.0072424672476435695,0.008545600726517387,0.008412830141752764,0.16580215626364175,0.15369735107498078,0.05719988234611341,0.07552129358470248,0.0594674598549016,0.1163773385070606,0.23835285408792242,0.3063647549398708,0.24536812709842787,0.43579796673948024
GATCAGTAGGCTCTTA-2,0.14932831701016985,0.46832696513330313,0.1082528614311307,0.15835994284028354,0.0556059245604948,0.010392053278853852,0.055961019349976465,0.02233240882595868,0.09352869111849968,0.18226333099834077,0.0002236886054825328,0.0027080532248314674,0.01568037711219309,-0.009039771815391343,-0.009382957602910611,0.15664489976600188,0.18041313928040875,0.011003006557648513,0.007205898439413155,0.016740326685511796,0.10024847618727191,0.33855777444126717,0.310600484204696,0.2498510499580955,0.23115226705011827
AAGACCTGTCCGCTGA-1,0.03977453046197194,0.12858775406719333,0.018871367020854853,0.04257835234541022,0.15840824713078525,0.13172190622187313,0.16208950599842326,0.10422256576571795,0.54420799973722,0.4005929758480697,0.10333008323722825,0.08756901979617274,0.12056704692166888,0.06928905099550395,0.08229415438969116,0.0441125183052568,0.07264778229895465,0.07664179262139786,0.08012212939760567,0.08672560129456072,0.03537512217447424,0.355889808140369,0.12236252041365309,0.0836617717447496,0.05912012803188647
AAGACCTGTATAGGTA-1,0.06429863088926899,0.17384117349890008,0.05848810295522028,0.12805729454490605,0.10511667638327343,0.08981414906871998,0.13026512845601573,0.21792300695729647,0.09475890792038576,0.2973759214814115,0.18224927919927472,0.21271592141145482,0.196784672937297,0.2253034482836762,0.1615770879866918,0.13035839864544324,0.11876254273834243,0.13640731742211837,0.20346148252337648,0.22503712948177826,0.011363459002369592,0.015569595020246883,0.18206247679463272,0.1643697199721943,0.0995273116788281
ACGCCAGCATGGTTGT-1,0.032418234163459174,0.17973094879561044,0.054952700720139004,0.06846406742461694,0.2113906662006751,0.14815837718701702,0.189684019421883,0.14951841088388151,0.17364731496993743,0.267944086080852,0.12985340843827212,0.12317191089945657,0.14268224896226195,0.10375758274585259,0.1073882746156123,0.06516565056158344,0.17334103589200617,0.07888970972355362,0.08956487304136514,0.11577709444316667,0.035670212397387574,0.3204466702419975,0.18282162474852737,0.14012537025282185,0.060310484276350336
AAGGTTCTCCCAGGTG-1,0.10171933731912935,0.1392945931538913,0.415328029471994,0.29909121071086503,0.021179028039041068,0.05071468383445553,0.07406012598039564,0.07619133705093767,0.041926939381574796,0.147223135034213,0.030178287562218416,0.0722410929800311,0.05422525930336455,0.05072156092841496,0.035638332519165296,0.37399811150723616,0.08917203145207586,0.11382050958546287,0.07344172086287568,0.10286078697979521,0.0074639339117699485,0.20079308683568925,0.28698305020544984,0.3096503424656953,0.14156145081854768
AGCTCTCTCAGTTCGA-1,0.05722261283902034,0.1534490212692447,0.028125197376164625,0.04931293308782431,0.5062523783811335,0.14181352707887918,0.3847429799515822,0.10653517078799236,0.48315741709037896,0.4188939907667011,0.062326872290656025,0.07653620064670806,0.16237520292545943,0.09738568999231946,0.09106373388370201,0.04648397978835363,0.0983659699742186,0.04915983679655062,0.008484565785789929,0.048072684423031836,0.02212635018211501,0.35868291319306944,0.1850723536300955,0.10512120729324276,0.045639661054867775
AACTCAGGTACGAAAT-1,0.05972864832710738,0.2233592115240341,0.04256396585064985,0.1276067576050585,0.12505491854121795,0.10002886108564678,0.16905266206651343,0.2349621828302268,0.15966016315997658,0.5979931656621718,0.2372345889153,0.21358402190753542,0.18502583791117214,0.20378715298488598,0.20729740556467868,0.11235609333475201,0.09824175563067611,0.19284420614364825,0.20320442738234756,0.24226113097599208,-0.005593007922049583,-0.19472491781945456,0.24050109218524318,0.1712839894373106,0.1420022214157404
