,ABC,ASC,CD14,CD16,CD4 Naive,CD4 Tcm,CD4 Tem,CD4 Tex,CD4 Treg,CD4+CD8+,CD4-CD8-,CD8 CTL,CD8 Naive,CD8 Tem,CD8 Tex,Intermed,Memory,NK1,NK2,NK3,Naive,T-mito,cDC1,cDC2,pDC
AAAGATGAGTCTCCTC-1,0.03705259164123691,0.04220910460004494,0.03549957368843731,0.038238806830252284,0.03832984088034213,0.036848363792026606,0.039501268561641184,0.04222103422838311,0.03900902686368968,0.061990106647091994,0.04167591114846737,0.0412535403666771,0.040695203427744533,0.04120252303234508,0.04060106314341421,0.03690183011783842,0.03865129075747754,0.04173027030479356,0.04351947086439675,0.044119923059967966,0.03406975733408134,0.025561238668595478,0.04269625128933724,0.03937029524123521,0.03705171351048209
AGGGAGTCACCCAGTG-1,0.045002962113373186,0.04219030962693516,0.037690414686812175,0.03989350219391974,0.038617260072922384,0.036389240758758316,0.03720347118534858,0.035461901902634395,0.03965545241972243,0.043212066187986446,0.035140951647076354,0.03476008220536829,0.035111278230418215,0.03393037419917668,0.034313660272855685,0.04050669631410809,0.06253487657297313,0.03635385043399321,0.03522977768677259,0.0356873229142732,0.042948357144980825,0.04741657287075994,0.041732895913403324,0.045233633475883564,0.043783088969543964
ACACCCTCACGAAGCA-1,0.05588785203106043,0.04119773724026435,0.03703660707343058,0.03953416716484667,0.03684458718829402,0.034844917627971546,0.03649724913347724,0.03515112261807428,0.037630131550777504,0.04042846480972319,0.03436090070485757,0.0345719895695733,0.03638948973955035,0.034890273637342414,0.034073821278298076,0.03890305037258052,0.05282005508346901,0.03558609046318958,0.03532597751474249,0.035634300329727205,0.061631987786444874,0.04345303740079539,0.044290810252588214,0.04185337408995904,0.04116200533896236
AACCGCGAGTGACATA-1,0.034183100003048306,0.0385829275337353,0.034626008457421635,0.03656710786919302,0.03656186330704943,0.036357307588260515,0.037803418455637096,0.044326783576051326,0.03800875011635557,0.04756876305795591,0.04306979420769053,0.04315443323499421,0.04275850774899714,0.044082825994919646,0.042485635876535435,0.03581201563762101,0.0350536353562107,0.04282356680645405,0.04585941392863288,0.056071698232395835,0.03372329391672961,0.03731806549944546,0.03881784493960316,0.036421702872495944,0.03796153578256618
AGGTCCGGTGCAGGTA-1,0.03533120593373999,0.04318880901182843,0.03610604530943255,0.038509950281725464,0.037894297288259694,0.034908760328198604,0.03727805154457261,0.04197328208769666,0.03671436844225575,0.04153427911597518,0.0422834296555668,0.04269261140149816,0.04006240966177748,0.04186871687696486,0.04031802148587568,0.03842248780233708,0.037214080535856744,0.04361388824489235,0.04518169946442779,0.04616468451050467,0.034440147964601216,0.039601213104618914,0.04362137923805839,0.041433933073706214,0.03964224763562872
ATGGGAGCACCTCGTT-1,0.040539899210859855,0.04595464092557056,0.04734674433203539,0.04939730348618882,0.03625269774472666,0.03509342356309019,0.03551102903437529,0.035972562205246375,0.035256669256647964,0.04196609716666497,0.035320768627988657,0.035145621326582804,0.03507991254869386,0.03468854454762645,0.03444698669421444,0.050031470718146724,0.03973933789042792,0.036618763211965985,0.03667286823530532,0.0367208509954995,0.03648055257142659,0.048009017568465324,0.031304679952243314,0.060859389299275236,0.04559016888673169
AGCGTCGGTAAAGTCA-1,0.03291231698241729,0.03799398934321808,0.0338159789795879,0.03590013064371292,0.03855889823834499,0.03854442058008617,0.0388354544278594,0.046021348321613316,0.037751397946508565,0.04495809777623401,0.04684590936709028,0.04522982445909817,0.04203510485765159,0.04575949411165233,0.04375923871229186,0.034954684293757574,0.034826435468615906,0.04269242337717645,0.048240446128286166,0.043774130367195456,0.03323218512460009,0.04480340234701429,0.03717655060253812,0.036118651409766445,0.03525948613368277
ACGCAGCGTGGCTCCA-1,0.05511561563217399,0.03968526957811766,0.035888342789066593,0.038575366899859576,0.03778451528610865,0.03605945038482502,0.03702931034531112,0.03630487456438179,0.03863506466423724,0.041835247344163745,0.03553939626007116,0.03470804431995826,0.03549499036495041,0.03538930742016031,0.03543019532543433,0.03751803558684881,0.05513143634430619,0.03599696356393183,0.035083189989484606,0.03570790905701506,0.0587474664185722,0.04466507770062705,0.0408879535575836,0.04090438031705224,0.041882596285758564
AAAGATGGTCTCCATC-2,0.04100977882762458,0.05795370750413745,0.03896098443188485,0.04158384038726459,0.03667830895227456,0.03539361325411633,0.035927734712017476,0.0357798753356037,0.038172786075599846,0.043585499826981906,0.03525845107907663,0.035098359997094535,0.03537446209411275,0.03517023362254806,0.03521372024287195,0.04109474593500938,0.04271035160273888,0.03628436600636896,0.036065466613047034,0.036363550039879435,0.038260292261746716,0.049801453048596796,0.04931912706833454,0.044984743295413264,0.04395454778565578
AGAGCGAAGGTAGCTG-1,0.03487198757677465,0.03973586755311052,0.035165487342469326,0.038030782902898505,0.0371137927763821,0.03601967689284844,0.03738827684535928,0.04136613891487934,0.037531381974895736,0.04394642467363122,0.041673936563254306,0.04157479026713299,0.039885734821043586,0.041295038208980776,0.040073050665947595,0.03705657005675327,0.036495461338295794,0.04956151186263994,0.0491096429576135,0.043280740242200896,0.034081765991798435,0.045958807589315545,0.04157318543563405,0.039715342918322655,0.037494603627817584
TATCTCATCTGAGTGT-1,0.0384385095715529,0.043495856657002896,0.049041293111235354,0.05152805761800272,0.03457679298774388,0.034981302457997306,0.03496875268488845,0.03500752866955368,0.034797056392610375,0.04121672785091121,0.03414545806597992,0.03431887553869683,0.03480084014617223,0.034387707139916526,0.0336225668228715,0.05237335357716583,0.03899249336497185,0.03666813794635753,0.03569521861057436,0.03663933863879792,0.03554627920843165,0.045633328910189355,0.05109271279795506,0.05584448647876382,0.042187324751657006
CCGTGGACACGAGAGT-2,0.03881417783231427,0.046294782351074676,0.039176158471996125,0.03989460383816264,0.03888917860186329,0.03686526574284304,0.03846545121631815,0.038825983181745044,0.038099631123592916,0.044966406363063,0.03815619162158297,0.03780904707477565,0.039144809391511694,0.03884236771357137,0.038237949560877546,0.040034414334216326,0.039848633250633904,0.0374992741742301,0.037494828316218184,0.03831259457522205,0.03609265167476788,0.037531199294429454,0.03507514317024363,0.04508021830043364,0.06054903882431251
GCAGTTACAAGGTTCT-1,0.03950988331041292,0.044681012132976136,0.04885903318118839,0.051005033663397786,0.034152139115278785,0.034441541321752256,0.03508029007263736,0.0351952778316793,0.03491355742273832,0.039917551489788206,0.03386731132023685,0.03447959690668336,0.03386039779999137,0.03432475732209411,0.03379286615842415,0.05198995986227524,0.03909330248580288,0.03631558454297822,0.035616825647793594,0.035895964529859596,0.035659275487898066,0.04458007677807524,0.05323869120995214,0.05615697846402887,0.043373091942056775
AGTGTCATCCAGTATG-1,0.03577811770512712,0.04331075870409208,0.03610664817227222,0.03864775704930389,0.041831500976605235,0.03811637945211482,0.040624594990091044,0.042522419841281446,0.040766731792245804,0.04844186623520566,0.040950523450121595,0.04130620186640273,0.041887332825159,0.041284601946365594,0.04074314323533027,0.03828316625403244,0.0386640890817346,0.03870380199958555,0.03888570367934017,0.04049118590589298,0.03406103514297869,0.03499445917868016,0.04399639223375757,0.04092428391040043,0.03867730437187895
AACACGTCACCGCTAG-1,0.04998350231230049,0.045770498217144406,0.03899753238343794,0.0409048183220039,0.03921360740522289,0.037944223619123606,0.037159167572299714,0.036067845023361196,0.04000981608938881,0.040605424176289574,0.03602805156760787,0.0354397238607754,0.036641771262284614,0.03579052441232716,0.0358082574672702,0.039953375861717856,0.04006708078731972,0.03668662678711028,0.03637365561759789,0.03678708037622138,0.04505047293599596,0.04434741422920653,0.04726704746130677,0.04379729617499337,0.04330518607769246
AACTCCCTCCGCAAGC-1,0.03588377505505858,0.041762811011819376,0.03693928379101552,0.03903070974852733,0.04155955409837021,0.04000738484197649,0.041467652906771395,0.04146112811329194,0.04046304210211691,0.04407560213853166,0.04063489234743946,0.04049590452685156,0.041525363142274126,0.040804796368680535,0.04018108299967719,0.03843947496402048,0.038123541257182716,0.037101258674391346,0.037848690290153336,0.03944394272070375,0.03573033900341327,0.04720567399874653,0.04229840665054681,0.039777207510637444,0.03773848173780244
AAACCTGCACGGTTTA-1,0.05583035739360395,0.044279561970144085,0.0376946147749395,0.03933271344245683,0.03753385084001543,0.03544735655242144,0.03621749438512806,0.03502912060279186,0.03681909340497131,0.038832859090786064,0.034622880522714915,0.03479389524334701,0.035211677008803545,0.03513738071337891,0.03473890556674064,0.03867652719105863,0.05563897504193983,0.03599337847767486,0.03534400710891666,0.035801356163417945,0.059073344762695816,0.04334355993381199,0.03864063091380227,0.04297698374676657,0.042989475147671596
ACGCCAGAGCTGCAAG-1,0.03445296606156837,0.03792885706950953,0.034604825616235034,0.037103967376672244,0.037666965074229494,0.03734371843697148,0.03841154088921465,0.04146472482436283,0.037175487642634064,0.05021317882038919,0.04364883796370229,0.04368422488060862,0.04021698869473909,0.043353328840094414,0.04257253026482234,0.03670460793201859,0.03525641701879162,0.05314111436081805,0.04438807049294092,0.04472017336827554,0.033863551761166635,0.038650282289314386,0.03938807528512315,0.03786139519588322,0.03618416983991429
ACGCAGCGTTCCCTTG-1,0.03567098176305665,0.040682256872346514,0.03526215495257376,0.036021162778190986,0.04306659654878162,0.0411490598123586,0.06490581947422251,0.03923303188815408,0.04175386913078972,0.042908710684129395,0.03813568459609674,0.038317360238367126,0.04181862534923583,0.03911031419947014,0.039203349846082036,0.036043478679401386,0.03735465082913886,0.03739341612633135,0.036281750003194335,0.03706766416508896,0.03613171948336564,0.044648568142873775,0.04156200837250306,0.03921798755916704,0.037059778505079924
AACTGGTTCAGTTAGC-1,0.035460704785071656,0.03996174580549807,0.03421564639630335,0.0376167734179068,0.03600785317048639,0.033871175395850994,0.03542734297293727,0.04093601928451213,0.0367428681722922,0.051619370921016455,0.040784814900383846,0.03989525357854237,0.037299258344699826,0.040104015494735246,0.038226751559319594,0.036589305641957656,0.035428032614701066,0.04386347216563629,0.05723639470356487,0.04999766138131657,0.033350236279760574,0.04623606342350615,0.04207895210684743,0.039491351576544355,0.03755893590660869
CACCACTAGCTATGCT-1,0.03652618346312984,0.04178309477661392,0.03448325267988833,0.037190906586900864,0.04232276940979063,0.03860452447893419,0.041211438186069566,0.04277477498147468,0.040613866498813496,0.0534247411421964,0.04066817319859922,0.042118097837153784,0.04339227062263977,0.043348369678575416,0.0428836133716687,0.036826019847613994,0.03890360000648993,0.03917445687432023,0.040028644015608315,0.04150467733698711,0.034572132992135046,0.029786013256850933,0.04226577361424326,0.038819260374321346,0.03677334476898108
ACGCCAGGTGCACTTA-1,0.03594766889814744,0.04178377071693256,0.0353019777444261,0.038232388307679326,0.03985612943595469,0.037406650323747084,0.03987938864436555,0.042936428692712386,0.039707086896462386,0.057010690424067555,0.04235034732400434,0.042105553802728395,0.0406860649747793,0.04197450929999843,0.04150443148241378,0.03740537296641051,0.03846269764941957,0.041051077313811773,0.04276759292579368,0.043873529396723565,0.033736336421991815,0.028358325733430702,0.041469436747525804,0.038766758824816616,0.03742578505165669
ACTTACTTCGTCCAGG-1,0.03530064141617009,0.04125401495417246,0.035059726849042606,0.03722204404593994,0.03975123142768557,0.03793851217595444,0.03966078353640839,0.04378849879686178,0.03832128303168325,0.06003011054630434,0.04219193718680408,0.043978168515046795,0.0432387086542011,0.04395859147098057,0.042871796208476184,0.03687859606963035,0.03787410557096587,0.039499867739762246,0.041393330708895254,0.042465185096685856,0.034186617287461626,0.027875317990949198,0.040776782120705866,0.03793192192941279,0.036552226669799355
ACCAGTATCTGTTTGT-1,0.03630968707377306,0.042855061283058105,0.035003609355081754,0.03917375252284805,0.03768368219413169,0.03569773049217352,0.03794135963520081,0.041861297856435706,0.03818342469045187,0.057929149043660276,0.04097205613397581,0.04166049876218589,0.040049329200293984,0.040952298256791496,0.03993889795021722,0.03786990513958142,0.03855452306974663,0.04320065908169192,0.044886279556634615,0.045559973737534586,0.033777861791837435,0.027715662532281915,0.043527670888696274,0.04106356118995376,0.03763206856176229
ACCAGTAAGCTGCGAA-1,0.03937150150065792,0.04344516553644572,0.04975085350238416,0.049624814961862856,0.036161655167123725,0.03567826498089765,0.036045995073629496,0.03576791123104016,0.035868758647952165,0.03993660903168944,0.03461399177540306,0.03454185304176716,0.03447924369966322,0.034614076031560144,0.03410193963758113,0.05031072674147135,0.03857454801265883,0.03591335876220321,0.03596856849199528,0.0362295074209312,0.035689484187978654,0.046055824440602994,0.04972266334676751,0.05391364045275168,0.04361904432298116
ACACCCTTCCAGTATG-1,0.03520512488335336,0.041588012062373926,0.035797175778257265,0.039810182183830506,0.03864388519092552,0.03829162608877492,0.04078995660362605,0.04417997074012698,0.04011707689928224,0.046347243279315,0.04102198861049218,0.043086269333606445,0.04144762400937472,0.042791865741124,0.04244689362997658,0.03863369957432935,0.036795196350023936,0.03973067447882947,0.04148013843101467,0.04392868325955543,0.0346641151543305,0.035329757715826055,0.041492052396795404,0.039753647804430574,0.036627139800424854
AGAGTGGCATCCTAGA-1,0.03628113901737135,0.03950777151487907,0.03566696755631666,0.037675062934566,0.038385539694479436,0.039574148109925135,0.04208679517944354,0.0424249874467788,0.03980689193818885,0.048982678651625124,0.044401483041516615,0.04204218855036036,0.04084432940610007,0.042334008072420486,0.04257931942109681,0.03767516778938939,0.03927864860074226,0.04132107880740009,0.04030698753207127,0.041098624187602614,0.03409625897589049,0.03419235058404245,0.04204375558047142,0.039785609365578595,0.03760820804174303
ATCACGAGTCTCACCT-1,0.041381338302537526,0.04119497980431466,0.05193265561404418,0.058801623152405766,0.03388328300458517,0.0343928543215458,0.0355368811528348,0.03542598609975768,0.03519563842526509,0.0385204877165252,0.033657393643582764,0.03471411770653049,0.03501949908557304,0.03453076278439895,0.03453839377306405,0.05491228715013714,0.03890695661419622,0.03583524004781409,0.036241301254149164,0.036076237698320114,0.03579656872669927,0.041486026001119884,0.04830611208928608,0.05240255400556507,0.04131082182574757
AACCGCGTCAGCTCTC-1,0.04065030111328149,0.0435394273893202,0.05870803598388617,0.04533247185245166,0.035607244963673054,0.03487389116109268,0.035348824669088404,0.03486730845030974,0.035070288383037634,0.03954466035778657,0.034418604143416784,0.034454431924492254,0.03441412220676354,0.034320603497133714,0.03433228288979486,0.051981291390446174,0.038512495809584275,0.036355420499745154,0.03554920612723147,0.035952007680652084,0.034833583987667206,0.043252054047144085,0.05345129913112146,0.050128742965597904,0.04450139937528124
AATCCAGTCCTTGACC-1,0.039362777394926364,0.044120938218946464,0.05027990103157414,0.04991822051937558,0.03630470245140202,0.035445493372752254,0.035824437594256395,0.035046161795654354,0.03525403898722037,0.03934776573699431,0.03495601443845639,0.03414270262002497,0.03474767949340773,0.03461649664109456,0.03436170940389678,0.05086513310369566,0.03851797654854605,0.036563579882626346,0.03556068935804188,0.036396880693847285,0.036111907087701386,0.04493546256648288,0.050698827681002985,0.053773296846052365,0.042847206532020544
TTAGTTCAGACATAAC-1,0.03842514869218019,0.040287040106523314,0.039994228479640945,0.04056518149653297,0.03979928269522809,0.04012792096560271,0.04080028627810839,0.03851313190588396,0.03853822078774315,0.03924063914498562,0.04043454892797361,0.03853153177393504,0.04071991877585887,0.04061688813418045,0.04064454736851975,0.04029592079040089,0.042442921078373066,0.038505597622856824,0.03850932188731823,0.040201095714327305,0.04179091171932908,0.0397775548887065,0.03980411366085301,0.04208197028218719,0.03935207682275098
CGAGCACCATAGACTC-1,0.03931888618607058,0.04361404815299818,0.04618945602916251,0.05602788744123056,0.03491434783788251,0.034196174419761194,0.03464663659041057,0.03519802556557528,0.0351577700535283,0.04177213280886118,0.03448819402158222,0.034635499405868644,0.03457850844156752,0.034751336722716866,0.03446898771175721,0.05267942282744362,0.03871145637067301,0.03603628103856976,0.03648267657360573,0.037467327012688546,0.03481444823390297,0.04535811232326447,0.051512822872490004,0.05115419638068962,0.041825364977698905
AACTCAGGTCGCGTGT-1,0.03625685221704627,0.037643202947361044,0.040453104500206366,0.03867025004440716,0.03769433509816659,0.03876610078571389,0.03774668913823217,0.045191263218181975,0.03640738099600943,0.038927279114345015,0.04491339452660273,0.04384973425799615,0.04465033699956788,0.04135343352301926,0.04135984621305678,0.039096589972188525,0.037328556588569255,0.03830373384222302,0.045400692956771356,0.045009199182190235,0.038065529989668945,0.03787700106583292,0.038596153085125005,0.038997577660553305,0.03744176207696443
AAAGATGGTGATAAAC-1,0.035325118202374446,0.04055543130432876,0.03550014010010525,0.03836448178789988,0.03926773060712579,0.0383744770225688,0.040460067792724506,0.04528269489091133,0.038751173106950663,0.05119611149019989,0.04093839336423532,0.04352700726302826,0.04494939980552035,0.044770875779990414,0.04294598133929046,0.038120053520295835,0.036409514199698303,0.041369954467906846,0.03930739559259263,0.04272219914283429,0.03328020660565236,0.0330369969491757,0.04034463277412922,0.03923356235689578,0.03596640053356517
CTGAAGTTCCTAGAAC-1,0.04103455431741716,0.05678122711215443,0.03831651566360576,0.04094756251161857,0.03683321173225785,0.035324307358385515,0.03688682566390677,0.03633138593821543,0.03828445141412666,0.04382353767075288,0.03597456566072529,0.03572602857414141,0.03569464250154234,0.03529932387627429,0.03531111666176832,0.04064290140249857,0.04215727711127512,0.036287546026553076,0.03569330640377533,0.03687344354582821,0.03815072861017467,0.05046131976854543,0.04906696477048278,0.04474223668679369,0.043355019017180356
AACCGCGAGTAGGCCA-1,0.03465994958196893,0.04051986974368196,0.03498507116054071,0.03727566943623194,0.03968569956101251,0.03930484829676709,0.04147828920363497,0.04594296367237686,0.040221193674284984,0.05115318326604747,0.04195764774433151,0.04410152150795623,0.042815936624417704,0.043292134278571,0.042445848335948375,0.037616068839436204,0.038753971850755964,0.038744472718249615,0.04162697444011838,0.04179462158482585,0.0345484062866139,0.03003676968097075,0.04110499755566124,0.03877370608306321,0.037160184872532406
ATAACGCGTACCGTAT-1,0.03894362205218972,0.04383220974105005,0.04882227721514661,0.05857076448128869,0.03410704405882225,0.034276940919411025,0.035737202739416635,0.03415712978322794,0.03527501687495868,0.040590497672215425,0.03347107894723317,0.03385280256206139,0.03351997184549457,0.03370207740647733,0.033426685519353884,0.054718383346069835,0.03904337436490578,0.034923672090347496,0.034982463564476804,0.03579004222475302,0.035802605637936566,0.04626835792997121,0.05141899698106009,0.05369133388732194,0.04107544815480972
AACTCAGTCCTTTCGG-1,0.03556321588787452,0.04078639469567972,0.03461345147038821,0.038063281386922644,0.03723191367298671,0.036700254800309834,0.03769755275763845,0.04259396882639739,0.03749118584718522,0.04829414657354937,0.041691934657631,0.04329634946707289,0.04169329338776891,0.042588002209659886,0.04101114551489961,0.03715082091126479,0.0363172338579634,0.04212130560430486,0.044390655586751156,0.045917519320932604,0.03400599204045394,0.04538186414009656,0.04036881181323393,0.03895320692791283,0.036076498641121536
ATAACGCAGGTTCCTA-1,0.03619677775043907,0.04045337030031169,0.03546687062576065,0.037859572610527074,0.040292917944139306,0.03819657404063562,0.04045578959681218,0.043331381201581656,0.04047648586876249,0.05472413117442977,0.04275406506774368,0.041777824524424016,0.041933015730242384,0.041906157480624616,0.04198208943445753,0.03731585847403947,0.03798720871249525,0.04159777400249728,0.04123719293726771,0.042294901774152655,0.035287071238144445,0.027623477530031408,0.04114880966863793,0.0389485911101687,0.038752091201673396
ACTTACTGTTCAACCA-1,0.04317385742405462,0.04465492540003211,0.03794999526607611,0.03907231183827053,0.0394346081581077,0.03654182959271378,0.036841682135662704,0.035998692057174875,0.0383970303837229,0.04038741637592986,0.036018062096010585,0.03508554582492146,0.035462854876122496,0.035010094551609285,0.03502825308105824,0.03913486137064072,0.047229990808160656,0.03556834876643361,0.03526823416321533,0.03538675229690917,0.06305981218842772,0.04497724628314319,0.044442753493576834,0.043421311748199076,0.042453529819826336
ACCTTTACATCACGAT-1,0.036284005411744286,0.04011691348005983,0.03590901808166313,0.03811249481116574,0.0370003563590155,0.03692334030692658,0.03717957597724017,0.042695833325377006,0.0380971276751629,0.04740790861467684,0.04105701959025976,0.043826664425369116,0.04143145513531163,0.04265671975461202,0.04190651960106124,0.0372246388824607,0.03701307066799556,0.040987176137993096,0.04377796886142826,0.04425556310639067,0.03426374340889932,0.04494038815140326,0.04102101447308614,0.03840409240850762,0.03750739135218986
CCAATCCGTGAGGCTA-2,0.04101574378065881,0.05685796615748209,0.03854493432667752,0.04112373394255064,0.03785274779292406,0.03543092694476209,0.03608448017623613,0.03687562698767772,0.0385204784152934,0.04334995344475519,0.03575579105868453,0.03544240817862148,0.03604943634770008,0.035322535869355895,0.03593900688623665,0.04075970715264825,0.04174723657455589,0.03564788412928322,0.0362390506727323,0.03643971527064742,0.03887651512777451,0.0496473687367389,0.0480803359988695,0.04385513627037709,0.0445412797567564
CGCTATCTCACGCATA-1,0.042155990469493136,0.04293431162363048,0.041913459224866265,0.034446480309374174,0.04263774120498719,0.04477526817591293,0.04138428945676122,0.034078317508947235,0.041859850969578546,0.042430748448373155,0.04200909057929629,0.034101367831722816,0.04165558113752541,0.041850414025979575,0.041693742449317686,0.041804381332276756,0.04249106272183428,0.034019926000289025,0.034025693305550726,0.04241812229879523,0.04371334471739937,0.03424590006455891,0.04163652823787528,0.04189582164976848,0.03382256625588582
TGGCGCAGTCCTCCAT-1,0.04120344234094535,0.04545984173996268,0.04188947369983674,0.04210731408813822,0.03699837964756581,0.036431043600418836,0.03638371369438775,0.03635896071831562,0.03650479208629964,0.04001949142895411,0.036021404788461726,0.03578423182670209,0.03532034570929618,0.03562656773830372,0.03504150686825748,0.042624654550559075,0.04168543642235395,0.03705805098794625,0.0378279428684087,0.03756114191174128,0.038162841441268594,0.04462565771143181,0.04862008444829339,0.04696496699606918,0.053718712686082096
AAGTCTGAGCTGAACG-1,0.036680825962928244,0.04327550249421904,0.036231093881352525,0.03810345841989422,0.04363620394372374,0.03979966734536647,0.04322092988032643,0.03960739928966768,0.04263242263885265,0.04598159570733488,0.03821411360108136,0.03796919954514023,0.041266844918067626,0.03873419958393813,0.03877029436543321,0.03740211815294073,0.039907582614834486,0.03794158320347301,0.037096001754185454,0.03748069943560812,0.037124670844598286,0.04844024178683014,0.04321632293173439,0.03972357120457639,0.03754345649389246
ACTTGTTGTTGCGTTA-1,0.036559874810101665,0.041328851835201394,0.036478297756855294,0.03745192457558762,0.04451858598510755,0.04408215759253209,0.04492312890289314,0.041211521477043864,0.0439217508135967,0.037141811061470964,0.04114296108087895,0.038846259330499795,0.04154244006597617,0.04063518875781983,0.04023002289349636,0.03747590899430779,0.038806464817748645,0.03800944667844992,0.03849933668951326,0.03927407851137003,0.037364821643797945,0.0429385583375148,0.04157742961956105,0.03879609238385456,0.03724308538482078
CCACTACAGTAAGTAC-1,0.03448770588350387,0.040289287717668994,0.035556496041063874,0.03664448267798988,0.042329011334100795,0.03890099258272122,0.042170713444978795,0.04326275935374082,0.04170740402225276,0.05042563737912964,0.04224421847067126,0.043359082803982846,0.04298647917404806,0.042977861495441014,0.041717215776961344,0.03600312642629199,0.03664823541229655,0.0400452867799708,0.04267825745208199,0.04389402358121599,0.033737643737411276,0.0325370943559869,0.039762435185004365,0.03877890234051617,0.03685564657096883
AAAGCAAGTAAGTTCC-1,0.03491603666744869,0.04089163891643808,0.03520797555805463,0.03575635298663068,0.06046271492761496,0.04140302040548144,0.042486627462290885,0.03848543074768986,0.043443995277591976,0.04790032601145263,0.03891079873859336,0.03859254218422395,0.040304637355775566,0.03828830352365894,0.038933912134242535,0.03578323956756811,0.0387279656957588,0.03728155382883121,0.036137705298176385,0.037344499441744484,0.03532311739541402,0.04704488612213163,0.04108373413338605,0.03798333130299171,0.03730565431680952
AGAGCTTAGCCAGAAC-1,0.03681492803820132,0.043469984219706485,0.03729478703750472,0.039027395840823785,0.040952964428169335,0.03925137906987716,0.040914340664919085,0.04018959451246587,0.03993858692913039,0.045687092372863974,0.03810334785993284,0.03888649133870316,0.03956812954585741,0.038845664154445875,0.038656968014374495,0.03895930421544768,0.03861605604545464,0.03847867550810773,0.03790203143003373,0.03914638013211845,0.03508328762834644,0.04863645786806055,0.0448976176104434,0.041245045683968515,0.03943348985104308
AACTCTTGTGCCTGGT-1,0.03748278165387222,0.04404381274017964,0.036912115658334244,0.038523666824921546,0.044792537070829475,0.041379405433840485,0.04130295642221445,0.04130877585761029,0.04344913450017026,0.03858003589462367,0.040073312943381914,0.038819914400747044,0.04177054859488485,0.0397280938020914,0.03940930742474612,0.037725625167507784,0.03981609042396548,0.037641557611156236,0.03834750398598733,0.03888885047766281,0.03693624866966486,0.04017100578397053,0.043173226219859355,0.0411506104481231,0.03857288198965494
AATCCAGAGAGATGAG-1,0.036512740965980506,0.042401705015816166,0.036685009473634594,0.03824362783670646,0.044890848295600354,0.0407901723386932,0.04429272477859666,0.04006194130879894,0.04320488507474908,0.04323156860403997,0.03822367001331031,0.03855490384482982,0.04083237609843703,0.03936570297720057,0.03906689088324131,0.03781958536222246,0.039779494258147266,0.037994157774139815,0.03649046333037063,0.03763266604991232,0.036437072180576825,0.04746708905042064,0.04154508945360021,0.040365118112120776,0.03811049691885403
AACTCAGGTTCCGTCT-1,0.03661565350110108,0.04100183667398789,0.03568775113153307,0.040329143664449965,0.038087070550507834,0.0365489015476613,0.03667442347326142,0.040638980610430454,0.03889227109813294,0.05576037634535133,0.041345173745947206,0.04104077914437364,0.040730994820010455,0.04132176106269318,0.040944766988240296,0.03847213195369438,0.03736805437326939,0.0418858730135535,0.04461549249605662,0.04540933961268022,0.03511919439610949,0.03131701759593921,0.04161871486519148,0.04098790843164492,0.03758638890417854
TCTCATATCCTCTAGC-1,0.04058737012871993,0.05761497933208447,0.037862893018965664,0.03997327522406408,0.03709811028401364,0.03548166652112728,0.0375092406363698,0.03701914638933818,0.038681638275732434,0.043904564646986034,0.03605983748637658,0.036144771231203694,0.03644554267698233,0.03566652444051427,0.03601223270318226,0.03965518190268536,0.042133975444323776,0.03706816115178818,0.03599876731262253,0.037522361388078095,0.03815132609694547,0.0486751357036057,0.048499784174851124,0.042973730693191645,0.043259783136247336
ATGAGGGAGTCTCGGC-1,0.041949082171189436,0.04487091396828529,0.03561660241259838,0.03869204436127514,0.04035872385187822,0.03844902858308506,0.03880285093275847,0.04028032545511037,0.03900340295541142,0.046607306848072697,0.04092438868496939,0.039303133419391234,0.03899629160498195,0.03872810616377482,0.038494381819645256,0.03873068588182145,0.04284182517645359,0.03868991914586534,0.03945788155481198,0.04060366568147138,0.04025963083342879,0.030835777965472187,0.04560044414115897,0.04126909827982208,0.04063448810726719
ACTGCTCGTCCAGTAT-1,0.03803553562103467,0.041094950384102304,0.037248304491764375,0.03847257136617045,0.04138651105865941,0.04161966921733441,0.043207729743494766,0.0409764627824682,0.04248799838679605,0.045837006628022786,0.04043662814636212,0.03961237736289838,0.04348631462392848,0.040551065668091336,0.04028087028875459,0.038461204814253386,0.03957293269076742,0.03829494990181948,0.03762817537462165,0.03954300374854483,0.03645393215362789,0.03453089032181621,0.04228702719526092,0.04097920913642387,0.03751467889298188
AAATGCCAGAGTTGGC-1,0.036236034395426,0.04159179581411948,0.03544099253989491,0.038401601155971125,0.037641629462514946,0.037062595475663436,0.037772858915166754,0.04090289501306994,0.038332688342363516,0.048238072217770336,0.040852953956209685,0.042145646445460525,0.04104386682090664,0.041985043253159424,0.04041743408832216,0.037439464338210854,0.03700730901782565,0.04152555032499666,0.043676812265591745,0.04499604407866944,0.03391769484163406,0.0457485909229438,0.041047834515049966,0.03937228677303034,0.037202305026028885
AGAGCTTGTCCCTTGT-1,0.03485396413395793,0.041473944251118854,0.03413303145091953,0.03651697316888256,0.03915710983494446,0.03753295000419287,0.03988395046549653,0.04152650974323177,0.039245864337666705,0.04956704151828604,0.042624103693705145,0.0425510294770922,0.041927987548099684,0.042320755242491286,0.042026024836973014,0.03661506478662751,0.037831473387827205,0.040228802301259435,0.04122883459807093,0.043426725610517296,0.03421094690780769,0.04589731995585087,0.04132923623766523,0.03835349216968873,0.03553686433762642
CCGTTCATCCTAGTGA-1,0.0403167235918811,0.04505510508957973,0.048349839471804976,0.04878289489598183,0.03550843674395793,0.0355097197005533,0.03656898828842109,0.035953429413772824,0.03666319702251458,0.04116804562574578,0.0351330006804809,0.03556015178319924,0.03524183467276571,0.035372721928911506,0.03541548791872113,0.049482131546141866,0.03982554674619234,0.03686014822360769,0.03594768555755797,0.03643251094301856,0.036305368982271505,0.046306287360330635,0.029813741269405388,0.06462680715617204,0.04380019538701046
AGCTCCTAGCAGGTCA-1,0.034482982718067205,0.04046767891727006,0.03623990462255133,0.03784084298585135,0.038908143816553144,0.038096278013833744,0.03929300560521825,0.04329091543984634,0.039596345857876566,0.05658761541785521,0.04273909986350917,0.04399758345382699,0.04200280366865561,0.043082392982057745,0.042091165038309286,0.03807874562414332,0.036689553987796934,0.03993776840194267,0.041912892660873856,0.04288863583333206,0.033680183926044945,0.02975468154099323,0.04118419408905741,0.04047619535913518,0.036680390175398384
AGTTGGTCAGTGACAG-1,0.036300864901881294,0.04064702666403461,0.03608563207950133,0.03737773963708143,0.043621990464284895,0.04078554289100265,0.042762578550396564,0.04088748009462188,0.042527129726786767,0.044632424454306506,0.03954773223507018,0.03899797864584224,0.042731653534526334,0.0397468541286663,0.04021930341091287,0.03686684624582499,0.03892800181657585,0.03854641345542557,0.037771006748529595,0.03862057979424889,0.035994989416040096,0.047071372667881396,0.04169242945727493,0.03939445252868857,0.03824197645059432
AGGCCACGTCTAGGTT-1,0.03761070485559024,0.04562643258314369,0.047115196780441494,0.048175532226334875,0.034796660317773516,0.03422104994104294,0.03495712865798684,0.03503410809211677,0.03409087857720219,0.040857805573417796,0.03439949065846158,0.03455507471502575,0.03394933568987143,0.03467338563853605,0.03414484253490946,0.04931312614815248,0.03869115778557376,0.036505360627564515,0.036518587824174595,0.03701418677684999,0.03553795229662723,0.04710584933535643,0.053754009434469625,0.056624802397468005,0.04472734053190871
AATCGGTGTCTCCATC-1,0.036292046797531834,0.04045109588328677,0.038144707157830526,0.03982914649856695,0.03786442851999412,0.03604240456857618,0.03773486194363663,0.042199919549110114,0.037885595445423706,0.05542233063234776,0.04109340580909025,0.040683798338767355,0.04070346262646526,0.04121875754561735,0.03972718634390701,0.039220990679063414,0.03763792910913182,0.04188919768158247,0.044276617215203075,0.045062552646319504,0.03607910497912047,0.027903759281595674,0.04257742214790767,0.04231186850542656,0.03774741009449756
CCTAGCTCACGAGAGT-1,0.035258151014508216,0.042516041649102713,0.035709253570741006,0.03968353182661456,0.03701095312831512,0.03534109447025493,0.037986069532215824,0.04174097324128371,0.038439898992172025,0.05547964746110875,0.04162715380220575,0.041850805965849176,0.03947113338288408,0.04201194297258148,0.03978547478712205,0.038377447248559286,0.0371879493825106,0.04293371159726279,0.04621762693922446,0.04659807510467539,0.03263074512974498,0.02811953013990392,0.04406445775610516,0.041418957399784004,0.03853937350527028
TGCTACCGTTAAGACA-2,0.04037250959161917,0.05354861686895221,0.03875620776280212,0.04070152539432382,0.038508667987018096,0.03677893995119186,0.03694139110050299,0.037172514821280755,0.038475818286925804,0.042977014939199226,0.036531879911041086,0.03590587930633977,0.03714058632151318,0.03609549758682389,0.0364454772060506,0.04064059283280464,0.0429004613083262,0.03759311353896524,0.036222350486576196,0.0372880930919625,0.03824239265452324,0.04690614879172946,0.04742480537093034,0.04312597542239521,0.04330353946620225
ATTATCCGTGGCAAAC-2,0.03587709161627655,0.04454284571388962,0.04248680269716945,0.04411464668248838,0.036361056913658166,0.035638667300889916,0.03786568212004008,0.038467902339516157,0.03710926175199655,0.0456214783942508,0.03715483623226188,0.03720369632280725,0.03857686807585126,0.03779570625519389,0.03739274452741517,0.04452283170908652,0.03778782155171465,0.036857787258897844,0.0364276351253322,0.03757645257282707,0.03349357458397291,0.051092250124797955,0.04824226402793702,0.04738980644230995,0.04040028965941896
ATGAGGGGTTACGCGC-1,0.06050804248123261,0.038521403753577786,0.0386897060052073,0.041439998983474585,0.03691788059093912,0.03666154693199178,0.03736435598563853,0.03646567927831546,0.03757301015131879,0.04167779217780606,0.035771123829955315,0.0353941098670949,0.03536226478328041,0.03560633225810596,0.03495160316015702,0.04158418863995547,0.04710813383068634,0.03533631561766644,0.03537932092071843,0.03571266066372375,0.04431807246078779,0.04702098017166499,0.03969012026263197,0.04597579894535195,0.04496955824871718
GACAGAGGTTTGGGCC-1,0.04167639800102688,0.05598324664919725,0.038950888573903296,0.04136143235572851,0.03747795811042457,0.03538934315053048,0.036451524162619764,0.03652035493670704,0.03846522405114873,0.04366777621688417,0.03556055291503889,0.03518023572740837,0.035579128836336044,0.03541907746826571,0.035679537994003384,0.041203750302194656,0.04215974229542272,0.03588207189499785,0.035789371026357694,0.036627046893721885,0.038084740925473405,0.04990424469928297,0.0490688556831661,0.04476880429822319,0.04314869283193674
AAGGCAGCAACGCACC-1,0.03743545810083186,0.04235435889218249,0.05783465891721348,0.054701394108900375,0.03465149932032085,0.03476764967459608,0.036079128836228554,0.03434238101721836,0.035747355398352165,0.038957639448967275,0.03352508491474882,0.03391715809127925,0.03346842611337374,0.0337369702953658,0.0333730622470723,0.05445022014873745,0.03793817238559198,0.0355958429642967,0.035362031618983616,0.03496182338708463,0.0348610579616993,0.04529863081490484,0.050762953940207,0.054080900410705575,0.041796140991137605
ACAGCCGCAGCCTATA-1,0.04417643846147805,0.041954130978177684,0.03806026337092318,0.03920013745403661,0.038326362267931326,0.036473073306704365,0.03796872477455143,0.03562219199293326,0.03709666249651788,0.03927341454200237,0.03561754728279473,0.035424490216556734,0.03494265431844741,0.03531874142785607,0.03490547366261816,0.03959250491060529,0.053117439398713405,0.03708584818312793,0.03633454734088356,0.03641678199352004,0.06495498687160076,0.0417149441238351,0.0427455947239198,0.04134411492853345,0.0423329309717314
CACACAAGTTCACCTC-1,0.046364962001466926,0.038586856154965744,0.04062930197423758,0.04203680569140638,0.03999195497458246,0.03708952830945423,0.038269507906643296,0.03722204703534203,0.039936289384271684,0.04209944166551706,0.03610325816289145,0.036356114494646485,0.037257858581493594,0.03582483286694714,0.03545886870550881,0.042069577267435404,0.04333919844287363,0.036022073085785686,0.03517380519076486,0.03558976083560063,0.04509416440668622,0.04777130590916008,0.040246819789741636,0.04606228442646592,0.04540338273611104
TTCTACATCCTAAGTG-2,0.03868061270003519,0.06790169054015568,0.036795749016064895,0.03945019961644085,0.039823947799215324,0.037496428384105475,0.03813518769164144,0.037463855874627604,0.03963074030995993,0.04610759187449924,0.03625147720890436,0.03597444255280761,0.037657566889564946,0.03641637434520775,0.03684038442800746,0.039132598549148384,0.041183770913108875,0.03604576495225881,0.03598108725711771,0.03691626240251508,0.03662739206688962,0.037415390898560906,0.04642095231657477,0.04391915827350416,0.041731373139083844
GGATTACTCTCCAACC-3,0.04077271657598545,0.05688645989544388,0.03825666495701321,0.040847654662591076,0.0372789220427134,0.035636567257744035,0.036401402494646226,0.03642449745058365,0.03738723086530961,0.04318460924219219,0.035904600612869375,0.035838244380367895,0.035481938316758534,0.0358553528217196,0.03564904099397449,0.04037436007207254,0.04135782206702085,0.03662108977363454,0.035851867231792164,0.036527202900223744,0.03851129839015687,0.049682314969027794,0.049686212841606604,0.04569474755381154,0.04388718163074052
GGAACTTAGGGATACC-1,0.03654506749107582,0.04106370015513479,0.03573140787485408,0.03777353226022171,0.03807372989434166,0.037855612922624245,0.03758005340750509,0.040533524997749766,0.038827871232060655,0.04694371418058716,0.04190098620327259,0.040636936312588405,0.03997029951100863,0.041202506602102756,0.04018197331984827,0.03752772288295919,0.038025205977030706,0.044325489583582005,0.043555307964243783,0.04419866656255517,0.03514658441604669,0.04460545974452963,0.041156484036679715,0.03980867594459954,0.03682948652279799
AACTCTTTCTAGCACA-1,0.03698854069528448,0.04193694338728758,0.04527002357430559,0.054374027902938354,0.035715796875046,0.034241835642514526,0.03570787461426539,0.038788023568185545,0.03558936958858505,0.045105273968723034,0.037120743702072016,0.03894468086248016,0.03699906508639515,0.039179608206533635,0.03734015973641526,0.050009186956412495,0.03718292948930922,0.0379991960322441,0.03900585778344304,0.0402231036462135,0.033166875015498976,0.04802384277602221,0.03355053762942897,0.045891237973712036,0.04164526528668359
AAGCCGCCATCGTCGG-1,0.054021003523977644,0.035002533570719245,0.0386541110895263,0.042065738756752555,0.03883632205042108,0.0366658313117002,0.036280099304442086,0.035817311507374376,0.03825476905900104,0.042454169535927865,0.034714059344858335,0.034906566680578,0.03660117238192947,0.034431609202657816,0.034831613752464144,0.04176653621878892,0.06156294701436885,0.03606582763342971,0.03573892453769843,0.035793917995886076,0.04398303000443067,0.04351339265846073,0.04200417877104675,0.04377312209104077,0.04226121200251882
CATTCGCGTCCCTTGT-1,0.035453574441391245,0.043091037736783515,0.035756156981765444,0.03810439087971577,0.03906124596913631,0.03688561259666411,0.0398902870470826,0.04294553853455155,0.03924585531552556,0.05083583600323334,0.042159640278524924,0.04212389624491664,0.04130926292782591,0.042098795101503675,0.04214859991621914,0.038420320131223346,0.03779102052835221,0.0409767235908971,0.04126526695801856,0.042912607042809005,0.03391747465425615,0.03111110515082945,0.043796046216710266,0.04057961557770282,0.03812009017436146
ACTGCTCAGGATGGAA-1,0.04107793038234027,0.04588001103959992,0.05209272292422995,0.04805530621374626,0.035209094517989474,0.03601462837452886,0.035337662046467856,0.03549670154361371,0.03624437289420103,0.04156886186097051,0.034132202921523025,0.034935516130529976,0.034839889846669324,0.03474937615447941,0.03441371615082242,0.029292352447909183,0.04111241211448789,0.03591159298969961,0.036029447351942814,0.03581700225408694,0.03749596379124794,0.04749054484304946,0.054537672192054513,0.05846949541678738,0.04379552359702235
CCACCTACAATACGCT-3,0.040532711389282015,0.05610098588771586,0.03852369518291207,0.04114668443221188,0.037569306505838264,0.03536051870326132,0.03603433903494903,0.03647912304592539,0.038055212915638764,0.043351731850327875,0.03596523385835006,0.03573490153575748,0.03569480296826844,0.03526380878129716,0.03600819903852854,0.040691151571527216,0.04206780101650778,0.036884166550651604,0.03614143981965386,0.03657708284147464,0.037937688979958216,0.050048078075914125,0.049586115939386895,0.0448331594598686,0.04341206061479275
CAGCTAATCGGAGGTA-1,0.038382187010231765,0.042725240962095325,0.04384185175623223,0.04366987957418213,0.03975780423026185,0.0407585218133103,0.039807467940123784,0.03854576278065668,0.03859218785371966,0.03918905433714846,0.039582024109095025,0.03857980783349999,0.039758766481287094,0.03969533778797452,0.039712877821522476,0.038080906365181515,0.0394105089109532,0.03853182616910365,0.03853871487353794,0.03943066421207284,0.04016124400255665,0.040643067086701457,0.04179752364240031,0.042022145786285846,0.03878462665986526
ACATCAGAGAGTGACC-1,0.038383851112482895,0.04231856849679736,0.036068810762027365,0.03805156074254311,0.04278311587303086,0.04180855664081583,0.0435538545259604,0.03978702809743605,0.04291477788602944,0.036047437028263685,0.03937257067148853,0.03932737455954501,0.04150456996246901,0.040622299182504984,0.04077853273342146,0.038127839161180205,0.041552360592467134,0.038934338510301085,0.038668580705283735,0.039439629184679977,0.0373458834691202,0.03973195342477461,0.04348729363204959,0.0409505774609676,0.038438635584360024
ACGCCGAGTGACAAAT-1,0.035717779274816744,0.03898400541350874,0.03589682345190311,0.03911660066680891,0.03591870302448755,0.03419271474154126,0.03555308766921801,0.04330021799466402,0.03616977426786674,0.04643397764056059,0.042115162171267775,0.042189702143210314,0.04018946968737994,0.041466198104949385,0.04047735138275887,0.03787934617844641,0.035986106933542296,0.04273864607191959,0.05389622952141774,0.0526457087254303,0.033648648746595775,0.03845349027292839,0.03971492649261671,0.039773275845037995,0.037542053577122904
CTACATTGTTTAGGAA-1,0.03574551577928097,0.045779944556513796,0.03615093941750784,0.03942709705315517,0.03809766203620143,0.03602628273032607,0.03858410544620045,0.039624649889820014,0.038773760055467996,0.04775800403071983,0.038666517217818754,0.03923380781532401,0.038855880444189174,0.03941878348342292,0.03905746326315409,0.03920614958720717,0.0380561720601519,0.03871513111578889,0.0391313842054798,0.04037267133139431,0.03384796254818457,0.05218522729834978,0.04595321670724185,0.04209174406639677,0.039239927860702295
CGGGTCAAGGGCTTGA-2,0.04056121169076644,0.04763377965850777,0.04117844034492017,0.040593507300631305,0.03600662079886348,0.03616346565223887,0.036769794959909015,0.0363449050983987,0.036551780965749014,0.04159998669983407,0.03602592462406368,0.03579143271750312,0.03566410147924544,0.03562722577637875,0.03562962231584243,0.04191346674075347,0.04109410438834425,0.037048233693937636,0.037541913847813344,0.037288306291171226,0.03796161875126065,0.04583485657842862,0.04942970726969623,0.04606821656916196,0.05367777578658038
ACGCCGAGTAGCGTCC-3,0.042460885157092905,0.057257201837762776,0.038165937643498245,0.04092643981084466,0.037715039763819645,0.03545605904839125,0.03747035948854344,0.03725256916438645,0.037215579704686995,0.043947653101319394,0.03564647508479449,0.03559935551440926,0.03659174473204001,0.03543933472169923,0.035789897119273606,0.040133909964539805,0.042089288293548396,0.03705441945268571,0.03683030958565671,0.03758064653742759,0.038592506908651084,0.04687698309121574,0.04659684217393293,0.04351120247225074,0.04379935962752885
ATCTGCCCAAGCGTAG-1,0.03635394060934549,0.043205555899055684,0.03572512713079037,0.03712449568889852,0.04321244006446748,0.03923659704214436,0.041392682562814365,0.04075135199240665,0.0421486563562415,0.046431945477365344,0.039104726096564645,0.039012339889885825,0.040635441776236944,0.03961674474262288,0.03971419653419472,0.037307164448277495,0.03939885308342344,0.03789117433273101,0.03684277275217595,0.03903610295527226,0.03583379673007656,0.05048067535733438,0.042668196610305034,0.039111362986255865,0.03776365888111352
CAGCATAAGACTGGGT-1,0.040907098369891697,0.045932292361810935,0.05392428107088622,0.04658905504282129,0.03500853833669959,0.03490837048154681,0.03583977275830078,0.035057266416160825,0.03640664850490801,0.040955011102800004,0.034280870204068434,0.03510035778028573,0.034375258762587006,0.034584095978839685,0.03429188163584589,0.051452453144110816,0.04086855983663135,0.035750454038519036,0.036063633893536916,0.03627653078690098,0.03606827523423152,0.0488213201107124,0.05529466462751672,0.03674096890672319,0.04450234061366363
ATAAGAGAGGGTTTCT-1,0.06800266465638109,0.03469962922983874,0.03823957694768922,0.04248961875694413,0.03742945901938338,0.034724624153935416,0.0351236907023572,0.03677374186840925,0.03704633286219521,0.04308042908624467,0.03587079152583367,0.03564117342165814,0.03665795375562845,0.035809866896942946,0.035544351279280746,0.04200861798829362,0.04595391517391541,0.03591529717670091,0.036787919763501875,0.036097215999327734,0.04169213167531791,0.046909064382341624,0.03943547987175757,0.04527136822128144,0.042795085584839604
AACTTTCAGCGTGTCC-1,0.033276165393804034,0.03818320860234809,0.032953725259567725,0.034722535115873705,0.03722390567862705,0.036836218151420436,0.03888675811576347,0.047163023438829124,0.03919019899855112,0.051356735988889415,0.05099190388822761,0.042448512061190595,0.0514372785874229,0.042204391677292195,0.042821651741453255,0.03457900923279324,0.035201781328002765,0.04128861523263322,0.041234357671921996,0.042462990036307414,0.03267941263381849,0.04279979332494814,0.03843492293673998,0.03555913514779275,0.036063769755781426
ACTTGTTTCTTGAGGT-1,0.03508341967147344,0.04101928879906905,0.03665158570762381,0.03703624477904247,0.03884884869322174,0.037370489933485435,0.039047654698006556,0.04273270476673766,0.03803028266624763,0.04793449125821239,0.0420133625794126,0.04309916263643612,0.0416494255225793,0.04288585974113964,0.04142331882043395,0.03633880116642845,0.03709824289927296,0.04144199311228823,0.04146633418300201,0.04368336607709866,0.034726675421492936,0.045274477671302375,0.04071623548420045,0.03812824281169574,0.036299490900096675
AACTCCCGTGGTAACG-1,0.039125096001870044,0.043415987747677104,0.05352304279679725,0.042489320530560724,0.03626052087454576,0.035739335481346494,0.03706833542372258,0.036549878752774274,0.03577471147501256,0.04197288454238128,0.035539714094033135,0.03568539665397974,0.03561074443990183,0.03547938987377643,0.03487410393078,0.05136624961124302,0.03947939648228017,0.037454846872900016,0.03696776864592358,0.0378116211765191,0.03585412560704159,0.046186921450622136,0.05225378075015902,0.04075676429442316,0.04276006248972874
AATCGGTCACATAACC-1,0.04166410877690933,0.04510857621764474,0.05089170037737367,0.051275601729673326,0.03599580694638918,0.03577044673905767,0.03593782536553885,0.03511020847533234,0.03626911367678373,0.040639577854160565,0.03409580615125697,0.03497697373724443,0.035155243287115244,0.034555547119594784,0.03429732862160155,0.05135760574758036,0.04072482760950119,0.036339458754100586,0.035727265933110895,0.03594665636925383,0.039058711038921064,0.04528546649912001,0.0264620711066494,0.062117006101291644,0.045237065764794714
AGCTCCTCACAGCGTC-1,0.03556779055468085,0.04254621931327108,0.03539869683273526,0.03804811443985709,0.03929913917730739,0.03822930305028973,0.04127768131535046,0.04342528422198504,0.04028268541419113,0.05281114097090934,0.04253280273004899,0.042260351594118846,0.04156244339642111,0.04227580174898813,0.04081012708418459,0.037959225513800904,0.037845271817018085,0.039586750523213386,0.04252012857780491,0.043969441863789135,0.03356080090859895,0.031307323973034436,0.04122417412527009,0.03905042626707691,0.0366488745860542
CCCAGTTCAGCTTAAC-1,0.03976844281433242,0.04297998203178713,0.05232291256475105,0.0564331698094205,0.033773909579428954,0.03356186031019558,0.03386179369554928,0.03346287521027748,0.03434855395494411,0.039441216104342806,0.03300504875882582,0.03279879291400336,0.032729856741944424,0.03294447808595192,0.0326292456619171,0.0549287192443747,0.03874823387056623,0.03402360085642091,0.03411727293684564,0.03574579399023311,0.0356204879613431,0.04410652355301366,0.054821570790309554,0.059575099328942546,0.044250559230278486
AGCTCCTCAACGATCT-1,0.035544224688634045,0.041096767672751604,0.03497194554997684,0.03792474535278388,0.03715368236359442,0.03803342173561909,0.03935360166829092,0.04504791450288816,0.039164105004823986,0.05534197957266566,0.04331976873761194,0.04334009977888668,0.04300943258401245,0.042572600689082814,0.04183445708845425,0.037406315395287826,0.03648964820666625,0.040207695781080945,0.04219627986588222,0.0437103229137051,0.03355154428648841,0.02971709036461503,0.04178497576972434,0.03969562432952274,0.03753175609695063
ATAAGAGGTCGCATCG-1,0.03563208798955099,0.04281722942377796,0.03415854841445368,0.0380230306117613,0.0413808417924437,0.03717872242382228,0.04118731158621013,0.04263789621216712,0.03987940555429804,0.05118819129338411,0.04109415418261218,0.043177948148878084,0.04097938380086078,0.041954558722585265,0.04041747790105307,0.03666591413115386,0.03821707634606117,0.04096667471860882,0.043605724443573565,0.04384146974721529,0.03433256760896804,0.030612888641245548,0.042427471139769274,0.04036464056390703,0.03725878460163871
GCGCGATCAGCTCCGA-1,0.03755013295521308,0.04079485868822714,0.04388025927677379,0.03888230485548672,0.04041550874591985,0.038946683785517584,0.03795350743954596,0.03889483274250813,0.036656575187352186,0.04085556303802536,0.03772223174155498,0.043646710259368594,0.037903329772049084,0.04282213766365653,0.0378561042854256,0.04329654663394378,0.0386775500299681,0.03768326517641044,0.03771063529965036,0.04278824958816312,0.03833421665804725,0.04454998680318815,0.04296296020134187,0.0422738000750656,0.03694204909759653
ACCAGTACAGTGACAG-1,0.03651895732945752,0.04318445719713384,0.03673498474100984,0.03905916376270927,0.041587377019921205,0.03869249259095762,0.041665175193257256,0.039517891255351614,0.041188750501342464,0.046249402600364246,0.0378840976436575,0.03841174744461006,0.04021489732970281,0.03885989791308687,0.03903713784197957,0.03868238327552332,0.03816184511101869,0.038144898133730225,0.03697417369650422,0.038420853123524196,0.034810659707803025,0.050591304429254726,0.04556497218418083,0.04070953046191403,0.03913294951200486
TGCTGCTAGGCTATCT-1,0.03651253520543244,0.0448082119058016,0.03609143651230311,0.03812411828722969,0.03976025239175901,0.03695566198276536,0.03955740481212733,0.04083404923633714,0.04049457693613226,0.04880304651962872,0.03936828825734703,0.03920884342237881,0.040107702221610586,0.03948757463093478,0.03941955081274105,0.037610051974453204,0.038785086432107076,0.0377627493814529,0.03798901062208748,0.03939551572478664,0.035534927574180544,0.05135825266500147,0.04399275876848906,0.04052205185920656,0.03751634186370592
AACCGCGCACTGAAGG-1,0.03574375422032265,0.040767884908729554,0.03511399385843141,0.036603243236393405,0.04084059723546615,0.03886942711030419,0.04081597603209883,0.0449879683878871,0.04102039755332717,0.04861438857226277,0.04115070684904922,0.04326303983068144,0.04411047851528396,0.042539189596228155,0.04268503986392538,0.03617593973661974,0.037885136415938575,0.03894883360748652,0.040610142696855804,0.04301213291404805,0.03470704788001103,0.035851517730062926,0.04124792219174698,0.038761520334851016,0.035673720721987885
CATGGCGGTGTGACGA-1,0.03556293530905325,0.035844402593177165,0.03623708208688198,0.04314199065703004,0.04312723191094789,0.036113853264391316,0.04349895536239948,0.04076855237716069,0.03633284076202544,0.043333177820156915,0.03517663024963643,0.038920850266970244,0.04297081105762371,0.04021746183316268,0.042245593999892035,0.04349507150948705,0.04328986810197665,0.042933437877785335,0.03870581949675819,0.040011262227476134,0.034461527095864704,0.040529116077826596,0.04354257409427425,0.043328240172371454,0.03621071379567029
ATAGACCGTTCCAACA-1,0.03574420075511318,0.03986253080012251,0.03566353210280544,0.03699549658012104,0.03700907356703314,0.03602716860675535,0.03666792317118745,0.039028770422148716,0.03680231488366946,0.04316853362575181,0.04213918804194393,0.04009666915938213,0.03888707096374171,0.040059623360494456,0.040621186449694695,0.03661747694430402,0.03549373446924582,0.05736483658610577,0.051300348334306675,0.04393554220623353,0.034109983422474704,0.04431814505842099,0.04091665043314733,0.040168867019749484,0.037001133036046636
AAGACCTCATTGAGCT-1,0.033981820253761674,0.041660785402437624,0.03476981746999482,0.03755243428277829,0.036764183380741625,0.036107233116522024,0.03549862816405041,0.0436847086725928,0.03708690394004373,0.04774903879221971,0.042615031005155644,0.04343198233654176,0.04133514132976717,0.04363645134603527,0.04110456334364861,0.0373211119971588,0.03715160874088105,0.04344085307217045,0.04762940056978884,0.051671269181311055,0.03319973066966734,0.035870238156669995,0.041295937653156166,0.03889830153052685,0.03654282559237825
GTACTCCGTGGTACAG-1,0.03589587529768611,0.04182289484988965,0.03571721259827515,0.038359231116466594,0.03868921504426223,0.035266961814337416,0.03783221515880901,0.04217399893442845,0.03722291748321291,0.054802985789412124,0.04210030813019199,0.04163158032787497,0.03974998310272316,0.04181060115732771,0.04146251589227937,0.03843071303601208,0.03660186387556199,0.045065106287764514,0.04500344212312851,0.04523151637286956,0.03456651504298238,0.028311885823724736,0.04209097231603978,0.04059788205072588,0.03956160637401373
AACACGTTCATGTAGC-1,0.037126509220569634,0.04440483888910344,0.03601588819522536,0.03736896172151217,0.04157185757362459,0.038885679969817684,0.041617062448425994,0.04220660579936301,0.041824918904782446,0.0447522298778797,0.04082053719277967,0.04062629956795551,0.04277542820915598,0.04139645184629591,0.04020551043900202,0.03712779409433831,0.039934398449383575,0.03919542565341903,0.04028936774401727,0.040539359029598994,0.03514115456086757,0.03288608762995167,0.04459603184540792,0.040864554997134275,0.03782704614038818
AACTCAGAGAAGGTTT-1,0.03522476383094412,0.041653223736943926,0.035682660975861175,0.038060164442683585,0.037818705898717414,0.036498659857211235,0.03925888379073981,0.04332629820107979,0.039081640119835746,0.05085487774816427,0.041475561910296936,0.044711634179038943,0.041929633274433095,0.04416445567574532,0.04245867778798024,0.037548943425712564,0.03628213445258557,0.04055445889995015,0.045060808863763985,0.04535356085868881,0.033626161806242054,0.03342973790187142,0.04009332626751706,0.03872578691292644,0.03712523918106629
ACACCAAGTCTGGAGA-2,0.03783506671014273,0.04429018450442259,0.04411803621581253,0.03946561224101712,0.0393402692782457,0.043232235270364405,0.03939490933297201,0.03795795750689016,0.037997120909865,0.03879054444318904,0.03914849336139237,0.037986677995465686,0.03934137667856341,0.03927202266166538,0.039291011249592174,0.04162486739157107,0.03896896359565393,0.03794619949950897,0.037952011421471116,0.0389857651783067,0.04375673076601302,0.03948879159367433,0.04374349768688619,0.04172811410214043,0.038343540405173716
ACTGCTCGTTCCATGA-1,0.03780747304477777,0.043215470475899506,0.03674954422521688,0.03797138599409585,0.06796264800702505,0.04006970871997932,0.04273084210235533,0.03770335053709029,0.04293610506219811,0.04276459164146124,0.037308528327676393,0.03697893523817557,0.03911657663817148,0.037226418536993156,0.03728214060974387,0.0379930577508794,0.039052325344165674,0.03704249488025573,0.03643180841041629,0.03708991364539893,0.03674421711265225,0.038896879224626014,0.041847771280616966,0.039531819725653596,0.0375459934644753
ACACCAATCAGGTAAA-1,0.037184778602146334,0.0404178052337351,0.035864519936239965,0.03833576643863985,0.03831614781859193,0.03748720892412157,0.03909559134121458,0.04533794707009429,0.039811431259848123,0.04488042543118052,0.042557332961214736,0.04231709737806166,0.0431368687390975,0.04255891069776229,0.04223408678537207,0.03716004093244932,0.03646694600735292,0.03922241310303107,0.04187059727383425,0.04215941729900732,0.03419442620060473,0.03887565914248287,0.042358627207066485,0.03984745140776196,0.03830850280908856
GTGAAGGCAGGACCCT-1,0.038609052966317774,0.04541800379747451,0.04188893134938968,0.04584317759232258,0.03707284836638213,0.03664258908121699,0.037254756506806284,0.03853070814579136,0.037492897237638226,0.04630691300615672,0.03864353577513326,0.03677485367539032,0.037367636494081105,0.03722928170258201,0.03763828754045649,0.044503596734221385,0.03887827342060851,0.03721071719052593,0.03665503304647731,0.037346562221101824,0.03481274149849431,0.037695262097691126,0.042186736621399976,0.05374647097404658,0.04425113295829362
AAGCCGCTCGTCTGAA-1,0.03513490845982876,0.04125430222208536,0.03545639380631598,0.03719892675378367,0.039657815758443606,0.03828883628353765,0.040700753048394864,0.04334056092180386,0.03931098073810097,0.053289705156207026,0.042880995950801803,0.0426525831090962,0.042745149290147326,0.04261754442854631,0.04117011115866943,0.03720354661541371,0.03700252828637208,0.04034999218321128,0.042652631105733106,0.04402017686580872,0.03369352546226755,0.02996743499623067,0.04264790530197257,0.040263048742558566,0.0364996433546691
AGAGCTTCAGCGAACA-1,0.055573742863858376,0.04700156431229755,0.0372610793851025,0.04107669594671296,0.03799550439728709,0.03645987582177997,0.03726553167806817,0.036319587231976855,0.03843297921439975,0.042541537644778596,0.03550765364613892,0.03551506817141472,0.03673270167234541,0.03572877740331935,0.03538754136337592,0.04023356002461203,0.05103167550459497,0.035027930594265066,0.03451096299245445,0.03566979496974101,0.04358441227595151,0.04719742127970872,0.035186725194219844,0.044215626610858746,0.04454204980073722
TTCTTAGGTGACTCAT-1,0.03855109170997065,0.03780239881787576,0.04124823186701723,0.042201228324466676,0.038553131796462,0.04218593618021123,0.04121715256753673,0.03825981745685384,0.03739531640671308,0.042110460312078005,0.04161069378545462,0.03860318412419426,0.045255595738953464,0.04172751418164384,0.04165206839749311,0.041475766355108086,0.036794612855727375,0.03694096220605802,0.03784040487035818,0.03843549303339109,0.037459716574710235,0.040247421870901884,0.04212632202601332,0.04215634334317723,0.038149135197630205
TGGGAAGGTACCGTAT-1,0.037195877068106564,0.04531493224887978,0.036009592910679705,0.03924328868871834,0.041274893117904256,0.039014658259516805,0.04163904999653466,0.03954962100159785,0.04092936568455976,0.04686671905042677,0.03852557380150464,0.03773519537724258,0.03922434596718244,0.03817748712772277,0.03828092628409872,0.039386673970930625,0.04056418329906346,0.03644073994270691,0.03650333824736832,0.03770402416629321,0.035846579493578404,0.0509195595320311,0.04379853194775125,0.041669345434150615,0.03818549738145047
AAGACCTAGACCGGAT-4,0.04066965521141442,0.055457612289293454,0.03869616693237721,0.04117856435891288,0.03695664961460364,0.03494889984449996,0.036683894718022435,0.03612195707650189,0.03756142774384051,0.04451964141960577,0.03534944510355073,0.03555099930107813,0.03578360726990974,0.03554832628701541,0.035637732065307334,0.041843018133109186,0.04220671691248731,0.035862070441311275,0.03614466943124056,0.03697575036946006,0.03842247170346094,0.05054129111320219,0.049121680574151866,0.04567905758236999,0.04253869450327305
ACAGCCGAGCGTGAAC-1,0.036475002620008946,0.04127848379184691,0.03664022219389511,0.0383485680582208,0.0390062141443642,0.03720858411650099,0.03973832208197298,0.04481536732264337,0.040457172652841725,0.04818707260801418,0.04207852752859301,0.04250882895882116,0.042291144867359486,0.04224809390898792,0.04198727944173767,0.03710125233058087,0.036724590585205136,0.03969167230538194,0.04129060059407925,0.043001746768469365,0.03447685529393844,0.036139079333024814,0.04139642914433947,0.03959148176780599,0.03731740758136628
TCTCATAAGTCGATAA-1,0.03469130181529566,0.03938165024875494,0.03627488627240435,0.03769941573356974,0.038034621450551566,0.03760779243375849,0.0387559380671485,0.04089789730397189,0.03743785460521213,0.04692866801953363,0.042233553409292246,0.04031882581904863,0.039641493846014675,0.04113193861819659,0.04078449477342316,0.036527382055356834,0.03633251306067246,0.053722029473895754,0.043512974422404684,0.049484049940383155,0.034435153646936015,0.037480993689395954,0.040614763186022466,0.03888799358178067,0.037181814526975804
AGCGTATGTCCGTTAA-3,0.04109774813369336,0.05663063657537173,0.03885487971348397,0.04083946250267241,0.03822377676639181,0.03585051602364467,0.03723850011028855,0.03677798046400193,0.038939273105410024,0.042605429793952106,0.035772866433247126,0.036155656530918054,0.03639819264968208,0.035622332792860464,0.035328617802469625,0.04077177456831016,0.04246059531141271,0.036271878032547285,0.03544713205445254,0.03719353024306245,0.03881104199132291,0.04867298264301409,0.04687201288068426,0.044319884532735825,0.04284329834436993
AAGCCGCAGTTCGCGC-1,0.0345306991812049,0.040562873392739646,0.03551903552263448,0.037657393251004735,0.03809123958382191,0.03780025122535036,0.040483658529430575,0.04347210258990839,0.03937932064112685,0.04584990644397755,0.04246262931441313,0.04433690399863681,0.043997767263695274,0.04490369928240239,0.043199262182527454,0.03723977094111478,0.03644785204865549,0.03995017706154778,0.04277503904058227,0.043564448825256,0.0346636596574348,0.03479390979226355,0.040789060026054064,0.04000582780436996,0.03752351239984694
ATGCGATGTCATCCCT-1,0.04420405145169773,0.04363315238994737,0.03842951530805726,0.038599629042045,0.03917195458253992,0.037126628978735234,0.03750793665818924,0.03633129583039687,0.03853784726408691,0.03984747347535289,0.03670772819715518,0.03575292567652265,0.03573159731330397,0.03530524652953378,0.03531556995118496,0.03867750319066151,0.049913803036618846,0.036286901474383876,0.03595443588639769,0.03579358405175646,0.06344498372201439,0.04208475496991695,0.043237961738760315,0.041156491987862594,0.04124702729287843
GCTGCAGCATGAAGTA-1,0.03841710149745238,0.03938914082096347,0.038393687430156365,0.040862304825416716,0.04131140985465148,0.046201061215172645,0.04141652988855396,0.03845802896868448,0.03847742573305981,0.03949436769958828,0.04095075566376591,0.03847225458862284,0.04131377014521963,0.041182495870000835,0.041217520994316664,0.039535807650281855,0.04052209036327154,0.03845220349258363,0.03845508311042956,0.04065689202104705,0.039292099547929754,0.039260315642618726,0.039262711598373815,0.039394060158173615,0.03961088121966491
AACTTTCGTCAATGTC-1,0.04538526662151235,0.04214122438885573,0.03911623440386538,0.04273009190082667,0.03825684346065525,0.039104520122026,0.03923058066434752,0.03891449354894586,0.039290596830223144,0.04660925514080993,0.03811526154718556,0.03829634587881697,0.03915194732721108,0.038217268794332175,0.038236136589285874,0.04041045897290831,0.03984131069553917,0.03931675146079566,0.0380632697959756,0.038535034260210134,0.03843607319867881,0.04303581349928555,0.04060175349269147,0.03956704829173192,0.039396419113283634
AAATGCCGTCGTCTTC-1,0.034327502037802625,0.03769180990373422,0.03501245121685215,0.037048123825546904,0.03778466748003434,0.036989299969998495,0.03745639541220507,0.042091315435475105,0.03716119039803838,0.04759805951097905,0.04189582123282434,0.0443112594670914,0.04112236141874783,0.0429071279552555,0.041354593406431654,0.03683850653320384,0.03714765623858877,0.04326030785219815,0.04968197934180594,0.05021996065817096,0.03355515273088586,0.044238889230704494,0.038373911902212766,0.036528840272296255,0.03540281656891575
AAGGTTCTCTGAAAGA-1,0.03558121859139474,0.04068028619508217,0.035327680228502814,0.03732793435109127,0.03795852403404028,0.0391507010379709,0.04033419238068482,0.04567522345684646,0.038885006139971104,0.046641595016319204,0.042380648867752384,0.043813677966371825,0.043038357301418285,0.04342702408261407,0.04317999821813674,0.03631700960966724,0.03633794536478268,0.040392040117682465,0.04216430566294155,0.04400743650883231,0.03482120191731056,0.03567026082311379,0.04123007480508807,0.038944471584606025,0.03671318573777805
AATCCAGGTTCTGAAC-1,0.036367376140642525,0.038351024563940905,0.035246909616866134,0.037942238759077304,0.036636243795082325,0.03521138768358293,0.0367871627234754,0.04068306520106598,0.036544631372263124,0.04085673997575519,0.04262356162319375,0.04019722928705031,0.039591080788773186,0.04093800081091579,0.04060120425586895,0.037258405530910976,0.03717169736429253,0.04488576171776639,0.055741987532756304,0.05124609626113039,0.03453347555804764,0.04478662972978121,0.04060760492082006,0.03826523402491427,0.036925250762026324
ACGCCGATCCGCTGTT-1,0.035770881888848145,0.041376424910572446,0.03685951502993417,0.03753481844725887,0.03811677458761683,0.03705311481587828,0.0383549875174692,0.041699803979202546,0.03827837898260357,0.04604751002916514,0.040905333220731345,0.042048289601667066,0.040740320103454485,0.0424283447548726,0.04004544129532266,0.0374402249891421,0.03718825331925981,0.040242509852057844,0.04111679939296686,0.042664942322001555,0.034512319306811846,0.048575948443674244,0.04257192648455522,0.040451752585892446,0.037975384139040884
AAAGATGGTGCACCAC-1,0.035009335291200004,0.04072645364422652,0.03522055390006894,0.0383164548733719,0.03670421188927072,0.03507150323071247,0.03605274704131331,0.04215599954257159,0.0361415149970264,0.050766513458776155,0.04112575214284466,0.042255352488768334,0.03906396207207738,0.04103768724928973,0.03972787207044567,0.03672643447479544,0.03606956004574974,0.04370811515411025,0.05234565627668234,0.05342327624492407,0.03355790778455923,0.03840115866102856,0.04015034264046706,0.038494947477870425,0.03774668734784928
ATTGGTGGTGAGTATA-1,0.037196754704642565,0.03884012872296476,0.03718540215026891,0.03804459983754854,0.04486205919518213,0.04717369313100226,0.045754157495909546,0.03725322893197967,0.03727624901511114,0.038968493607057335,0.03921452866043319,0.03727011164460396,0.044915935950053,0.045310312978001706,0.04419116891686895,0.03805254837490264,0.03892399321137675,0.037246315766274324,0.037249733015498936,0.038978085503695456,0.04536112905520988,0.037023720772632336,0.037803995716630415,0.0387948056939721,0.037108847948179466
ACGATACAGCTCCTCT-1,0.03745864431160404,0.04339592173489443,0.03720303500389466,0.038631329334749824,0.04344620070401114,0.0431768449571157,0.043132691011951475,0.03974910570434985,0.04217689488393858,0.04305281965122905,0.03917380250222355,0.03829534923605635,0.04100390209637023,0.03856672064520344,0.0386065157054053,0.039253138418610514,0.040854926698674625,0.038189616896978244,0.037839445780050635,0.038229468052866936,0.036766695646414715,0.04573036386872745,0.03599311814471247,0.041167321806184085,0.03890612720378287
AAACCTGCACTGTTAG-1,0.03513498053369776,0.04248574406925925,0.03520288667285097,0.03902967032025727,0.040728715372599034,0.03735827279935172,0.0408969185636883,0.043188180020686126,0.03944248725717953,0.04728436323650058,0.04039891752252391,0.04174784771718187,0.04226203442438525,0.04205575319750604,0.04033975439876452,0.03708317530110921,0.037630119905997565,0.0416745164456204,0.043405077824388835,0.04440169909031993,0.03367067578926522,0.03403588773623686,0.04341668472925531,0.040056397922597936,0.03706923914877681
CTCTACGAGATAGGAG-1,0.03545698624509121,0.04558314040353562,0.035681081518571016,0.038844987133079635,0.03588522242041954,0.03599449795333362,0.03729768436611087,0.041082491890620715,0.03837880773501842,0.048660297420982004,0.0400242812709659,0.04025942805516839,0.03952596401954641,0.04030577562134169,0.040379078491848824,0.03822027749505503,0.03799666733139275,0.038308785153405946,0.038765722964421157,0.04033145898597789,0.03398762718913759,0.05234788485108118,0.045794610225210725,0.042556355625477,0.038330885633206774
AGAATAGAGTACGTAA-1,0.03789830814961343,0.042675332237262664,0.036382583392557545,0.0379149651219479,0.04315489385154166,0.04096113847273505,0.04254286374026798,0.03983630157999345,0.04236996045409854,0.04336529954515733,0.03872946053058107,0.03816445769494832,0.04219596389564476,0.03908588227284991,0.039165403872188365,0.03797614814841416,0.040172990205285974,0.036554353150004264,0.03690634017719545,0.03841374271005321,0.03765564273400788,0.047220530341400585,0.04199455770251018,0.040555295106925605,0.0381075849128145
ACGAGCCTCTAACGGT-1,0.05521620085237438,0.03467076373753578,0.03956185481349318,0.04111810461628778,0.03796800147092464,0.037574920146996545,0.0370668029152743,0.036758623286938935,0.03875416777811656,0.04101153745488102,0.037181295431542104,0.03604983185044674,0.03697911225084745,0.035510010927345854,0.03552120525788463,0.04067848553513578,0.04481268062571824,0.036595854027673534,0.0366553131239216,0.03644074185641187,0.044697451108711636,0.04418164875007963,0.04587668136445084,0.0445430368365804,0.044575673980427
AACTCTTTCAGAAATG-1,0.039505364668263786,0.038099536304764,0.04802624360781483,0.04555001591096337,0.036216574440978366,0.03637663087391016,0.03622824399837526,0.037820083316415315,0.036240293183495115,0.03882067111604253,0.037800326358320396,0.03809410568522226,0.03806116706610495,0.03796433277938779,0.03799343079565177,0.04713683378748621,0.03737512178366129,0.039044496468881314,0.03911968474796421,0.03811431372035485,0.03623439761189931,0.038455519979239405,0.04698834698871613,0.050960439916099304,0.043773824889988155
AGCTCCTGTGCATCTA-2,0.040344575059404975,0.046291478270376184,0.04215005662120122,0.04194996630365843,0.03593051545490287,0.0356735636014384,0.036946391288807626,0.03627874246008476,0.03584338249001715,0.040065072044561105,0.03594459471696175,0.03575292136723423,0.03561261962677322,0.03646928192378864,0.03590912993491334,0.04302378239950303,0.04066993341852567,0.036399280031164286,0.03734680834610013,0.03753593925195353,0.03916489748122837,0.04514969804261606,0.04907582387957138,0.0462563758326181,0.05421517015259551
ACGAGGAAGACAATAC-1,0.03468164412938124,0.03952549720893797,0.035796273976309315,0.03577342638155691,0.057761628604598964,0.04190414775676387,0.0426444734412056,0.04003724281289434,0.041714218657327086,0.04770983792648154,0.03849915170986157,0.038905254910367386,0.0422530150925636,0.03960692944336501,0.0402263875776646,0.03628303489362365,0.036800094130924534,0.036769037321420964,0.03608612760251775,0.037079593312190545,0.035583765357193174,0.04872506164645275,0.04105229677953965,0.03765786233315702,0.03692399699370061
CATGGCGCACCACCAG-3,0.040906839838792064,0.050855767875956644,0.03847185691128464,0.039757917076273866,0.03817568094155876,0.03691339675627639,0.0366882854625824,0.03841692954742292,0.038882763144844304,0.04252020184988133,0.03836978209370663,0.03822316874697053,0.03717406753238946,0.03758574869239893,0.03760758852879153,0.039342562067510745,0.04207426507189895,0.038302582949288594,0.038803973056213824,0.039347352674248645,0.04018510613001582,0.04232461509185269,0.043381453116689096,0.04131881407776284,0.04436928076538849
AACACGTAGCGATGAC-1,0.036398042987122466,0.041112822772053595,0.035513145461633665,0.038461561972670505,0.03783152204524983,0.036539780824986684,0.03845921656701487,0.043556159045934864,0.03904903177013634,0.0540185474179512,0.04211123334083901,0.04433839311429429,0.04224206548543938,0.0435281729797272,0.04278251202679537,0.03832706079881367,0.03740852009608956,0.04113180667330206,0.04332919869543765,0.04414425457974555,0.033343810097349054,0.026248434082204185,0.041596065902502956,0.04016499570544611,0.03836364555725983
ACGATACGTTCTCATT-1,0.035401303629725614,0.04209524683335136,0.03508025145740091,0.037908033357533184,0.03824613113811108,0.03805898083440778,0.03940497598910882,0.04246585711448867,0.03950151036316361,0.05786619244783076,0.044483970766851295,0.0414027492806659,0.04045651744132486,0.04160811451789879,0.04182805824740118,0.03727122953508774,0.0376615291884937,0.03966795173156683,0.0426166738184352,0.042652080468223844,0.03389954474932277,0.029955471916194666,0.04363753271667784,0.03944696432762968,0.03738312812910417
ACAGCCGAGCACGCCT-1,0.03558585865793951,0.039845201555336586,0.036845181837876155,0.038649296016121215,0.03936215512061967,0.03681952974453427,0.038760462384012394,0.040918628183639665,0.038497712220335115,0.056650004779660465,0.04219562458347316,0.0405302081272513,0.04121574333729112,0.040814905094329425,0.040549400351867736,0.03807750093841471,0.03857198083018923,0.045384651949310045,0.044031143696595686,0.043995183644217506,0.03430782426122789,0.028522272128399757,0.0418109733515807,0.03995621405955516,0.03810234314622145
GCATGCGCACATGGGA-1,0.03693674892422719,0.04621595804333678,0.03623919007469045,0.0393228055799694,0.03945493537623857,0.037607933128332244,0.04042277358484643,0.04026686435263368,0.040783157018201975,0.04697213588995054,0.03793036246201277,0.03818389360261401,0.03870631009818776,0.038284386058684276,0.0377556329160618,0.038853872109510655,0.03969813091547459,0.03696888341831073,0.03618550300143784,0.03805539860087494,0.03515550844282773,0.05320108628708868,0.04625908189777164,0.04200745480685097,0.038531993409864525
GCACTCTGTCTAAACC-1,0.03771288788826037,0.04011821601216176,0.044764820773478695,0.03825073617248557,0.03829975823230722,0.03823342010851506,0.03837017575493266,0.03805995724036234,0.03656164980556514,0.045038756810850206,0.04367535951043248,0.03832000006015363,0.03830370364651812,0.04386876003626925,0.04397535948425852,0.045232208357620055,0.038484783570009756,0.037874066050610035,0.037915260978088776,0.045122053651267355,0.04362047673403354,0.03692565230095582,0.03534202661846871,0.03829255722632668,0.03763735297606839
AACTGGTGTGAGGGAG-1,0.036381163845023386,0.03940156719664195,0.03575418491582358,0.03868986213628365,0.03849517578982643,0.03963921576320942,0.0410693840518394,0.044746174780024565,0.04093219712664214,0.043587673268377,0.04306601965650427,0.04210850940770379,0.04336879023412236,0.042389908405145976,0.04253292248088259,0.038668991211197434,0.03736847479678553,0.03986922453656535,0.04087238973313979,0.041568747717539406,0.03469297587586089,0.03680415965134054,0.04043194311186464,0.039551262724883234,0.038009081582772546
CTCATTAAGAAGGACA-1,0.04074296550124228,0.04219720740255858,0.04997180823542545,0.04906672427194479,0.0362177668581842,0.03586467165985396,0.03633592726615976,0.03669163472419049,0.035504329160585005,0.03931335445181276,0.03586977177058636,0.03543284515444339,0.03580580291517143,0.03649165166010661,0.035737071041935756,0.05062174391871183,0.03839919771465762,0.036903163846182724,0.03660633928991335,0.037245400895886356,0.037048646861375274,0.042318724847621676,0.033494508344025904,0.060952774129247454,0.04516596807817703
GAAACTCTCAACCATG-1,0.03976725868891349,0.046317475544898054,0.04809060376243928,0.04924329062017398,0.03582405162096653,0.035423177649331186,0.03657238657815445,0.03572290001656902,0.03631619774968492,0.04086951467039476,0.034834278796193524,0.03527121209757698,0.03490326762517898,0.03505526359630249,0.03481327195777317,0.04853184328994443,0.039471342082139545,0.03649995484738241,0.03581672130502298,0.03617441003623126,0.035893979927295615,0.04800334620431942,0.033034184416503645,0.061955698970237956,0.04559436794637218
AAGTCTGAGCCCTAAT-1,0.03807866532530065,0.04219299747911701,0.05027819687337318,0.05556196132691776,0.03389512192166356,0.034379212865823267,0.03468274342126636,0.03394558369229243,0.03487720212557103,0.039497900223413665,0.03296617599576634,0.034021601868215116,0.03362747999519343,0.03318650215900451,0.03289673239921764,0.054305758746629365,0.03913378277162479,0.035103223107775236,0.03442073935869942,0.034949454486902,0.03483971523966194,0.04559263602116723,0.05530011861567653,0.05876901421032117,0.04349747976940646
CGTTAGATCCGCGGTA-2,0.038466451686256155,0.04466382610984408,0.039108075561058414,0.04094191345216368,0.038847636289869494,0.03711662914450207,0.03968073606583376,0.03728857535534147,0.037681253050995636,0.04148533543413695,0.03765048123963122,0.036567209993384496,0.036763612356672346,0.037129714521530875,0.03665303063250524,0.04128673079138445,0.039819678287806394,0.03627008472520396,0.0376761481219529,0.03803809631675866,0.037581581904633184,0.04749289670632847,0.04701671839824767,0.04398682877547371,0.05078675507848483
AATCGGTCATCACCCT-1,0.037085523929315786,0.04052823794467918,0.03583407258088226,0.03886895988561987,0.03576574297787609,0.03435870665944203,0.03509664156910637,0.04160809106657115,0.03475185731499655,0.041051236332329766,0.04228437610412301,0.041091077992024494,0.03852529782221081,0.041384227237703235,0.04007830040113244,0.037514255160264603,0.03780969255645406,0.04235944380381115,0.05615693932777487,0.05120147055668283,0.03392481704711564,0.04393651472077414,0.041424828214893815,0.03960988466225347,0.037749804131962675
AGCAGCCAGGCAAAGA-1,0.0505674400134314,0.045007897194019396,0.03891381878108703,0.04055459283918806,0.03786423048458225,0.03750060498571154,0.03794766915168044,0.03672927329823957,0.038144562866815765,0.04147920211175882,0.03638134013363527,0.035889152771190286,0.036600778861409486,0.03617641607992429,0.036205197791274485,0.040131219841959005,0.04196448305944301,0.036899442906712016,0.03699520787202108,0.036959596299798864,0.04694855914433246,0.04244721245008549,0.045375305296862276,0.04332829133786148,0.0429885044269766
ATGAGGGAGATCCCAT-4,0.03945997082769119,0.05701687648781052,0.03930175571754528,0.04214589738149866,0.036295308187038466,0.03528152893589029,0.03631124317244281,0.036589710441653864,0.03755899329509058,0.04331006690762664,0.03597093774092055,0.03600161421848629,0.03593187653207443,0.035809341330086675,0.03614763604076556,0.041622627042150355,0.040263311819524826,0.036676539813277474,0.03675001579513954,0.03799040458199231,0.03770358087517203,0.049069093740561606,0.048080645509920236,0.04527232115496953,0.04343870245067023
CTACATTTCTAACCGA-1,0.04002736318900078,0.04205279597333673,0.03970067706206505,0.03971915891425242,0.0396282321791042,0.040327750787230214,0.03975039286906348,0.03828853575438398,0.038710609600841744,0.04286852521126851,0.040183979885282176,0.03858936161869225,0.046293431636308384,0.039481836627922755,0.03953004519272274,0.03999168224829597,0.03927030104404861,0.03793836854354783,0.03724273740228047,0.03917577066630946,0.03766093523387365,0.04369221675995753,0.041386372961966796,0.040252959109707456,0.03823595952853691
ATGGGAGGTGTTGAGG-1,0.03907558293741936,0.042829037431707496,0.04951017360096833,0.05869046871839713,0.03361620951846292,0.03389052047284045,0.03432270870422469,0.034799015260963476,0.034157452868472715,0.04034137982793121,0.033275942064010355,0.03369859849008554,0.033965246094219324,0.03411071920922157,0.033227431482323724,0.053716398472710813,0.03843456319155167,0.035085729557037364,0.03523588032436246,0.03613873869017718,0.03461858488547614,0.044919006239035275,0.05384298512187805,0.05561029330418241,0.042887333532340456
AGTGGGAGTGGAAAGA-2,0.04142992266844427,0.04810429800776461,0.04004663292163094,0.040841952655710674,0.03709909644801095,0.036542628364055856,0.03755552739730335,0.03642357579490704,0.037679109218858024,0.04002527055980403,0.037073684781090965,0.03639152979487566,0.035611738533099575,0.036229846595282424,0.03626145858789868,0.04042990263465297,0.04081913499463881,0.03756752463617925,0.03697264824272561,0.037491771136545476,0.039659240310732036,0.0456280905382605,0.04782169470566288,0.04544893088516937,0.050844789586696325
AAAGATGGTCTAGTCA-1,0.03530394267213078,0.040630183265928384,0.036652220184222845,0.038282303341991473,0.03803122064748661,0.03690080660879961,0.03823514204851093,0.04491472521434827,0.038402820685260734,0.048561593495489115,0.04268020329214615,0.04508216946741079,0.042470672577383795,0.04480125007006104,0.042151798940699,0.03760712615773755,0.03708351158663312,0.0397800526708913,0.04125432739311416,0.04388899547200472,0.035182802304781435,0.03409789704290221,0.041324090471146005,0.039223283275916884,0.03745686111300313
TGCTACCGTGCCTGTG-1,0.037681633920752376,0.04208555979564802,0.035829610529224364,0.03764350969590485,0.04361163779935123,0.04033474901573923,0.043131971131167395,0.03974399311005021,0.042282839339358766,0.04587462305599061,0.038489257200715866,0.03772899709401872,0.04099977006398275,0.039001773379803886,0.037816764199595364,0.03718812981146809,0.04030584137869961,0.037729156895390484,0.037281604107153636,0.03855331367629922,0.037064271101394444,0.04867487428685223,0.042739077809882974,0.040017778094123206,0.03818926350743235
CAGGTGCTCGATAGAA-1,0.03565977083369907,0.04148058158759328,0.03515934591512329,0.03880432816044952,0.03806485542248576,0.036687193855056664,0.037750962710947016,0.043305379890281756,0.03940773215698477,0.058456416494787264,0.04173153866957964,0.04257077623793234,0.04078636890287877,0.042171571834417394,0.041463737007574476,0.03837233613640675,0.03722047852300439,0.042034232688812116,0.043296973051226435,0.04428987370141448,0.03394569205834348,0.027809862134629566,0.04208208350975448,0.039499881444400864,0.037948027072216575
AAGCCGCCAGTCCTTC-1,0.03653259169590492,0.04182098869226627,0.037257425688119246,0.03910803757570985,0.04413907764163213,0.039514223096219256,0.04513735145396647,0.04225437533292435,0.04226843990343415,0.0404648785764962,0.03970452234365237,0.03981226434555451,0.04303796838387316,0.040216704999028186,0.0390961597893681,0.03859981266343641,0.03949062370850384,0.037660155617782645,0.03746450795927521,0.03870249266060231,0.03513668721887955,0.041433351287941886,0.04328142121344968,0.04043455816415092,0.037431379987828646
TGCCCTATCACCGTAA-1,0.03653727016048905,0.0460636130027564,0.03641358885601796,0.03855589775319806,0.041553033601405144,0.03849197416264557,0.041227229609893654,0.03916952599931876,0.04054184870992822,0.046672986349955765,0.037859418187852704,0.03777848062678437,0.03960510948991218,0.03771787808532789,0.03738201067914579,0.03849561636902379,0.039759000051671885,0.036886721892124504,0.03686628119834212,0.03840532411712764,0.03548602767861986,0.052918489211030505,0.044904252168367985,0.04167009000473949,0.039038332034320895
CCTTCGAGTCTAGCCG-1,0.035970720510492944,0.04331284747618941,0.035831594657589186,0.038445754848039804,0.04199927917958506,0.039467421963029346,0.04135467198340002,0.03994805913007282,0.041525735620075874,0.046585330191796295,0.03845791381136788,0.03880205775461518,0.04034275891276374,0.039268632660865575,0.03857004607393313,0.038005526617884984,0.03968452024474467,0.03844208595391146,0.037495231597932305,0.039559831896646726,0.035627658190959206,0.050046487590296736,0.0438665445290346,0.040223959766937434,0.03716532883783583
ATTTCTGGTTCCCGAG-1,0.040674523696917694,0.04394020770975773,0.05042728882366794,0.05361715564328815,0.035642186544948926,0.03581171323583371,0.03645555069804697,0.03555735341006319,0.03678424942815474,0.04297542017675453,0.034607577316991205,0.034467982815826685,0.03467835842490057,0.03484861258206488,0.03398810223418453,0.04546215749121181,0.04084325546539561,0.0359636540364137,0.036071825090743435,0.03696449765048855,0.03612466747695513,0.04972516376548502,0.05780919431086258,0.033029500135617326,0.04352980183542548
AAGACCTTCGATCCCT-1,0.035487792342107055,0.03809198605425418,0.03472595589995794,0.03600931152865955,0.0369280815749749,0.036236071078950716,0.03753071483378549,0.04284336245999012,0.03771878289911094,0.0468512150771877,0.04180064989064862,0.04357844185550585,0.04120477035402643,0.042247048667882356,0.041415081906877954,0.03617063469498295,0.036273660678544185,0.04184019853831698,0.04931196005776933,0.05469457171702481,0.03368351326379825,0.04236997768871247,0.03879791203331045,0.0379593002935458,0.036229004610074764
AAACGGGGTCAGATAA-1,0.03635753546152083,0.04172748405110942,0.037389621035643014,0.038709785504937796,0.04439379340709373,0.04206455821369669,0.04584042112400758,0.041619840500874375,0.043499084907733604,0.040433239990012394,0.03952108849093597,0.03912870994546433,0.04322754547218327,0.04052087695554986,0.039756884748080645,0.0387867444558693,0.03894301783319364,0.03840707582934264,0.03719598430767237,0.03830076345392952,0.0358451611242499,0.035803333832784306,0.04301379148046449,0.04156599026131637,0.03794766761233407
AACTCAGTCGCGGATC-1,0.035917734235759474,0.0411229619405286,0.03528490244322971,0.03776650945747459,0.038485685945448635,0.03847575153292865,0.04062252187333633,0.046019761836426865,0.038450430374194336,0.0502989684738276,0.04252389762052701,0.04424387732327539,0.044064876963474935,0.04399418462916026,0.04217528531581215,0.037680844327292136,0.03647424809289114,0.039439393336187276,0.039944296133450394,0.04221826973476445,0.033439369018355224,0.03409249245894373,0.04087179230323096,0.03905482542372611,0.03733711920575416
ACGAGCCAGGACGAAA-1,0.035684884158441114,0.042747654735470555,0.034888212757422474,0.03714941270968545,0.03993405834339648,0.037683226503553345,0.038462577718418066,0.04145772162786197,0.03864085767326724,0.05531197768390788,0.04466865655531066,0.04151323893235114,0.04176954952596482,0.04174849343977269,0.04190145732749071,0.03625935804170629,0.03860166652911646,0.041471083924322485,0.042132648497357206,0.043141602619695574,0.035305308789738886,0.029818659227147888,0.04282729347586581,0.03974441284970643,0.03713598635302829
AAGACCTTCGGCCGAT-1,0.03627514565756818,0.04114715865756416,0.03557299317497004,0.03863451413626608,0.03722128395215366,0.03699819456606141,0.036653994102933206,0.04236616316086564,0.03850417054348979,0.04881684570525931,0.041044985902974764,0.04303574558124987,0.04150053008828385,0.04273256365346721,0.04160085808715599,0.038174186223712346,0.03733021911710908,0.040276178837600304,0.04276057830769859,0.04406276504835011,0.034015022051696556,0.04554934439941437,0.04093975874407719,0.03875203730061491,0.03603476299946326
CCGGTAGCAAGTCTGT-1,0.03487391057654235,0.041747478119094635,0.03609849673116193,0.03863221150137877,0.03961607979393699,0.037036402028365015,0.03995464012701856,0.043800438872078074,0.03866269798534041,0.05216603103470514,0.04151143413226572,0.042160406689803934,0.042217385827391915,0.04258573340809172,0.041519840322110015,0.03825456940982014,0.03665870324022779,0.04060843524280167,0.04237355727387995,0.042993732923469155,0.033766435931760805,0.031575491108705986,0.042824827851582085,0.04010254731159904,0.03825851255686787
AACACGTAGACTGTAA-1,0.03494671529610479,0.04101897878332802,0.03472115025355384,0.03652768030882874,0.038565123978876605,0.03711844259391107,0.03836840440373479,0.04533065536965933,0.03905170741106884,0.04914609065017326,0.042461059813436806,0.0449765908125458,0.04309259553378685,0.04456833623758847,0.04330093162749493,0.03592466028930812,0.0358632942837548,0.042654217486299925,0.04221800425339143,0.04484836143747816,0.032588333865962306,0.03415313590175623,0.04238982883205766,0.03983700403908916,0.036328696536809764
AACTCCCGTCTAGAGG-1,0.03469028560640271,0.040317984794496844,0.03479521578974327,0.03621586370813797,0.04173984064881242,0.04094955107166044,0.04269994515087704,0.04653541329946587,0.04249709773581349,0.041598002858101855,0.04327247563656361,0.041358424388063225,0.04190013878244599,0.04313101301211689,0.04394353548512237,0.03655382576137931,0.03758855024416469,0.04009593377199544,0.03976251217723976,0.04020850990206538,0.034138337987259126,0.042827872545942204,0.03882583640781775,0.03832128245714564,0.03603255077716665
ACTGTCCAGGACAGCT-1,0.033731857129447325,0.0386697729841203,0.034004892507304034,0.03535161269024736,0.053549728793831325,0.041458293834936044,0.050288556877569224,0.04061432611086214,0.04903416069724062,0.04785694378140507,0.03884116167320816,0.03863707266911799,0.04238607494418661,0.039443844610428686,0.039523746129350876,0.034737199524849945,0.037588965809070694,0.03581790361248328,0.03591970720609098,0.03634386233354079,0.03555772287628252,0.04704658183931834,0.04051232133218346,0.03711434923279256,0.03596934080013168
AACCGCGCAATCCAAC-1,0.03694316935465426,0.03897154356348603,0.03533843326685152,0.038122820358672274,0.036615640216900565,0.03683160002806569,0.037184694005918784,0.043568769485097046,0.036894437188500974,0.043070307064895674,0.04090156474673331,0.04287222732892412,0.04018967717773323,0.0435245562038685,0.041321863749342325,0.03771651938777725,0.03723023794740656,0.041367230591970124,0.05381224192831377,0.04525722051941875,0.03391498546001432,0.04388408928904818,0.03978918121653132,0.03865499624619473,0.03602199367368081
CCATGTCAGATCTGCT-1,0.04207997540226693,0.04522038675317893,0.05139164650000757,0.04749315138268979,0.034970853135081206,0.03507102013036337,0.03547587642227516,0.03587344625500232,0.03593279369535646,0.04169559354096775,0.035413740570923544,0.03472914370679221,0.03465998457669673,0.03516867604493408,0.034532528622865565,0.052836823176650796,0.04106136806664759,0.03653597851826935,0.03668033850736739,0.036657470717766434,0.03623416336936365,0.04719784197020915,0.05419487273052409,0.03440362377984315,0.04448870242395691
AAACGGGTCTGATTCT-1,0.039739109839003084,0.04410650658216751,0.05743231114087216,0.038727327877951155,0.03546897829618626,0.03562814206875347,0.0356838742570478,0.03600309717662728,0.03603437163639415,0.04034076290438963,0.03493997766123157,0.03481361124083233,0.0358002862647611,0.03560956087825686,0.03495710645564006,0.050023011370556716,0.039834948933736264,0.03595517617739807,0.03487748655779362,0.036522417501970966,0.03614727685754474,0.04720928517913168,0.05473925427428254,0.04465465905546047,0.044751459812010376
TAGCCGGGTCCGAATT-1,0.04156116723959514,0.04570858351084026,0.040417625113656104,0.04091380390385868,0.03593178115930479,0.03572498450721249,0.03557965123481126,0.03685534866260423,0.03607481346628038,0.04092867764158262,0.03644141205128508,0.03637836605134662,0.0359509913784133,0.036258297748641644,0.036283094741789326,0.0422650109061519,0.040230992650594606,0.03784077578943548,0.0386856883178783,0.03749355788415203,0.04004402835637303,0.04387471410217257,0.04759751072033117,0.04527370151496154,0.055685421346727264
TAGTTGGCAGATGGGT-1,0.03595457374587141,0.04401850196680641,0.03692421075058791,0.03788329486980014,0.04248671372587256,0.03947838522732759,0.041539306279935295,0.03906616878152808,0.04164270680308716,0.046437363604587584,0.03843191740725229,0.03780893556395051,0.0411802287899119,0.03919549678799159,0.038756848753115206,0.037580299263336385,0.039201475311404776,0.037122702731321885,0.03715998578709154,0.03850961237013423,0.0360455975220209,0.05008670402066833,0.04433871481389403,0.04129994770075024,0.037850307421752036
GACCTGGAGTGAAGTT-1,0.036514515895541444,0.04552466193274398,0.03767504097339332,0.03877394201285127,0.04160607108284532,0.038578931402272455,0.04128742785959157,0.03892063115300503,0.04040885171477979,0.04668754735058346,0.03787816699476821,0.0376024967660333,0.03944747113326819,0.03754391183840852,0.037590235441343434,0.03913712335869827,0.03911830966834997,0.037525356441779394,0.03698362698817418,0.038901800903884946,0.03534091317107162,0.050396581349232555,0.04529274760688564,0.04215222296644711,0.03911141399404708
AGTGAGGGTATAGGGC-1,0.05120613924245169,0.038706074045664576,0.03679521930413688,0.038829935028132825,0.03731140147129831,0.036085516340520374,0.03654199831944419,0.036313322380408644,0.03857649191850717,0.04134663639329208,0.035203276753192084,0.03436232055978442,0.03594008906537226,0.03463722647223181,0.03466707185706545,0.03865296849197228,0.05899374594139902,0.035368686471278936,0.03442842034117464,0.035111766051598284,0.06170338999963972,0.04336316048308034,0.042662081939866,0.04181078095252466,0.04138228017596313
TGCTGCTCAAGTAGTA-1,0.03724569929479854,0.04362747680487132,0.0369611104290424,0.0384986680167033,0.04347897361285103,0.04112964013629324,0.04331833563811839,0.0419582109490179,0.04283461917597869,0.03755427650222242,0.04079598028955162,0.039498900193904,0.04173326925299101,0.03949623684325071,0.03927827123223859,0.038385458869907824,0.040317985731359404,0.039233771854116604,0.038236329684086655,0.03931958419168986,0.03587247496107461,0.03837638178927031,0.04380618862900891,0.04036214956537461,0.03868000635227816
ACGCCAGCATACCATG-1,0.034802856031708525,0.04173122837188889,0.03678109835014794,0.03745330899258205,0.03873489771485234,0.039661415796900294,0.04143802095988312,0.0432456612638147,0.040262924192848666,0.04795721194832994,0.04310226074731289,0.041780265106707994,0.043176164691339856,0.04163120840497458,0.04329871840136977,0.037047725255610224,0.03843582283280106,0.041451211464068695,0.0401801694210141,0.041315738143032806,0.03516624767848349,0.03488084094772691,0.041048389384219564,0.03925177604546208,0.03616483785291946
CGTTAGAGTGCGGTAA-1,0.03869746027839909,0.04369857053234045,0.053766419335733236,0.03651128706335125,0.035935039411146494,0.03578668252254639,0.03683616694739231,0.0355605193198384,0.036704989864009066,0.04259374569565854,0.03510806400532299,0.03496714131280594,0.03524052319806055,0.035094200147582535,0.034072397585018885,0.0337528581758208,0.039772180272024595,0.03637812449408967,0.035928152043967244,0.03667826631911022,0.03534959896943506,0.050825909868887076,0.05741315327480309,0.05940600578635097,0.04392254357630507
AAACCTGGTCTGCGGT-1,0.03833719636215884,0.043384033974305534,0.0376839814604725,0.039677560131235114,0.04364353140768799,0.04012832804941867,0.042081329221266436,0.040088308536078275,0.04181204591577441,0.037884633420825216,0.03893453626282688,0.03871372127211164,0.043158572459635176,0.040140492502634344,0.03937146394188438,0.0388578250431228,0.04045951886385141,0.03924688296480527,0.03867417735107606,0.03949186224740008,0.03675319666763802,0.03969473357800841,0.043257920717174735,0.0402960476930991,0.03822809995550876
AAAGCAATCTTAGCCC-1,0.041567973225819205,0.04293767602913158,0.04950887408778176,0.04877211536666995,0.03509810418065768,0.03561373637429524,0.035587255297978786,0.036028876132030194,0.03658070682418202,0.04034324890672508,0.03556206625546636,0.03553601116869613,0.0363369254973829,0.035379820430134164,0.035017349271481986,0.047396775074114585,0.03918945457250917,0.03614135644137358,0.03517627097248962,0.03649685730087068,0.03617424074922194,0.04522179959195664,0.05196408363400093,0.049488785316072544,0.04287963729895734
AAGGTTCGTCGCGAAA-1,0.03764422012498429,0.04164288423993994,0.0508882196427373,0.06171788002295916,0.033899513688803874,0.03377798615532938,0.03480352415901333,0.03419989804558692,0.03455751517924554,0.04078539659459919,0.03319533954634217,0.03343862770774879,0.033347650659421274,0.03323840958532053,0.032952681974901005,0.05623397293256791,0.03755526037446669,0.034467072283039996,0.03434169223567578,0.03546137945776443,0.034472133773922956,0.04597179610365543,0.05258135439144548,0.056291103401408055,0.042534487719120585
AGACGTTTCTGTGCAA-1,0.03807398206147753,0.04334618873764024,0.036153473583633154,0.03769049859447721,0.04284130440655939,0.040485748098421266,0.04226634270685372,0.03978846304194029,0.04117690828543626,0.046016595189973086,0.03929394916087025,0.03822684728790767,0.04148667838886287,0.03908284829777497,0.03835520888686775,0.03742112840882862,0.03958897118158837,0.03764143701639512,0.03740300529680874,0.039142031033400776,0.035576738708848414,0.04865571879076223,0.042780483668120275,0.03945580125242765,0.038049647914124275
ACGCCGAGTATGCTTG-1,0.035437862489232204,0.04471807629065854,0.03429772211672404,0.03850685635226909,0.0388404856373806,0.03683724724784058,0.03911661808626764,0.04436533642599935,0.03896385010352054,0.04820498035099223,0.04106746826446272,0.04292646061766001,0.04350776859035764,0.04373417191016234,0.04183036830713563,0.03755126510979514,0.037233752658799406,0.03867070237544435,0.040835593459049045,0.041847832267855704,0.032836690511904174,0.03555386133483752,0.044221097208706754,0.040980925648510774,0.03791300663443388
AGGCCGTTCGGCGCTA-1,0.040935301820138305,0.047473902018064,0.04047041518464776,0.04121621740020124,0.03586036153738261,0.03525017373587983,0.03562763816568712,0.03620278219814055,0.03605026201859439,0.04112072667878454,0.03612988601908839,0.03569843884739499,0.035531584789527206,0.035824975446119074,0.03553289365112604,0.042323490824127605,0.04182077043016385,0.037306331417934095,0.03783916348480765,0.03748585936765554,0.038764256007514986,0.044521978985269474,0.04977707403084959,0.04550445438608377,0.055731061554817635
AAAGATGTCACAATGC-1,0.035459980026605865,0.042251634452367126,0.03638837571862656,0.037879956919273254,0.03816827227499985,0.03652212786926316,0.03925707285466522,0.043405923603782655,0.03819344059645384,0.052334685225135,0.04097342705546705,0.04335131826726798,0.04307130969511316,0.0443297438927369,0.04324896501945767,0.03767925119330962,0.03599368453679713,0.04224759127933088,0.04213096036451086,0.04464450640672671,0.033164795014640994,0.03119186096724205,0.04114998979575686,0.039174127231231176,0.03778699973923844
ACGCCGATCGCCAAAT-1,0.03722855408681999,0.04287167463892824,0.037601638279919865,0.03812259857149043,0.044928252290965705,0.04142563745755795,0.04429080830444299,0.03949047009467188,0.04352771987222393,0.040618335576680265,0.03944259854858348,0.039347769972708654,0.042945657313335946,0.03951033931063759,0.04000845718744633,0.03833720100650265,0.04106201736411706,0.0372785102096727,0.03768918553426638,0.03862395490300217,0.037744913576791626,0.0364529068069068,0.042115666526150286,0.04040524302714473,0.03892988953903249
AGGTCATTCTCTGCTG-1,0.04609925386456003,0.0427828428372478,0.037902855629795174,0.038841312734814705,0.03776364939894087,0.0359111275353997,0.037068294416547735,0.03527322167789576,0.037207115821994464,0.042729134229902675,0.034897887385543655,0.03530149894518378,0.03525062475019192,0.03436783151595343,0.034400227510168566,0.03887984601307363,0.06325376517315924,0.0359308921455613,0.035066610931433914,0.035840450901807645,0.04184725620194296,0.04857580048598567,0.04676798495345461,0.045884836185134135,0.042155678754306834
GAACCTATCGAGGTAG-1,0.037759304711876426,0.045694689190166865,0.038125125501312716,0.03974516817202593,0.04312941796198305,0.040153324888967765,0.04242431743957741,0.04041110604293604,0.04302608161000561,0.03402683779179498,0.03909088616633188,0.038678416826223284,0.040945167538410286,0.03862146356932159,0.03871071697776688,0.040079515029319106,0.039374474448468436,0.03860346891200222,0.0374211679222958,0.03841084907724264,0.036609968945038394,0.044210593471003944,0.04407904495177319,0.04183268341222176,0.03883620944193361
AATCCAGGTCAAGCGA-1,0.039482002289862234,0.04525444642589829,0.035746264666959474,0.03895643692475736,0.03905509370849683,0.037765077329714826,0.0382020916549225,0.04130258979371016,0.03926527429619021,0.039925176221098015,0.0406723069950885,0.04145424603444085,0.04136283302900179,0.041710388429607406,0.04139683416863191,0.03941208009716409,0.03950057264144241,0.037618324750295314,0.03901836081240383,0.040711486575311505,0.03798884619526753,0.037722386658968945,0.04417179973474259,0.04238469717668672,0.03992038338933667
AACACGTTCATCGATG-1,0.03586291013639187,0.042457987483415484,0.03566353638577374,0.038167382868551536,0.036565550716889654,0.03632348571323559,0.037410632807825646,0.041708520181200755,0.037206212308384626,0.049451269763297834,0.04051280761499725,0.04155205309245812,0.040421867629124,0.04084029074663587,0.03909288265040674,0.03798312565140528,0.03765309534504083,0.0411932419880009,0.04377262654287688,0.04403407904925396,0.03464953037875513,0.046895442875574095,0.042617587350745965,0.040059918969354714,0.03790396175040345
AGCGTCGGTGAAGGCT-1,0.045040657411678155,0.04207873245961794,0.037796243918069336,0.037836573307677715,0.038164542505810556,0.038727467074631323,0.03905034297230183,0.03784816117898897,0.03835042381518083,0.03908677905847545,0.03782291455068377,0.03740974971006156,0.0366404195583644,0.03658746570790128,0.03660455286521376,0.03782997747457696,0.052260070498215565,0.03768662720473973,0.037736649042346214,0.037488950302153455,0.05379606026212506,0.04120380823777666,0.04067031255361328,0.04038978915710331,0.04189272917269297
CATCAAGAGTTTCCTT-2,0.040134306446073915,0.05758608463029716,0.038202290760151934,0.04123786349652543,0.03764417713671768,0.035754180950546346,0.036602410931101524,0.03667903261271025,0.03862350279623016,0.04367126453089926,0.03547898475782557,0.03532943149776808,0.0357863206857831,0.03561356733161903,0.03542751361568015,0.04044244825239537,0.041414634865213025,0.03559705543485944,0.03521933861884854,0.03614597396136376,0.03760745154726442,0.05111814693686669,0.04947351694757711,0.04529410774648382,0.04391639350919834
ACTTGTTAGAGCCCAA-1,0.03460295269877805,0.04131373819587969,0.035185180484041075,0.0380333528460262,0.03548892157077502,0.033218886073692194,0.03561893724921657,0.04139238843402114,0.035383656356437976,0.05062116162023001,0.04086995273388159,0.04048517679430576,0.03883054243864507,0.04095305911438519,0.03861820599612935,0.03830091134588189,0.03602985107075945,0.043926316338956044,0.059430345880524225,0.05257268703700032,0.03242711135858784,0.039117200045760595,0.04158026274535276,0.039013445732281875,0.03698575583844993
CCTAGCTTCGTTGCCT-1,0.03658911703962221,0.03717657461993431,0.037962822919400195,0.043272559393548675,0.03857401842006511,0.04507207112181515,0.0386459129470607,0.038356950370429056,0.03668478831451856,0.04453430463695749,0.03832527693509212,0.03859453581844202,0.04371383221092977,0.048063965982649115,0.03850958431382883,0.03906058094227553,0.04369677498604934,0.03828174680085368,0.038318381682681396,0.044822372700457094,0.03903866262443853,0.0384815649878983,0.03786876631332557,0.038937984796806796,0.03741684912092043
ACTGCTCAGAACAACT-1,0.03759488859520994,0.04086595811086691,0.036830688284187355,0.0385581155061398,0.03696325239803971,0.03577840893871547,0.03614454267098827,0.03891977405787339,0.03694576824120381,0.042556025871710104,0.040523453959083085,0.039605315978392945,0.03753987802716664,0.03946465688391933,0.03885260669552778,0.03794913416167216,0.03765713068861829,0.04296829719292149,0.04303986937431715,0.06397490780303149,0.03424521840338705,0.04352646146021322,0.041754387271171714,0.04012740544926012,0.037613853976382616
ACTGTCCGTCTTCAAG-1,0.036056434487902946,0.04229357077051735,0.03627741355020301,0.03854279364823347,0.04144468586230276,0.04082910784402626,0.04461497894945597,0.043353294273040875,0.04195950227692225,0.03926665047739578,0.040779608640675875,0.040334832335905804,0.0428380366853938,0.04151009148049908,0.040388736653760374,0.037901703162738484,0.03927120071606698,0.03924756925322298,0.03901774053135594,0.04134201462297697,0.035355774001061255,0.03795025314520135,0.04197476365347303,0.039054963425681925,0.03839427955198551
AGAGTGGTCGAGAGCA-1,0.043741850086766024,0.043759697598240575,0.03750137396953886,0.03871478273904728,0.03839916172915166,0.03735655740002215,0.036749691194487816,0.0359099993661951,0.03827990281034001,0.040351573777561024,0.03555889206455422,0.035020117844609296,0.03581817812833825,0.03493510599920137,0.035337528170389744,0.03843534921586077,0.0533010779594562,0.03579173195557004,0.034802077529783856,0.03527504767507151,0.06667678141334023,0.04247708941624514,0.04324759494026159,0.04116580636669824,0.04139303064926907
CCATGTCTCTGTGCAA-1,0.03569832881961878,0.039588141963751086,0.03670182960375236,0.037469780583381504,0.03708553707661401,0.037302057225515974,0.0367910953056298,0.04139705228832879,0.03789989640209236,0.0447823615589806,0.043223699256901796,0.04186441817277815,0.04010111105120827,0.04176410688608319,0.04087574390692276,0.037338282705492956,0.03770182507050727,0.052375426497637316,0.04556593748670591,0.04795969505060328,0.034058087069068,0.038093804989476406,0.0399533720251561,0.038707869600340346,0.03570053940345306
CGTAGGCGTTACCGAT-1,0.036692787404213945,0.043595523901046214,0.044024286482333364,0.04673140642871468,0.035032771795608264,0.03439458909018631,0.03604708552525777,0.03892255324626979,0.036158885318266665,0.04531178238719857,0.03746814945896297,0.039384033305553505,0.03661429400961496,0.038611635973578494,0.03734355636029556,0.04507156709402192,0.0376180308961154,0.03849672123911068,0.03950305444403553,0.0398906629046616,0.03400191687251385,0.050877378201176694,0.03104552407605437,0.053777394592218905,0.04338440899298997
AGATTGCTCCTAGAAC-1,0.05656756979477323,0.030709130456413092,0.03956255220773951,0.04141624671652537,0.03926521063430849,0.0375327262040857,0.037640652968994215,0.036329857241081336,0.03912603102301067,0.04268273784867619,0.03632482101810143,0.035000814865015314,0.035784245225006964,0.03495042651005187,0.035346225281550986,0.040800884453538876,0.05324610272314796,0.036870029689626084,0.03591142375761016,0.036004975349002,0.043832089386087236,0.043258538516289406,0.045566837745283674,0.043403106980226515,0.04286676340385379
GCTTGAAAGGCTAGGT-1,0.04185766004923321,0.04584219150876656,0.047340759163712394,0.04936807458047069,0.0352149222963707,0.03456887953493856,0.03565700899665371,0.035691242410765614,0.03541653989841361,0.04139627072918869,0.03480017952230131,0.03493066698391881,0.03459123107503385,0.03532699287107894,0.035084630458511144,0.04935007699245184,0.041225781481017784,0.03603563085260791,0.0366086229666782,0.03681620591549178,0.03733737301710204,0.047376925328887494,0.03392376442261641,0.05871808378369635,0.045520285160092294
GTCACGGAGCAGATCG-1,0.03548022594848648,0.04261246069071748,0.035943014374790486,0.03844908577322465,0.037475149987823496,0.03651027380611136,0.03641476547047821,0.04364522697823538,0.03839769904718573,0.04479031772933758,0.042668045152175885,0.04401155281943247,0.04027737861145728,0.04230970153346654,0.04146280680238013,0.03750889952280608,0.037314710510617875,0.042440090050264126,0.045054690750530306,0.04710733083215357,0.03401074258460555,0.03595833856084426,0.04222774249682515,0.03986485348959652,0.03806489647645329
CCTAGCTTCGGGAGTA-1,0.039966377228777536,0.04480592610746947,0.04753653488050744,0.04867522495387985,0.03474697166179001,0.035427246518208416,0.034871472403787275,0.03529728452248353,0.03555721998988265,0.039889405022188705,0.03521770068588517,0.03479065286488028,0.034444277831223793,0.034619966029383914,0.03495235754297661,0.048935929214030324,0.03880530784484916,0.03698032906815925,0.03602192052038592,0.03653562813455328,0.036767581040757155,0.04506760682369546,0.051448722885513394,0.05622199236776567,0.04241636385696582
AGTGTCACACCAGCAC-1,0.03945936174597559,0.042850838018440335,0.049645909970070325,0.060110672246485794,0.03511515162611628,0.03384181084052754,0.03469980874686522,0.03426130012115676,0.035499387782270624,0.03999282959484469,0.03329504009712521,0.033725284519163144,0.03338134731177303,0.03386136462695851,0.03327052877838781,0.05667141789786303,0.03891453059197182,0.034980091297815936,0.03531825303277894,0.03533088011812502,0.03459007800734846,0.04499002380603729,0.051410493137417135,0.05286649294425061,0.04191710314023082
AAGACCTGTGCCTGTG-1,0.03508371169629609,0.038252059407544836,0.035772248561417475,0.03770851567292932,0.03683087122761313,0.03486454966329653,0.03658609162468239,0.04163702953345134,0.03631999297142496,0.04561796605261259,0.04151437537620464,0.04217791823044169,0.03915498144974267,0.04107747582687274,0.03980494411102622,0.036865852526432354,0.03609404863256458,0.04850850808279294,0.05618412228199342,0.05193397705006602,0.033731511118220855,0.042181268298529334,0.03882740314785643,0.037380921569384794,0.03588965588660281
AAGGCAGTCTCCAACC-1,0.03752060874007519,0.042177784705642936,0.03673371511872988,0.03813744954376469,0.04344392870282336,0.04202786379842315,0.043961405902664605,0.04341785236841247,0.04487646725320785,0.04153342724631568,0.04116851213583693,0.04059382883354475,0.0435080433537884,0.04013314104316473,0.041413245707924796,0.03820084665061389,0.03892345996392991,0.038003626136663964,0.037329389244938595,0.03868771252404438,0.03550948863152429,0.03584283322009852,0.04018802870354477,0.03953112470263445,0.03713621576768804
AAATGCCAGTACGCCC-1,0.03825467129886435,0.042913192289124,0.03883859058317883,0.04009035818330355,0.04314054366774159,0.040739343682396484,0.04242186055253232,0.0396213389002777,0.042153691372497554,0.03379042534411235,0.03842688022721059,0.038142685359996716,0.041177402740121286,0.038766935864125,0.038404715889006,0.04010151073579369,0.040093192625582,0.03895782045842971,0.037961898573012104,0.03856706694004882,0.03700003385925935,0.0453494315732968,0.04361480718780087,0.04193290369031433,0.0395386984019739
ACAGCTAGTTCCCTTG-1,0.03633267154599133,0.04291133965002219,0.03611925475331283,0.038448653823331055,0.04252157556372538,0.040397688361352074,0.04328030008449486,0.040443420102987286,0.0409426122141519,0.043472660773411755,0.03998688841036169,0.03890303635003635,0.04125266937323813,0.040875251083836855,0.04023753150404764,0.0379542953427444,0.038751773563038286,0.03802175745035389,0.03847839368374124,0.03889514471916334,0.03671128247182018,0.046299882644945924,0.04188538629299883,0.03941140226615832,0.0374651279707344
AAGGCAGCACATCCGG-1,0.03384678945828099,0.036980768403139026,0.034431943420433486,0.03660262870462174,0.038133472287030554,0.035479114427948995,0.037858189068501774,0.042592691123310045,0.038662449107001805,0.05049233352862993,0.041849229420803866,0.05137841482339249,0.040486463793391506,0.043485377016188966,0.04131602196835047,0.03638068274209403,0.03476135142134812,0.04091903076061729,0.0505732685537023,0.04777598885345166,0.032415690001614504,0.04312981430973251,0.038549478367075396,0.037549067975554025,0.03434974046378447
ATGAGGGAGATGTGGC-2,0.03801770503809331,0.04701439133298458,0.03737415172257862,0.039592776663341586,0.03827239926652445,0.03750802969340138,0.03963382506552344,0.039011239679094076,0.04122824474814061,0.04630186497063385,0.03719541517940153,0.036982783317254235,0.038509669186940695,0.03712020755553573,0.03678113186915324,0.03930845981913502,0.040097560649644926,0.036154788246442485,0.0362573781932281,0.03748659354594734,0.03591743354919649,0.05423559742419701,0.045960744116542655,0.04313824961776269,0.04089935954930186
AACCATGTCTCGGACG-1,0.03476007552813215,0.040020869821107155,0.03515578812865706,0.03641124397757734,0.03936725513514465,0.038860949755995106,0.041692251961606495,0.04262402431923058,0.04024083557705939,0.047593757430076315,0.04214510906152519,0.04204562939164522,0.042662532753699314,0.04298384344743771,0.043154569467878115,0.03615481584512087,0.03600461218930963,0.04105052764374334,0.041645714028561626,0.04246772483980837,0.03450626672336921,0.044881620954540485,0.040230401536552496,0.037374632423501405,0.03596494805872108
CAAGATCTCTCTTGAT-1,0.03548315973769143,0.04041775641056384,0.03594845825346801,0.03738093640777485,0.03828316816849852,0.0363752601567501,0.038960794109789455,0.0422543156592637,0.037522821017949126,0.05066435592388849,0.04142280926885536,0.04212007669395352,0.041367899506230855,0.0418744002132144,0.03992837112751471,0.037194369468678344,0.03607303971372408,0.04271168548340588,0.04941488717185464,0.047329111474034645,0.033642200405035155,0.03857593550444233,0.039905803431905515,0.03793690207734742,0.0372114826141655
GTCGTAATCCTGCAGG-2,0.04092975876658844,0.04265187922256476,0.04030449888851924,0.040028511799825986,0.03886519209713766,0.03828013556142163,0.03893672313245824,0.038295650185483754,0.03897003551934366,0.04041017884866414,0.0382817188818223,0.03799626363555922,0.03798562765641196,0.03837180148121439,0.03796482786965469,0.04029604768350538,0.04092315614949837,0.038241059330309815,0.03826775227124777,0.03848725649196024,0.041106287242125845,0.042098184518856704,0.04335139443684293,0.0415946725455099,0.04736138578347295
CATGCCTAGTAACCCT-1,0.03423580392597523,0.03907652487914332,0.034591423237264184,0.035255902873787597,0.0580468938873841,0.04090781540076927,0.05329839787727857,0.04054461726568218,0.04176106039569653,0.04707838085732962,0.038693521488487224,0.03867432015334601,0.04164345684885434,0.03969210533343587,0.0389045509643509,0.03495361746993176,0.03738744384982254,0.03682789641475508,0.03617956927760931,0.037759620792915435,0.035833007680448656,0.04585378577816695,0.03960406999716761,0.03679188290725675,0.0364043304431408
ACGAGCCCAGTTCATG-1,0.0349832954757921,0.03935105021720991,0.03538870332251848,0.03818655378645134,0.03572972370690679,0.0355304132575479,0.03586566941238643,0.04272077393679942,0.034694676496089934,0.044247932712795215,0.040837765382573485,0.04246961643130507,0.038847022513108835,0.042675563248207656,0.03992952610118562,0.036950362371109,0.03521628534204021,0.044025952605632114,0.05692396834372902,0.0530015428925619,0.03226240886582729,0.04390671743834698,0.04095552383171403,0.03892241483874227,0.03637653746941908
AACTTTCTCCACGTTC-1,0.03845355291095148,0.04223034858058591,0.03684881795195768,0.0389824663093311,0.04161067406486809,0.03972925793097236,0.04193373669472914,0.04068235204125198,0.042086473572568395,0.04336216311227755,0.03891077212549731,0.03890094581967438,0.041238354844662185,0.039361931790595224,0.039090812381578875,0.038398810035713965,0.0403775259576413,0.03713382375471305,0.03749408333167491,0.03768748756389439,0.03723107702845133,0.04634134574694655,0.04284742458062823,0.040137660360870075,0.03892810150796462
CAGCATAAGACTAGAT-1,0.03882867321198527,0.04221888994333946,0.04972106919460649,0.059786088763827835,0.03282594209263298,0.033093184718576085,0.03396524057899318,0.034114376156785975,0.034581407270030694,0.042626697845082905,0.03275552751689485,0.03327017380940492,0.03352521113648797,0.03336827380917046,0.03272753694434279,0.05659734406065692,0.03893903592712701,0.03430837773208667,0.03439338132862542,0.03506517134081292,0.03417305127476763,0.04547661190147515,0.0540890221182068,0.056713818460950506,0.042835892863129325
TGGCCAGTCCAGAAGG-1,0.03667198301463206,0.04286377740021463,0.043579980421933825,0.037422077161084845,0.0434050920777955,0.043886390145703814,0.04266792340350789,0.037070781415697175,0.037346300871997355,0.03760559582573461,0.03705434355379339,0.037263189669684456,0.04206483666636013,0.043435303136396916,0.04243451613556816,0.043035773750250327,0.037423597394852806,0.04257491854739741,0.036882694988405545,0.042400447534670344,0.03742950627264814,0.04251338190319905,0.043820717762583304,0.03251227544932046,0.03663459549656773
ACCGTAACAGACAAGC-1,0.03739196313367931,0.04282742560616882,0.03665194774310638,0.03876353677564967,0.03750702496944189,0.03635968864495126,0.036966396563383734,0.04109781581849587,0.03744443386879338,0.053814488271141235,0.04068088645359662,0.041885692964388085,0.03920618955555965,0.040402942469721224,0.03970386083844662,0.03839860224547146,0.03866908921091688,0.044766603219477535,0.04565581375290616,0.04593638451686941,0.034697068193490284,0.02914278185601787,0.04327624790077106,0.04066060621453956,0.03809250921301604
ACGCCGAAGCCCGAAA-2,0.04028546843182424,0.04577785370888328,0.04185990611675275,0.04250352711147636,0.036940449924541215,0.03526673646357333,0.035468502054079705,0.03635635986926853,0.03588225191189771,0.03993761213773641,0.03572694997592682,0.03546969972819802,0.035091490974578886,0.03563571350654863,0.03536937088191835,0.04427305213160286,0.04046616296602911,0.03619784462764576,0.03695863090959194,0.03647936924256534,0.03954895265297501,0.04452248852951291,0.04995540242695711,0.04691975351973798,0.057106450196177765
ACCGTAAGTTTGACTG-1,0.03596539643199659,0.044520979236977946,0.037166696025539736,0.03876285868704606,0.042326667233547326,0.039619224318306626,0.042734065225278305,0.04063093355677648,0.04118245271211449,0.04640139635187812,0.03902358745003779,0.03824944739048715,0.04026350459311272,0.03890429335776459,0.038326103108750516,0.03871058514402909,0.03799340597070088,0.037084853374125135,0.037186815359951025,0.03823271122535385,0.03513087231738039,0.04936925687943546,0.043619380998448566,0.040438332109456195,0.03815618094150505
GGCTCGAAGAATTGTG-1,0.0391667034695783,0.05443832570771341,0.03695022915477341,0.03996037472114305,0.03906861635263542,0.037687217409753955,0.03905887963169394,0.03686343718382358,0.038534368987098895,0.04455288148390486,0.0364450298429882,0.036025894615207145,0.03656272710351683,0.03610378987895416,0.03662057563544224,0.039730051423460096,0.04101905937104663,0.036271418834440995,0.03583131197631834,0.036983788771643406,0.03672407869892849,0.05080895412643748,0.048672178107217995,0.04414430876733201,0.04177579874494733
CATGCCTGTCTCTCGT-1,0.0359166941742524,0.04290163796031609,0.0364908708948537,0.03951345725714647,0.03665130605394539,0.03669733203371524,0.03744262487005181,0.04269192159383103,0.03665867950193179,0.044786208960075756,0.04084657850045673,0.04216082331847551,0.03940206910234582,0.04178383875647073,0.040844021892268975,0.03943369493064304,0.03771934384716307,0.0415325427466503,0.04383883692747272,0.04421817370899078,0.034172194553738135,0.03985195835660585,0.04353249838505891,0.0414844181063698,0.03942827356716999
ATGCGATAGCGACGTA-1,0.04066086941131309,0.04244883344331965,0.03859114717391459,0.041189843195856904,0.04002994288600421,0.037451787829401194,0.03873625632699677,0.036983701398772176,0.040381112972867776,0.043425763576798726,0.036152337780671194,0.035971270770174285,0.03770635294561902,0.03625946053636961,0.03630876139116207,0.0404694609342263,0.04335045053898992,0.03643949901495478,0.036134224545879244,0.03691033745151086,0.04389698160142994,0.04709871370028814,0.04395771983427942,0.045187572688211476,0.044257598050988514
CAGCCGACACCTTGTC-1,0.04049893604799362,0.043516979744462794,0.04926029527444396,0.0597837808023045,0.0340055216141181,0.03440193013572848,0.03381500087973524,0.033987027741457704,0.03487700926061685,0.04017713210909764,0.033042475060233945,0.03371193132786454,0.03334341105015335,0.03354781793378132,0.03295589065341084,0.05509569310033714,0.038767877252539246,0.034763895398499285,0.034551443955221646,0.034888349810819244,0.035158272133660295,0.044049970854598906,0.052836236534679455,0.056131272470329875,0.042831848853912176
CCTTCGACACGTTGGC-1,0.03960747526308898,0.04426652764003778,0.049224560230889745,0.05222227550470072,0.034126015703497194,0.03404397666273313,0.03417780195949405,0.034805937778205044,0.03481427510102804,0.040504447052353384,0.033920677569000544,0.0341863775288389,0.03439196859095213,0.03370917682406378,0.033428953314810994,0.05309810377502466,0.03896935155374442,0.0352309519672595,0.0350618603221101,0.035516512713685396,0.03538203378521437,0.04575822931176745,0.053430391912891034,0.05642477002861994,0.04369734790598877
AGTGTCAAGGAGTCTG-2,0.04087952524704908,0.04621789038811688,0.04066994177484981,0.04254134766211941,0.036309688757832054,0.035325734934637,0.03674488713187943,0.03568980755764966,0.03582587216453183,0.04077697762721525,0.03596587095704715,0.03514039542857589,0.035354370521897605,0.035603560560764316,0.0356069574578718,0.04302656587971858,0.040868660684953755,0.03721928507555799,0.03797140479991562,0.037372395144136226,0.03825462388870546,0.045460140521817786,0.049013681063441415,0.047086665684630255,0.05507374908508576
ACTGATGCAGCCTATA-1,0.04211484989304655,0.04511546412715528,0.03564141007577179,0.039181228741927115,0.03808249024199353,0.036943119061282864,0.0383492334005576,0.04055615760099045,0.03877730393167742,0.04727701820053966,0.04140012038815706,0.041163687339709334,0.04005313428806936,0.0409990467651411,0.039433200625697044,0.03904414398786204,0.04180073764148155,0.03844418851077814,0.040051846139112175,0.0414259687691766,0.038238324735353706,0.029979475585833467,0.04401506371716607,0.041847874743340764,0.04006491148817926
AGCAGCCGTCCCTACT-1,0.04571409664344237,0.04306612089559534,0.0393637259927828,0.041747994302844114,0.038385706515962514,0.036967902690617574,0.03669026202870644,0.036784221400816046,0.03872890573614786,0.042039336909398664,0.0361123779787123,0.03548493342477313,0.0354221199221912,0.03534246130623339,0.03537453951367242,0.041375315095432956,0.04568688613153931,0.036545867425448214,0.03602545724399769,0.03679005338998407,0.042033625392797466,0.04621595758744213,0.048048069002430985,0.04534909209639156,0.04470497137263957
CTTCTCTTCGGAGCAA-1,0.035639148308995824,0.04400532008426538,0.03555917361354013,0.03727801628896933,0.045123157012205664,0.040998949216917296,0.04411739389712466,0.04219175444180003,0.04273332307216546,0.03941456535513713,0.04190551899832321,0.0400494326934784,0.0424024860084192,0.04144930881503906,0.041303541444809584,0.036982140559551666,0.03948647552338485,0.039568949507399906,0.03842303325408038,0.040570689560723516,0.035886325791830084,0.034281143865265505,0.043648724343907326,0.03980856123756597,0.037172867105100406
CCTTCCCTCGCCGTGA-1,0.0400636880842322,0.044574292547533076,0.048987664002776383,0.050666110417079246,0.03504923659674573,0.03457748499347553,0.03526250653688976,0.03455103391340236,0.03507996032949172,0.03998336108262515,0.03396293874931553,0.034083659861082,0.03431819422852695,0.033904565903976495,0.03369927635000504,0.05268789290929377,0.03948040851326394,0.03537350664923367,0.0351171347137825,0.03563277624492345,0.03581561932289243,0.0455336691130343,0.05250478533188581,0.05606085392384231,0.04302937968069058
AATCCAGCATTCCTCG-2,0.04080436289732981,0.04748270787989597,0.04025631430237412,0.04165633000543067,0.036683364193323076,0.03513738553216145,0.03610853067232816,0.03666504462283457,0.03689121539067785,0.04071297446946372,0.036076089116266,0.03551325998777038,0.035387116411290616,0.036002281082517566,0.03571497410036592,0.04184795672564468,0.04050750644250673,0.03657589590120482,0.037896937224163055,0.037079740365064486,0.037974500055262504,0.04525555464534244,0.048691413060397495,0.04599105196543405,0.05708749295095005
AGAGCGATCCTTCAAT-1,0.03584578650616991,0.0430782525767291,0.037397171344342034,0.03864917988568803,0.041203039470505354,0.04245571187157789,0.04461059578563151,0.042969086082016834,0.04060405604494552,0.034215138950259856,0.04108790649164434,0.039804701434720355,0.04165068238959121,0.039853871622217416,0.04092500341266484,0.03860284015822696,0.03863556137385395,0.0386884015130207,0.03878246518177433,0.039638997086835104,0.03572064052003486,0.04399634489096269,0.04281388548483627,0.03992031837760671,0.03885036154414434
AAGACCTCAAGGTTCT-1,0.03561918019390624,0.04316206336888285,0.03551806546688024,0.037958298337717196,0.04233804626473375,0.03865520379104421,0.041867088076784444,0.04244288998737172,0.041472579476195225,0.04460862612589851,0.0407323298043505,0.04131857617021373,0.043809384658352886,0.042839119311008395,0.04126050655361717,0.037592339957609244,0.037078123847853084,0.03999115508417223,0.039876111338857004,0.040889249426032837,0.03445266543188846,0.03592495224451386,0.043647701524806654,0.03960823186499317,0.037337511692316354
ATCATGGGTGAAATCA-1,0.044431905836812176,0.040396889768324604,0.038516328446398095,0.03937949442337009,0.03917127853147673,0.03863595797455035,0.03924537800019381,0.03837826855030816,0.0386825419938906,0.04076649880594981,0.03836740976655284,0.03858624936969634,0.03796487460944,0.03791762895328494,0.03793290876100797,0.039148302443969434,0.04545090500465279,0.03830079800083131,0.03939175090498437,0.03911615327664995,0.048542332842766336,0.040282381707244734,0.04078106439922807,0.039936674269686286,0.04067602335873003
TTTGTCATCTAACTCT-1,0.037394580770591296,0.04480812446819529,0.036508929294173466,0.038850435896325315,0.04327233551745287,0.04012438081589101,0.04158049584189223,0.04078012314511476,0.040791254174907594,0.040974846312951715,0.039782209330235935,0.03923155395055349,0.042656047872905944,0.04008261724381653,0.040542542375120436,0.03897584462322814,0.04080448173223298,0.039091139682726185,0.03766871228577376,0.038316379403839376,0.036298283184795166,0.035891189531562485,0.04467770679453961,0.04143848670061006,0.03945729905056445
AAAGTAGTCGTCACGG-1,0.03627720245953205,0.04089581474234204,0.03608937365294257,0.03795825230353176,0.044160784980085396,0.04118499213197267,0.042631975770766876,0.04010935121778288,0.04143560051122214,0.04441971482675865,0.03931521083722188,0.03930566578321005,0.0418389718243863,0.04021497074375841,0.03989893538655165,0.03736432096472812,0.03932412118978256,0.03865846701988182,0.03776025127242305,0.0392153039413159,0.036224520060532034,0.04681476642828918,0.041857420300644314,0.03991517701441932,0.03712883463591853
CAAGTTGGTTGGAGGT-1,0.04922463194424264,0.04748538800635886,0.036383913494300285,0.038042214746856026,0.03565746047694003,0.03517263119553461,0.03574483705386359,0.03525718417235159,0.03759771115824095,0.04152895052408147,0.034335185055855824,0.03410692425868272,0.03509184536104853,0.034007614315324966,0.03500869765657984,0.038299509583133905,0.051796730620655485,0.0341958608156292,0.03346741913911247,0.034389846468634216,0.056874692186580984,0.05125713518179851,0.04821974731363607,0.04614929551657807,0.04070457375397928
ACGGAGAAGCGATATA-1,0.036901175614608275,0.0421933177791511,0.03726125966044554,0.03767096133875684,0.0414740979996795,0.040022447612251065,0.043821506864296256,0.04175872801871197,0.043102122869393765,0.04108932931770008,0.04076657664054542,0.04003920807069539,0.04349833381644105,0.04100890932126467,0.04116693301047211,0.03828711798559024,0.039003667356211705,0.03804426442485275,0.038460858595397114,0.039224311582697215,0.035556232273079066,0.0372808909435242,0.043501852673613936,0.04071757776922268,0.0381483184613982
CATCAGAAGTGCCAGA-1,0.03607521084792258,0.03861649294133416,0.0355890978123893,0.03870798402720187,0.035611353758103904,0.03660036353410633,0.036512026547715855,0.042270127059911414,0.035857858268810765,0.04239079557510349,0.041350287475091604,0.04197284243578637,0.03995050959422686,0.041347712763321755,0.04099492939441986,0.0379734400816118,0.03630436835700315,0.04353274863663146,0.053534315511177995,0.050665232868986096,0.03397284015374176,0.044796953444753866,0.04005229594831507,0.038395483756745494,0.036924729205587245
TACCTTAGTCCAGTTA-1,0.037742372679878546,0.04020555082888697,0.03627519544825696,0.03715791043615802,0.04120124114171775,0.040290329115192,0.056340040723613545,0.03994739364806434,0.04129624203231748,0.04856596707000348,0.03776256994107001,0.03749708258679335,0.040228104243357085,0.038131585791600205,0.03774513606479189,0.03773331597775501,0.03889622460056801,0.0366302099480609,0.036013717272294354,0.037590517170062517,0.03666767736995896,0.04794199185382604,0.04082228213613171,0.03962151271149352,0.03769582920814724
AAACGGGAGCCCAATT-1,0.03457513735205883,0.03952507041815702,0.03480115687420262,0.03883314051764799,0.036853242287669265,0.03605756054128013,0.0360386877784996,0.043758928982694796,0.03563690509398695,0.046253287426985173,0.04208335779348097,0.04335344093647604,0.04134520252265425,0.043648578500723116,0.042068684259702296,0.03787753473376192,0.03644797191520798,0.04415458098322515,0.045629193313589105,0.0524656815487354,0.0331007876309811,0.03607718218112971,0.04150239713354662,0.04032492959681527,0.03758735967678866
CCACGGATCCCTAACC-1,0.03529704852710162,0.0434878753176097,0.037130419047053866,0.03935690535761135,0.03563609878645076,0.03505992687980659,0.037312907162804866,0.04266229064882687,0.036256143522945754,0.04623257648380654,0.04144412788760216,0.0421897951181649,0.040207252722883786,0.042809480216031946,0.04072200432147322,0.03844623923517941,0.036935193749862386,0.04211226884409787,0.04496065614577943,0.045974825689395614,0.033877528468865374,0.0357682308835602,0.04422358739704892,0.04291981784066804,0.038976799745368836
AATCGGTAGAAGCCCA-1,0.04236582674596136,0.042172634511863004,0.03879954690437117,0.040947589513941236,0.03861594504407226,0.03770345926097599,0.038679025262062024,0.03732320762167705,0.038804333022033316,0.040968353665917286,0.03686226646261879,0.036493356021602086,0.038032939261578996,0.03693876118544934,0.03695624203509043,0.041174490587026345,0.04597524192202781,0.036448369429173774,0.036864225475408394,0.03674571835826716,0.0433593342702014,0.044036405673401446,0.0454479622113479,0.044285414914598115,0.04399935063933333
ACGTCAAAGTGGGTTG-1,0.03755355864240979,0.0432909728053851,0.03619197397791144,0.037827201626168504,0.042762769809244844,0.04078683746298241,0.044142316577780144,0.04053477794088346,0.0424745068907311,0.044392570083694044,0.03892602238103922,0.038919216409121715,0.040591407380249904,0.03863757682409497,0.03908555202389459,0.0375448382897685,0.039058971006533,0.037007272481966696,0.037032107495003734,0.037915900732664945,0.03585046018470717,0.04764428111328289,0.0441163126974869,0.04019760650010699,0.03751498866288792
AAGACCTCAAGTCTAC-1,0.036272297524289177,0.04367862031077896,0.03594934161406993,0.03869041266263605,0.04114459849734652,0.03890245899311118,0.04140875210950897,0.040863780520133,0.04109677598679917,0.042299653724779826,0.041167143086824565,0.04002981968507928,0.04037641423018899,0.040750277901794106,0.04133366676326551,0.038475183467328825,0.04009238024963843,0.0399772885204683,0.04081880245513013,0.04151340427079209,0.03673235422689483,0.03696867343726663,0.04287487730700727,0.0404221096785013,0.03816091277636699
CACCTTGGTCTCGTTC-1,0.04426241618844392,0.04441440882231851,0.03757850217123588,0.038753415909359504,0.03865343565189897,0.03618807799598754,0.03784470821349519,0.034877176857171385,0.03805207179942793,0.03954067897538203,0.03491199845533556,0.03468411781851988,0.03589185945000837,0.034604946771470184,0.0350156588090143,0.03904882441730003,0.055901146060848304,0.03519391749041634,0.03459109469984411,0.03501416434192708,0.061998634204432176,0.04270589344029384,0.04517393932914546,0.042005631703511806,0.04309328042321161
TGCTGCTAGCTGTTCA-1,0.036542815461042384,0.04262657581576686,0.03650426933364576,0.0377687361857836,0.04181759758570659,0.03963214810789827,0.042708643905121725,0.039991812387840095,0.042431082116733417,0.04528044434600246,0.03915797090981354,0.03824490029174153,0.04135400609385124,0.03934245640698724,0.0391526061728553,0.037328432851306666,0.03927376472605688,0.0380054606058236,0.03763056015577407,0.03868796982046074,0.035914566681596136,0.04856052410394046,0.04355915869047729,0.04055908207799119,0.037924415165783036
ACCTTTACAGTAAGAT-1,0.03553365152021512,0.044442777253176045,0.036147299850060606,0.03916888083494013,0.04164763781438886,0.038801893695476125,0.04164692527238039,0.04163619765475782,0.04117333318104682,0.04359539088364124,0.041921453597152845,0.04008729502436406,0.041288816873150946,0.040507833651634045,0.040703715661656405,0.03812983250879117,0.03868396542497892,0.04060893318351394,0.03956842026824542,0.04117007097381213,0.03470809879486866,0.03439590456624628,0.04473201183935409,0.04134245341870058,0.03835720625344733
AACCATGCAATGAATG-1,0.03535685570542261,0.04106625264927521,0.035491837179121764,0.03808836237597992,0.03917090580115756,0.0370772976660331,0.03738725881213658,0.043577003329020585,0.03801147021977969,0.05110139638632354,0.04340611087131045,0.04307167295873486,0.041931417367645246,0.044536105641221665,0.04293817883457888,0.03749322031969531,0.03696110605915189,0.04244894622091895,0.04346267924257325,0.044953011331796265,0.03421861991113762,0.030506078036877247,0.04150747922286418,0.03937713108726598,0.036859602769977594
CCACCTAAGTACGACG-1,0.03591970938846245,0.04153494669312127,0.03582844100698974,0.03728808771688094,0.0380245522955946,0.03711516662356766,0.038667124082815994,0.04313006186419127,0.040222631846827346,0.05269738305097482,0.04175077877857728,0.04425013506308868,0.040739877265664325,0.04301890949510107,0.040931308822671486,0.03714566847361276,0.037774828650649614,0.04104671480437779,0.043331718015287346,0.04428409243607337,0.034240300335643105,0.033257064468672194,0.04110722020154146,0.03934657233265948,0.03734670628695367
ACGGCCAGTCGTGGCT-1,0.0368838655999526,0.039769736206660675,0.035759231232386224,0.03934486335981335,0.036940272241234265,0.036881922966652776,0.03836991369115577,0.04437566347902109,0.038080759799342695,0.05040217319184407,0.043502653216882334,0.0441498155794025,0.04149376133426299,0.04341843265301365,0.04078414689579356,0.03760660963149757,0.03743155643261222,0.04102301915603384,0.04400531497272378,0.043843638244224194,0.035030903261801215,0.034821860832396585,0.03969669407859417,0.038297104498055984,0.03808608744464167
CAACTAGGTACCGCTG-1,0.045509932230019874,0.04806866275791134,0.039275106226272304,0.040765085530783424,0.037521700485674464,0.03693294491793011,0.03762625973696112,0.03681337650433351,0.038165206311908235,0.04209050803069685,0.03613545226746098,0.03636605792194258,0.03674755343269991,0.03557171952989012,0.03558784000643519,0.04049635006624413,0.045483171775300174,0.036731022915307034,0.036428517726364,0.0364907660140776,0.04440499297907563,0.04493204513624922,0.04512887953544787,0.04267248330264091,0.0440543646583734
AATCCAGAGAACTCGG-1,0.03976603293852746,0.04476072731629394,0.04781235659547775,0.057579489875335975,0.03424071769471025,0.034154359069461106,0.03535168180854567,0.034505897399171974,0.03612042977785224,0.04114777263040773,0.03360076589295373,0.034094485363468076,0.0334940244033749,0.03365647103235022,0.03310737614116858,0.05350621271731114,0.039156012992956846,0.034709065073958136,0.035071517605424915,0.03578426304134625,0.03491875152519796,0.045493845824501916,0.05206535517565712,0.05436576360237472,0.04153662450217146
ACGCCGAGTGTGGTTT-1,0.03696251275324313,0.04319133771420494,0.03675963178253508,0.038589727725307686,0.04180867952766969,0.03939973054120638,0.04302741737085268,0.04082227386058756,0.041258492786671354,0.047041422718420954,0.04071805672777438,0.039806517507236176,0.04310120275826476,0.04113033580330596,0.04124152426018557,0.038467253497795416,0.039516427149254164,0.038973773483620425,0.03823821293423829,0.03972438652954883,0.03463588661427482,0.032599064980356134,0.04357178060444777,0.04098483616218441,0.03842951420681342
AGCGTATTCATGCAAC-1,0.036577656984781305,0.04367777527615369,0.0363396438943728,0.038379229300855695,0.04055457697385435,0.03905512555128081,0.041752336380226705,0.03980610556590247,0.04143079015317779,0.045943772781752566,0.039246209653406944,0.0386527549534022,0.04047075901391163,0.03856775030611913,0.038647736255900886,0.03762672706193586,0.040043538767324215,0.037825075289153666,0.037891750283043424,0.038942069174508376,0.03558063343303657,0.05032856071810105,0.04404816853869671,0.04050439732723519,0.03810685636186598
ACTGAACGTGCCTGGT-1,0.03722309205135736,0.04243664541060813,0.03817251848412172,0.03917275389222669,0.040785718806198204,0.03792326217706783,0.04106220624424847,0.041050600030576916,0.039719093532293456,0.04355640824859309,0.03881865902903017,0.03852895194318406,0.04083088467872712,0.03921234053907914,0.03881717214500511,0.04007083824077873,0.039497150908844786,0.038623215541972,0.037540580397719334,0.039041261021594484,0.03683305877846535,0.04703738021452974,0.04413280674241642,0.04073917656973259,0.03917422437162923
ACACCAAAGAGTCTGG-1,0.03531519909259267,0.04167058269213205,0.03615491541514449,0.03848261971900918,0.03909893126356768,0.038716257500820646,0.040269570172926226,0.04438948511307585,0.040045424833086665,0.05126200034852678,0.04248872479365241,0.04365547203466988,0.04345238764213186,0.04199903064696902,0.041764872334945254,0.03797700437242378,0.036096465984417694,0.03992543387580843,0.04091820248982557,0.04212772781271541,0.03383852611787997,0.03441913291022888,0.04038242526086378,0.03920454089915821,0.036345066673427406
CACCTTGAGTTACGGG-1,0.03490283061955799,0.039030978715746276,0.03570270447035919,0.03820095171451815,0.036155108188733555,0.03692651090624991,0.03737137597465343,0.042942842848797715,0.03698320718627197,0.048447792534946334,0.04116727170831352,0.04866232261937351,0.04006355834326644,0.04141225214979221,0.04093589431653391,0.037228393742568706,0.036270746724470886,0.041187813158426616,0.0440881883377973,0.05226152440625688,0.033216987355508945,0.044245602951081764,0.0394576870062905,0.03707804949445442,0.03605940452603007
AAACCTGTCCATGCTC-1,0.052322123319540594,0.04333503014145657,0.03730577129070364,0.03917251519094867,0.03805262452418389,0.03667532531899005,0.03718698261668781,0.03510678151165133,0.037390321262540965,0.04044715024896668,0.034716624997167725,0.03406768518266638,0.034890007338784834,0.034406555752179095,0.0344245430946693,0.03856806260320872,0.05612227553097283,0.03531660333984228,0.03535844930285424,0.035122680942205206,0.060133549270561824,0.04348409746715118,0.04128929910941993,0.04167547059670959,0.0434294700459367
ACACTGAGTGATGCCC-1,0.03528988162384661,0.04216091152871424,0.036252127507819344,0.03658827007745746,0.05676614398184401,0.0425897031528865,0.04292774361994261,0.0412069777655234,0.04261450330437094,0.0446989739862885,0.04108520183977913,0.03761578420743009,0.0413336968869256,0.039260080336625196,0.03939694326816778,0.03676813438648877,0.037856457214541846,0.03659268480919032,0.03669386710446661,0.037278336793822205,0.03519912609080771,0.041492822461672206,0.041655664513921414,0.03924520598693327,0.037430757550534384
AAACGGGGTTCCACTC-1,0.03723717582692128,0.03761564298494259,0.04233406227244064,0.0420401078180528,0.043876524400446475,0.041954740788565176,0.0434021226903796,0.037379890330239404,0.03741522184535022,0.03833612490698049,0.03865986894859958,0.03740580100185169,0.04323137802049702,0.03878954340542518,0.03880941006526625,0.04271182076068178,0.0385742737449843,0.037369282171996046,0.03737452576394669,0.038490208666241234,0.04212800597538727,0.0418312122218202,0.04330603300522847,0.04186451994049501,0.03786250244326065
AACTCTTTCTTAACCT-1,0.04624024638199316,0.04235667382657456,0.03754539735936496,0.04025606953752859,0.03872216249313303,0.03602869273978594,0.037625563137443786,0.03513308497812031,0.03957566247049356,0.04181852558592645,0.03474973395611257,0.034304771309288995,0.035839955152228035,0.034207343936828304,0.03496237686506568,0.04005258927244004,0.06408742592818793,0.034982047467836744,0.0340949686818635,0.03419093926247547,0.04375313578118573,0.047316432891582154,0.04596497606891455,0.04277104499585451,0.043420179919771366
ACTTTCACAGTTCCCT-1,0.03508988709125401,0.04270238149800825,0.035975481644154074,0.03785449415289083,0.04007846902739599,0.038399235597371816,0.04109287042446193,0.04149628894628795,0.040661649341218194,0.0467567906656639,0.04095096001128857,0.039772777329507035,0.04056648571845537,0.03964063069236122,0.04005620109016025,0.037433714430629095,0.03831646133458156,0.04004497403809047,0.038559771551069565,0.04043122841665759,0.03482334162009614,0.04961483681824886,0.043132899405986365,0.03922199341020748,0.03732617574395373
ATGAGGGGTAAATACG-1,0.03613640569408127,0.041249880531004944,0.03553885348925159,0.03879283886927539,0.03719294018934535,0.03616079443886815,0.037763735617680705,0.04242142536168658,0.03839949580072658,0.05886013850218117,0.04183115808289549,0.04253771411452134,0.04087304205027788,0.04222752014236964,0.04120438074014161,0.03822493919586507,0.037666302112340205,0.04270031570143168,0.044105038060969194,0.045062921607400636,0.03379591929083011,0.028068625555769573,0.04212353613656889,0.03969642274074934,0.03736565597376764
CTCACACGTAGGCTGA-1,0.04075078485602509,0.044679461118474297,0.04734164199371583,0.06307729881864008,0.034952193101067584,0.03542452381215327,0.035106257423666895,0.03524089814895678,0.03588964637212369,0.04168548062642498,0.03406012165036299,0.03471766498140226,0.03436916159132913,0.034536125156193045,0.033965411627959886,0.05316377574120034,0.040119680522857366,0.035817736346860835,0.03620183067523831,0.03625590327229815,0.03638043790353648,0.046547941397088274,0.05166901819065341,0.03435671001812718,0.04369029465364394
AAACCTGCACGACGAA-1,0.035567218994012606,0.044620473635841214,0.03634856734145517,0.04059451952587864,0.03573941401731097,0.03471249489206306,0.03682618565961938,0.04124958704461456,0.03731527300300331,0.0474391565744565,0.04092586383982798,0.04141037047573408,0.03882130704964693,0.040818047435652406,0.04052475391398343,0.03932061229823872,0.03754120163040402,0.04398749443211387,0.04422706221327665,0.044742572924862827,0.03367548679169142,0.036225722344397866,0.04490994349978558,0.042915580589747655,0.0395410898723811
TACCTATTCCTTAATC-1,0.03644508802321942,0.04339421369488677,0.03731328996083736,0.03885584918047491,0.04215077977034439,0.03931147798675328,0.04114405210550358,0.04200175868670783,0.04038647709068579,0.04573026622076574,0.040570695165379235,0.04043596904253318,0.041166688835101606,0.04094918531934089,0.04019919856255233,0.039405096003784036,0.0388507749711197,0.03880182290058191,0.038904617591749735,0.040120331821911735,0.036532800984408385,0.03355360540125645,0.045175186344556785,0.040826704122483966,0.03777407021306115
AACTGGTCATCGGACC-2,0.03508291142576299,0.03855982749760228,0.03475492357789841,0.035568514503282224,0.038515566025154775,0.03762760978902552,0.0387307019406327,0.040576217119973404,0.037526120713469474,0.05072156872503163,0.04182246757357489,0.0405131621066497,0.04041696604106659,0.040365670197354174,0.04058163038847493,0.03607076937567786,0.03776431079325101,0.058854319813075595,0.04197509406569768,0.04254205210467041,0.03516219405550849,0.0386790603253364,0.042717660245916916,0.03825926040468508,0.03661142119122698
ATTGGACGTCCTGCTT-1,0.04255728944637926,0.04204126166691592,0.03680775257105399,0.03698906880117507,0.03605839126476782,0.03681273144492608,0.04349331177725999,0.04114270299507255,0.03697297221278332,0.042908596901612,0.03662556584449402,0.03689097939142222,0.040800397808295794,0.041215435983287495,0.0435881339041619,0.03699117240465588,0.036874890481417656,0.04295150934285214,0.037104090926592,0.042901053949871,0.03623228826236702,0.0421307470914416,0.04293895933706557,0.043385756975075886,0.043584939215053645
ACACTGATCTTTCCTC-1,0.04449666016827701,0.039133706449744565,0.045656414016348935,0.03984651010396062,0.037439675161169916,0.038266962862105965,0.03840777398867233,0.038934856571916025,0.038489065604393115,0.04499610638032999,0.0373084199183547,0.03748146726264026,0.0392641314094012,0.03825656653042834,0.03828909274144345,0.04286569481294601,0.043099603614536665,0.03858581375931583,0.03794227953210323,0.03838207017864217,0.03764208817909817,0.038897158726735374,0.04445882915048395,0.043855882412418154,0.03800317046453412
CCATTCGTCGTTTAGG-1,0.03943647100719983,0.03908296350071364,0.04603656275294383,0.0450293788312624,0.03928708153451722,0.03914807961825292,0.03937906970475017,0.039034808000460046,0.038280196532768755,0.042317836511718256,0.038026553290180884,0.03822105669861752,0.039308271969524,0.038135438196012665,0.038155782856913276,0.041943582810728595,0.039429317956045686,0.03952467363420845,0.03875304225237767,0.03854452758929162,0.03710515643992893,0.04120631389416106,0.04261136175848425,0.042567447323724444,0.03943502533521382
CTGTGCTGTCTAGTGT-1,0.04077661441596535,0.04076103718153311,0.04020464305054896,0.03940114641127997,0.03969856216675732,0.041065580077332325,0.03976412712846374,0.039496437378438456,0.038009887125524035,0.04070836369979913,0.039470631689511815,0.0397267476003674,0.04146778884066608,0.03961731240561357,0.03963968592319736,0.0400437119905436,0.041914720830843744,0.039412804888434065,0.03797381565494743,0.04069153064314039,0.04023795619961389,0.040169865445954446,0.04073384246937474,0.04046700211185172,0.03854618467029748
AAAGTAGGTATATGGA-1,0.0352196575922524,0.03834267107556284,0.0353791355626074,0.03753815193976376,0.03671033316835659,0.036628134622649154,0.03854808195781231,0.04397868191339459,0.037926454208885386,0.048052609053879966,0.04221039326738382,0.04404100690088604,0.041021523490529156,0.04316142256367308,0.042525621792435464,0.03701593686843234,0.0358889232464029,0.04173828558616117,0.04478680786467548,0.045614033626246886,0.03316091703891792,0.045601955774984264,0.03963266273931718,0.037612958119761036,0.037663640025029026
ACACTGAGTTGCGTTA-1,0.037415654539333376,0.04258844586733576,0.03681369539540577,0.038014814493109415,0.04411819434621864,0.04198015435126351,0.04307663189615745,0.04007262472579465,0.04283948755448754,0.0446534428775912,0.0389223108901774,0.03807196367819378,0.04006672879277453,0.03747622394895497,0.03904065837797805,0.038245289924377014,0.041178832387374964,0.038298439985324076,0.037069015966450895,0.03764266484950671,0.03710682390602799,0.0472469174501629,0.0417636658820149,0.03967073944541447,0.03662657846857029
AGGGATGGTTCAGACT-1,0.0368048411053355,0.041637619536147474,0.035394814152055684,0.03788506313768514,0.04183596868304882,0.040089096124117915,0.04211996989851338,0.04445146708395358,0.04160919027429209,0.046803653129913685,0.04100482841728244,0.04133191849614173,0.044355249509018584,0.04162466293413422,0.040872220760829935,0.03738186170518789,0.038469327206298504,0.03786595354287845,0.0389419631379163,0.039874351938789285,0.03468750580361359,0.03503975465744438,0.042008165318419215,0.03964577180965314,0.03826478163732918
CTAATGGGTGTAAGTA-1,0.041161149208957706,0.05520872917913803,0.03928007538623945,0.041080945172466826,0.03747470793820973,0.03613931704890265,0.03696453417981657,0.037313079405179264,0.03863281099593985,0.04347367843997471,0.03602479559054546,0.03555969491800771,0.03665156911337847,0.0362495763664978,0.03625374441071689,0.04020302960455556,0.04134624278227244,0.03684793879279924,0.0359885950599273,0.03672950709351023,0.037657844359721686,0.04811689404558616,0.04853499447499866,0.04395376188641555,0.043152784546242204
CGTAGCGGTAAACACA-1,0.03689691624152177,0.045173588697035534,0.035578754154708694,0.03884740951141696,0.04091003070094739,0.03783992017371317,0.0413433747220696,0.03918949135282507,0.04136615548501603,0.0472492442039357,0.03850494256063082,0.0375696801127,0.039555814636624664,0.038017652226967846,0.038125173191096574,0.039038318851909365,0.03990874106535301,0.03636320192512293,0.03699712800644006,0.03866758618483994,0.03576236377676011,0.05354632445254532,0.04351008987025983,0.04193767302935796,0.038100424866201535
ATTTCTGCACGGATAG-1,0.03973107070657793,0.03639085637946468,0.04042128813046356,0.04087078148444293,0.03938251898766423,0.03899555648260793,0.0388616513544891,0.03807945613902638,0.04020709573469024,0.04362611298006545,0.03856300333668685,0.03825170265357594,0.03937679320271516,0.03817050243175595,0.03819005551118313,0.04132185019522544,0.045011640761649686,0.03890597711267427,0.03936493377722929,0.039487626789090687,0.039584982783041664,0.0434301495423762,0.03892158569706528,0.04201303941239443,0.0428397684138436
ACACCCTGTGACGCCT-1,0.038161910253335735,0.04532479095249824,0.04717830477948483,0.04858795168573189,0.03569747237071217,0.03519468579076223,0.036224854166940164,0.039748001431156255,0.03773651568271733,0.04731552677894461,0.037573296652943074,0.038969554346873554,0.03744561042596916,0.03858376435827408,0.037774099980445626,0.04000086645691737,0.03835747781372701,0.03855032690176139,0.03983924775549653,0.04022735890561834,0.033874521503351344,0.0485732673324595,0.034913465405627744,0.04139979682385023,0.04274733144440156
AAACCTGTCTTTACGT-1,0.036288773034698726,0.039492020757268764,0.0362494421514961,0.037904350889399044,0.03757129908782395,0.03680860916598204,0.03823515763123355,0.04480919343649331,0.03927297701275223,0.04207663137068487,0.042712511072785606,0.043941126603749554,0.04106592240587281,0.04320075641047457,0.04252846849790785,0.03705971444554063,0.03676577662026849,0.0427963358562718,0.04336981636743416,0.047112278447769614,0.034121947412970186,0.040106941399146674,0.040378061783633075,0.03873728652127971,0.03739460161706275
ACTTACTGTAAACGCG-1,0.03589663757573831,0.04261725634197565,0.03556215238651834,0.03739020259405751,0.04120953738953629,0.0397462123232897,0.041648919624609794,0.04306407867205561,0.04231610236611735,0.04655537602344098,0.04182002361197617,0.04069203170358393,0.043841041506919344,0.04202993202008715,0.04295083712319327,0.036900808643830454,0.03882661062648045,0.039599715235890925,0.038827032394413645,0.04028354821745618,0.035724234734557235,0.033829034820915954,0.04180845950543186,0.038983895851043344,0.03787631870688057
AAAGTAGGTATCTGCA-1,0.035444377074733545,0.040660687439902664,0.03637607879673626,0.03809390984537332,0.03859813431615253,0.03806013257820071,0.04024944434455507,0.04457754198178653,0.038066778834132155,0.05722562646225176,0.04051414228564895,0.04424366368786931,0.04396708859265389,0.043482393454562646,0.04173470265151104,0.03777221900501278,0.0367617555704966,0.04101891871328771,0.040851452110362736,0.042349706245971064,0.034089148558999596,0.029733699028590722,0.03995603871231851,0.03886382536677674,0.037308534342113155
AAGCCGCAGGTGCAAC-1,0.03687453602325136,0.04007639492188624,0.03694478426217877,0.03906361606362833,0.03707934044787852,0.035118062702877345,0.03678066831614871,0.04106081260262299,0.03747442144537854,0.04654000248843584,0.04140285875957118,0.0410196880947278,0.03974174538715061,0.041892589953447065,0.04092714591146056,0.037607152740409655,0.03622328698368776,0.04447611757452733,0.04967835231782477,0.050091935848979745,0.03399778253351392,0.037808601353657656,0.04067286367850153,0.04006093024049221,0.03738630934776164
AAATGCCGTCTTCAAG-1,0.03765199892958157,0.04313948664498179,0.03722634181333429,0.03916462683908203,0.043254583445100254,0.042567166315781016,0.042526952055794154,0.04017024704735894,0.043927487088315925,0.0378954755325628,0.039267527106069226,0.038706983115049144,0.0428080344612624,0.03929810242581826,0.0398535759345999,0.03849369121927274,0.040208896461659815,0.03739668768281932,0.03747163483372158,0.03834260052516468,0.03741697141632821,0.040402292553599645,0.04338041001143447,0.040508131817804036,0.03892009472350375
CTGAAGTCAGGTCGTC-1,0.03645988874964626,0.04645700131754716,0.036883365968073845,0.03882138950116137,0.04063710106018332,0.03850300950500168,0.04157939335662929,0.03957621825579716,0.04103726263117314,0.04660860775420062,0.03834559024510695,0.037810016781031866,0.03900370049491487,0.03776302964753755,0.03780697574099576,0.03900560411927745,0.03859479553699649,0.036273715667864026,0.036908994337887184,0.03809526405546558,0.03529964687813376,0.053928196270656995,0.04422603123295096,0.041987291338828274,0.038387909552938526
AATCCAGAGGGCTCTC-1,0.034393974103645635,0.04133815106189404,0.03497156869899488,0.037972023800024506,0.039384372265501955,0.038414569032557355,0.04064766662907351,0.04667388581767102,0.04086084713023134,0.04428139196951803,0.0419910316471035,0.044315917855317424,0.044100758503554195,0.043993987234402926,0.04212745986347308,0.03708774535702995,0.03674987207466635,0.03966174640354039,0.04213526309003833,0.04390839601386705,0.0339701549760525,0.03508919736789072,0.04049621634669073,0.03857573894371389,0.036858063813546435
AGCTTGATCCAAAGTC-1,0.03609800336616412,0.043557556979932834,0.035320484604433385,0.03778274106792633,0.042450348467918106,0.03889140574096599,0.041796444161466224,0.042283975265926664,0.04144338314112288,0.045829397717418306,0.04107271450294642,0.041524627779713164,0.042299346401903866,0.041327669780268333,0.04079646390333851,0.03758166665323474,0.038411254288312956,0.03910705791771036,0.03984907760232114,0.04073685264788533,0.03549411224741401,0.03509736807559263,0.042632314836086815,0.040291307505500626,0.03832442534449624
GTACTCCGTTCGTGAT-1,0.036136392336071736,0.043935401826058505,0.03668391357818857,0.038148085102825136,0.042911905691004046,0.03998550920981157,0.04281684746471768,0.03977533198389983,0.04101431349856826,0.045183880255953886,0.038797535610870244,0.03810093306441759,0.03982346244199812,0.03950846640553376,0.03794233860471558,0.03734100447407713,0.03952282196732126,0.038278080346243214,0.03807300799291669,0.03923452486808158,0.03623048168195484,0.04883246991113648,0.04366328303232795,0.04013846793910759,0.03792154071219886
AACACGTCAGGAACGT-1,0.034700391418526204,0.03853725282453944,0.03580107498183409,0.039169349496128415,0.03620228581242424,0.034234789616470127,0.03680590735445337,0.04275735387569991,0.03695703551806417,0.036947104361258545,0.04265902856369827,0.04286454032771869,0.04055426682174672,0.042660605440980964,0.041203556687503175,0.03739221438064757,0.035954691160839956,0.04452877380628693,0.057013916156144526,0.047123170137029505,0.03337706681360566,0.04567943933281302,0.040390961391442104,0.040233402278687186,0.036251821441456875
AAAGTAGTCGTCGTTC-1,0.03515279194487397,0.03857834923495584,0.03458333142121447,0.036771700919991865,0.03750826752720285,0.03588648294592562,0.03668167896471622,0.04405734602981281,0.03965397227919503,0.04251868557298957,0.04274516316100832,0.045391030152636916,0.04091781383845214,0.043848419501814076,0.042359612528860016,0.0355819233755601,0.036905831511104666,0.04195931808291908,0.04666249183465389,0.045498625535372185,0.034133862772428095,0.045525570303388344,0.04031908082786827,0.038265494612381906,0.038493155120673826
ACGAGGAGTAGCGTAG-1,0.05233533915485169,0.040441432534014006,0.03817009700613488,0.04035828894983082,0.037486735017951335,0.03710954575103519,0.03861843031821993,0.036209998009178075,0.03721735292103942,0.041659186020172025,0.03537896173387404,0.03553871863487038,0.03693054758458895,0.03545700173583583,0.03503049206051282,0.040696342070176236,0.05503570415498264,0.036400763684217394,0.035441579151726195,0.03592205478176858,0.044167966118792625,0.04489208254813405,0.0406554787050661,0.04322225107774234,0.0456236502752847
AACCATGTCCATGAAC-1,0.03674936355712905,0.04229264309918019,0.03609148118211925,0.03861075301787257,0.04213271000094484,0.0405244330171495,0.04149716433075634,0.04271156795500928,0.04227956719924201,0.04335523763363543,0.040931896789025014,0.04086454602509671,0.041226934837044496,0.04031195654447953,0.04087881111905543,0.03765798269977797,0.040189056709501084,0.03913746820036713,0.03855160870536133,0.03955859010614122,0.03660442272215853,0.037889892805804556,0.04208912730380931,0.04015574779532701,0.03770703664401244
CTGATCCTCTTCCTTC-1,0.03894874150854303,0.03966636860798495,0.03870216403827994,0.03913325364583004,0.047082665653660934,0.04120537645614204,0.04089080866377206,0.037539549462382915,0.03972352870434071,0.03996278463031804,0.041209947749783676,0.037558361671374905,0.04173572342727153,0.041526867991691564,0.04158003369362395,0.03913511835738518,0.03896857128938431,0.039278536531242615,0.03931890018503079,0.040779021229537804,0.03989094020775303,0.04027075830255029,0.03872336101221037,0.03979732460440064,0.037371292375504746
ACTGCTCAGCAGCGTA-1,0.037164991422074044,0.04121533493725961,0.03613426650734383,0.037650095924212194,0.042628663491067566,0.04115640572580443,0.04296616475910803,0.04041044702925944,0.04271330211884608,0.04394716344562844,0.03959847167385916,0.03887557548061626,0.040884308088523856,0.04009152911961917,0.03866029586577526,0.03736450421491251,0.0396647385028239,0.03737168671064123,0.03808159364773425,0.03889537787699561,0.03758706509763658,0.046680353975714475,0.04285218387795999,0.040226553869871826,0.0371789266367125
ACTGAGTGTCTGCAAT-1,0.03756967724431584,0.043590365983401484,0.0379207777429556,0.038388687492769545,0.04349184072049395,0.04077442046042548,0.04131425744339072,0.03922449078294405,0.041503893815883194,0.04346634093627311,0.03841828989443919,0.03756744105164179,0.03970388834010809,0.038242623729550645,0.038724027449480655,0.03880892309237346,0.04006424152849936,0.03788423535004146,0.03759260034840706,0.03867400427194028,0.03777382997072221,0.046267357647071204,0.042352441989313115,0.04091750175151671,0.03976384096204178
ACAGCCGTCGTGACAT-1,0.034618202545014375,0.038287048270234776,0.03780193239560855,0.03862569163706245,0.038240624578884934,0.038411932446807864,0.038976863638333505,0.04098238297193979,0.0385269690068007,0.043311745486648616,0.04199243167250164,0.04200043547641375,0.04059950238841138,0.040901872416827585,0.04041532138673884,0.038164717058391855,0.03609902072022434,0.04742840582354741,0.0441678474245703,0.04453233887544612,0.035086691601180615,0.043378710026804504,0.04021475428722087,0.04022877730469064,0.0370057805596945
AACTTTCAGAGACTAT-1,0.03628809510983585,0.04363007852537028,0.036321161717902645,0.03770303204695762,0.04378599372121285,0.04063980574458394,0.04142835577685102,0.04027138898024581,0.042539423881599384,0.04569177820615488,0.03826584723584037,0.038656293739565376,0.04112935433769734,0.038636459370041655,0.038104110556539755,0.037315285836917934,0.04120022301629173,0.03765301367723224,0.03716192094070574,0.03783276776569967,0.036344076373400334,0.048770468741707595,0.0428758014217733,0.03982663650035813,0.03792862677551441
ACTGAACCAACGATCT-1,0.03591866200729212,0.03903032198975474,0.036476119120615914,0.03686981779267332,0.05379297628559808,0.04026251589836347,0.04121671223621032,0.040334889272305025,0.040993243900562595,0.05027123520300693,0.03948052724580191,0.03878834757381538,0.04001967501703259,0.038414992696665554,0.038942675243721914,0.03765423320395139,0.03750595026810699,0.038351854251864104,0.037486949768364385,0.03756617585119298,0.034724009192301904,0.050642865783336245,0.04001515013249376,0.03869761229798716,0.03654248776698106
AGGGTGACATCGATTG-1,0.03981485568690418,0.04509996064649934,0.04809387066800595,0.04963882499418783,0.03588326659393125,0.03551770877053022,0.03583903928941159,0.03599629309103623,0.03504703484553561,0.042176579353827515,0.035381552187494676,0.03514274021337524,0.03487407244834768,0.03517694001232739,0.035228841170984994,0.05026257164732675,0.03987107733939688,0.03652430590409847,0.03656874625316239,0.03711283129195572,0.03589484924063656,0.04791810389708455,0.029837004365799304,0.06231385622086364,0.04478507386727606
AAGACCTCAATCTGCA-1,0.03604035408241805,0.043184792475410454,0.035893638529381884,0.03878781089766186,0.037131775812087375,0.035682714031524836,0.037226851379332127,0.04246902774004835,0.0381925576212611,0.058255987624081254,0.04231347618693475,0.041119436327371535,0.04018233784260134,0.0415398608722503,0.040793540310854595,0.038064961406122665,0.0382926726302687,0.043044641457689006,0.04396093548259725,0.044017391974986074,0.03392635803800095,0.029286022712150812,0.04263599176462057,0.040152546480926324,0.03780431631941767
AGAGTGGCACAACTGT-1,0.039597130611360276,0.04323822398744678,0.04935561577062225,0.06014897399091311,0.03363396537060931,0.03304435420606551,0.03342447892290196,0.03454761827039467,0.03415705811959348,0.04027530692194713,0.03360970239052864,0.03368432469293466,0.033653655133477116,0.03352073852258389,0.032935329976290076,0.056077691605834576,0.03925808996581236,0.0348879257088096,0.035443639734454004,0.03597024715823133,0.035229775247641044,0.04443216783460692,0.05313555917282559,0.054706846803273555,0.04203157988084216
ACCTTTATCTTACCTA-1,0.03527302324424875,0.042120561307680854,0.034578297143578365,0.037064668404793666,0.03913217390876523,0.037921381996085586,0.0404247092953004,0.04614776903611567,0.040744129451548046,0.052475117755329766,0.042626762252529336,0.04357644377946007,0.04430625133037439,0.04374347220852186,0.042869977981284696,0.03670593135146833,0.036953704456985245,0.03842565918185271,0.040463919961057776,0.04281753472729886,0.033721991048957435,0.030494116123941154,0.04204970008732562,0.03848690817323878,0.03687579579225738
AAGCCGCGTGGCCCTA-1,0.03896788767619412,0.04394766176365777,0.05885255785798216,0.05383997891292029,0.03504450099857684,0.03498029989921689,0.03563330835761734,0.03433390010825146,0.03525464831010817,0.03947345767965103,0.033084799985946524,0.03378211887496654,0.03329389156250528,0.03363596266042459,0.03281506534549555,0.05306318619783394,0.040526675798334535,0.035595211475058244,0.03494567896270531,0.03493311480407759,0.03621157150246468,0.044254199317135305,0.05119528406389338,0.050632909117300735,0.041702128767681854
CCTTACGGTTCACCTC-1,0.03851670819145516,0.047859173342232636,0.040588167729272914,0.04197436177943194,0.03615393174731588,0.034758897733630785,0.03594691884418803,0.03843766816171198,0.03639829954703986,0.045513606775157506,0.03732117590026363,0.037623761264072186,0.03754923890185506,0.03776375307074995,0.03742336380929,0.04130627556865955,0.03892016441165984,0.03858213165603713,0.03829299115826469,0.038319702026404466,0.03587864638730112,0.04957572294919314,0.03096768138865481,0.04717224369166445,0.0571554139644933
CGGACTGTCGGTTCGG-1,0.04267863298732823,0.041168733030401534,0.0404101030960339,0.04200313756479915,0.03796069525173151,0.03875288644024347,0.03885271389747773,0.03856936629742153,0.038914057955615845,0.042192638083398674,0.03783279257544535,0.03800446294053504,0.038791774198254254,0.038716438232841446,0.03874767601926086,0.04366920000123324,0.03948094547387573,0.03899816649350803,0.0397091670980018,0.03939160123326208,0.038145772746795904,0.04188909115801002,0.043574235807878656,0.04142427516477872,0.04012143625186742
CAGCTAAGTTCCCTTG-1,0.04042707078616806,0.04169050863337363,0.05211785336215027,0.047969092408456086,0.03635392317370266,0.03600077604608278,0.03594744671562696,0.03796454606681588,0.036507837468165265,0.0396288853082499,0.036135210341587565,0.03693317813578683,0.036390079859614954,0.03676361894631802,0.03585111674426168,0.04909135190328095,0.03819134958770528,0.037812013308586655,0.037448836455506486,0.0375194410937068,0.03605396441431701,0.0415892684071872,0.04610087787554665,0.048490903393151326,0.04102084956465111
GCACTCTTCAGTTGAC-1,0.03710949494885007,0.0489951018948457,0.0368349283461615,0.03933947157160445,0.04029619028840772,0.03779158273710399,0.040417980378317356,0.038231580192042175,0.04043386172450548,0.046631733226227524,0.036955191810812346,0.03710470250086853,0.03815719335790446,0.03727900942675582,0.03730025413223017,0.03920660618296089,0.039821048821262174,0.03605622839504486,0.03590607690719257,0.03720269986749222,0.03527335303417216,0.05458066329282328,0.046865146898929004,0.04274381762417974,0.03946608243930577
AAACGGGCATCGGTTA-1,0.0350600461989921,0.04080053882664664,0.03576794835674192,0.03631065046073644,0.0628989120075382,0.04017175812918979,0.04318816209363433,0.03952738934056055,0.041938855260788686,0.04976326308493709,0.03784038306614178,0.03819394522032828,0.040911375574997,0.03872179091677644,0.03755867874316876,0.0361549520797455,0.03644788829792363,0.03687292575275569,0.03696346189103326,0.0374885145043309,0.03410826910020761,0.04863299677624683,0.04054618607934924,0.03819335824421098,0.03593774999301845
CACTCCATCTACTATC-1,0.03674527272004959,0.04517222028623824,0.03896374772937538,0.03997851251780628,0.04155375053654697,0.038684311215883393,0.040514905197684734,0.03932693016747583,0.041062989115997574,0.04518539429068149,0.03800468497653396,0.038020064485970964,0.039097310103335677,0.037909537847772394,0.03775975028132765,0.03952686899547511,0.03889917837900149,0.03744224516339981,0.03708299238949949,0.03829639381984116,0.036104562108083854,0.049235264582000636,0.044769966558786775,0.042436437493978345,0.03822670903725324
TCACAAGCAACAACCT-1,0.03638050837327717,0.038971183952408395,0.04195827010383594,0.042377933251832825,0.03907930616982318,0.038834958047408885,0.04185258446499389,0.042509652059763,0.03788834440095141,0.03949865295690937,0.04037121039419889,0.03962947494584405,0.0415347979954441,0.039367003970792507,0.03874775122311085,0.04176416511955041,0.03745551958805954,0.03868505332883511,0.03873609150446386,0.042035570402177355,0.038205300296065295,0.043072031641029636,0.04178391116934348,0.04299365987370562,0.036267064766175076
CTAGAGTTCTTGGGTA-2,0.040354196345277246,0.046127068953391276,0.040633333584105376,0.040629658720926054,0.0376051793861711,0.036180846032800425,0.03641654691952215,0.036567834913418445,0.036526257859203125,0.04025711599243285,0.037105975902587636,0.03546391258242266,0.03620214313296272,0.036488781112626295,0.03592496010268377,0.0417882913664853,0.040043329712027016,0.036978007587174365,0.03799128887520078,0.037411896382273956,0.03900047664159043,0.0447533406383461,0.047974748232498296,0.04568286242860941,0.055891946595263454
CCGTACTAGTATTGGA-2,0.04018835313925982,0.04731936193536365,0.04187946356849728,0.041702982343236175,0.03553174513936286,0.03583635229995605,0.036476500375756955,0.03642223825790441,0.03655352497518615,0.04126632559921289,0.035857026655835504,0.03623775950516174,0.03524800686276247,0.03551460044967906,0.03550531757831129,0.04249537665005659,0.03937412033981886,0.036534789790579905,0.03724686305617351,0.037224371734206826,0.03786394915350949,0.04560896285141446,0.04940587040996752,0.04682416373258173,0.055881973596204886
ACCGTAAAGAGTTGGC-1,0.03681864453120847,0.041057579947751034,0.0366556658666955,0.03734191226779689,0.04042910045922267,0.04026852119542636,0.042229579890641925,0.043207298656014505,0.04152512999705665,0.04333202587977513,0.041269046681553255,0.04116456343619001,0.04297688901656792,0.04105700655157089,0.041217886145260174,0.037816069210208955,0.038890192046608194,0.039682896734602166,0.039055027589257066,0.04122384626282105,0.03556699548158491,0.038353650387565046,0.04077964987080544,0.03907999054292024,0.03900083135089549
AAAGCAATCTACCTGC-1,0.04167089005075257,0.044848153228724624,0.04846985817710749,0.05084286350321405,0.03460663237849187,0.034647539168292725,0.03536081033092202,0.03524039681373817,0.03474934977963378,0.04085083308007697,0.034855626053007994,0.03525212467601643,0.034633161326895076,0.03506551851574568,0.03507469694334141,0.05165284069072753,0.039857337900833005,0.037214627700054605,0.03618205132543636,0.036512956109805324,0.03655235407985228,0.0470682835655528,0.03622653778426228,0.05670970225048914,0.04585485456702575
CACAGGCTCCGAACGC-1,0.040971713648961273,0.04437999263250718,0.052437524665306524,0.041953915870408365,0.035769333253114634,0.036663363161185104,0.03623606384674564,0.03693836964099639,0.036736931285797254,0.042559128400205336,0.035116974041752326,0.036220629870678096,0.036891908536939536,0.03566473878710256,0.03530617969588664,0.033178402931292504,0.0404916295536955,0.03690324009196944,0.03635888761032651,0.03742142886993692,0.036874741374392846,0.04598369003592061,0.05261734919727545,0.053406717888762015,0.04291714510884121
CACCTTGTCCGGCACA-1,0.035470770239290794,0.04356930262265537,0.03614678167579448,0.03800501332582978,0.037278308340037966,0.03630862217591371,0.03757758247922086,0.043252279259596266,0.03879659426555631,0.04657467893291206,0.04152344367094829,0.04241057356810016,0.04138427761800937,0.042512602428288894,0.04062454366262417,0.037406110328958034,0.036959060350066165,0.042320759746449936,0.04376914290667734,0.04536727333965259,0.03523026189974045,0.03629685640228729,0.04339794008142916,0.040196347456866226,0.037620873223094084
AGACGTTAGGCATGTG-1,0.034915056854133736,0.03766434600105343,0.0351863183369213,0.03720528570845339,0.03839143796215668,0.03679272469564161,0.036829596777252,0.040821738408638134,0.0356025004397055,0.04374786495491471,0.04240896546974863,0.04338746616932459,0.0399786614989595,0.04350977071244337,0.042087331164055386,0.036700320161394386,0.03678756867273712,0.04127034186261489,0.05190571749436976,0.0525006897224231,0.033793752321359456,0.04493046910242543,0.039035498193793455,0.03815784485946113,0.036388732456019424
ATGCGATGTACATCCA-1,0.045798269423990456,0.04360114430931707,0.037345935651898546,0.04007652294997411,0.03675739868798069,0.036000505377117485,0.03641112484170367,0.03472522087619264,0.0375125675611072,0.04225545462530065,0.03505880621594081,0.034211598567256925,0.035024128121124584,0.034107524856523755,0.03413211644635913,0.039325721802945794,0.0637094982910956,0.0342789211322204,0.034922749973472965,0.03554203088002682,0.04326706376701124,0.05093851981827454,0.04850978821467059,0.04466705005648042,0.041820337552014045
GCCAAATTCAAAGTAG-1,0.03922853797888396,0.04217643671509373,0.040127532770519,0.04201805772576694,0.03913900499537829,0.03743348741387454,0.038477901810284376,0.03794636493327037,0.03825107247837786,0.04347539860033592,0.037906909307831506,0.037772929572374984,0.037312128147112024,0.03853973974368693,0.03760472163465904,0.04132391745829187,0.040938930520517815,0.0389468914663537,0.038512100758536685,0.038324305473033275,0.038394229642037,0.04449919994585003,0.0415341411120316,0.046307387886631364,0.04380867190926717
GCGCCAAAGAGATGAG-2,0.04168159484655925,0.04559305726120146,0.04101272587201081,0.04069928280430611,0.03654772572376906,0.03596698740407115,0.03629232939271225,0.03689467886762704,0.03642952062350538,0.0406025615859978,0.036501422367530165,0.03599788285839918,0.03554874781469666,0.036116600886326775,0.03583842704437394,0.0416714718350519,0.0410051514924862,0.03696933767581842,0.03775694032865507,0.03749642965944373,0.03856930477890167,0.044402335542600556,0.04807254870636343,0.04539283729773643,0.056940097329855575
CGGGTCACATTAGCCA-1,0.03760829929334503,0.03959789040552537,0.03974048003139822,0.03841045692659578,0.04046775937019395,0.04881001531558381,0.04057315024040814,0.038878841685542835,0.039168209760441386,0.040167245963028654,0.040095614999562046,0.03908118099601679,0.04616311606859311,0.04033192256341466,0.040372184474796284,0.03939330725467109,0.038474463147738294,0.039631677160160056,0.03868933591007123,0.039466982304293345,0.03911323735677723,0.03954853480882721,0.0396541133824439,0.039133630670919135,0.03742834990965227
AAATGCCGTCTAGCCG-1,0.03659002439179691,0.04238755263503237,0.035004803629842506,0.03892868280732908,0.03862183233341215,0.0386016555610892,0.04083713339498076,0.04736618833582926,0.04065432438096608,0.042667366685879345,0.04224651606694436,0.04307100534490314,0.04229054512269801,0.043801466732727196,0.04337917398004091,0.03746091097059982,0.038025995760035264,0.03870565731249738,0.03963720140487958,0.040895711626656936,0.03421030769974802,0.03301572260378613,0.043210118529387324,0.039818051443212925,0.038572051245725505
ACTGCTCTCCGTCAAA-1,0.036682662961911666,0.04204958290832842,0.035802872138523734,0.03947370977949982,0.039253422789192985,0.03728081212662426,0.04027342657578973,0.040805835723775066,0.038032827237882184,0.04857270733079224,0.04260185230906402,0.04075960646590715,0.041425731611661375,0.041009064349150776,0.041601051102333475,0.038537343573506945,0.03979852131416206,0.03973946482333665,0.04059206961779003,0.041594347590712046,0.03522559220556022,0.03633077211917357,0.04361273742817548,0.04065441124755217,0.038289574669594005
ACCTTTATCCTAGAAC-1,0.046400192967239226,0.041898933954917776,0.03724058615325022,0.03936202833017698,0.03862838837951153,0.03588387986439155,0.03579367784993632,0.03613338073351161,0.0389952254736087,0.04090604868487568,0.03505610364444382,0.03452090075497973,0.03610231588202247,0.035182599191279446,0.03483741751381129,0.039228256336486356,0.05597795595779364,0.035624262241092504,0.034686264008267714,0.03571476499232644,0.057759311780209696,0.044757540970562934,0.044719114125349534,0.04254710643631586,0.04204374377363928
AAGTCTGTCACATGCA-1,0.04226207173320772,0.045373116238043854,0.03624575220237865,0.039212389804437364,0.03997208319627837,0.03813649955058561,0.03910469919339732,0.0378094178492645,0.040335370613523734,0.044423422441280974,0.036953692095404,0.037179291720489956,0.03824395869894434,0.037089333353009825,0.036913676602381956,0.039270978960961385,0.04374644790455093,0.03610238850699665,0.03607695272970397,0.03708477883841809,0.040376013612462146,0.049240476048448896,0.04581847454221024,0.042242299608619416,0.040786413955000066
ACGAGCCAGTGTGAAT-1,0.03676033232332446,0.03879875556191635,0.03654560311347229,0.037871192153585524,0.03782184112184308,0.03631880904650422,0.03798588302634951,0.041210710058520034,0.039147150627995266,0.04295803676767152,0.04204193013444209,0.04105914151616208,0.04032584167731702,0.04049262763420509,0.039207590618717716,0.03741353566429892,0.03761821840802974,0.04458743437749792,0.0505129652243828,0.04483427026989332,0.033985316043242564,0.04479722098628333,0.04085083072743357,0.039471858569104956,0.03738290434780666
AAACGGGCAAGCGAGT-1,0.035376107961704574,0.03922632653215965,0.03469315725961385,0.03669452100700709,0.05873645255218459,0.040936871908362676,0.04088583834505561,0.039056845516367886,0.052727171872809515,0.04998179003264131,0.03790261605155874,0.03821439987238069,0.040593784408173114,0.03838082440987915,0.03911010521075345,0.03561531144684015,0.038194116526459106,0.0372611104691729,0.03615818709316048,0.036811812696611185,0.034807721885456236,0.04574131108941377,0.03829995553642666,0.03775187419908325,0.036841786116724645
AACTTTCAGTGTCCCG-1,0.036801613245794285,0.039954350952826706,0.03793472625541095,0.039673453665554234,0.037587443797405196,0.03518074105134812,0.037055610300269125,0.042599296561533925,0.0371243635945114,0.0522273495217723,0.040878276443092075,0.04266703295591836,0.04106579103926817,0.04161280262325695,0.04000308205263403,0.03950291553391114,0.03672395641296071,0.04326417289944558,0.045338914902662605,0.04605892829417495,0.034002985207504235,0.03251165765953666,0.04166550708407522,0.041415256686827814,0.03714977125830505
AAACGGGTCAGAGCTT-1,0.03854814492546836,0.04184589116490879,0.05644526350464629,0.04637934761309955,0.03518831283503585,0.0358557438836517,0.03572387628347996,0.03483734772165672,0.03547421533868336,0.03987740762370441,0.03439203767017283,0.034555377269703945,0.03483251849995561,0.035015570918753076,0.034347722585351764,0.052989365508149824,0.039515556804261866,0.03629957673774159,0.03548573064749931,0.03665404809677549,0.035142856338631324,0.04494768011708953,0.05236095564459857,0.050304674678283055,0.04298077758869718
CATCGGGCAATAACGA-1,0.03566548605077502,0.04373009730083896,0.03464879827766136,0.03808795972155063,0.03944568799587097,0.0373133952033907,0.0402403710241365,0.04283122180399286,0.04049156431090808,0.054580991687271936,0.042770664855581925,0.04247716071291713,0.04205453536549461,0.04315588835234563,0.04263752587448323,0.03680311754897284,0.03807426472382151,0.04135543480887618,0.040866305387988355,0.04246565272686263,0.033809755258630086,0.027819899645232453,0.04235708880605111,0.03952354144943433,0.03679359110691073
AAGCCGCAGACGCAAC-1,0.03506001567865974,0.04161947199887615,0.03593075852746971,0.036538712692884265,0.040091353653626434,0.03770273091701413,0.041302216456136666,0.0439747423014143,0.03919551479176122,0.0566898540151501,0.04303000650221387,0.04379298530135088,0.04308565572800051,0.04348937810647685,0.04276400797491182,0.035910529014733905,0.03709446822410947,0.039507899779189184,0.04090302675586676,0.04161663618826772,0.03438556639519537,0.030021677451545582,0.041329424269112416,0.03796029542840575,0.03700307184762708
AACTCAGAGACCACGA-2,0.03620355612518752,0.039949783761403165,0.03596351277375154,0.03901539631800798,0.03694030315447913,0.03508794392971381,0.035571919541190676,0.03979669422621751,0.038337962890329896,0.0506528557691674,0.04174930059655024,0.042047270260786085,0.037010856460482085,0.04150900743104866,0.039470237538386944,0.038383164543727505,0.03745877291909879,0.044280693066061874,0.05111126516837524,0.04601950854520715,0.0351487578388414,0.03937345140171961,0.0406244179057659,0.04045001058775515,0.03784335724674465
CAACCAATCCAGAAGG-2,0.04036730539588626,0.04656827933293741,0.04095099699708393,0.04132765349855088,0.03649531255701771,0.03496917479756459,0.03629402735799042,0.0367915229736205,0.036392195837972686,0.04042845167192802,0.035596971563084494,0.03597356549732772,0.035528907149757746,0.03579070401210239,0.0355249252737236,0.04249134078938958,0.04124741659492781,0.03637251541050309,0.037388114471322065,0.03710418206850251,0.037785659230021536,0.0456361359787507,0.04824732784857535,0.047301134663591,0.05742617902786795
ATTTCTGCATATGGTC-1,0.053518665694321114,0.03605870899391089,0.03714315072436671,0.03961994862187724,0.038396017011612334,0.03543352407626348,0.03643575348579822,0.03562611974223265,0.036961734626702325,0.04160266247975726,0.034940277951518856,0.03514059022741023,0.03591087511432203,0.03504194361566451,0.035437200621244336,0.03908710109106598,0.05671699055084711,0.035516857788644995,0.035227859611093454,0.03613089669986952,0.05630623527148586,0.04395617415197974,0.04488269244163251,0.04190833426396517,0.04299968514241343
AGGTCCGCAACTTGAC-1,0.03976538197448407,0.04382858177791767,0.049967426026629555,0.06211083128808869,0.034939965587418347,0.03567993567228535,0.035011148555070655,0.035163925040269974,0.03549932768665191,0.04169761566687887,0.034125741840513674,0.03428626604113786,0.03355571348591836,0.03442192324578405,0.03377588914994706,0.05510927140376454,0.0388814875888939,0.03612560576945652,0.03567456635413151,0.03647565593645406,0.03626543430782061,0.04680699280926726,0.05421322423667444,0.03380833917195841,0.04280974938258271
ACGCCAGCACCAGATT-1,0.035630667528165204,0.040025798810923156,0.03605404516214132,0.03705818510137749,0.038890464669838455,0.038876075408917854,0.042217910289536184,0.04524473272008701,0.04039586902429115,0.04987485815369584,0.04170451353227957,0.04385195832322045,0.04308124202218588,0.04409443886289295,0.0438216179287671,0.03753012345444838,0.03782085735858787,0.03885854746776058,0.03935601343289867,0.04033940948885743,0.03560559483749284,0.03280700585566158,0.03965890876292881,0.039561877503171826,0.037639284299872476
AAGCCGCCAACGCACC-1,0.03546016302607755,0.040865694414060905,0.037760148847446565,0.039254371125637795,0.03931225488752759,0.03823916666498299,0.0400356716746316,0.0425918866418337,0.03897743864483028,0.049973581948582216,0.044766978672190295,0.04149464810102917,0.042212386807771486,0.04212759722540783,0.04240085656192005,0.03855577761278402,0.03764998761458223,0.04091781469181923,0.04040669073987159,0.042412895482495626,0.03444396522910881,0.028609171524066328,0.04309739487680753,0.04106086097316604,0.03737259601136837
AACTTTCTCCAGTATG-1,0.040875800792289495,0.04536004206682781,0.051364149211926176,0.04248563313736917,0.03550157537430947,0.035646768241776615,0.0362668734257529,0.03561109333058443,0.03644958532339456,0.04192071809616358,0.03444910766311224,0.0349870098491347,0.03491017736108164,0.035251498278351764,0.034729734556528016,0.03277108550267229,0.04006115140702482,0.03658501761003626,0.03599867738242783,0.03683009049537757,0.03682647859482889,0.047948945931794974,0.05608593743696787,0.05677883666088075,0.04430401226938622
ACACCAAAGTAATCCC-1,0.03661515967718865,0.041461917830034736,0.03589845706255595,0.03876276078539549,0.03707879860346718,0.03637177287835853,0.03790454954380995,0.041879099427348944,0.0376855572169607,0.04780678303578192,0.04140606453221791,0.0422263467050292,0.041100461167224454,0.04230658116138419,0.04090405654573824,0.03806979985191802,0.03726491504259605,0.04005673596339157,0.04264429221609749,0.043650762967202994,0.034232402379182396,0.045310659787112385,0.04209793418792849,0.03994943352070771,0.03731469791136703
ACCGTAAGTAGCGTGA-1,0.03583685240613708,0.04126962481478763,0.03572895915324784,0.03816043163461381,0.04004082318144207,0.03962773895730474,0.0427967248835715,0.04159295624869784,0.04310385038761304,0.043762708828192956,0.04199251821510183,0.042091961816041794,0.043276545831283916,0.04345199451390508,0.04233076196048359,0.03752007807616639,0.03682744788401771,0.0403200374228916,0.03956719560526169,0.04017740531035129,0.03507707251523099,0.03625374956766914,0.041495079795828206,0.03926181232300958,0.03843566866714882
ACTGTCCCAACTGGCC-1,0.03513269784290344,0.040665206380204606,0.03374554351274447,0.03618591456063704,0.03810303113543434,0.03951473367820112,0.03993615749392499,0.04389831236557479,0.039720736496596354,0.04994837633645702,0.044722311782200846,0.04454287167695721,0.045467725929213595,0.04482632693154097,0.04502766701424216,0.03609027439586243,0.03629687872409291,0.039528073960556395,0.040551657588910266,0.04184287549335528,0.03461666932875505,0.033862979976884366,0.04082881602894212,0.03837686898501757,0.03656729238079089
AGAGTGGGTACCGAGA-1,0.03806852533363991,0.04346510185837163,0.03699965286120596,0.03827843969370536,0.04054094475360595,0.03870888085780995,0.03960290687104622,0.04037602491317917,0.04246131757026744,0.04533415742213108,0.0389181167815452,0.0395026363756121,0.040503777252494225,0.03979417682084293,0.03953682126615741,0.03914155135019391,0.039119615532193494,0.03769162574213211,0.03712108242991704,0.039114472914257736,0.03662772161812668,0.04827509413942739,0.04297104099691795,0.040218761013463805,0.03762755363175543
ACGCCAGCATGATCCA-1,0.03950456401445641,0.04606302737954957,0.04800254523642488,0.04870566586152439,0.035785197903143134,0.03559481312731845,0.036266559620557096,0.0356115690690632,0.035667238937822164,0.04099703509013281,0.03548248302038631,0.03512134458866958,0.03480493049873208,0.034942397943438015,0.03439405155399287,0.048752740759121935,0.039443956954787064,0.03637578325423282,0.035943897216114164,0.03685860473887469,0.036195877099853335,0.049158746398624734,0.031418753603040736,0.06282958547843283,0.046078630651706816
TCAGCTCAGGAATCGC-1,0.03659361625467855,0.045532813218324183,0.03603780748169848,0.03776372529538838,0.040642366734538055,0.03798088760352509,0.03973236505318292,0.041190098840674344,0.04063554252388204,0.05042993889987738,0.041690963504373,0.04024606418348653,0.04119157117550872,0.04102528970615042,0.04170279547038932,0.037936128259603186,0.038710487550353556,0.03906150881399072,0.03872591421793694,0.040222735241593977,0.03470278722009725,0.032073736375032205,0.04521459519098508,0.04151555904527214,0.039440702139457925
TGAAAGACAAGGGTCA-1,0.034736521946794,0.039218031513848076,0.03378874244488456,0.03665072062331242,0.03733585560111292,0.036273786476854496,0.03797032673375412,0.04128106355430312,0.03719401208896545,0.04759693407132712,0.043093402464692135,0.04133442085415266,0.04061139030668538,0.04114289984874182,0.041309617942559745,0.035956709791844184,0.03686709167751511,0.05382888213281286,0.043965306408247834,0.04994369497061355,0.03434619679315409,0.0377937965276255,0.04151747694549424,0.03884878305750457,0.03739433522320007
AGCTCCTCAATGGTCT-1,0.03641684587224331,0.043311839918647795,0.036275864387177933,0.038332707552872776,0.044439651856492485,0.041355690308004615,0.043075860950278023,0.041730150843972295,0.041989015983623694,0.03953170690972816,0.040643481181494356,0.03945511351041851,0.04264305354668458,0.04057857354503198,0.04069080291833618,0.037683459741033654,0.039613245702013564,0.03840101948505298,0.038467203942572845,0.04014236545058145,0.037341829801102476,0.0357086449590245,0.043661750835693056,0.03964780715192776,0.038862313645991006
AAACCTGAGCTCCTCT-1,0.03656736186204861,0.04097889023359402,0.037157437746180806,0.03752362622596953,0.0455000072804081,0.04018594071474443,0.04422264607084321,0.04210988304119194,0.04279889262481202,0.04489531257912773,0.04065780445195147,0.040127179708862454,0.044327705534567455,0.04177250297582664,0.0408688490380806,0.03718734153896918,0.03892652390546548,0.0381117210569202,0.03818941845848223,0.03917676132908613,0.03715067548557146,0.03376373680796909,0.04125115779256654,0.03882323053559476,0.03772539300116588
CGATGGCCATGGTTGT-1,0.035363812438401795,0.041346607399433036,0.03402392009211816,0.03716497228296953,0.03651984777783548,0.03594183149766736,0.03763062128894931,0.04250041267714926,0.03735872924147307,0.04975041535636583,0.04230116597616705,0.0437543339453475,0.03988205912893319,0.04339133536229114,0.041535598942542995,0.03650456272383465,0.03596657668541698,0.04206804470344564,0.0469647138040168,0.048977749122862305,0.03338394895842604,0.04168120012727244,0.0407580487464825,0.03868040474350546,0.03654908697709238
CAAGATCCAACGATGG-1,0.04482723783451456,0.04523578085272061,0.037077447041563565,0.03815167589828156,0.037989523427691144,0.03650424984564663,0.03815168923972832,0.03567910088436286,0.03830502421884176,0.0402841875282769,0.035325091779857265,0.03552791347450464,0.036731416047017525,0.03580670312880583,0.035452855381536405,0.038211206732708315,0.051748690899787106,0.03654216930970124,0.03564380948203347,0.03664341160075197,0.059477176597397895,0.04186642844804279,0.04330587225293155,0.04281466893693418,0.04269666915636208
AGCATACGTCCTCTTG-1,0.03616776461617627,0.04166871359510963,0.035860068810267653,0.03612820614742495,0.04619597592270677,0.042184116050905,0.04372578468317991,0.04200745459791851,0.04350584674502611,0.03816153229479663,0.04147259099258497,0.04071953178288788,0.04448736862250804,0.04175203319229263,0.041928894448794066,0.035666552234241485,0.03843792156589001,0.038572334263313066,0.03865641917725556,0.03906337981484419,0.036746656687905284,0.03864210434809259,0.04187832133977939,0.038763831896342624,0.03760659616975672
ACCTTTAGTCCGAAGA-1,0.03668511393004483,0.03831343565532305,0.0349005586346043,0.03701019660784552,0.041353415231295265,0.039127637168649934,0.04068336235555231,0.04263575522276289,0.04146057147773051,0.05447642805458678,0.04213304230080626,0.0426050451149959,0.042980903723170524,0.04291825162105714,0.04462090885815629,0.03670268340270935,0.039271284076299644,0.04037702842158559,0.04017636025535608,0.04106367994624879,0.03487948108688219,0.03192386569083045,0.03946074146418397,0.03765832062742283,0.03658192907189962
GCACTCTTCAGTTGAC-2,0.04038720828404748,0.046414871416322175,0.05228210118727319,0.045841100902315274,0.035162861517163246,0.03516574476785115,0.03565385511015164,0.035889293392940225,0.03669569487146842,0.040755602205377765,0.03520983565595852,0.0352567163511952,0.03454960331009741,0.035018464667533215,0.034727479300320545,0.05138930172080533,0.04017345994885363,0.03574588421953286,0.03659308972115576,0.03643663927087567,0.03667876014525648,0.0460518781372357,0.044952782591267566,0.04566435763237381,0.04730341367262778
CAGATCAGTAAACCTC-1,0.040302353275768955,0.04400232100506447,0.03845922078116967,0.03929545311157776,0.038091475175498136,0.038716659252146006,0.038650856642245185,0.03798459627590108,0.037626929362810285,0.04027312266512998,0.03795535040561012,0.037598992078298664,0.03859833565895254,0.03905233986792796,0.038567680357049224,0.04002818454940198,0.04108940156939487,0.03880368622420472,0.03979438493239216,0.03946462192893937,0.04055621916396937,0.04141186407383613,0.044006605572818595,0.04180364109303803,0.04786570497685472
ATAGACCTCCCTCAGT-1,0.05455430852054449,0.04150318718712316,0.0378716048883006,0.03950650980548953,0.038378069270274345,0.03666988392588387,0.03743295008755144,0.03527446782113656,0.0388050588961871,0.039644785235216785,0.034814903208131985,0.03409249997694001,0.03509408335808184,0.034488633715809944,0.03451554547829645,0.03869214504254828,0.05431001277521953,0.035428573182178236,0.035088468451460436,0.03484694576424896,0.05817131684801267,0.04451733154969084,0.04365488512159557,0.0417483614596639,0.04089546843041366
TGCGCAGGTGGTTTCA-1,0.03933295166586707,0.04044908958520054,0.04073168005260168,0.03985031143379635,0.03974844332545948,0.040738007253955065,0.03979763461106642,0.03855263843410447,0.03859975496785592,0.04016175197946216,0.040624939813093994,0.038587190476576466,0.03974939179339597,0.03968652580988259,0.03970392825887906,0.04032243412717641,0.041306077567591575,0.03953192777890094,0.03956244646898436,0.04035863735922654,0.04376612232349963,0.04015701897165073,0.04067760416345858,0.0392328963550583,0.03877059542325596
ACACCAAAGCCTCGTG-1,0.04519125756487581,0.04429417274456851,0.037388070282362726,0.039667723479353635,0.03697593129515086,0.03586819523865066,0.03620266824413695,0.035421717555205436,0.037202033651311646,0.03929867940134882,0.03507701076849036,0.034508143245857506,0.03488977361614955,0.03443999367142365,0.034841777303275534,0.040118369763665146,0.05780314480588525,0.03529209905178269,0.03500984778686351,0.034798888875059934,0.06795917759165247,0.04363106199975412,0.03778343138976706,0.04306091213082233,0.043275918542586
CCGTGGAGTACAAGTA-1,0.035670289835897664,0.042432102179399064,0.03566936323660569,0.037920765647379805,0.039038013052215825,0.03729902440878771,0.03956381972123655,0.04220570867999915,0.03927140757992437,0.05871420300852121,0.041435381028693166,0.041605642743972715,0.041642383296759414,0.041901344200283464,0.041045772853162014,0.037514071483369306,0.03774192084441681,0.04159400790162512,0.04245053191694403,0.04339867602420159,0.03377395120975925,0.028217243364148884,0.0422227501501565,0.039694017222303334,0.03797760841023719
AACTTTCGTGGTCCGT-1,0.03524671127432567,0.041201591343362653,0.03526724867085547,0.03849771509879262,0.03755415657225032,0.036620139245932104,0.03727089456452775,0.04435160469451659,0.03879242663652967,0.04331115452155078,0.041553345443770956,0.044642586195974054,0.04129963221579104,0.04288297488033928,0.04204577495336604,0.03744169253925369,0.03604997400039718,0.041737967819617416,0.044586710828856665,0.05045777036321114,0.033934542737792846,0.03512042288349128,0.04188779005193264,0.0404842180873061,0.03776095437625631
AGAGCGAGTTGCGCAC-1,0.04081815321205964,0.04326098371055315,0.05533974057992644,0.053368442132356926,0.034894311077662374,0.033948778748213594,0.03504274197163447,0.03629971508761079,0.0355789438303899,0.04032882845416904,0.03408354696195398,0.03496025095304577,0.03487046340190718,0.03471977417844979,0.03364034032149594,0.05611587216315307,0.03915310082994842,0.035716419716503835,0.035203039045966195,0.03643792033560335,0.03482026555521532,0.04594754340506723,0.05379795960372341,0.039558170998934876,0.04209469372445537
CAACTAGTCTTAACCT-2,0.03521457086410983,0.04177517754065292,0.03743802934051395,0.039770179917304034,0.03708468334411968,0.03594755543018626,0.03757298694827279,0.04321597856574225,0.03739946695449954,0.043394913935162135,0.041572969134523505,0.04237257702647617,0.03956333542267251,0.04209514976203221,0.04061015871367851,0.03933213413414736,0.03639939842949068,0.04285985661247313,0.045542771839597866,0.04517912033233942,0.03339479997333938,0.04052711984403126,0.042890223040261126,0.0411000336871877,0.03774680920718557
GCAGTTAAGTGGGATC-1,0.03670702618030488,0.0416822673579699,0.03746466618334527,0.03705254120536817,0.043183624597723624,0.041870046590562544,0.04351826901560418,0.041544981847478714,0.04315034490314575,0.04305423731186326,0.04250440569906267,0.039051006175924316,0.04446935572307814,0.04151601427825779,0.04166271996549628,0.036868540970063673,0.03838091548753002,0.03873142288307337,0.039753604447079954,0.0408259831517409,0.03632447836162117,0.03425382985986805,0.04095681679904514,0.038472137490362004,0.03700076351443019
ACGCAGCAGGCTAGGT-1,0.03477583110210091,0.0399902636666608,0.035238488516423,0.037983649851205115,0.03829552137180835,0.03835192807977848,0.03806867713807992,0.04436613050940291,0.03955820002169482,0.04849346439502373,0.042212808881969995,0.04248892348747415,0.042678931426177624,0.042244411889911335,0.042808389622890415,0.036994173211089956,0.03715048290278591,0.03985029673309931,0.040819738026880555,0.04296716729790515,0.0341688521867666,0.046015893049246456,0.04019530309306971,0.03777774204363424,0.03650473149492085
AACTCAGAGATCCCGC-1,0.034021025745010036,0.040019292966818096,0.03558375113790923,0.037347608592606746,0.03691907295033132,0.035147309834054084,0.03632120462383215,0.04221409721796367,0.0369045878883669,0.05135200074213115,0.042035563051740193,0.04158386546556918,0.037992730334500416,0.041245106033423205,0.039503218926869345,0.03707196408387556,0.03718820798492262,0.04350708535515528,0.05117912509747157,0.04892225246296539,0.03259773934203422,0.0401412368673866,0.04183144836682413,0.040872843096633776,0.03849766183160513
AGTCTTTCATGCTGGC-1,0.04184960296254078,0.04604940527286874,0.046772101811658064,0.05261320215657827,0.037434630447900956,0.035797428356279186,0.03613502899647688,0.03479285936130211,0.03705294487865935,0.04179831786171598,0.033775609617487656,0.03443327377869179,0.034370034833284095,0.03450596874799187,0.033807706909140194,0.05217511500433126,0.042198794051923456,0.03573895724101034,0.03538360464034647,0.03611995254453487,0.03936764049763094,0.048156776124770415,0.03091035501749824,0.05470519137588213,0.044055497509496055
CACATAGTCCAGGGCT-1,0.03673681192970544,0.04161750323419282,0.034390893860240884,0.03697070804897315,0.04010931108519915,0.039064721184949136,0.04163179559363055,0.0455508807755369,0.0438754636420949,0.045148700796621546,0.04265186417524452,0.04328511197696922,0.043683439687761096,0.043711904280080795,0.04334937646584727,0.03560687690497176,0.037630441853600066,0.03860402916609436,0.04009491862372671,0.0415313128448465,0.03451070527533276,0.03314051977684139,0.04145580136243254,0.03868930553722491,0.03695760191788155
AAGACCTCAGCTGTAT-1,0.038077611714200675,0.0435057535272901,0.060548160839827926,0.04812892679808635,0.03763648687411348,0.03746156496930127,0.03852048944464706,0.03654913774516673,0.038127062079044684,0.04278402728749993,0.034644527562914494,0.03496357923073625,0.035778555967836294,0.03523097825013613,0.03472566835364834,0.048865433067772655,0.038107143821864545,0.03553911505120641,0.03567997830508577,0.03651581246895386,0.034964732001375995,0.042720854541848124,0.044836019970820325,0.04422850880821297,0.041859871318409576
ACAGCTAGTGGCTCCA-1,0.036346534765497325,0.04091276016780971,0.03649266650468051,0.03898286411081338,0.03630037859020375,0.0355541536968483,0.03573002599804236,0.04143779587245564,0.03659898888946101,0.048763741621689886,0.04087332546113966,0.04154670228033425,0.03962183195655844,0.04049575333282264,0.03938107569532276,0.038460529692304554,0.03738418047819939,0.04220595232513931,0.055107685013398564,0.04462628267748188,0.034649345266203814,0.038707611376358766,0.04096812732231065,0.040339210626563586,0.03851247627836004
CGAACATCAGACAAGC-2,0.041671728593777935,0.044387401993031324,0.04110429975776948,0.04067030140294523,0.03704608634271098,0.03712723914901811,0.03822460843408223,0.03641974832148888,0.03658891991223334,0.03930641115100963,0.03640674570397372,0.03655540291783614,0.03600382307600509,0.03648910867209546,0.035988099886883874,0.0420669987957497,0.04128383441743143,0.03821985166728855,0.03876647879620272,0.037977180235726216,0.04096277833651506,0.041731079566620186,0.04610628145424641,0.044523331378450645,0.054372260036907635
AACCATGGTGGTCTCG-1,0.0376174835440061,0.0409076158161353,0.05604065654290108,0.04604272424488513,0.03463506863696267,0.0356546420428012,0.03591891522201636,0.038548383311339335,0.034834541516787346,0.04063329506543056,0.0384817493459826,0.038878747010399624,0.03757037566944714,0.038439980568225264,0.037377388347931126,0.044469146355560554,0.03610567819536139,0.03934212045841622,0.038494857382482026,0.03865409954415405,0.034180799008051044,0.04397016960461019,0.04490608240158053,0.047398667618538996,0.04089681254599414
ACTTACTGTTCGAATC-1,0.03592604371025992,0.042095033430319846,0.03575131588454866,0.03776998498803137,0.05544255889508583,0.04325278290797579,0.048996885969894634,0.03869705899072428,0.04246619640183618,0.04212195843854813,0.03914338551439523,0.03889759660881947,0.04117169620696208,0.03801904721553242,0.03863806456234237,0.03795142590815078,0.03872248076624934,0.03784270527968276,0.03628409913825428,0.036740785140948536,0.035036201434002434,0.039916414444740936,0.0419337168093446,0.039985286962440365,0.03719727439090976
ACCCACTTCATCGGAT-1,0.03609902574876813,0.03904383453005499,0.03604780792158377,0.03765567585656782,0.036458124000317005,0.0380488056586689,0.03901242332907115,0.04386344869832532,0.03836623951323963,0.04499888536005356,0.04141756615544556,0.05224926388847968,0.04094516112323257,0.04312263837593846,0.04193343825067755,0.037504702729730284,0.03603791037903209,0.041340591184125475,0.04311255950222882,0.0435817372780764,0.03367707299445766,0.04155151082839656,0.038504590285246096,0.03804050691878148,0.03738647948950089
AGAGCGACAAATCCGT-1,0.0362134578652584,0.04282203459854012,0.036259368295174094,0.038528228592572766,0.04089265294780727,0.03793351302858298,0.04088157517206075,0.04266559090358098,0.0409556647914046,0.049562061924879816,0.04150170187031658,0.04201432987971248,0.04139981752712414,0.04162779065964609,0.04101681604039114,0.038072863740342855,0.03864485903534068,0.039519743348652096,0.04061522945515163,0.04190067085283841,0.034816726560209905,0.03037280837959822,0.04313843124971638,0.041044384707406796,0.037599678573690926
AAATGCCTCATACGGT-1,0.040750633782056365,0.04111558255526378,0.046361320511910706,0.04651446319514186,0.03607185576100317,0.036152387412036614,0.03612754323183554,0.03736088664780116,0.03675046023779079,0.039900481800049306,0.03832540416404162,0.0371974751198406,0.037151382825269794,0.03756186476921731,0.038163175076820176,0.046454659584277476,0.03989540636532156,0.03818246007626793,0.03729326037539863,0.03828031973937495,0.037440506334889365,0.04199152165137361,0.04487339196445763,0.04898364905965718,0.04109990775890274
ACGGGTCAGCGATCCC-1,0.04701480794461188,0.033413262893851485,0.037061059211794284,0.0392633929872741,0.03753060270663886,0.035945414540134446,0.0376330391263698,0.03475217392835726,0.03828902327775803,0.0404587905328515,0.03515505819942,0.034550091610799506,0.03493078685883624,0.034476815968337786,0.03449471295129657,0.038769876182794975,0.0594555051701252,0.03567575944900565,0.03507524020600715,0.035168701998271025,0.06472788696940764,0.045440693065151604,0.04570708341233182,0.04320049061178846,0.04180973019678465
CAAGGCCCATTAGCCA-1,0.0349887878116649,0.041163467146772846,0.03507644530012916,0.03834433902612649,0.039497228557800884,0.03791009420998711,0.040743696911241606,0.04331970466564406,0.04062500498768782,0.048358685073447594,0.04190332832298147,0.04303108520280104,0.04180987045405712,0.042617017519530766,0.040674956760935146,0.03756896903844992,0.03874702766592281,0.040848588072674226,0.04356468527132388,0.04280915193921908,0.03329671091759718,0.033916786972694665,0.04214703612198039,0.03944039478778781,0.03759693726154214
ATGGGAGTCAGTGTTG-1,0.04637570421616111,0.04108745671659172,0.039344119998560856,0.04223709400832366,0.037505875738036897,0.036080172661005216,0.037880450079171034,0.03626159442146126,0.040217302744713225,0.04538420620820483,0.03498063470137665,0.034658737615366746,0.035637096132676065,0.03482674670429063,0.03489401068057293,0.041975975082556224,0.04293535972289403,0.03588848994047833,0.03566271620751121,0.03578352972224882,0.04310273953724443,0.04617185357144354,0.04698805480391934,0.047008494683473866,0.047111584101717334
CATATTCGTGCAGACA-1,0.03657805512045167,0.04648160551451066,0.03754687819632903,0.03938910851411138,0.04088535995040707,0.03895576807764559,0.04057825017137624,0.039077268495347775,0.041426871682877495,0.047372276052189535,0.03705674263789456,0.037194428209687186,0.03936447433654506,0.03693467106963759,0.03755002594959229,0.03982117404103376,0.03893628215900648,0.03675014681333874,0.035362581075028286,0.037512099787598556,0.03552493978200234,0.05261835474917552,0.04579443245602189,0.04238614720683291,0.038902057951358426
GCTCCTAAGTCCGGTC-1,0.0348954604385,0.040112838166369263,0.03624162670445842,0.038897064179537456,0.03512582810850589,0.034944251416564605,0.036845768703459535,0.04252494101225123,0.03497402565353108,0.04464813189226175,0.041963544531408714,0.04286720058296664,0.0396871754903951,0.042036251481384804,0.03997480101597317,0.037977706474296845,0.035140476636105866,0.04395429865141673,0.052558401655368014,0.04952793379374199,0.0327478707768779,0.04349942775508455,0.04130707506256282,0.04012588998641148,0.03742200983056616
ACGCAGCGTGTGAATA-2,0.037037256202286345,0.04342216499464011,0.03667364712055196,0.039704403674881414,0.03690393977477363,0.036071698726791966,0.03667775359173758,0.04071407454861795,0.0363907032635957,0.038306689969970116,0.04136109764506796,0.04182943481910303,0.03825090188726951,0.041207920362231705,0.04128695175326708,0.0388318922177622,0.03929777697639903,0.04248258891155708,0.04548504446733602,0.04553431144328278,0.036028506572418975,0.0406993221802315,0.043625554638039174,0.042187869261133215,0.039988494997054126
CTCGAAAAGTTAACGA-1,0.0392490863588426,0.04372110981738491,0.046755790672906916,0.057186239212768115,0.03484711438406781,0.03498299608667149,0.035293678220007625,0.03489424722856158,0.03549210154923824,0.04148584402921332,0.03350207076738898,0.034111895310165265,0.0337719845039284,0.03424126885648573,0.033700775329639866,0.05345511435744228,0.03927562745829836,0.0356979023716207,0.03575827852737581,0.036083368046177594,0.03524583582658052,0.04607754901669324,0.05029312255687875,0.05317664961952697,0.041700349892135294
CTGTGCTAGGGAGTAA-1,0.03813088345781942,0.04309117595724962,0.04210915815492343,0.041902789198786136,0.03962409990322302,0.04082840120834427,0.03828307511973242,0.038192130273603686,0.0382545824690705,0.03946985339479732,0.03941073125183293,0.03823792592254411,0.039625235898389254,0.03954830082720916,0.039569680426689936,0.04230380568375994,0.03993182777352239,0.03825952441850654,0.03826685386952372,0.03908983640843095,0.039695899527111105,0.0425699999928883,0.043142488892466704,0.04146164295930137,0.03900009701027386
ACGATGTTCTTCTGGC-1,0.03525879581417781,0.0418664664405199,0.034640945169934254,0.03714683923567951,0.039856968667272626,0.03976452348345078,0.04164913546045718,0.04304986492769859,0.04112152477770627,0.047568155737512524,0.041929633310896317,0.04382885896565236,0.043977154705044666,0.04297265639983766,0.043656218530439765,0.03671722130990969,0.03711365463536796,0.039811180196989794,0.03923008398062124,0.041079008999900225,0.03394017130033134,0.03543850437475238,0.04174246482093693,0.03934577414647932,0.03729419460843087
ACATCAGGTAAATGAC-1,0.036809903491073916,0.04288043408599091,0.036939462837860926,0.03979333780048801,0.03718168280081088,0.036584295680716854,0.0370994394029945,0.04100745778632631,0.03813154491362843,0.054937168875131094,0.04101566932485298,0.041668144374475864,0.039747235720204034,0.04105361190756573,0.040072236798623734,0.03909227546262036,0.037745418035054275,0.04218245908466037,0.04428591815419187,0.04441076575788575,0.03409905584251301,0.02970673250663545,0.043657170494967104,0.04115876755025274,0.03873981131047483
AACCATGTCGCACTCT-1,0.03487044744521309,0.04144901671589845,0.03528367491904427,0.037856607025559284,0.03784803617043755,0.03665529838870073,0.0398699573184611,0.04371912043137497,0.03970352507959547,0.05208884662009791,0.04181561729992774,0.0444419716905824,0.04119186544771706,0.04267198226131242,0.04142621078629522,0.037319680054737035,0.038189317287082705,0.04109896386946443,0.04248434912376004,0.04466830970679285,0.033921470740785796,0.03282145440768399,0.041561563909116375,0.039711723384050296,0.037330989916308815
GCATGCGGTGTTCGAT-1,0.04062610461723496,0.0455957766751431,0.047764631068393175,0.05010607754947355,0.03623194132488672,0.03507435802871938,0.03598434202426751,0.03526925752484649,0.034974511801826015,0.041938069563618965,0.03457122172616866,0.0349243400157487,0.034855577397590286,0.03510168162892982,0.03480062360202392,0.05059672916632511,0.0393196927510674,0.036172060265918356,0.03595981177162361,0.03584168174871521,0.03701318434835622,0.04825283070406554,0.03403473058507178,0.05917812606935859,0.04581263804062684
ATCACGAAGCGATGAC-2,0.0406699268719732,0.05958992226745456,0.0386350847640733,0.04106150199310073,0.03751161692982241,0.034839821189956925,0.03625962198021357,0.03616826940642499,0.03741715718171289,0.04496707718821702,0.03586798872663832,0.03518855672208323,0.03513570806149108,0.035377524541643356,0.035717824698829885,0.04114827605072246,0.04094036070958595,0.036077510559225826,0.036142357464724245,0.03662851638177834,0.038033927241455275,0.04883737955850052,0.04904910100579412,0.04510935525975673,0.04362561324482101
ACACCCTGTTCAACCA-2,0.03788098640069726,0.043602104060206176,0.03631205015442782,0.038459476158646276,0.04339972414764712,0.03973521488904006,0.04239053279867695,0.039402057277915396,0.04215249093134922,0.04543730206497315,0.03769710795308719,0.03843309809609987,0.04109863751674775,0.03936784960192994,0.03829412819449754,0.038178964813485705,0.03941120968387354,0.03689709566985104,0.037003058641945676,0.0377550377063753,0.035826659325117145,0.04856054487752222,0.04352471312620596,0.0412693386494866,0.03791061726019513
TCGTAGAGTGTGGTTT-1,0.03990583467116214,0.05706390453653248,0.038233703159509615,0.04103123142445253,0.03750601550691209,0.03509032545198927,0.036637787907127684,0.036794790824246595,0.038502107520677516,0.04403003879444482,0.0362575235259731,0.03608421423111045,0.03567393516643722,0.03559763070110337,0.036230376416150054,0.040521139563545236,0.04103338179304346,0.036346476643632955,0.03617091869501491,0.03734099252374529,0.03727820322659749,0.04986302020045289,0.04839914182663977,0.045097902297079086,0.04330940339241994
CGTGTCTAGCGCCTTG-1,0.03844939369025776,0.042440896545424774,0.04814000127705226,0.0588070580755818,0.03538055001728541,0.03446597233060087,0.03412173494280897,0.0349220887959968,0.03496278974126197,0.04053513963240354,0.03441504835736667,0.03406496801903446,0.033706271143994576,0.03420302793889523,0.033556310617131296,0.05438502979062206,0.03887607382068358,0.03522596755150518,0.03559080640446721,0.036031467881167546,0.0341887395077722,0.0458229265406296,0.051811170701813056,0.05389260433615405,0.042003962340089004
ATCCGAACAGGCAGTA-1,0.0378621306280291,0.042428689730548474,0.04170312804460674,0.042205399091402473,0.03933947830946499,0.035723959032322644,0.040740740833940074,0.038028043720378886,0.03806958062266431,0.03935629307974157,0.039154785839372465,0.03805850456962119,0.039340525621985804,0.03927378483889274,0.039292121108796915,0.04260803699805148,0.039034165783821954,0.042531008169952256,0.03914443453901653,0.042469675185457516,0.041254279577659335,0.03942467786233295,0.042670324516537156,0.04192630763034611,0.0383599246650565
AAGACCTAGTGGACGT-1,0.03573895140097163,0.043993761351439856,0.036952958288038615,0.03813039333088708,0.04199960404699317,0.04053497241080439,0.042736655845406764,0.04340718780041043,0.04161712676691432,0.044025358763969055,0.04129954748420461,0.040774886976154195,0.04108806780478733,0.04155077002562964,0.04171976912524394,0.03810290518317818,0.037879999597568326,0.038305152838980144,0.03849746975922577,0.03970569385151658,0.035273530774919064,0.03700605497679778,0.04236904974123636,0.04028038748072218,0.03700974437400089
AATCCAGAGAAACCTA-1,0.03727791202119042,0.042532095660327465,0.0368468607981127,0.038569105159227714,0.04042486552185066,0.04050022399343713,0.04162667878550361,0.04116999499868558,0.040939518847617276,0.04299621447939516,0.040046213331458996,0.03970446847328546,0.042153250941751284,0.03974795803621802,0.039467394065424204,0.03853402288948712,0.03934894737920676,0.03890432676122141,0.038776346547077976,0.03912426457711904,0.03590978464461326,0.040751245466183146,0.04438023034451856,0.04137347933617549,0.03889459694091158
GTAACGTGTACCTACA-1,0.036921286590808046,0.04247753951932073,0.03697956496512672,0.037956994759233094,0.04262287533523087,0.039601565741863506,0.04136315132208002,0.04049044582553384,0.041799029021244216,0.04536130586035624,0.03855831708993447,0.03828846597480324,0.04170759505925888,0.03940383903269545,0.03946940569080686,0.037761530202898276,0.03906650655462468,0.03782170483735371,0.036920767666756664,0.03805307393343794,0.035603610323081965,0.04890210331354552,0.043429875366198877,0.0406935831877332,0.03874586282607322
TGGCTGGCAGATGGGT-1,0.0345156895182203,0.039587274351770126,0.03593135789085321,0.03809220246958539,0.03596472735299144,0.034855779229107486,0.03607281999061731,0.03926126442038841,0.03514405752042794,0.04939833680753467,0.04093249188923842,0.03965390344764742,0.038252887247483394,0.04023168005341126,0.03913761726163923,0.037485117260632694,0.03694653080300501,0.052369140588338844,0.05390902772532958,0.04645739103253514,0.03416733821404848,0.041360447423354194,0.042570918454584994,0.04064701668030308,0.03705498236695197
CGGAGCTAGCCTCGTG-1,0.04001028253353943,0.05336774194354858,0.038408131897921936,0.04088049740998058,0.03686114087620497,0.03606003219624565,0.037278483324218875,0.03729653406203788,0.03775909113239202,0.042339785849807125,0.03758231205544618,0.03759758293687277,0.03648077034362272,0.03744100995863549,0.0371277541288357,0.04096278123095658,0.04055721240362998,0.03746313839900315,0.038540268414705654,0.03876658899777622,0.03832731563237351,0.04726197755112507,0.04570566327100121,0.04225886502605003,0.04366503842406879
AAGTCTGCAGGGTATG-1,0.03756762537916567,0.04325398539243707,0.03809335122875444,0.03938702082338191,0.04206372429759042,0.04120998694194729,0.0433300581225899,0.040459827633092464,0.041537246303016494,0.034634812684855985,0.04034765766879534,0.040306623174053105,0.041119559685884606,0.03998058090938104,0.04006505039166279,0.039240939315896846,0.04044351180844114,0.037205085779158424,0.03726946003638491,0.03954149615353541,0.03662447122125612,0.039952399097893054,0.04424053926847433,0.04274721803133555,0.03937776865101562
AACCATGTCCGTCAAA-1,0.03505920202936816,0.04291647282041804,0.034577988309076255,0.038286048001751415,0.03812015814942466,0.0370721994895643,0.039487043649131304,0.043542818455782596,0.03937935204586096,0.057688425406422036,0.04262395622437406,0.0424319664732852,0.04123455637754708,0.04233781109388834,0.041353922758259005,0.037470429882893834,0.0370654344312934,0.04135735226948793,0.04311980679227097,0.0436872080904912,0.0333967983293617,0.02807367696077386,0.0428425857063969,0.03948778265441021,0.03738700359846667
AAACCTGTCTAACTGG-1,0.03695806542190526,0.039054729450435026,0.035814800907322926,0.03690036318120421,0.03554698057599357,0.036414303100171255,0.03691461565638815,0.04299492993954712,0.036469314190259894,0.04711518933884193,0.04158885693680834,0.051800296919135354,0.04106253072345643,0.04317017961243225,0.039528497879710654,0.03645507096557137,0.03482809008091225,0.04107694388664334,0.04800459687723167,0.04857111133246315,0.03456865365880533,0.04204598554549818,0.03878301173259099,0.03754956338520186,0.03678331870146936
ACGGAGAAGGCATGTG-1,0.034652290193483336,0.0400718637501616,0.03503838400182408,0.03745404722784537,0.0373630671706983,0.03495134556576055,0.03679545112305211,0.04109435513440047,0.036500957589570365,0.04944762067530923,0.04179797462090321,0.04204336923258126,0.03921737436232128,0.04172952949651486,0.039823193345242064,0.036640694470430536,0.0373945356921696,0.04459326077624536,0.05591481455927167,0.04685111380113772,0.03312466932726609,0.04027846363461199,0.041813047686619004,0.038650277750282104,0.03675829881229781
CAGGTGCGTGCGATAG-1,0.037401210423177816,0.040782811073239875,0.036331090688319106,0.038020116481117576,0.03972430649516274,0.03966029841462591,0.041186611754664544,0.04187086328433849,0.03899514620258784,0.051847255418347865,0.04136521870765035,0.041521642231189856,0.04350889371729505,0.042176548383288784,0.041900859353708235,0.03817231908740167,0.03817150048171809,0.04051879605725578,0.04034908538571584,0.04072214906973133,0.03477573770376678,0.032587282432222114,0.04145566993619462,0.03939335686804507,0.03756123034923453
ACATACGAGGAGTACC-1,0.04631517251577365,0.04200333555497529,0.03806123210626859,0.041167875489226624,0.039273838251238716,0.037390340804070984,0.03891360612566374,0.03563398900852528,0.040049088280210796,0.04347432822619964,0.035645145794150866,0.035230766922635014,0.03556015930684976,0.03513205759791899,0.03515580646082828,0.04067397658823291,0.04622696749202029,0.036077519479990355,0.03504393895871877,0.036119098631643115,0.04277832835908485,0.04828543566869265,0.04922329876468073,0.044293037205837625,0.04227165640656244
ACGCCGAAGCGACGTA-1,0.03455037453443211,0.040632568204958565,0.03500677733331664,0.038459770930531156,0.035817917921113177,0.033781726359581536,0.03528215981545192,0.04206509386765958,0.03611056710697171,0.04824994688836017,0.04082173978321476,0.041278411073723674,0.038766088579635,0.04052209422700247,0.03977455478057161,0.03682115826053577,0.03582416979156921,0.05134123275006132,0.057006955684407286,0.04647123253995602,0.03311409124196059,0.040381914699765806,0.04088582132125885,0.03991808699851017,0.037115545305450824
AACTCTTCAGTATAAG-1,0.03708283240054544,0.043140372420101755,0.03597903323285337,0.038843731173550666,0.041248806976902405,0.039983846818441464,0.04026251966096791,0.042767174044535734,0.04044710357343197,0.044619845936176655,0.041462746536183696,0.04058820632776001,0.04266723044538837,0.04097978863852003,0.041582864030836934,0.03790843318983174,0.03912793924519322,0.039016196448659314,0.0385119692851354,0.04002575238848118,0.035830946599884936,0.03531471245001202,0.04299202021009175,0.04074468482169018,0.03887124314482367
CTCGGAGAGTCACGCC-1,0.039244848272437315,0.04331345677932242,0.04829278941133955,0.05736419805288339,0.034350577746881945,0.034564756012446886,0.03450092189524519,0.03496880167196218,0.03522759774036723,0.04091353685225949,0.033988219362981985,0.033866223643044646,0.03438776115982303,0.03457308541678667,0.03371755921443643,0.05353819635241546,0.03883810416333394,0.03551627141781952,0.03507095396851208,0.036318471027210614,0.03595935154915008,0.045673355988097845,0.051358988446899276,0.05327363993905471,0.04117833391528795
AAGCCGCAGGTAAACT-1,0.03701756630212054,0.042375296210232206,0.037094198587969196,0.03827372749043552,0.04388202287595386,0.04213057170521975,0.04315056387649773,0.04136307305916209,0.04205039416369327,0.03758030396620739,0.04007248343949319,0.039789137383701066,0.04237737474226888,0.04024114406891356,0.03997249760491536,0.03830847953434397,0.03920479669239869,0.037914669531474994,0.037712425159263194,0.03914604046239225,0.03699407082678642,0.043087495616019225,0.042157742361905795,0.04029535398355967,0.03780857035507212
AAGACCTCATCGGGTC-1,0.03576315996579851,0.04069010419087962,0.034289113935586646,0.03601030997969765,0.04049939178676922,0.03859722452674337,0.041305934058298716,0.04343350793593642,0.0405359006628565,0.04903811656513649,0.04183614663221435,0.04456850235450607,0.044955638559126154,0.04491460160526529,0.04458363487188127,0.03596464464418,0.0396662096548787,0.040679297570712564,0.04040787468034181,0.0406732320677638,0.03469321886162721,0.03287143360057799,0.03993212111528225,0.03807009446905671,0.036020585704882674
AGAATAGTCTCTGTCG-1,0.03717742011076712,0.04314315091402921,0.03697823295576936,0.037914811580891994,0.0433838254289824,0.04054707828014849,0.04275690537698641,0.03977658393988714,0.04223099533377445,0.04372648044767578,0.039686253281777134,0.03872897374342497,0.04132512066253936,0.0391257709032389,0.0388429848658983,0.0384614881840946,0.03920739887345765,0.03722331761826848,0.037639035108455066,0.038304090001232194,0.0367606534643776,0.04778593678233193,0.0413284605831989,0.04000723603860503,0.037937795520187625
GGGCACTAGTACTTGC-3,0.039857351704729704,0.05804825362293144,0.03847876940410227,0.04097552401109223,0.036444874125872655,0.035048675359971575,0.03711589591639756,0.03606792318701967,0.037876126671455485,0.043114697606462464,0.03524079788690175,0.035615646375439444,0.035838603872462786,0.034921421470469054,0.03520352933193519,0.04137181146975839,0.0428924178398215,0.035365825659763796,0.03496095880360026,0.036304659301734925,0.038419541936065844,0.050945667746499695,0.049891691321234465,0.04578487171882801,0.04421446365544987
TATCTCATCGTAGATC-1,0.03458969625258207,0.04070217904448569,0.03620792397165058,0.038115881116732954,0.03759449670075872,0.036928191129453065,0.03901448869747985,0.04166366822896994,0.03837587475276769,0.05395672879393845,0.04326770293626753,0.0408705895585686,0.0398827750305283,0.04160471280460774,0.04046989369949391,0.036972558714085495,0.03758025438485978,0.046014770131058993,0.04558190082386714,0.046305128365096405,0.03343988481596805,0.030770648295559595,0.042296581693957225,0.03997183164964083,0.0378216384076212
AACTCTTGTGCATCTA-1,0.03496062600579609,0.043370649247232204,0.03544548262819791,0.03731411255552456,0.04157238788817351,0.03825642029609175,0.04101051352719441,0.04139920329834792,0.040403522868731216,0.05194260219960987,0.041897747843264055,0.041142623253719035,0.04087479611050822,0.04150009922922867,0.041259228337879386,0.036901003772133414,0.03877349143016333,0.04214348668242938,0.04214488482637458,0.04240033051883968,0.03472154015170585,0.030558092277613715,0.042878892776428215,0.039851547242632596,0.03727671503218044
GTCAAGTCACGGTTTA-3,0.038382355046944296,0.0480240549046842,0.03568047823569747,0.03910721095021649,0.038952438841325245,0.035483913388410435,0.037423055425953644,0.0413770532604524,0.03806044928276136,0.04091624600893471,0.04046771920795237,0.04138259231170423,0.03979624221458732,0.0407363228739696,0.03998429942407777,0.03799850617673908,0.038647751659197496,0.040856728933904254,0.04157246750128719,0.044045016192445316,0.03536266098098131,0.038567378067121835,0.04469642710346619,0.04179343165354308,0.04068520035364274
ACGATACGTAACGACG-1,0.0571183036135793,0.04398947676119726,0.03726306101565413,0.03840465683085523,0.0365318637203146,0.034920066981089,0.03552299313852462,0.0346798517864507,0.0360708951925892,0.03906956294695945,0.034651780725028426,0.03358046303801804,0.03356055527194539,0.03382869781192409,0.033190150238199184,0.03812529507345781,0.05454803832144546,0.035060443997640335,0.03400677602221703,0.03454486995863108,0.0662737251737037,0.0458460599675935,0.04600959417137798,0.04095281005580894,0.04225000818579537
ACTGCTCCAATAAGCA-1,0.03638229275482482,0.04051729689014686,0.03528161090419494,0.035431024354158035,0.05286843219507161,0.04204810378449319,0.05143135559061418,0.04017629966765343,0.042430107761364994,0.04572948108259125,0.0383115511906557,0.03815753701130711,0.04391767061994999,0.03925519836951712,0.038931288994864637,0.0362592681924935,0.03848017565326035,0.03651058376114884,0.03585818058085941,0.037118268878786095,0.03573049677834235,0.043604230206565696,0.04114698417487079,0.03795585517839021,0.03646670542387481
CATTATCAGTACCGGA-1,0.04174220299020594,0.046430388392276284,0.041180029926299905,0.04110391772576837,0.036082732347338796,0.035388489435747426,0.03646300956953608,0.03660567770017797,0.03696992105036546,0.040294433914307565,0.03602822107752665,0.03550127141108936,0.035161366496054496,0.03568950802144081,0.03544033704164433,0.04222779855026015,0.040701724143490575,0.03650174645280291,0.03749344172935548,0.03695866556268854,0.03896952760242525,0.045499200981621905,0.04908180737736008,0.046124216435343604,0.056360364064872014
AACTGGTCACGGTAGA-1,0.03392452642860481,0.03862643358698982,0.034728852314255904,0.03628094860844831,0.038184548577925616,0.03631515160062772,0.03753820656279075,0.04349378264238798,0.03776396941420018,0.051203273814408305,0.04193288971043628,0.047669568965394114,0.04236434474776888,0.04404749952308481,0.042107057725887014,0.03541333524146244,0.035209231024247716,0.04049396458943687,0.04323154324728901,0.04938381846713,0.0324164362853109,0.04452147900123207,0.03969711475146447,0.03803291335226742,0.035419109816948235
ACTGATGAGCAGACTG-1,0.037098926062198355,0.04018164018107882,0.035947657896689536,0.037262036597617364,0.04266063256339858,0.04147601710574591,0.04308267879666533,0.042531908987495266,0.04151938223337065,0.040214300372939264,0.04302607288861439,0.03998331053196877,0.04379473250261545,0.04058979494021137,0.040753346216985245,0.036740922486556055,0.03902780920910554,0.04080456040937885,0.039740421310926984,0.040925307773493715,0.03587493191430043,0.03817436153378847,0.04197483020089991,0.038837513398531795,0.0377769038854237
AGAATAGAGCTGCGAA-1,0.040731133160123376,0.041665985266254355,0.04105126413059131,0.04220524888634701,0.03896136972220927,0.03841973453701628,0.03986183784412126,0.039564138255007146,0.039057646115705676,0.04207059182002,0.03882587106429197,0.03983275373685438,0.03979988333829819,0.03893316099611208,0.038952882525866005,0.04140322825167125,0.04016530889752349,0.03877248924166831,0.03879908465088942,0.038682020885672894,0.038254028863074815,0.03940174937640231,0.03961601770524397,0.042008221355137286,0.042964349373897995
AATCCAGCATACAGCT-1,0.035314007914649836,0.04229434825574652,0.0357018904759445,0.03699842356179527,0.039741152423130435,0.038264769734733355,0.03927781362608971,0.04245007394568292,0.040934421334640904,0.05225222708631528,0.04481245263879393,0.042332237085083185,0.04122278817300168,0.0428552026423477,0.04352834726946635,0.03712711205922223,0.03753467097502245,0.04108632083142697,0.04055022037845572,0.041813418275765714,0.034939228028102016,0.03170926255321047,0.04117017590997538,0.03860737272850089,0.037482062092896534
TTATGCTGTTATCACG-1,0.03712871729615308,0.042867066210017214,0.03603858016671706,0.03823328920568615,0.042775640327552454,0.04005649440549497,0.04207987521539248,0.04002314152502307,0.042452931100773604,0.04618764981533734,0.038793944474463,0.03870162540417516,0.04072804891684926,0.0387215215327745,0.03849368902034602,0.03748029877537891,0.040481870377038716,0.037693683937917465,0.037243520663624304,0.038034396234307086,0.035846414065759995,0.04898407129645252,0.04297490301033366,0.03970180782837251,0.03827681919405948
GTCACAATCCTTTCGG-1,0.03846109451894345,0.044229998014951546,0.045724287791646695,0.047240043789273066,0.038071505115425626,0.036872212642919726,0.03927307143238985,0.0365838405887072,0.038233433912909086,0.04258798241524219,0.03582670412126211,0.03553174851828366,0.03646856346914842,0.035933495102729425,0.035543488781358816,0.04768842658853276,0.038774096962000515,0.03670624751629939,0.03663127129283099,0.037213548007361326,0.0346463056528544,0.047114281591633306,0.027030490637794127,0.06571361542001487,0.041900246115487316
CTGAAACGTAATAGCA-2,0.04015084994339742,0.042290152220600785,0.04390805507402918,0.042023564870192355,0.037215270685786554,0.03726009627338741,0.03666500112581365,0.03758947618245828,0.03732081976465294,0.039141434111071766,0.03704247946128674,0.03786894922387615,0.03605989266540524,0.037170589624363,0.03661471224547136,0.0427259923544097,0.04059452321692216,0.038539438864479275,0.03917356754261079,0.038295392310183446,0.040827725232787944,0.039899222547716356,0.044314579593907825,0.04412750029111083,0.05318071457407902
ACAGCCGCACCCATTC-1,0.03448009026487172,0.038078212030603395,0.034557696636796205,0.036952201098730486,0.03701331683128731,0.0382610007873716,0.03894551836905263,0.04407837678539079,0.038206935055393354,0.047969575842755886,0.043972104031334544,0.04386580983015495,0.043098488191917146,0.043537442329556315,0.042258356366925195,0.03700004788286746,0.03588557582921048,0.042022324601208055,0.04446773755462531,0.04546330035757427,0.03335473164128157,0.04378583909545256,0.039177181159692175,0.03803246149815124,0.03553567592779521
GTTACAGCAAAGGTGC-1,0.03948429677355866,0.04765984307647015,0.04894806255900513,0.051114183195766986,0.03534622901096985,0.03438893636080104,0.03557825427171478,0.036306004661576144,0.03560013223470816,0.04226252996478484,0.034759838676819886,0.035103512887261365,0.035378949468463226,0.035421991175148555,0.03456463654673337,0.04895077869627347,0.04019232718607514,0.03668164344025946,0.0357148794313704,0.03708336578745871,0.035815395976726255,0.04973933904883021,0.03335423560925565,0.05533776072653356,0.04521287323343512
AACACGTTCTTAGCCC-1,0.0363218526240472,0.03877932924319369,0.03590309567109544,0.038942429651718506,0.03931865680813495,0.03881857838453979,0.04050694774160589,0.043256064900418535,0.03982215849239758,0.04476877177331645,0.041772955897737406,0.04355838429547869,0.04267968489782211,0.04461929525727978,0.041073337842428996,0.03855543301334681,0.037911605782622204,0.04196796011115342,0.04229712178868894,0.04371320531666135,0.034075077367737065,0.03379867391179065,0.04164580586437985,0.039050389194803484,0.03684318416760131
CTCTACGGTCTCTCGT-1,0.03615802549178687,0.03888019622063096,0.03612553086195656,0.03787809884875802,0.03697965598250732,0.03807667981319179,0.03662472173925612,0.043198400206306366,0.03782382079913365,0.0377629256091024,0.04363940485305054,0.04253070677421957,0.03960275292607235,0.04352947756286749,0.04145948595600767,0.03627220803267678,0.036788333337812784,0.04492290040565832,0.04654679917513611,0.04495826270207452,0.03380848280282592,0.04511413288175739,0.04264144825672303,0.04009745425729043,0.0385800945031969
AAACCTGAGACACTAA-1,0.03560376880259362,0.0425988972142974,0.03604507249100397,0.03845247189497863,0.041544822385029656,0.03917167715945946,0.04183294939575028,0.041524047093303824,0.041332547431461884,0.04540772387189854,0.04256283587526824,0.04033871864932593,0.04184877869527452,0.04077153003971101,0.0410320301083206,0.0376350888057828,0.03795837307635207,0.040017598142180345,0.03940240290111104,0.0403094905078489,0.03482018520476579,0.03712828157837985,0.043979412834117715,0.04012834541222757,0.03855295042955611
ATAACGCCATACAGCT-2,0.040732605332528156,0.04558475595765707,0.04025082241576373,0.04140831717375966,0.03657075374839593,0.03614951910042461,0.037642925574439726,0.03599989395373737,0.03639363026508477,0.04017890637679895,0.03627243018277243,0.0356431903706457,0.03523771622525693,0.03616195197459556,0.03585852769791691,0.04190957874080392,0.04098257299396952,0.03704833776235534,0.038069529931410453,0.036764736904090115,0.038879627012570986,0.044689867938474216,0.04813664959685873,0.046416229026965745,0.0570169237427235
AGAATAGAGGATTCGG-1,0.035100460616126095,0.041603112793715084,0.0360903531737609,0.037713694821325854,0.03755874784783009,0.03615032761265874,0.03736788175392019,0.04373593663405963,0.037986075425670195,0.05262809106550271,0.0418345291838525,0.04256720057598204,0.04179285856146001,0.04280051740568718,0.041524224445699066,0.037307053439006276,0.03583667043253986,0.04521986935268239,0.045338761862909804,0.045236615977211035,0.03362291345286894,0.031768154503372246,0.04139418481293016,0.040239912970543135,0.03758185127868604
ACGCCAGAGATCTGAA-1,0.035673258776950996,0.03918810211742986,0.03554672885377433,0.03647897569453359,0.04027272241493709,0.0401070751622683,0.04213571535662069,0.04305157157850101,0.04082157072934105,0.049774994598712374,0.04447709294414825,0.04262052586997211,0.04336532152401881,0.041935964551023816,0.043568274521991544,0.03674542529048926,0.0359290414998199,0.04168857809280854,0.04156657211627549,0.04306961373288405,0.034085974783251066,0.033735198487189845,0.039732284362522914,0.037881694125159245,0.03654772281537615
ACGATACGTCAACTGT-1,0.036004959225598994,0.040329571699971596,0.0354078180638775,0.03809248050456812,0.037749255408737165,0.0402345420246322,0.04123895838847707,0.043020120577963235,0.03921464458851766,0.04886211205423179,0.04511642173450957,0.042921770826220895,0.04106617863951138,0.043908165446263095,0.044708033577654516,0.03789763132115455,0.03601935906372657,0.04055654172921949,0.0425069322109861,0.0421372026010343,0.03361197387191514,0.0331729735279898,0.04064157886535124,0.039170378844250384,0.03641039520363745
CCTAAAGGTCATATGC-1,0.0360697878194464,0.043936980988436444,0.036072955039065165,0.03848290537789234,0.039800739723224066,0.03780539500458054,0.039853561249055314,0.04208430766772799,0.04080569948926792,0.04686877101237728,0.041044821622014525,0.040977494533226494,0.04089289372179422,0.0415868946405647,0.04159611682499914,0.03769041445657887,0.03821079790242746,0.0406913179067167,0.040361628482640965,0.042061555390582255,0.03500139863628161,0.034438257441459605,0.044155047152915815,0.040882981040493656,0.0386272768762303
AGGTCCGGTTGTTTGG-1,0.03617578423637861,0.041052228456883465,0.035520782366749035,0.037495319704818876,0.036623261140522924,0.03539225051216421,0.037263221056637055,0.04010663966987669,0.03655029209217436,0.04640609607512235,0.042755595738103516,0.04128803256261491,0.04009456132929951,0.04072212590476722,0.039896902721570114,0.036933674388810914,0.03818068709905206,0.054666879206446764,0.044726630619330604,0.04520531684108031,0.0342050337641116,0.03761222866921754,0.04237646955949811,0.04005813805948966,0.03869184822527935
TAGGCATGTTGATTGC-1,0.040632904987602136,0.04289897442216053,0.04193416829353152,0.0417320265177086,0.03570862923929675,0.035926263088382045,0.036795278806315584,0.03856139159050902,0.03741851285466995,0.04080142931291347,0.03755094863618031,0.0368107197136301,0.03676867583531804,0.03775179400652634,0.03831901742016006,0.041823491729742514,0.038943822083531046,0.03839216057455574,0.03999188360969797,0.03857358340012522,0.037527866560427836,0.04154518906485056,0.04486458082783757,0.04329811005260982,0.055428577371717434
ACGGAGAAGAGTGACC-1,0.035455274997350524,0.043348986388532046,0.03585603495083316,0.038314672688875055,0.045196289008668684,0.04358530653916484,0.04500500985826258,0.04034640474076845,0.04413695009494967,0.03676413749898258,0.04115559448409873,0.03867571963329596,0.04228593019947896,0.04082105280028445,0.04043390134314266,0.03839717719733713,0.03994293122632215,0.037095190879288434,0.03750844854371722,0.03952023907272464,0.03720330451590249,0.03726749991398844,0.04319901081148886,0.04051811994153004,0.037966812671012234
AGCTTGACACGTTGGC-1,0.0504400765089908,0.04626068411958177,0.03902059636022207,0.041660247601590476,0.037679144308563034,0.03613408347888738,0.03663260662579729,0.036948566733716444,0.03822947408956733,0.042281792536230926,0.0356915464280858,0.03552278061019549,0.03693326248851645,0.03576303963313937,0.03581156126470952,0.041901595652249615,0.04437526198269688,0.03650356483899124,0.03596150002938406,0.035727279443557,0.043813382025385525,0.04450489307283794,0.04623408604141387,0.043175087180302815,0.04279388694538678
TCTTCGGTCTGTTTGT-3,0.040943810357444946,0.056024800442707336,0.038124048195919906,0.04131153313918952,0.037999413940310305,0.03654126502117522,0.03715230640453954,0.036383985747320526,0.03899520284897059,0.04248047668897825,0.0360808479402378,0.035829621630558646,0.036078229704447455,0.03568664990575417,0.03599535747790366,0.04096204850576731,0.04248175973168634,0.036987331911910275,0.03655419116543596,0.03746068722519239,0.03910772118255492,0.047936335477891966,0.046650697951531275,0.04348365236946935,0.04274802503310227
GAAGCAGTCCAGAAGG-1,0.036458570394206656,0.04035728399823086,0.03607849074971117,0.0378753594745876,0.037862310170776806,0.03698534167015981,0.038021206636952715,0.04124653055898717,0.03898179502476674,0.04656493672475968,0.04220806386389057,0.041211673321374,0.0410639808848908,0.040688456760488656,0.04117435008754375,0.03775872488457675,0.03794269189504399,0.044061891095240856,0.04287950477529082,0.04374258790976112,0.034400263488470986,0.04393206225029261,0.04114818031867049,0.040004476496198475,0.03735126656512725
CAGTAACCAATACGCT-2,0.039615835958480575,0.05910946804004328,0.038445935897988524,0.04115894302381405,0.03651887781436345,0.035366933152602385,0.03626828360179101,0.036441600974470995,0.037706059778089586,0.044085529323702966,0.0363957653396927,0.035940042897107304,0.03563212576924314,0.03545257135640859,0.03577480287313817,0.04040748452835945,0.039975236947339746,0.036987313942801206,0.036323840113815925,0.037463677275095524,0.03758771064904254,0.0495254541735985,0.04923395734291671,0.04483803290032172,0.043744516325771816
ACAGCTAAGTGTCCCG-1,0.03951465843276512,0.043097084860326894,0.05847874078945378,0.04511998754505344,0.0355077829771739,0.03549953456243869,0.0361077923360706,0.034773774796192626,0.03546496862486782,0.040005386405093886,0.0340671795965243,0.03488947774401605,0.03419389859591225,0.03369564272344295,0.03341633425942937,0.05203462499344724,0.03789861525700402,0.03531220395854301,0.035364481595783565,0.03549529238711808,0.03593442866147738,0.04543043832481728,0.052729728505452246,0.0536655562753356,0.04230238579226
TTATGCTTCGCATGGC-1,0.03609081532054618,0.0434997307064842,0.036789102211197584,0.04002234218945702,0.0365576534493444,0.0356306551754765,0.0367803485522204,0.04060161213230741,0.03632796522967729,0.04623072678667648,0.039408840893383555,0.03967730763378016,0.03904031732050768,0.03980239937569853,0.03894189521040383,0.039147101824607886,0.038826975726955655,0.04213560089663484,0.04240475861843573,0.04264663913643317,0.034384776580817795,0.05009381037903966,0.04442520562919209,0.04152889386775797,0.039004525152964056
ATAAGAGCAATGAATG-1,0.036233477211212305,0.042964000013639175,0.03608295080948374,0.03886500520708358,0.038227856370996564,0.03693653429725371,0.0371192551347245,0.04226247904894352,0.03868459076079701,0.04045195355017987,0.04106896056605059,0.0423971461827145,0.04090520718920011,0.041725646503933664,0.0407218997773248,0.038258411435253215,0.03705418138653071,0.04057993868310806,0.0428208196017523,0.043851048825642475,0.03496249246253974,0.044361007719212905,0.04356646098511979,0.0412557788844624,0.038642897392841116
ACATCAGAGGGTGTTG-1,0.03678223831454542,0.042820569635926814,0.03716994580306982,0.03800855109099087,0.04418964115583346,0.04174875615932834,0.043693040065092385,0.0395708956734897,0.041667262941059054,0.04366949171169822,0.03917716593549824,0.03841956633045666,0.04153758822785582,0.03889100880951344,0.03897007176639249,0.03757723959812669,0.038677381690108044,0.03795296992842885,0.036736718829130106,0.037873748879550306,0.03628980120003248,0.04670569946012101,0.04359601108680646,0.03989345157069598,0.03838118413624945
ACGAGCCTCTGCGGCA-1,0.044644847331068764,0.03897291803207905,0.03794760925052166,0.038675615707264556,0.03856516805429691,0.03747342906339024,0.036756926348708356,0.03578011427179624,0.038463937397325024,0.041739547972052246,0.03576233901663259,0.034775935507651165,0.036129710080323195,0.03510227714022093,0.03469951696935303,0.03843902957010786,0.05810125714335661,0.03521221024679538,0.03488807441385503,0.03598902743407181,0.06112291575693616,0.04345339070276825,0.04243601785137193,0.04231699955403627,0.04255118518401693
AAACCTGAGTTCCACA-1,0.041698713255320735,0.04076419790764573,0.04381703116054441,0.04403044964817824,0.03792603077748681,0.03812809752689634,0.038781784834857835,0.038601687635057134,0.038830241265600085,0.040814540067810254,0.03858998138456489,0.03876341440985908,0.03873942617357375,0.03868311982468015,0.03791174126055042,0.04357376981261515,0.04228498778571889,0.03921042680754656,0.038564188146467504,0.03904772560400849,0.03970608083295753,0.04193085768416611,0.043892001486203244,0.035813069364118544,0.03989643534357213
CACACCTGTCTAACGT-1,0.03556258386523032,0.04204916661237066,0.03588364353699708,0.03892679527909629,0.03654466565089761,0.035816336680802606,0.037112438213957294,0.04113135017101768,0.0376960016904759,0.051407804825653144,0.04098189462405279,0.04292568154522098,0.039521908227828036,0.04136249918804298,0.039795985124723765,0.037665022133339235,0.03681946194097965,0.04402125556766647,0.047046057148135055,0.04719562089431764,0.034109802357608306,0.03312641926521316,0.04355935526467688,0.0404902254615904,0.039248024730106267
AAAGCAATCACTTATC-1,0.03579357177852039,0.04307114884576469,0.03552685755428778,0.03785440458398085,0.03947262544801979,0.03902645195710547,0.0407337651528594,0.043597692617846254,0.03951962581020908,0.04675872859962815,0.04167011519709818,0.04330247944227119,0.04268611395219011,0.041609838652451527,0.04228485936878142,0.03741938183306435,0.038729047140036575,0.039605480719696856,0.039443028254886145,0.040235693614061575,0.033587097957896515,0.03664112259995607,0.04317810722415258,0.04025470126705767,0.03799806042817754
ACAGCTACATGTCGAT-1,0.036522439048651004,0.042796858189634496,0.034853785334129396,0.03596506661026063,0.041445556950727734,0.040177294000569845,0.04215335635740685,0.04226070315593867,0.04095848255418692,0.04862988000784337,0.04133504818084464,0.041074053366163266,0.04509637971502741,0.04248544416014893,0.0442127030956062,0.03663795276909728,0.0387423915465494,0.03921756634316631,0.038675018070677074,0.039715994573755055,0.03556663285331533,0.03408139720470026,0.0414120041707422,0.03832426204079219,0.03765972970006557
AGCGTATAGAAGGCCT-1,0.04135635576423346,0.05684904571293195,0.03818096231799743,0.041349316163501244,0.037527407786987835,0.03517268181451902,0.036608835447832486,0.03585959402475026,0.03838186759215997,0.043307214274418575,0.035212869255196864,0.034936211874636816,0.0357926465844774,0.03499646062525752,0.035042662298699866,0.04074072225143622,0.042111177229591644,0.035970758526113075,0.03556616098413276,0.036948666330930746,0.03789221613655442,0.05121818383620019,0.0499975816782806,0.045293490535328766,0.0436869109538307
GAACATCTCATCTGCC-1,0.036442794043190424,0.04393139634629706,0.03655436478347203,0.03934856342069523,0.03999744210273167,0.038647079994110524,0.041329694167855,0.040531396165860524,0.040044493807423295,0.04638673766299444,0.03869375496202206,0.03839744321136363,0.04018309685506525,0.0388805465353058,0.03841432769518127,0.03945592371834912,0.03906666965927846,0.03708763095816403,0.03714635074911394,0.03844565688893621,0.036230061137546794,0.04972956913880585,0.04503597316844018,0.04213082590621272,0.03788820692158438
GTCGTAAAGCTACCTA-1,0.03649401718102182,0.04355903572618651,0.03667243571871864,0.03813348159731953,0.04296257634941436,0.03981828393963626,0.0413887417618379,0.04296304831555039,0.043326381730031206,0.039398137688940946,0.0408602704997455,0.03994158470577179,0.043880448529677124,0.04155767454982512,0.04084065106683586,0.038401260042772285,0.03850285567662058,0.03888444290425283,0.03829541326756623,0.03961893574889483,0.036329313303746086,0.03869294912917431,0.04274990794413837,0.039354438419353516,0.037373714202968214
AAGACCTTCTATCCCG-1,0.03715404796795678,0.04052208743886085,0.038252720997153135,0.03845709342322936,0.04545344257258516,0.04180355838512862,0.04510996139790952,0.039964167388169894,0.04363367449641162,0.03793773468942068,0.04036524324363175,0.040178639632621034,0.043564276063562196,0.04038993545595689,0.04050972856753356,0.03882054923289398,0.040296709224061915,0.03680176978803883,0.03768373043322045,0.038091056909869296,0.03749831056133056,0.03636420072700615,0.04248823789069162,0.04036845495209103,0.038290668560665125
ACGGGCTGTACGACCC-1,0.034898975026136224,0.037155769823818775,0.03453726694288804,0.038382379521022345,0.038130526302704755,0.03581139405741541,0.03745149551559555,0.04415629130058457,0.039127459769604876,0.04100268515404367,0.04251700157022011,0.04300160106206697,0.04166742138544115,0.042637855723658226,0.04084133433578174,0.037242756401508904,0.03522675802512028,0.04365678448785278,0.05272047742504605,0.04855763765326829,0.032784313656586864,0.04574769289628546,0.03853458986818773,0.037285664056746444,0.036923868038414805
CGAACATGTCTCCACT-1,0.03721764310684528,0.04232048058821712,0.045850108684301456,0.04602570851893557,0.03559198112779872,0.0356706384597037,0.03634070273509981,0.038435033268393384,0.035416856772224586,0.04372335948186601,0.037883874150251455,0.037940475685308644,0.03645934806781608,0.03711883566636278,0.03627546546307861,0.04759155542763271,0.03777251045353175,0.037876198518983335,0.03820300735190237,0.03875342403913751,0.033935267862338206,0.04718881022814473,0.0373875536358765,0.05787713737417658,0.041144023332073405
GCGCAACAGAACTCGG-1,0.037386512244111506,0.04060374996149623,0.039162038716330005,0.04034298382142021,0.03666869247446592,0.03714576897717172,0.03672897483609697,0.040208197670523825,0.03627588266701859,0.043395533896925825,0.04068137140643753,0.03990475761668812,0.037689311865762236,0.0395451860217204,0.03964444935706905,0.03991782294061306,0.03923572136321332,0.04655448790276222,0.04362463537304393,0.04304024064437025,0.03687952078311849,0.04213745585197857,0.04232648681703876,0.04127529610322653,0.03962492068739705
AGGGATGTCGATAGAA-1,0.03982072151651142,0.04321586982072458,0.04770427856276985,0.0576734125904522,0.035109375389145894,0.03420226142116083,0.034379299776073104,0.03477783461416808,0.03571848688356471,0.04112028888042761,0.03412495786803058,0.03379825763305231,0.033458332805203904,0.03390683881944778,0.03313741164575428,0.05415542233222202,0.03941354024456985,0.03512116892061852,0.034972609515104225,0.03591157326839371,0.036258882303822126,0.04566899007316287,0.05086249107446759,0.05349936815871947,0.04198832588243272
AGATTGCGTAGCAAAT-1,0.04158593132294928,0.042577454743005026,0.04094051298950244,0.04457987837612547,0.038129490789471594,0.03870454399102014,0.03883131297858901,0.038893508638722304,0.0383148676795776,0.042983316339569914,0.03736868491334893,0.038170003426962903,0.03926732425385576,0.038029322033581524,0.03806404917843678,0.03761045213722208,0.04023970390597776,0.0393574137522329,0.03860069330743128,0.03906176535011069,0.037168063388863914,0.04297850219294038,0.040990125019840486,0.044993350682179994,0.04255972860848186
AAGGTTCTCACAATGC-1,0.03661629659773704,0.04328554432845979,0.034811188140855834,0.03756003528024338,0.040592847976688405,0.03881072787540581,0.04200693611283977,0.04265303504642573,0.0397775075579624,0.05107428395017743,0.04294734813900104,0.04233540673253368,0.04224195069523263,0.043012367222811786,0.042714632141701785,0.03637364189061766,0.038292584953621554,0.04004721760958354,0.04091170702916218,0.04147663671090647,0.034168472076871834,0.028101427240883707,0.04249992796882309,0.04023393943406204,0.0374543372873916
AACCGCGCAAGTACCT-1,0.03624563114670512,0.041931349118627816,0.03545278380633804,0.03838180514872512,0.03644610166863643,0.033999666999546777,0.035474317032267715,0.041050037592723104,0.035951775744615895,0.048962273717563155,0.04130455141274307,0.040772092976473794,0.03926268344382259,0.041371777418457635,0.039538417183332245,0.038497340004265655,0.0382380161637221,0.04359507113994593,0.06092706474425998,0.04509533457274548,0.034150067241092444,0.034375965320309766,0.04105901923142843,0.039032903099122766,0.03888395407252895
CAGCAGCTCTCGCTTG-1,0.039855669039601534,0.04378454291892306,0.0461950894498303,0.06070565801820303,0.035972900771308304,0.03584335740796006,0.037441386913766236,0.03618750458562479,0.03797107950567927,0.04427156823414094,0.03394293595348994,0.03509986361676347,0.035659042962734394,0.03486741934091316,0.03407189625646719,0.05193010275549191,0.03960841695184963,0.03475521296605518,0.034934032426193716,0.035663338480623,0.03568227682859157,0.04919411287400021,0.05161396838523127,0.032429573410990696,0.04231904994556708
GCCAAATCATCCGCGA-2,0.041107754635406835,0.05999667674745967,0.03851283939272683,0.041043877132379475,0.037363147515856704,0.035086728962301306,0.036238680650332686,0.03604325369051114,0.03761193483014626,0.0443331580853845,0.03528336119322294,0.035056662568051775,0.03579861658557915,0.03511509392647468,0.0351446852808413,0.04051594735881065,0.04130455289574749,0.03594772284672762,0.03573920234428992,0.03611779169675164,0.03785741104614322,0.0503562039738116,0.04951092974903841,0.04558235760234948,0.0433314092896547
AGAGCTTAGAGTAAGG-1,0.03501758645433429,0.04249272708415638,0.03510284062439931,0.037476909301721505,0.03946494748240499,0.03863940273238932,0.040158954702312295,0.04437341900751828,0.03819863073788409,0.048409336139474436,0.04553343187940934,0.04246844152866983,0.04222630829844414,0.04255897295996466,0.042782568325860304,0.03665141376269836,0.03607401545136849,0.040243574843027534,0.04272015418859496,0.04323992183625296,0.033584376789975244,0.03470744930273489,0.042154761770670277,0.03865405892093806,0.037065795874795776
AAAGCAAGTGTTTGGT-1,0.03537643826645038,0.039069843745413134,0.03512400152624989,0.03790559014126998,0.037953982695126245,0.03642601033750177,0.0381814886886957,0.043280038649139846,0.03793414198318153,0.04582096750877361,0.04035568973695604,0.04401483011332082,0.04306849428515232,0.04366837649167111,0.0427776178089621,0.03737858142883501,0.03562647764445478,0.04362730835599527,0.04551005708475688,0.05085528970815079,0.0328093700804108,0.03544959237364221,0.04012676605703582,0.039921778461491364,0.037737266827362774
TGCGTGGAGGCGTACA-1,0.03647768888978469,0.04408358640311255,0.03758240599629292,0.03900523195154036,0.03759991538971971,0.03617671653997082,0.036575872490151984,0.03981301622695867,0.03793578397001452,0.04536399983605757,0.04013560985463501,0.03938318409291247,0.03829499246317427,0.038694889374174424,0.038502454138529554,0.0390402329469721,0.03817180445280819,0.04216971430537861,0.0423485959219167,0.042284933916112336,0.03528888309011726,0.048543090100713504,0.04440087402376698,0.04292394201581966,0.039202581609365156
ACGGGCTAGCGTGTCC-1,0.03513010506916651,0.040607415021955716,0.03535449433766859,0.03588505032863909,0.059589193703430625,0.041130425278066166,0.04290867986125866,0.03983747437507785,0.04154524239974671,0.050836630652618335,0.03802782553083895,0.038516938328980135,0.040883975242188286,0.03855119854650872,0.03911561948557041,0.03563743275065748,0.03807813589880926,0.036043791728647724,0.03612104277443551,0.03738689003282035,0.03451364429231216,0.050067295514517544,0.040651955135758686,0.036980642651396584,0.03659890105893002
ATCTGCCGTCGGGTCT-1,0.0435220055528566,0.044880397272927516,0.03654223407053547,0.03956054465092977,0.03787932931563296,0.037027158475755696,0.039261226132364165,0.04135803006286505,0.03882723558215795,0.046109943053805384,0.03949527507748038,0.04146375495493494,0.04092094692286185,0.04109874449993784,0.0402097584222055,0.03908173697295981,0.04204811581616476,0.037301082850522436,0.03802288060073737,0.03949602338159581,0.03732055578347705,0.030780822782939754,0.04587501367407578,0.041456143463110016,0.04046104062716627
ACTTACTTCAGTTTGG-1,0.036034890849917144,0.04069486481177536,0.03625449064496458,0.03762486022245505,0.03923133461224576,0.037772113010508125,0.03989779446549554,0.04412169473182493,0.04018691168139096,0.05365911715695028,0.04234343577977387,0.04275383398164254,0.043389148993506,0.042438343350238515,0.0414195362097829,0.037069044370548074,0.03657259866417182,0.041454537242268004,0.04027468211340746,0.04244048305883227,0.034893367430316714,0.031298783657136946,0.04177421170653952,0.03946989454828467,0.036930026706022974
ATAGACCAGTACTTGC-1,0.046669155337631336,0.03587436294840781,0.03706087914269908,0.038343447395454526,0.0382837783917419,0.03701302445365737,0.03840493450584655,0.035330239759942504,0.03868109440778618,0.04104709127182308,0.03463139933331845,0.03450084357033701,0.03608178529956704,0.0351407143372506,0.035560958372079045,0.039395573833792635,0.06761921236032042,0.03576667792477968,0.034884101663250004,0.03546473636752944,0.0430749431152644,0.04576781865894051,0.04443565790050645,0.04392201677140884,0.047045552876665134
ACCGTAACACAGAGGT-1,0.035456347413943975,0.041419487040391736,0.035564761244231524,0.0372002184799732,0.038769434160354416,0.03667880717266271,0.039533725383356,0.043820978219480326,0.0403565487508274,0.04799212401342823,0.040783467724204665,0.04510722069089223,0.04214039752835178,0.04474742311967413,0.04336129336501065,0.037228354255137056,0.03683711591726134,0.04070028213741725,0.04219397775195047,0.043696807890967485,0.03336836710542184,0.034044488094667646,0.04124321991345981,0.04050570540098966,0.03724944722594444
ACACTGAGTTCAGACT-1,0.03643223421906743,0.04242827929099882,0.03516304613819378,0.03789422736511874,0.04058641168869193,0.038519998326034754,0.041568536617791585,0.04102539538380241,0.04075983433179814,0.04658210115843471,0.040024096493291646,0.039413564738518,0.0403543387259032,0.040313685536982315,0.04079842576403952,0.03742803129121959,0.03870454710622709,0.038246669959528905,0.038417273279167254,0.039297570077647344,0.03494779342151852,0.0493251952686824,0.04367627829581917,0.04038975161611568,0.037702713905406866
AAGGTTCGTAGGCTGA-1,0.0355950084159221,0.041531762155477644,0.03646995089909875,0.04044150656911916,0.03677997131532091,0.03535320237792988,0.03693215249909674,0.04327097300321055,0.0375433834770726,0.04961493350302768,0.041151522721776766,0.04282608569617996,0.041531172349153385,0.04238755389798828,0.04079952478041107,0.03909015547448985,0.03709968711420097,0.04295890894663388,0.046508062899060496,0.045402316428687174,0.03320815457670476,0.03204722794396484,0.04258377289089679,0.0404623835925727,0.03841062647200319
ATCATCTCATGTCCTC-1,0.04471203142652731,0.04337006199965728,0.037914088416325695,0.040338935919825,0.03952726605517777,0.037887315560067976,0.038819168612842514,0.03720303350173161,0.039017459153184636,0.04020251222547177,0.03683964925727719,0.03595612768550701,0.03706664680503306,0.03624417753415589,0.03626643416401847,0.040070082029179985,0.04793501111452681,0.03704429976174957,0.03643850711121611,0.03653822994063187,0.04541938591263084,0.042684171927355144,0.04546115135735748,0.04260461169252407,0.04443964083602513
ACGGGCTGTTCAGTAC-1,0.03606617343338262,0.04173714615268411,0.03570307449063293,0.037359052642872446,0.043837780337363436,0.04072793228430643,0.04420746217374098,0.04003047464166526,0.04238019859256789,0.045210433617772425,0.03924685944929942,0.0375344516445496,0.04172253960069201,0.038998982411825214,0.03876729858393467,0.03696305426035477,0.04044243963172161,0.03832604599430234,0.037782490483643585,0.038738634976450324,0.03631627932807741,0.04770647663103274,0.04298389582435096,0.040232105673344426,0.03697871713943264
AATCGGTGTCACACGC-1,0.03667203603678758,0.042453609765249686,0.036089384961711456,0.03743419608354656,0.04365667034403738,0.040200746114952245,0.04284512052499467,0.039751666831403645,0.042774519846219765,0.044571738987042635,0.0383510396145197,0.03877547528662563,0.042447057581047776,0.03911468712327277,0.039572788992289436,0.037781292552620645,0.040154620447726115,0.037569531435656014,0.03758685228673666,0.03853784751893725,0.03691216390375719,0.04718125359064269,0.04229399694035587,0.03961087492748947,0.037660828302377165
AACCATGTCCATTCTA-1,0.03872778645895713,0.04413028442234333,0.03751397760234485,0.03949384393873494,0.04016804477807191,0.03937904830058713,0.040420824661598805,0.04034268215625762,0.04236737552845594,0.04630212395071673,0.038363307186997396,0.0374148657344559,0.03985608995342568,0.03781063009602301,0.0382290123673588,0.03927004818049517,0.0407388953534269,0.03715611503303367,0.036505013154333445,0.037609753281070676,0.03706833168790916,0.04958652566485086,0.04303775054756382,0.04054109009516076,0.03796657986582634
AACTCTTGTTCAGACT-1,0.04085827107038838,0.040202612469858054,0.05404213881420467,0.04939089670278859,0.0358647503585214,0.03634081497731468,0.03637812283029106,0.03687010742909282,0.03647399766705403,0.03880688808583056,0.035642900392350435,0.03590376262947879,0.035865375097036786,0.03576810864650644,0.03579454799284826,0.05099201303466111,0.038410015851530394,0.03674384594478047,0.037190741683040957,0.03683996163589725,0.0370110869531532,0.03995753660756942,0.046661436247536554,0.0509258688348467,0.04106419804341879
CATCCACTCAAGGCTT-1,0.035875971545998996,0.043072911868913356,0.03654337452943998,0.039960755306955635,0.03575712343467587,0.035810654328139,0.035930488315382966,0.0434327638969855,0.03642380238951935,0.04761640520311808,0.04243467175937575,0.042263165941116336,0.039955390527474946,0.04285784680695817,0.04066114062846584,0.03835276646850896,0.03734367909690218,0.043620580811231185,0.045760588621435234,0.04548730038425802,0.03388992921635627,0.03070191685372848,0.04396219592569682,0.04199505183233415,0.04028952430702857
AAACCTGAGCCACTAT-1,0.046110705203544745,0.041229597404256385,0.040911667116814696,0.04014639660552446,0.03886892083425043,0.03963038776356126,0.038905947963383605,0.03800857016681295,0.038946003482415545,0.04136632418937861,0.038717501025822665,0.038056572297267104,0.03805093412093519,0.038034508754779775,0.038039905920071684,0.040942458056025165,0.042122658232195756,0.037988925367941836,0.03799863518129415,0.03795206057895481,0.04282551254714645,0.0415592694067907,0.04184680529958825,0.04148351667726015,0.040256215803983544
ACGCCGATCCAGATCA-1,0.033727793394048806,0.03883991685585419,0.03479583922369209,0.03696781872719651,0.03930503642022034,0.03879490235719405,0.03960166510480683,0.04423762503249719,0.03986800882774389,0.05187627602389059,0.04458920369789498,0.04310922227042316,0.04282779391415925,0.04437251380731978,0.042986981809670984,0.036873736698858364,0.034935352996042515,0.04150660236625485,0.042185658107617104,0.04456406072753874,0.034165446859868914,0.032982660882255765,0.04087636290232062,0.03858430002856724,0.03742522096406314
AAGTCTGTCCAAATGC-1,0.03445661686634125,0.04293447295497588,0.03501109855522859,0.037716583499874785,0.03765421121857249,0.036814545039283754,0.03829238692213584,0.044011250294743454,0.03901685520205662,0.05096935358277299,0.04206383000195075,0.04492242984806019,0.042356723836963144,0.04396067833435932,0.04261204822144811,0.03682474707918287,0.0368765506909601,0.038682928730816475,0.04152849048673698,0.04216024726625039,0.03406532179720574,0.03377213056244369,0.0435651640698541,0.04088923478436124,0.03884210015342138
AACTGGTGTTGTGGCC-1,0.03995865222388359,0.04423760262742541,0.05592995884317281,0.04567291432526159,0.034840646392121,0.034655557624949804,0.035793103675546965,0.03565737732167398,0.035033554931544926,0.040514438652047506,0.034488638097997806,0.03531359991149794,0.034476418508176995,0.034736916528913454,0.03402255446080403,0.05177532531739212,0.03890730653989719,0.035526515420230456,0.03560459217592963,0.035522320475279485,0.0354896846625025,0.04550486692908081,0.052972049736706626,0.04990997548792514,0.04345542913003827
ATCCGAAAGTTAGGTA-1,0.04126797256839484,0.037589533748608774,0.0412959988927672,0.04347219270622911,0.03650874101109071,0.036680376809829655,0.03963054477365681,0.03952205859707983,0.041573790512891756,0.040147072682757655,0.03725460832718443,0.03742895431054101,0.04044368656365366,0.04000746367978018,0.037370786180710984,0.04113904964947919,0.04160665096486717,0.04000518822834866,0.04188481484028313,0.04036982133053147,0.037615035869901434,0.04169622755054261,0.04220814241417972,0.041532447353306946,0.041748840433383186
CGTGTCTCAAGAGTCG-1,0.03882180233154076,0.042721820985922934,0.05009948518045539,0.051901450984281026,0.034707055866217244,0.03477741553289508,0.03452180229915738,0.034663245779333704,0.0349502211928529,0.03961348581404073,0.03402155423471714,0.03445815245611797,0.03409983987604286,0.03455225571229387,0.034015800497467885,0.054051512550083176,0.03912561715595434,0.03609595235994945,0.03509604103427105,0.035412731417560045,0.03543561809623089,0.04566477771547077,0.051472567241969844,0.05742020255464693,0.04229959113052671
CGCCAAGCAGGGATTG-1,0.036336985323426066,0.04211078281941471,0.036257223598130446,0.03967923582325638,0.036832968050286734,0.03571076452967008,0.036786406674659586,0.04130256892537474,0.03797718498670514,0.04650288646493274,0.0402412129045179,0.04066926831763,0.03935516431636613,0.040396410066258596,0.03978293907406318,0.039291944080976374,0.036314628704172014,0.04065621429385643,0.04300407267947491,0.043633132709784805,0.03386415549498413,0.049650703087603706,0.04430990126612837,0.04127780982413981,0.038055435984186946
CTACGTCAGATCGATA-1,0.03899168398929853,0.044025898555334377,0.047624437063885784,0.05665488460717247,0.03535212808105551,0.034828613715968806,0.0351266807551836,0.03470090882692839,0.0359955230776892,0.041654569684912685,0.03395113453974733,0.03448547743455151,0.03410858927131469,0.03395103587511997,0.033653730038613064,0.05201301817812854,0.03915034573462957,0.035041925120631603,0.03487454695906357,0.03590020320943411,0.03531678959426788,0.04764227630302927,0.05063082769759383,0.05246493068901024,0.041859840997435394
ACGCCAGCAATACGCT-1,0.03787139556859084,0.04374326691432904,0.03701977463645274,0.038534694465585044,0.0428006701860243,0.041081983398544686,0.040746853898945626,0.03999831605987604,0.041326948876527464,0.04511707349811551,0.038372845803981655,0.038412898931425896,0.039736446494457255,0.03876565926868653,0.03817705756871572,0.0386089740182605,0.040068634897140756,0.037567764700620954,0.03681764834869078,0.03779201878791495,0.03723460547951858,0.04775693520873557,0.04319892321068671,0.04136612114195877,0.037882488636214275
AAATGCCCACTTACGA-1,0.03606726590705134,0.04075249605373588,0.035452956711171595,0.03764219286267625,0.03784553031261538,0.03582636283964512,0.03569231472047656,0.04037787681361369,0.03626298991047326,0.041725073354334834,0.04213250512305251,0.04224083535815358,0.03945683071819232,0.04158055775447454,0.041216531411970174,0.03718820329004777,0.036645867053593864,0.04409052500775052,0.05486259680255916,0.05051828880965623,0.03442444040044865,0.043073524067664654,0.0395411496210651,0.038024236895697616,0.03735884819987924
GGCGTGTTCTGCGTAA-2,0.04062434170896107,0.046748110388141105,0.04220625726359159,0.04158269685561274,0.036985301493378024,0.035617590105508495,0.03644675891346194,0.03608361360568155,0.03621877907894743,0.04032105038939563,0.035742348860314195,0.03518465224306042,0.03600725189283468,0.035658964914162886,0.03536244671691803,0.042751441385213515,0.041291162706702376,0.03708191873407698,0.036968638020832646,0.03678069356237336,0.03948324742175315,0.04518883614494558,0.04843504978553674,0.04622744630631831,0.055001401502277614
TGGTTCCCAGGCGATA-1,0.0347806039954372,0.03825732490383084,0.034873521514315095,0.036645317521679766,0.0363251753325457,0.03665864121006693,0.038061808456846556,0.04179797268159074,0.0377131779018903,0.04695056447986816,0.043807629842862884,0.042703804007640817,0.039553628995402774,0.04141349144389297,0.04098355741570241,0.036119868702763576,0.03635626951921445,0.046424268414886685,0.04779880938427605,0.051883308905294356,0.03397123590304382,0.04226753280903797,0.03879449001834056,0.037845378695657836,0.038012617943911815
ACGATACCACGCTTTC-1,0.061201176837708635,0.03740853717158936,0.040186488133817824,0.04175844949727404,0.03749029086094612,0.03551656035056904,0.03678607619492259,0.03674942496053671,0.037725666336894316,0.04228830762247491,0.03568362067904412,0.036399225322322065,0.0371202398495656,0.035859663571275305,0.03589343516215705,0.041558682618696774,0.0435345307710625,0.03681313715028946,0.036253730685501424,0.03712462895181727,0.039693801475790776,0.045542400225394505,0.04432225193813757,0.045543171789806214,0.0415465018424059
AAGGCAGAGACTAGGC-1,0.03466771475810697,0.04054320998458011,0.03583749914135376,0.03835403982934156,0.03758566971014535,0.036613493098652125,0.0377652568538625,0.04238676961537468,0.037571448949003654,0.04790600434799482,0.04088059923516732,0.04245361124589432,0.04096921148765051,0.04286919787259425,0.04037699311556059,0.03823292106080123,0.036943787836664715,0.042067744099408486,0.043890876951056756,0.045322571746778145,0.03375259279213332,0.04542836680480605,0.04083260600290015,0.039531645711750524,0.03721616774841802
AAAGTAGAGGCACATG-1,0.038674638329616075,0.04293573235101198,0.05057705056114182,0.04941165588747146,0.03617100705244634,0.03508519519971916,0.0356534467232624,0.03545396453479672,0.03605353431284676,0.040392803989438196,0.03458107163050307,0.03495210529163829,0.034909888096128966,0.03476025743071404,0.03422245571412097,0.051767690207593885,0.03902985817201699,0.03641381502153523,0.03514255778434596,0.036227170628183585,0.03525652668792606,0.04447519241686835,0.05083100734110934,0.05487830408740896,0.042143070548155526
AACTCAGGTCGCTTCT-1,0.03646877068807986,0.0412641205700275,0.035611392671776466,0.038326541249581444,0.038216458911873266,0.03697970171937588,0.03850703779491752,0.043168687551332366,0.038656310341109876,0.04563785780629776,0.04217604682795331,0.04437559251589242,0.04093379989100683,0.04271849641455465,0.04236457493659895,0.03772523603141795,0.038758867596669376,0.03895573623669972,0.04127166278240854,0.043254682294921416,0.03498816729823269,0.0376697078011744,0.043061391328701716,0.04062547891963017,0.03828367981976582
ACACCAATCGAATCCA-2,0.03784710250805013,0.041911107470416875,0.03677255924986239,0.039240766292582094,0.04361858446591352,0.041092843245944956,0.04269189917142287,0.04105132468355176,0.04106628402423728,0.04202625729083781,0.03917418785787889,0.03913545990921052,0.04327312040263433,0.039611678240512364,0.04010835617548158,0.038683590387055024,0.0399383989827996,0.03842800698013463,0.03853211203699392,0.03835135673576617,0.03646611270751349,0.03641370286149274,0.04371114566620505,0.04146951941186033,0.039384523241641795
ATTACTCAGTTACGGG-1,0.043070863563528135,0.04436100708999697,0.03647805785641422,0.037950353955518504,0.039517951274344924,0.037455973222447494,0.03785353805815032,0.035937540422358014,0.03951976303184404,0.03986244952669134,0.03550159360668131,0.03466319136171081,0.036331472745374654,0.035330051702050294,0.03538891142871834,0.03825063098634905,0.05513164008697277,0.0354075424573765,0.03438762073483619,0.035432637062657125,0.06202036738061295,0.04235955610612783,0.04369870853571868,0.0411692406612382,0.04291933714228128
CCCAGTTCACTGTGTA-1,0.03397852810041254,0.03810965595085013,0.03542539659276666,0.037293236102953486,0.03703518773059389,0.035888389340832556,0.035579352894814835,0.04018439953231518,0.03624306333134131,0.04348073839111675,0.0438976376174636,0.04263206136032889,0.03882087032323284,0.04194180813406616,0.042656415793158445,0.03752093616322746,0.036768656595273126,0.05784755763069386,0.05050806408039098,0.04473324648993763,0.03358683217354074,0.04269670642357734,0.03858410271768381,0.0379071914923591,0.03667996503706851
AACGTTGTCAGCTCTC-1,0.03537142502279329,0.04257486220438503,0.03618813943196658,0.03813875968792527,0.04021223504311725,0.03871372641752461,0.04134047876274319,0.04261001557667018,0.03996360455853712,0.04634186872219959,0.04001839159529465,0.040970509367723174,0.041973018011110974,0.04114659726434205,0.04125822638356469,0.03729097761571406,0.03706093110055234,0.037697320023792925,0.03817830787925483,0.04016300554415728,0.03441875597683598,0.04892581397245191,0.04209760169548806,0.03946254179571958,0.03788288634613542
ACACCCTGTGCCTGTG-1,0.0355689963215609,0.04165164309162415,0.035005089431864866,0.03765386581506652,0.03703279013666689,0.037518069070097304,0.041214337340018836,0.04599256715200562,0.0394110833172436,0.05166942679446052,0.04235033361876401,0.044480293016047216,0.043574221425260865,0.04463433594212451,0.044725909172238044,0.0371230368322954,0.035573318950248,0.0396742328804796,0.04145278992555187,0.04337568092595679,0.032483828038470254,0.03249405394081004,0.0403685583597261,0.038613415766636905,0.03635812273478105
CTCACACGTCGATTGT-1,0.03981452555409066,0.04522874361575944,0.04795718494360297,0.049108777044331045,0.035278831419104935,0.034734948397153353,0.034566517653420815,0.035215869831778115,0.03555226003649473,0.04023635533675416,0.03390594696828536,0.03456548165520781,0.03420279613986653,0.034612479033846275,0.03386653893682119,0.04953027027840847,0.039475493360455804,0.03564763508834825,0.035634407664901745,0.03568957893608178,0.03606081736457632,0.04569936440409261,0.053394655169568254,0.05615288175707075,0.043867639409978745
AACTCAGGTACCGAGA-1,0.03714427524794651,0.045089589683914445,0.03699862379032835,0.03917325339257457,0.04037470105951471,0.03767155392923897,0.04065592343805517,0.0396651584744632,0.0403651968190984,0.04644899068239558,0.03823260649399165,0.037888477003923386,0.039045588774807675,0.03805049302271339,0.03816342391697661,0.039176050841839005,0.040165390959007265,0.03764433925225753,0.03700013781375116,0.03840221045276238,0.03632110957750633,0.051724918558372905,0.04466910205043633,0.04087717169169269,0.03905171307243166
ACACCGGTCGGAGCAA-1,0.0354496677111744,0.04112771116442171,0.034524119755110196,0.03843077671599792,0.03711389782482893,0.037342260847080005,0.0411587908463645,0.047297193348037024,0.03947842659552898,0.04827829011693923,0.04233429247225436,0.04375440871599609,0.043479461129248796,0.043839988200213016,0.04348630439576096,0.037318500968601516,0.03672448338747149,0.03921175772589107,0.04201652898562038,0.043284298042529507,0.033454495997768605,0.03242287082630016,0.042200728916677754,0.038630470314707066,0.037640274995476654
CGCTATCAGATCACGG-1,0.03947792632934634,0.04190180600168864,0.049055365922453416,0.05899844334258291,0.03357979981150199,0.034009965788748195,0.0343156416807578,0.03448562192100006,0.035198426785018326,0.04051944655062263,0.034043040277595714,0.033731328542653934,0.03393879777375246,0.03410665202455915,0.033533265277757594,0.05467870802558066,0.03748865710048691,0.035081249846698075,0.03465837635745789,0.03587072234493655,0.034434276964222334,0.0462734342339754,0.053033400745200465,0.05557221470440349,0.042013431646999194
AGAGCTTGTCGCGAAA-1,0.03483618354997844,0.041461928445961777,0.03489377756454212,0.0372063790330656,0.038122409970381084,0.03747432519355347,0.03912391236299077,0.04391906290170572,0.03898967779497976,0.05553745720325342,0.04347684765115083,0.0436060104232284,0.04237533475852946,0.043597939757593004,0.0417007778466906,0.03734081155260296,0.0370062627746725,0.04260795151951582,0.04377313377133643,0.04446623671675685,0.033148578503088395,0.029301503842133175,0.041036253840253535,0.038109598997730997,0.03688764402430477
AACTCCCGTGGCGAAT-1,0.03574108870028031,0.03983325777605739,0.037156545527966434,0.03952574985306796,0.03766100017019355,0.03692003211123278,0.03678397305075094,0.04319847673104169,0.037473615107485446,0.04470737007404446,0.04203861046221209,0.0435935219572801,0.03990024629485813,0.042294970902535554,0.041887592891496135,0.03838553312852389,0.03789125091204845,0.04571861811319896,0.043441125025400006,0.04251977077787448,0.03476883643166527,0.03959789363072374,0.04162113328967757,0.03972939718133409,0.037610389899050564
AGTCTTTTCTCGGACG-1,0.03965134972132432,0.04171308227130574,0.04683234596703175,0.05695788467336978,0.03524644950924358,0.034954106994026735,0.03503239803913229,0.03576743651658634,0.03512179838971924,0.04135433632750332,0.03446505040190447,0.03463198769536781,0.03458997223975365,0.03506166496375972,0.03410989084062871,0.053806452018219784,0.038725564878034524,0.03616738082937548,0.0357428875279501,0.036867892074511306,0.03518427326651316,0.04549534769449301,0.04898774145121961,0.05243223475183084,0.041100470957194685
AATCCAGCAAAGTGCG-2,0.036384510986812134,0.04181891092282619,0.03606668455156599,0.03841128587980739,0.042450331429416045,0.039164651024603654,0.042897866073321474,0.04028023697374454,0.0422871411619038,0.0459860462502343,0.03927869675082667,0.03898276437250667,0.04061481512725639,0.03890576568109847,0.03842920438699516,0.03833669033048367,0.04042661427361561,0.03710889493394124,0.0369112857682156,0.038623615048395066,0.03637456786553068,0.04942893461817387,0.04215100645254513,0.040353439580155595,0.038326039556024975
ACACCAATCAGAGGTG-1,0.04322232541586568,0.042814818176276324,0.04558000859790316,0.039392447833481774,0.03891691256568415,0.03910382552477921,0.0389608415964436,0.038134284557099024,0.038390987330584894,0.04258649667483052,0.03757560031117717,0.037692737855193933,0.03829148954597839,0.03877846745187387,0.03822767749551731,0.03955619109321918,0.040850024938893954,0.038575928823734104,0.03859958715392407,0.03886573735237486,0.039576215427189476,0.04485825544022252,0.038925716842086226,0.03737910097126977,0.045144321024396875
CATCAGAAGTCTCAAC-1,0.034888971553366545,0.04131395778273156,0.03403620177342718,0.03717358628704463,0.035863774511530985,0.03375673101921597,0.03565255163371074,0.04301034257076714,0.03718108731775306,0.05059181461320585,0.040993491786170344,0.04246402910937625,0.0396748107606824,0.041627835259534736,0.03984067928577763,0.035758110375988424,0.03525198804761265,0.04261571784778877,0.052726742876820845,0.055986904839691515,0.033181557398419326,0.04008830243926113,0.04073371678408299,0.039391501669825406,0.03619559245621365
AACGTTGTCCAAAGTC-1,0.035551308772732826,0.0422833621198792,0.03588473834447596,0.03787715863066351,0.03821454517997901,0.037932405927878,0.04038198575299628,0.04329647920710536,0.03962593015288446,0.0496160603787325,0.041775060515635516,0.045015906721471446,0.04216475008518814,0.04366166333035069,0.0423126142149421,0.03800181132806855,0.036605708677471004,0.039734195541658864,0.04172768131509785,0.042661942088707654,0.033693378015168925,0.03203283722808781,0.04250481471889394,0.040534627453817446,0.036909034298113
CACCTTGCAGACTCGC-1,0.037843986606170464,0.044201496002656146,0.0383283328586988,0.03945721716299821,0.040137669851414606,0.039221487386971204,0.04024738829790312,0.039714877572266036,0.042125974820479944,0.044792188313778424,0.03845923640779357,0.039156610846863074,0.03902260224887262,0.03851321512106697,0.03886484408864208,0.03980858816655545,0.04047960813738964,0.0368469365603697,0.03724201058149446,0.03837047005723774,0.037050548360887024,0.047471753248656025,0.04284556921398439,0.041058725530155535,0.03873866255669465
AAAGCAAAGCTAGTCT-1,0.03436766672713911,0.038521931677930436,0.03467157343299272,0.035982256552605806,0.04122555450554385,0.03994959437504347,0.04043546300537319,0.04279076540756836,0.04068261702697489,0.04584284294425771,0.04016917703267164,0.04089019966303412,0.05469713174067155,0.043112542202138615,0.04226501625207375,0.03577145839012431,0.03785948448598206,0.03902565274444457,0.03797410346418653,0.040711946935442674,0.03364909033073214,0.045607879749075826,0.04056731056990824,0.03755881286862118,0.03566992791546334
ACTGTCCTCGAATGCT-1,0.034785262332914964,0.039942610074587506,0.0344660402529023,0.037380381658726314,0.037651764342437444,0.03746165543476388,0.03888550946750082,0.04271069432551403,0.03834164239683299,0.04901407463674493,0.04098170388752356,0.04280834951119742,0.041761476849746904,0.04398254495275653,0.04333218361077262,0.03727031281047971,0.03677027656559587,0.041509679744837165,0.04247635632922345,0.042816635977583756,0.03327166533950546,0.04614007368554043,0.04065664685043861,0.03876006495625021,0.036822394005623114
AAGACCTCATTTCACT-1,0.035509383825671814,0.040184503886167275,0.03513828223813863,0.03787813286828575,0.04019981530878465,0.03806225954095922,0.04051446995754885,0.04481431101883257,0.04027925999471906,0.052078615690689244,0.041062736746989986,0.0435187673780411,0.04375362617260864,0.044718007564468254,0.042428637167009585,0.03740427993235113,0.03726150565963014,0.04001290115354595,0.04094302821685178,0.042072367539223034,0.03424209410245426,0.03285875264157584,0.04067533708680915,0.0384466839189224,0.035942240389721526
AGTCTTTGTACAGCAG-1,0.03467292590895692,0.03972112196209667,0.03495236525867278,0.03730808784654245,0.03999140806482101,0.039331186253191576,0.04375325010106381,0.04558458713792303,0.04113260359288625,0.04786392147888091,0.041518719030867644,0.043189613436273706,0.0428113708949746,0.0423608574200731,0.04140521035896992,0.03674220899766673,0.037318392265333254,0.039323708984993044,0.039537381828509265,0.0417374762528916,0.034154718240600214,0.04175216340097514,0.03892696146242838,0.03830693361625166,0.03660282620415607
AGTGAGGCAAGTCATC-1,0.038764875587942726,0.06923466300638449,0.03651195435135205,0.039019659479072835,0.03740819476940423,0.0347002895126533,0.03651875604500814,0.039078934943376914,0.038135871429781504,0.04668785366061632,0.03752307662526106,0.03845088401403108,0.03751540933803663,0.03806572390545497,0.03698773117375763,0.03824443203672988,0.040421303108283985,0.03762568211793528,0.038617206863057786,0.03975823721829369,0.03605825000352375,0.03430515957873831,0.04691524479642039,0.042937045904852145,0.040513560530030863
GTGTTAGCATATGGTC-1,0.03388398578810315,0.03802175495765549,0.034504981995703565,0.03585724852855071,0.035786313654551406,0.035250922381967406,0.035924632713107925,0.041449094672650184,0.03550337222542364,0.049309481225731186,0.05120530996767905,0.041073587382806656,0.03857282398779518,0.04164969044726428,0.04175994429386781,0.03568747557907955,0.035105985931889586,0.047773407822649314,0.052493722825160676,0.05034594006883758,0.03294630993396026,0.0419569708874155,0.03994950447611882,0.03756693719233619,0.03642060105969494
AACCGCGGTGGTTTCA-1,0.035946968983709124,0.04030534514249627,0.036147638961484665,0.03619742329103729,0.052107742646044376,0.041266924417380356,0.04763947878266588,0.04182192358674623,0.04331419051511406,0.044394334429657505,0.03942888038838959,0.03900554796881014,0.043066464780622475,0.04051222947554344,0.039210153901615995,0.036296771738808,0.037491313005884416,0.03764583659512924,0.0373240863368646,0.039315471100332115,0.03526897998620343,0.04025454608850794,0.04038624171441363,0.03829337726024096,0.03735812890229813
ACGGGTCGTCGAACAG-1,0.03556665037656127,0.040671091278997235,0.035925815724376614,0.03867414578031372,0.03639971004212824,0.035071690618539444,0.03532569109421461,0.04117936364039969,0.03582566388612622,0.04865838484089348,0.0414581675686254,0.040720926067176554,0.03965025572638632,0.0414283409224284,0.04103277171557071,0.0381661114434622,0.03735563126700417,0.04283297592600241,0.0448194325930182,0.05556164408486787,0.034262290333927845,0.03767822045756966,0.042708826270179384,0.04042231573997637,0.03860388260125405
ACCTTTAGTGATAAGT-1,0.03786221599642036,0.04242106492833269,0.036471137977764266,0.03778839947190901,0.04094881109095934,0.03972233329715863,0.04282656983704832,0.04047229224119253,0.04059497307534568,0.04463582903116675,0.04005492266376737,0.03867844017433325,0.040541497781529975,0.03978271474239581,0.04031600407312089,0.037697193548595895,0.03897726487075581,0.03844885533731144,0.03891140633252337,0.039519428540434415,0.034705281370888186,0.04732108396358256,0.04248079055065193,0.04065033092302848,0.03817115817978343
CGGACGTGTAGCTAAA-1,0.03674227997937693,0.039800430296361794,0.03604892562293437,0.03947998069108128,0.03844718702567174,0.03726533793558911,0.03734336810647443,0.04184273958761077,0.03835404152629429,0.03567748085884103,0.04305772592093558,0.04102972853170427,0.04075369161523322,0.041335193498487285,0.040536913522979175,0.03807578733941987,0.03706778220563936,0.045609210537901755,0.05084921254451181,0.04557600135106773,0.034564141778686185,0.04492842476478306,0.0401990880534167,0.03838609720759168,0.03702922949740654
ACTGAGTCAATAACGA-1,0.03530853787913532,0.04035593095548324,0.035726022229284005,0.03771393388508513,0.07199641248880506,0.040076202511934396,0.042231622169238564,0.038827914926789706,0.042499616397068146,0.04453984424526638,0.03846509567189943,0.037487200522285845,0.03914306512294773,0.03759794222208233,0.037291090765029275,0.03678789134947003,0.039092755306721995,0.03685193231356357,0.03629546010141513,0.037421784706215704,0.035972365574860846,0.03802963109376926,0.04190529229202748,0.039556119624399345,0.03882633564522184
CACACAAAGGCCCTTG-1,0.04990946532834904,0.0446566461377589,0.038995418820408315,0.040672399961032835,0.03782568669190025,0.03597432266351005,0.03750244003591202,0.037382221336625755,0.03842080547470998,0.041862503205402996,0.03641206335394543,0.0371164855374228,0.03782512631682112,0.036627266119884656,0.036663939761925377,0.041103839617202945,0.04607045147024306,0.03695893187141301,0.03640481038434223,0.037255498137410456,0.04118811685771891,0.0439563298188315,0.045712868357457366,0.04303964416049504,0.04046271857927606
AGGTCCGGTCCGTGAC-1,0.03678570469959802,0.04185905310276918,0.03644375869882095,0.03744198315713529,0.04588091401082899,0.04183008386800665,0.04350889895223746,0.040276667462886315,0.045018680386808674,0.039847114192048054,0.040191109462876774,0.040251835323792895,0.042662442336120314,0.04129504532080646,0.0408852827991652,0.03724789432499607,0.04066782678224736,0.03881644599419561,0.0385760618819161,0.0393982357912424,0.03663378775547191,0.03460170206325255,0.04200329036903733,0.03959267157360694,0.03828350969013247
ATCCGAAGTAGATTAG-1,0.052036981013551954,0.03994334188657229,0.03813795095413066,0.039002500844633275,0.03857621208525387,0.03618349479822236,0.03692726608642343,0.035955743820207504,0.03797970576416462,0.040915380473461806,0.03592433130746366,0.03425732230670218,0.03587630964697729,0.035339839348972855,0.03500849950833715,0.03966689969914548,0.05190475011940395,0.03575406041827794,0.035505366431663465,0.035545327916974775,0.05751941557445827,0.04420087009871564,0.04184057483964474,0.04303488964065131,0.04296296541598961
CTAAGACTCACCGGGT-1,0.03691503975476113,0.04804268239112408,0.03575869303179644,0.03773763995626619,0.04019400494740744,0.03809073502331215,0.0402472351273046,0.03927211287997631,0.04084507608658924,0.047918519915253,0.03757996575190133,0.0376168909533519,0.03925158181497719,0.03781961960573631,0.03762991286675449,0.038116290242277875,0.04048260930645294,0.03659574963977342,0.036409792419328034,0.03817853733609574,0.03557779817296352,0.05351817786095047,0.045607279737318755,0.04136999094548993,0.039224064232837516
CATATTCAGATCCCGC-2,0.041903866001737934,0.045246383230711625,0.04113061575588301,0.04130313244033834,0.03739890404513925,0.03594618779223151,0.035888771465582336,0.03593645815563483,0.035563847907412266,0.03985700503561116,0.03660419843788571,0.03547426350339531,0.034288802453515836,0.036083486360417104,0.03572879189819508,0.04261830054180516,0.041175595184579056,0.03786585275865576,0.03803921489239064,0.037820896573134526,0.039225442332390684,0.043204368389441396,0.04853322342024383,0.04576483939983364,0.05739755202383421
ACGGGCTCACAGGAGT-1,0.03620132634572614,0.042426692993978575,0.03592143733521137,0.03741314910624596,0.043942878487954085,0.040970718122731016,0.04184845913955184,0.03951201281646856,0.042470266408837574,0.0451236586528662,0.038772926487895334,0.038498405309966025,0.041177441213539646,0.03998544175614635,0.03938944585967774,0.03716040970772008,0.03844767488902894,0.03823378428576591,0.037688555528486586,0.038333614816127036,0.03689730741910679,0.04789270442740906,0.043656945337336835,0.040390285366465356,0.037644458185756915
AGTGTCAGTTCCACTC-1,0.03561175236459596,0.04302844205335279,0.03626128323361533,0.039440181884282166,0.04029129648718377,0.0378172634867241,0.039963024685990785,0.04255400216790348,0.03991520666102742,0.050653308591115394,0.041229420773676306,0.04125928354282444,0.04143278808419755,0.04132147396129791,0.04027787073266517,0.03818110642909908,0.03743785618612683,0.039823443680893474,0.04185850336572195,0.04247456849389373,0.03397152777577804,0.03299959943692347,0.04334099635804039,0.04093868448870884,0.03791711507436154
ATTTCTGGTCTAGGTT-1,0.04709234607107163,0.042906953765686255,0.03850406404640231,0.03967411300270813,0.037431744513220934,0.03744951313183893,0.0371093665922695,0.035867698032672715,0.03721240964433118,0.03872300925680976,0.03624474696301343,0.03566947530821331,0.03564678892270068,0.03557841650908957,0.035602501493855285,0.04063713350093141,0.044830885467593735,0.035771143637635956,0.035804728082439875,0.035281791506360495,0.0652164684971257,0.04260497762888335,0.04456065212611951,0.0427790931705086,0.04179997912851773
GTATTCTGTCACACGC-1,0.03708606366905435,0.04019357142297392,0.036289877252862805,0.037750721004324236,0.040433069427359684,0.03983190130517001,0.04006698339961371,0.04367372052846897,0.0427070301160932,0.04398489159003844,0.041061518513197656,0.041630108605701655,0.041499293050759126,0.0416608955057871,0.04019084064216393,0.03727413626705589,0.03915823716066001,0.0399164882754984,0.04060718447087187,0.042030496294009505,0.03650831241322502,0.03854021430517668,0.04133485811041862,0.038461333779639825,0.038108252889875356
AGGTCCGTCTCGTTTA-3,0.04005812564250105,0.05734146746633097,0.03887353377125047,0.039616347930287926,0.038202933932925884,0.03580688638733428,0.036977086433729184,0.03683865104910664,0.03929611474548547,0.04279905000417251,0.03590623422327487,0.03569279441843584,0.036292838338732765,0.03550624224572256,0.03555917564406817,0.04028189660555304,0.04320601546038556,0.03607000536809861,0.035336932746930255,0.03664399645572027,0.038059955119361305,0.04924885957275064,0.04869558738832353,0.044568094825391806,0.043121174224126126
AAAGCAACAGCCAGAA-1,0.03522600803352133,0.04016136510693816,0.035736972475902254,0.03760461624474634,0.0355633796906831,0.03623795803658285,0.03768319573687916,0.04195646223542309,0.03705814651635047,0.0440620929484478,0.04059813482113473,0.04351373650306055,0.04004778381534573,0.04185945929348132,0.04069866350992251,0.03677708170513536,0.03665044945777647,0.042847665448139734,0.044835274341066385,0.05528866302717866,0.03313118201238671,0.04521544407954278,0.04041892357245651,0.039601581700580014,0.03722575968731804
ACGCAGCGTCTCTTAT-4,0.04092921712914822,0.05777063290224379,0.0398417726566834,0.04162009546938932,0.03644241905371957,0.035118750584738324,0.03645356274307584,0.0360936251409724,0.03789587544886757,0.04382822894722457,0.0352998741731868,0.035111172449072116,0.03505899394031835,0.034941040088586846,0.035504110451747735,0.041608728563992926,0.04109461373295554,0.036149860628950675,0.03574339248194863,0.03609429945271526,0.03781527160270334,0.049329515421460156,0.04995468147935157,0.04603757948447085,0.04426268597247619
ATGTGTGGTTACGGAG-1,0.03961133383182049,0.04097078391227729,0.04992143669156513,0.0598647179702779,0.03425748517811547,0.03462087825196067,0.03400900250931367,0.03460440586175553,0.03562421607880442,0.039645006762072554,0.0335221756313448,0.033632379690751855,0.03392518947380407,0.03379527282135091,0.0331238481724321,0.05482608128215399,0.03950281631072991,0.03546896223969233,0.035563953789022267,0.035661131880999106,0.03651519215376927,0.04433505390636145,0.05034370863570719,0.054913773483551524,0.04174119348036616
CGGTTAATCGTCGTTC-1,0.038377040999111066,0.0462121591307184,0.038983995856331895,0.04281760565866166,0.03870328557356332,0.03964702331310593,0.03875035127142426,0.037568052915405714,0.03761526994742085,0.039066906572246776,0.03853626812402776,0.03760267849641669,0.03870418433069229,0.038643958288566115,0.038660663892630134,0.03922348456272559,0.03942268982519671,0.03755387904374956,0.03756088499521636,0.03839180841317913,0.04458289225539739,0.045648100501723216,0.04612191083025586,0.04384222649603262,0.03776267870620081
ACATCAGGTGGCTCCA-1,0.03584277887354259,0.0411453305933756,0.035103687287207745,0.03812149506893801,0.0378360930827723,0.03957647187094367,0.03806562651139931,0.043541334909263735,0.03920560428819871,0.04580436047079167,0.04280980287323599,0.04206279929065103,0.0418589977633267,0.04287602432117567,0.04401312788604035,0.03683316275282873,0.036909979903585896,0.04169095377675866,0.040790276867064136,0.04196499723725691,0.03440024007925051,0.038793752407746775,0.04269332116342613,0.039903080289740184,0.03815670043147917
CGTAGCGGTCTGATTG-1,0.04018591853782089,0.04323427856631415,0.050596349903957706,0.06045560531171444,0.03435811184150824,0.03461382386848196,0.03509825558158072,0.03518696428809602,0.03636855411895543,0.04198294230122892,0.03362067802150212,0.03447068635550131,0.03436005725840015,0.03455935055752302,0.03368102649562321,0.05566566606440747,0.03974624608901319,0.035142734144258544,0.03544950471972241,0.03636875624863798,0.03577645661902117,0.045915798470575565,0.055356547185074156,0.03427148688470258,0.04353420056637864
GATCGCGCAGTTAACC-1,0.04086580685570763,0.04775366065938204,0.04296226609377131,0.0465989167701892,0.03557085342400824,0.03470645881458103,0.03632094653703959,0.03443526109569817,0.03553365113074572,0.041073045217579165,0.034161671015457154,0.033931446917064824,0.03418782355792197,0.03432855616556782,0.03411287225058343,0.04552558912596208,0.04091157638308747,0.035566168254090806,0.034626188640659514,0.03523245961936527,0.03674753286986603,0.04917776321608463,0.05963724233300307,0.052717653214880485,0.043314589837703525
ACGCCAGAGAGTTGGC-1,0.03524911232071782,0.04044349924414555,0.035197177577526946,0.03884398848941434,0.04091164882670407,0.0380590852211529,0.040531776921405104,0.04263103416807241,0.03930553349820224,0.05224129822170096,0.0414554826883494,0.0413769742984483,0.04225956525599649,0.0414004283185464,0.04078030914210744,0.037787432928926945,0.038277759228119816,0.04235297802045247,0.04294323324980115,0.04325579787355772,0.034135777361220615,0.028076939776782626,0.044367781497743265,0.04047500195791043,0.03764038391299473
ACGGGCTAGGACGAAA-1,0.03820420677124082,0.04283783091222942,0.03761180623709931,0.038030634399751975,0.045210013954229904,0.04186848274279868,0.04317381972585856,0.039441235972669166,0.04289496621648535,0.041236619135531165,0.039407380539653716,0.03794158630358783,0.04006853868411359,0.03816677554574446,0.038645451310777304,0.03791266090633276,0.03998288833497848,0.03835945682149132,0.037713198545870776,0.03865654306514326,0.03774106642074729,0.041979970353252835,0.043294169080225244,0.04119856835040291,0.038422129669784
AAAGCAATCTGATACG-1,0.03593791309905954,0.03874243674812279,0.035488433412970616,0.039122878561206054,0.03774091351612271,0.03503516552761762,0.03545008786846773,0.04217875308425234,0.03644469762649892,0.046747987177393105,0.041255978579727536,0.04328294721298519,0.03968703811955322,0.042500033307995004,0.04081750736895526,0.038519386651186135,0.036698548361326744,0.04133287487219112,0.05006782862301753,0.05097874891812066,0.0331498630704462,0.04321598528082851,0.03997358597732229,0.03869856363791316,0.03693184339672013
ATGGGAGAGCTGAACG-1,0.040178069172823405,0.043458560709697114,0.048938011860185295,0.051987757794834194,0.0349153470640669,0.03467289429252792,0.035344227864067185,0.035511424786423225,0.036245529491068844,0.03993030853301594,0.03478467820892258,0.0353069420326647,0.03456149134966255,0.03412981387918886,0.03381814459959637,0.052004909418244975,0.03787926654800765,0.03679923471182974,0.03538360169352135,0.035549492686911814,0.03563568243478555,0.04517991564910247,0.0505809244224307,0.05510653947505281,0.042097231321367945
AACCGCGAGAGTCGGT-1,0.036371995836181954,0.041575116798288056,0.03616865712301704,0.03897594454781049,0.03879835142610244,0.036078845878437606,0.03785130098278068,0.040303946183584426,0.0371664908197976,0.05617002084116617,0.042098882698341986,0.04153034496220108,0.03929276270297584,0.041336840973333615,0.040263447704707904,0.03852765147482146,0.0380120264827926,0.04512738175144417,0.043830793872063845,0.04537471278842596,0.03521598624823463,0.028705171145711958,0.04235778205361126,0.039879683064441195,0.038985861639725804
ACATGGTAGGCACATG-1,0.03668632885144994,0.0435798416282287,0.037074216392381135,0.03840490315054944,0.041565481583151404,0.03901672334525156,0.043010466210620574,0.039989213565525296,0.03995480732233727,0.04468817117419547,0.03987328817552209,0.03888176556515057,0.04033547219444583,0.03930521918486161,0.03903986497979266,0.038637277004081746,0.038530605338839286,0.03861476356418076,0.03778114421786523,0.038849465971566376,0.03643985793844916,0.047741745847711715,0.043801872328601964,0.03982970995690231,0.03836779450833797
AAAGATGGTTCCCTTG-1,0.06194221562066246,0.031077260206588304,0.03973975048756416,0.04199163496004918,0.03728308330249189,0.03621869700187402,0.03690629871423936,0.037713894843722874,0.03838836969724002,0.04162217621248737,0.036586646264069815,0.03606923807103671,0.03642255964033903,0.03674166087097314,0.03638564306091373,0.041555238318212166,0.04557015841291693,0.03647671874794012,0.03654532686234775,0.03726073460804887,0.043491173093313795,0.04175211029051857,0.04572741693945686,0.04326138202117402,0.04327061175181883
GTCACGGAGCAGACTG-1,0.03867431885634634,0.044398084870239184,0.04789488796740745,0.049074139623722424,0.033833164395912184,0.03483177819064883,0.035406593082155026,0.03536724102099504,0.035497722137022826,0.04105443911329709,0.03454002426623177,0.03445967052505066,0.034685889379219605,0.034507952821047794,0.034553561055423225,0.04985872661598133,0.03899749144480079,0.036275266595962204,0.035576198314910504,0.03586207990266029,0.03543733991125914,0.04590273358713175,0.053024380999658345,0.05581803193698166,0.04446828338593456
AGAGCTTTCACGAAGG-1,0.03514868685880624,0.04110006399825123,0.03542930743221505,0.037219459095885345,0.03843497344044246,0.03860063058566594,0.0400843406990426,0.042451262320131564,0.03884537712516686,0.04953307476048556,0.045134356281851466,0.04257754524186514,0.04139146588190156,0.04234031169680732,0.04210585677605958,0.03643882297295544,0.03703581191759039,0.0428533558790742,0.04229705166159567,0.0433815054225197,0.03426793622499037,0.03554439733168164,0.04175269428744965,0.03936374511311806,0.03666796699444706
ACACTGAAGTCGCCGT-1,0.035296744709562046,0.040786921641642354,0.035785385722256396,0.038532619014963215,0.036216706461439326,0.03344008840335283,0.03589850506442352,0.04201630897648067,0.0369900416547314,0.04106415239149551,0.042293117252113606,0.04259551243871584,0.03824500251469539,0.04182764986021283,0.03996098362789129,0.03712152247390326,0.03666279938674325,0.04547773254029334,0.053997858645335295,0.049214822658159706,0.03333832794547887,0.0463278768453769,0.04073566362219592,0.03895246228090097,0.03722119386763615
AACTCTTCAGATGGCA-1,0.03705598439621943,0.042021816891113374,0.037093361382089234,0.03806187468305213,0.043642275852288796,0.04113345299173558,0.04409555978641677,0.041085001208881956,0.043287416504828764,0.03725964532431438,0.04059550671499776,0.04072101333874086,0.04161945296299988,0.040255222319149755,0.040893936661714515,0.03818531290899039,0.03933565228791759,0.03893781727762622,0.03871283865060388,0.040876813337822795,0.03597187775114353,0.036776297820434095,0.04386269444094798,0.0407218432101683,0.03779733129580197
ACGGGCTAGACCCACC-1,0.03656468165088009,0.042274343418707755,0.03601272159837699,0.03960437498330219,0.03687693384910562,0.03587167287583389,0.03736676006770736,0.04155955899081017,0.03787362411048614,0.052390720656802246,0.04076561249110298,0.04108669211509914,0.03882538461347511,0.0412449722889804,0.040159161568086243,0.038687492677897,0.03915703285198114,0.04401724531207211,0.045604128772828746,0.04600667285330656,0.03440827117360849,0.029127814736776055,0.043173600063608014,0.04144649731949917,0.039894028959666275
AAGCCGCAGGTGGGTT-1,0.03598731670680444,0.04224150542348066,0.03697608636114698,0.03862965714096136,0.042236180030918793,0.039879245817593015,0.04160547817829404,0.04119969595583153,0.041348246011651886,0.04497795036027246,0.04035648659238156,0.03964693494273677,0.039557713087466896,0.04006953995079912,0.03894363638646253,0.03850504665776456,0.037448076163678796,0.03815469225122987,0.03826844221687209,0.040097852494068116,0.03520685105867911,0.0474798156385375,0.04260686546778981,0.040846348015060305,0.037730337089517806
CATATTCTCAGGTAAA-1,0.03615212127661934,0.042828623074645675,0.0357204328788617,0.03846629917536776,0.037337503114481335,0.03555232186076598,0.0380480448418263,0.04346266208077381,0.038094467507153305,0.05645703605396123,0.04150932822073425,0.04311470988230602,0.04105909646956592,0.04304958510948386,0.041884271208036485,0.03781505438723585,0.03747467225895538,0.04062420055980192,0.042904988808360724,0.04390437347721879,0.033508937311922234,0.029835095072728423,0.04335610877057521,0.040427692339391516,0.03741237425922714
GCTTCCATCCGTCAAA-1,0.0354266438373087,0.041089215327299825,0.03621350403032965,0.04011391568549908,0.04104404271961732,0.04598401806197019,0.04186914141634383,0.03668248318082347,0.035598852946037214,0.041509185835271696,0.041679480073759184,0.04124070694177853,0.04299216124726709,0.041750755713859146,0.03994823617020381,0.04014977233541619,0.03652019032412936,0.04037712944127357,0.03665006646100941,0.041826879555468884,0.04495435823249953,0.04023215909465873,0.03998216231964239,0.040271134936252374,0.03589380411228092
AGTTGGTTCAGCTGGC-1,0.037358784090763916,0.04295314040495826,0.03648281868622197,0.03810489919650959,0.043824692752232615,0.04058449281301314,0.0408675775601269,0.039765136587475616,0.04238067410774233,0.04491387631039266,0.03874821812884002,0.03807493177197267,0.04177768855394674,0.03919038976441206,0.03961387437621257,0.03770946440990166,0.039106794684682346,0.03823942477924752,0.036782505962938,0.038082308584531786,0.03693010407728699,0.04763693200253434,0.04310425794309833,0.04017333302762148,0.0375936794233366
AACACGTCACTATCTT-1,0.034412315089551074,0.040102497162594036,0.03554513414272885,0.03846032238780043,0.03806616702666987,0.036463765866301026,0.03876536324298187,0.045368814682353306,0.038080411881601536,0.049054731386996626,0.04174363781182538,0.04459788256999925,0.04220760563687205,0.044575647737956754,0.0428600487570087,0.03708554096270112,0.03677082753262782,0.041814325347179666,0.04305763679918205,0.0451269861650063,0.03345267489599315,0.03399299327033089,0.04206697334741187,0.03921946500295129,0.03710823129337496
CACATAGCAGTATCTG-1,0.03948230195774984,0.044720418263764584,0.051515959564703916,0.05482190735793389,0.034989209642056165,0.03405661008057367,0.035195236271864584,0.03441730650950619,0.03533091280427058,0.04261078892199641,0.03368610796119202,0.03387787836268932,0.03385191427692156,0.03343532760468606,0.03285159359375289,0.056378660792925174,0.03941910912097786,0.03521749772472663,0.03505590160724126,0.0357283638451019,0.03505969481571087,0.047308053335733284,0.05674579719787744,0.03945687161147923,0.04478657677456461
AACACGTGTTGTCGCG-1,0.04202032511719106,0.038984862046042366,0.03963993022488642,0.042173426626897485,0.03975956391419423,0.03793344543303383,0.03799886675947064,0.037520636493776904,0.039637805946768884,0.04222355808706593,0.036267731211442576,0.035694428628474745,0.03743366036655663,0.0368380508727862,0.03648065987292145,0.04239146252776029,0.04792153394201728,0.036568393973541315,0.036251352034584995,0.0369806865184531,0.04505945425557079,0.044203700517603875,0.042726910354009884,0.04447748711902895,0.042812067155920244
ACTGAGTGTACTTAGC-1,0.0365875763654082,0.04361745314801771,0.03689141773528969,0.03916280711166019,0.039582656823730834,0.03891611075331499,0.039875070313228504,0.0406871328993516,0.03949940163162744,0.04808414592034809,0.04283097588536999,0.0403230438498584,0.04021333348805939,0.040337964695829905,0.04139891402036721,0.03814403309257697,0.038004242026157514,0.03925922408663987,0.039366207678109055,0.03974610535632663,0.03573809139462278,0.037041947187679156,0.04430045189118601,0.04223140606649423,0.03816028657874542
ACTATCTGTTCAGGCC-1,0.03859690678612978,0.04552569832823891,0.04797700888187438,0.049246907846032605,0.03501664848205445,0.03494893893629025,0.03537991489283976,0.03445953758623884,0.03525079353773004,0.041034135343383286,0.03429362624353831,0.03454364983729593,0.033950164043452115,0.034615606505176914,0.034358008692739694,0.05126179697131611,0.038351617571959234,0.03552461410109166,0.03557515798328155,0.035339496782588645,0.03514661060518983,0.046497114425907884,0.05262327928485241,0.05689163892768,0.043591127403117554
AAGGCAGCACTTGGAT-1,0.03983883733058219,0.04007044264968439,0.05552478706967565,0.05222451483313417,0.034999046611890565,0.03549151699121946,0.036657020245651636,0.036177506966994004,0.035693702950817106,0.037919411684783536,0.03476384192891471,0.0355540140801126,0.03501239133032494,0.03538336624053789,0.03493377635131041,0.051348238937682346,0.039031145870206355,0.0368033562182322,0.03646774459188884,0.03649587475701798,0.03572407203573043,0.04062899618226318,0.04832300768724852,0.05260755259391137,0.042325833860185486
AAACCTGGTCCATGAT-1,0.03539120066911169,0.04065468328180788,0.0367478127618113,0.03743982777576541,0.041342769856918704,0.03907341689235763,0.04281936466560232,0.04336771917656,0.04202526337038448,0.048756200512498064,0.042841002182378345,0.042564328608606955,0.044509586337163794,0.04389465676176187,0.04411374959680774,0.03767375196192808,0.03813236910857404,0.03808315648258143,0.03929396445036616,0.040109122378989275,0.033815532062703074,0.031560784015815795,0.040185143307446027,0.03906902496382207,0.036535568818238176
CTCGTACCAGTGACAG-2,0.038988971944659764,0.0448499506635561,0.037982531739859444,0.04093131418531106,0.03692418650592595,0.03701737766604655,0.037074074213881786,0.041264150897286,0.0371976267469421,0.04398649958847242,0.04118046345149692,0.041124322144130504,0.0392768615627663,0.040833675287533996,0.03912089662019695,0.040436732069294545,0.03851570641823664,0.04361892163686647,0.04630831544170808,0.044942795526429644,0.0365858056584637,0.036425790729698364,0.033855530166591756,0.044227025660989495,0.03733047347365552
ACTTACTTCGGAGGTA-1,0.03820002233992805,0.041778497719466276,0.03831720467704793,0.04068916209472933,0.041707356425415634,0.04108777952962262,0.04199052217050739,0.04070643825930372,0.04101733143979313,0.03767565044413688,0.04067956863037003,0.038980315668397644,0.042189933355074226,0.03967491713527689,0.03928853024584916,0.04020985507004051,0.038203207998813764,0.039288026079948635,0.03983898772202929,0.04031193891696039,0.03592543229786435,0.038903506371281545,0.042991627842033524,0.04152575769547016,0.03881842987063906
AACTCAGTCAGCTCTC-1,0.036733462927700564,0.03963144351569147,0.03537379025102992,0.03789596797434966,0.03807976043641597,0.03782445621817351,0.03926430588094156,0.0447186572582336,0.03855779386391337,0.04537515835204279,0.04266037816320675,0.04459601255850012,0.04111852962574358,0.04470050865344687,0.040829557215325024,0.03668099143126093,0.03736515454159268,0.0414468797631886,0.045460464050268885,0.04594411415106018,0.03428049574832171,0.03511867532355414,0.041249086121110966,0.038357160563062646,0.03673719541186461
AAGACCTAGAAACGCC-1,0.036246106557784846,0.040861623047496555,0.03496111176781467,0.03775293230763109,0.03770428344671178,0.03674069439751698,0.03707496799609943,0.041715422622144296,0.038052009646350825,0.04937362082057986,0.04115940488656729,0.043071174279740096,0.04028024665302527,0.0419403476986815,0.0403881020362296,0.03713161352267202,0.037619743943043876,0.04123129035610365,0.044192576791487054,0.04620816813886267,0.03484462515629274,0.04586265914713399,0.040858637844300105,0.03841290920649422,0.03631572772923574
ACGCAGCAGCGATTCT-1,0.036399575765323225,0.042548479729675355,0.03595867039109719,0.03740572309112529,0.043007678253958126,0.039921255192086266,0.04172774309339055,0.04168393465750498,0.040720313930078376,0.04791284187364714,0.0417320847373042,0.04036789793024655,0.04230721155283341,0.04178301224785423,0.041208842231326454,0.03734198618819718,0.038942705614444795,0.04005815318406972,0.040216434397651366,0.041013113997336634,0.034998680999877865,0.031440103043322176,0.04385938690706896,0.039679030858044036,0.03776514013253604
AACCATGGTTCGAATC-1,0.03486762915332932,0.039989196789832475,0.03463334652979826,0.035972428088653724,0.04249351285573754,0.04143750356231449,0.05933705634034752,0.04117117212270973,0.04208109305114868,0.04991642702975356,0.03858175859753748,0.037580141595348844,0.04075265128760753,0.03970896139162188,0.037788186920216425,0.03565949901423315,0.03736300613763074,0.03754297357272204,0.03682253359524353,0.0384840534747431,0.03506102636979918,0.04775760979419385,0.040346196063548154,0.038138855177015124,0.03651318148491382
CGAGCCAGTCAGGACA-1,0.03386932223926312,0.039682185939950446,0.036026629640662736,0.037473547426397795,0.03566103336904094,0.035232882632558825,0.03539751260395001,0.042921154222919096,0.03595295129325084,0.05141253041222911,0.04329389263236175,0.04277145917631281,0.04036600653757163,0.042898935916973815,0.04154820633969167,0.037374599529956254,0.03533263564366911,0.04868240217692711,0.05132696630829894,0.04530224884749485,0.03251190766806001,0.03935076181263213,0.04037668233639473,0.03869752408236826,0.03653602121106399
AACTCTTGTGTCCTCT-1,0.037163799548604035,0.04292379630007905,0.0382377168537378,0.03973973267539888,0.04184301339304484,0.040935553079448364,0.04159554365567357,0.04025467786142221,0.03903288709860944,0.04417050065830277,0.039063895578152534,0.03842776774250906,0.03963156608494624,0.03859907585207899,0.03826269895513033,0.0392383204479871,0.039826299888276004,0.03743042427394358,0.037520425758885305,0.039185540234968654,0.036451822496272615,0.04699942898802145,0.04358374023812416,0.041682616821973925,0.038199155514408854
ACTGATGTCTCTAGGA-2,0.04028244095139309,0.048133751450162826,0.046021471770821824,0.04811471915894588,0.036830993189869696,0.03607429438756396,0.036521392581874645,0.036576128815894754,0.03600368136399699,0.043886656250735664,0.036166424308835605,0.035335595277536096,0.03647275207364741,0.03628985994361844,0.03605262545861359,0.046729445766267655,0.04055050634519007,0.03662601782122045,0.0367861328152473,0.037834438443537906,0.0369713760589128,0.04945042641133479,0.03269804421916796,0.04292814211700499,0.05066268301860563
CTCCTAGCATGGGAAC-1,0.03984597697019668,0.04181283798619473,0.048137390916682087,0.0575744769875453,0.03549646823877916,0.03507310593718725,0.03518821761882254,0.03515504260446546,0.035779544961186335,0.04001982772292782,0.034692112532153825,0.03473460366446209,0.03426354407337277,0.03454998711433986,0.03417121068945564,0.05384879916587502,0.03976406785253275,0.035576541650794345,0.03636549840474244,0.03682974148185708,0.03543949669505314,0.044090590865694085,0.048328262944381695,0.05204694034303622,0.04121571257826167
ACGCCAGAGTACGCCC-1,0.03704247446261724,0.044170473416864434,0.03571644589366801,0.037862836383544464,0.041463083379048755,0.03846505167896084,0.04136233872796556,0.04084887400846656,0.04133583669948659,0.047444819516234756,0.038841517553291585,0.038155493498486494,0.04082260145113473,0.038807942867453045,0.03881250851459183,0.03829534560277859,0.03954126613974683,0.037411226510023765,0.037221487467331095,0.0385622011572246,0.03562169416252611,0.050747320627817685,0.04314154916372319,0.04064394042168836,0.03766167069532492
AAGACCTCAGATGGGT-1,0.03513080073222187,0.039822475196231326,0.03665328305189198,0.03953767099918804,0.036948940188686274,0.03639905472053494,0.03804899013988522,0.04345869506864666,0.03821397976120694,0.04899038102388397,0.04238298580396088,0.04468290079821934,0.0413142039285346,0.043374350212021864,0.04155218479044418,0.0385092434600038,0.036206562955369274,0.04258208218654931,0.0450618203289857,0.04642304496251973,0.03324251835940951,0.035362314151427945,0.040647943442300286,0.038731519738714124,0.03672205399916214
CACACCTAGCGATGAC-1,0.03514571541161742,0.04030766022052532,0.03590575856776179,0.03812909413401487,0.03755194697377892,0.03599256051120038,0.037707601217776075,0.04054464113768657,0.03753026665553462,0.04883252702051176,0.04261183113401841,0.03966023986833448,0.03938210791437173,0.0412593634536775,0.04011656407112143,0.037686952145569205,0.03664147286441731,0.059036364276171586,0.045384647182225506,0.04378623722285848,0.034858218295573576,0.033414328378390735,0.0416528390665196,0.03965315175715858,0.03720791051918418
ACGATGTTCTGTTTGT-1,0.03683014724662006,0.040476332293357876,0.03643463234012319,0.03747146463405343,0.06549399015507396,0.04100747643531809,0.04245384841207433,0.03861156289198955,0.04273555552473392,0.043305220089123304,0.03852975310840794,0.03806518331953393,0.04026297036441281,0.03900750899231072,0.0387119069190736,0.0374489864128733,0.03888882137884678,0.037154006273872914,0.036861735504408515,0.038061771212617404,0.0365547539384464,0.03957291516514105,0.040479627604756575,0.03905464225743242,0.03652518752539786
AGTGAGGAGACGCAAC-1,0.044519607894856324,0.0461305440835671,0.03613221385548153,0.038571144342772576,0.03855080268311151,0.03577143250292737,0.036929698740166134,0.03523814877360875,0.0379646542786111,0.043339958502199204,0.03561790611558369,0.03514868836553971,0.035510199934931784,0.035057744122762954,0.035090563913988695,0.03890456983769814,0.06301262280706281,0.03538513590337192,0.035765227656231566,0.03602471051370485,0.04144530777421393,0.04969931899956294,0.04739540883237845,0.04297930500622687,0.03981508455944001
ACAGCTAGTAAGCACG-1,0.04948218185442524,0.04532045607190578,0.037673203671173314,0.04073313196322593,0.038582023138479964,0.035029436150237736,0.03697371377767651,0.03599912947545093,0.03876188239465718,0.043737724328244645,0.03531308879958033,0.034418374919063854,0.03540184645455496,0.03521609955799319,0.03498399101236802,0.04112320857213089,0.04667608675011338,0.03543674857596325,0.03492066501675193,0.03563094879067914,0.04141009699148426,0.04917920995149436,0.0465604735132635,0.04611052561131102,0.04532575265777049
AAGACCTGTTTGTTTC-1,0.0372563515488075,0.03938614442868957,0.0365497639329057,0.039197258450632905,0.03697064541346431,0.03558540598494562,0.03819563248133135,0.04191700904439543,0.03758110961129554,0.04845500076761399,0.04037306355796739,0.042043883162558596,0.04014461351782921,0.04179683622791728,0.040307800137701334,0.038307234931643196,0.03758712368845424,0.041756596898542116,0.044386098329193,0.04585275517308457,0.03424687476753124,0.045633820792404384,0.041107167246607644,0.03856955973898954,0.036792250165494145
CGGACTGTCTCTGAGA-1,0.036726915227053514,0.042035650258638264,0.043045860037659686,0.06718407607866093,0.03574207773217979,0.03482483619720205,0.03694847306114524,0.03881720016214229,0.03693323247117202,0.04711406187078615,0.0375165973000462,0.03900700554238825,0.03868571644494921,0.03914553741123775,0.03776952428560609,0.04816625176722305,0.03725521358436681,0.03684113136720534,0.037505095570936,0.03886444587289989,0.03299341521968027,0.022120517226188227,0.04731383072661932,0.04778528899010245,0.03965804559391114
AAACGGGGTAAGAGGA-1,0.034917100166934736,0.040309785394284495,0.03599216229867682,0.03693413079169284,0.03843935522958291,0.03664163060297808,0.03829545280111415,0.04235047431412868,0.038936006039141685,0.0474163064197131,0.042549314123326354,0.043889818116447515,0.040770002153471964,0.04501252395654281,0.042795957800495985,0.03800223930341874,0.03704023970363157,0.04056039223344066,0.0449651678548909,0.051551304574517315,0.033810445787416,0.034461377590776464,0.03893346249472045,0.03895515611726268,0.036470194131393144
AAGACCTCAATGGAAT-1,0.04132987198817797,0.04541423180936253,0.03698241939335102,0.03915774637358892,0.0380073371527943,0.037496718353542076,0.038575518015262454,0.04086681545218302,0.039077174697718244,0.043083766959974956,0.03857769251780507,0.039457586820129335,0.039724068583920094,0.03868287367102372,0.03776819116494683,0.03945078742540347,0.04435708481748456,0.03787434539147427,0.037671360294591574,0.03880215967234518,0.04114121048071261,0.038092797223322226,0.045164547200832926,0.04235076943031082,0.0408929251097419
AAACGGGAGTGGGATC-1,0.03614459488357694,0.040075688504507094,0.03615378603401284,0.039683207840674146,0.0373153407273744,0.03460503144168857,0.03542040967634905,0.04230351285903599,0.03653135479200413,0.04782451193003665,0.04165080618386357,0.04257470573738156,0.03948731983720305,0.04139552420485504,0.04038651885851633,0.038841854841232794,0.038914373546428106,0.042744875568432115,0.04541926145944558,0.04436318945774281,0.034042707450577726,0.04531582970848298,0.041067609946652026,0.04072690306987586,0.03701108144005074
CTACATTAGCTGAACG-1,0.035183900854521714,0.04408175562959453,0.037040211307921546,0.03768259114370137,0.04140479807255649,0.03914458611614449,0.04233647745294178,0.040613056861081916,0.041024899618955016,0.04608954333323302,0.03922760312172008,0.038544337217687435,0.04049509854718346,0.039149860987260504,0.03962954693963033,0.03801195003274854,0.038136871730772744,0.03854465710307552,0.037987712922416476,0.03901718063817293,0.0352045720849024,0.04914891254119879,0.04383868018020599,0.04022217285700011,0.03823902270537284
AGTCTTTGTGCGGTAA-1,0.04890963158603675,0.04372519230690903,0.03753507512438892,0.039048809049136546,0.03749576040885443,0.03603579900059936,0.036065257788298485,0.03568284509371118,0.03837920886884656,0.039224088180896115,0.035625731990152926,0.03549607639771593,0.03595280605654364,0.03536712047362325,0.034907203196403856,0.038648835017692895,0.0560216902903092,0.036278967000109234,0.03552542541904756,0.035999953927805854,0.059618293607231164,0.043335641469955055,0.04340225989123898,0.04156355258164898,0.04015477527284394
GACTACAGTAAACGCG-1,0.03684006253249742,0.04327483294137303,0.036595371026204235,0.039655719706829275,0.03734973997678059,0.036770460198250685,0.03763465712084924,0.041933665444459874,0.03746301551097453,0.04618016201435899,0.039161378957684144,0.04148215946725928,0.039145463723447904,0.040802880333255576,0.03928852979238143,0.039232207932963364,0.03835559817104658,0.037959022688137,0.040155176482640234,0.04083896083693786,0.03401453764063872,0.04993698573848468,0.04507905824257563,0.04249564939074155,0.03835470412922818
CCTAAAGCAACTGCGC-1,0.04138669883821735,0.047233409693962884,0.04557666739747114,0.050845560320116806,0.03549575667675278,0.034165684589534784,0.03532068166546524,0.035475425253517386,0.03606307148244754,0.04343140408673891,0.03511485311076544,0.034705598597143034,0.034592762143736876,0.0353851117527596,0.03456483092053319,0.049691809722398,0.04056080898677294,0.036262068829339536,0.03582514320446373,0.03651594365352025,0.0363761151470451,0.049063507126789335,0.03708472623806842,0.054268504505575084,0.044993856056864456
AGGTCCGTCCTACAGA-1,0.040175282336131414,0.04429747946500737,0.03467640253743129,0.03756274040012285,0.03845771855740137,0.03743423723093922,0.0390535056095641,0.039982600943049555,0.039961515555785684,0.04545570156940836,0.039028989531877376,0.038285115414546995,0.04019977165104074,0.03994798873275119,0.04049811505575164,0.038043394793612025,0.04133637403188717,0.03703882107810983,0.03737972445003529,0.038576856829943974,0.03948867694010463,0.04782482852653887,0.044870801176447296,0.04112768801005225,0.03929566957245904
CACCTTGTCCCATTAT-1,0.03677827818883404,0.043985581842495035,0.03689661662479566,0.03858014016819851,0.04088932649338838,0.03895702321799435,0.04071790608706633,0.040755368336447106,0.04155739818598559,0.04257133800780949,0.04234816561669328,0.04060818287959825,0.040510420479426094,0.04009286916901611,0.0398939507661204,0.03844955968587124,0.04209932515334645,0.04114854663756171,0.040351471722073304,0.04158542923340293,0.035940992349274656,0.03443607759977571,0.04338619394777052,0.039725323598836945,0.03773451400821791
AAACGGGTCGTTACGA-1,0.036279684632724844,0.040644373584038496,0.03544338824283276,0.037625552506290905,0.03908752675811757,0.037599653304479556,0.03933710451831482,0.042247345422665616,0.03869308161242109,0.04729135980816464,0.04177978351549753,0.04242775462806822,0.041647024219639756,0.04217225197549051,0.04179379773738547,0.03772274815633682,0.03713505130599901,0.044448274474411284,0.04309519735299479,0.04451949325141075,0.034034434398753206,0.03425305209567796,0.04292251641055468,0.03941187901638582,0.03838767107134386
AAGGCAGAGCAGCCTC-1,0.03662534512461039,0.040621438876919096,0.035475555352831874,0.038468781801115154,0.03704220728593372,0.035845135356497054,0.03720326580435954,0.04265779788693056,0.037002046860784066,0.04902417656525078,0.04092707099530206,0.04196408610803087,0.04075673660407872,0.042099775146219584,0.03939095704273266,0.037644906601186356,0.03740695700929312,0.042019540312706445,0.04512859509598733,0.046226399510246506,0.03314093924822164,0.04537422791118273,0.0417630669179964,0.038752887743313105,0.03743810283827015
AAACCTGGTGAGGGAG-1,0.03607446376942016,0.03980236978903013,0.03522681689502952,0.0367036090869889,0.04002614777919548,0.039463330079194954,0.040999733475755425,0.04509422829638543,0.04059013768792098,0.04564899266471176,0.04254571369904474,0.04356801565116581,0.044031875056055346,0.04351206040059844,0.04426953130001927,0.03670098534928526,0.03838358788737958,0.03863272986149431,0.039255436722273156,0.04096786788534382,0.03404371637869311,0.03619747405928384,0.0407177413960927,0.03911546758559802,0.03842796724403973
ACGGGTCAGGGCTTGA-1,0.03686589806309756,0.04133787519617402,0.035773354912668094,0.03823295478730463,0.04385088918021493,0.040343288936189575,0.04369376917348519,0.04035477481117801,0.04247630687963544,0.04457150915697618,0.03885132420206664,0.038317901615643676,0.04173630698929312,0.03941413185159072,0.039900359424224416,0.03765766934247863,0.03927311790775059,0.037271493014240924,0.03705671848766798,0.038367376320816625,0.03599270116221779,0.047819432207244,0.04314815494662757,0.03968334972136026,0.03800934170985358
CGAATGTCAGAAGCAC-1,0.03795158868511398,0.040230363286820454,0.03955073134798002,0.03893107109442571,0.04083207790819888,0.043088904724297716,0.04093513561849081,0.039242016648090745,0.039516052830369,0.040062136728564346,0.04046029149114783,0.039427102822401056,0.04082978446960541,0.04069583576937281,0.04073600423825658,0.04073316774423426,0.03987424776808704,0.03913835570463406,0.03917334257778881,0.040098570808346425,0.03956798006505227,0.03964058456859704,0.04054637705597476,0.04037994215696886,0.038358333887181115
TGACTTTGTATGAATG-1,0.03572195954476155,0.0428365114657266,0.037703259315669146,0.038920586707203074,0.036878423638841716,0.03525125755071357,0.03749525698667264,0.042146609105028335,0.036491479493648074,0.052774508049748946,0.04244744593463754,0.04116490622665898,0.03968192963764183,0.040958880378812755,0.03992338626814845,0.038843801736638615,0.03699823684817225,0.04518300182637939,0.04485577921450053,0.044769290200780215,0.03463098923019589,0.03190289142857197,0.04334655619653674,0.0401800610546548,0.038892991959656426
ACGAGCCAGCTGCAAG-1,0.03571999512469519,0.04465226788858602,0.035442579300781145,0.03799416053281181,0.04135515672270446,0.0380938814530903,0.04079895459919052,0.041673062416177374,0.0404946856544828,0.05306522647949801,0.04084285763325862,0.04081065545995838,0.04130098506374393,0.04115842462864295,0.04071070726424763,0.03737042349702403,0.03896205560801503,0.03871520635723496,0.03972195258961543,0.04144258424913729,0.03447656134422018,0.03154765415828022,0.04485356609842608,0.04083441523607892,0.03796198064009874
ACACCAATCTACTCAT-1,0.03671517037361421,0.04193845861629253,0.03637119969695064,0.039883515475107836,0.03788388082364207,0.036347885360206986,0.038775201681995664,0.042114698598411215,0.0393556958073625,0.06045553423995152,0.04074666535765972,0.04161104001299486,0.04071620143065359,0.04189066231794061,0.04073291916309133,0.03865999804303222,0.038480376012726546,0.04019809807572565,0.042553834994988465,0.043407403336587005,0.03426570201608222,0.025711841044114565,0.04341943127028059,0.040531083839574475,0.037233502411013066
AAGGTTCGTGTCCTCT-1,0.03513765508859736,0.039511083675752755,0.03526218307755591,0.036980122651462555,0.04120901376755316,0.039446600300472756,0.04143145882319867,0.04533986688985903,0.0411578023903551,0.04415503028692686,0.043027589571463305,0.04425465676036781,0.04409657799061089,0.044045949757999706,0.0420443245157397,0.03676540047336649,0.03731392868337756,0.039419834844503954,0.04132260260369936,0.04361484618861692,0.03386908066124929,0.037710610476409515,0.039376465732189024,0.03734916291570736,0.036158151872965
AACCGCGTCCCTAACC-1,0.04025006645706917,0.054550788897396035,0.039198427452178906,0.04177302862002359,0.03696388210197199,0.03605809308133896,0.03736852621500016,0.037479606041770995,0.037874323652630666,0.04328074066368878,0.03634495057037641,0.036199007490954914,0.03676716243048029,0.03625962941313728,0.03603835372080871,0.04204374716575553,0.04119067222388062,0.03698645325809754,0.03657904860271302,0.037193624851718794,0.03774243912003119,0.04753430252303579,0.047323438200076645,0.04444840053874109,0.04255128670712291
AGGGAGTCAAGCGTAG-2,0.03837464420396833,0.04156239934464872,0.038640905410852834,0.040151336378905486,0.042442028853074125,0.03977736945142956,0.041934880915417354,0.039062971227767154,0.04176299038274861,0.043013638670059126,0.03832075644362921,0.038193895383661525,0.04005395342715096,0.03938643704062279,0.03871906763781342,0.039727114798181994,0.038659048752144466,0.03754284814275438,0.038257197519714035,0.03864401925416309,0.0366022668595389,0.04587748769759978,0.043043392969302895,0.04143394514700251,0.03881540408784875
AGATCTGGTCTGGAGA-2,0.043927462820429974,0.046293733702541376,0.037849708668319236,0.04108893247555516,0.03799740282242691,0.03538791402621955,0.03750915784121658,0.034819271244051375,0.038131582249278435,0.04525861488427834,0.03477700082792445,0.03407538935193134,0.03526955464093852,0.034421542950147536,0.034459701981425284,0.04077462378965562,0.045053012234155004,0.03467817267769686,0.03404179941124086,0.035521668651293664,0.04006807787000093,0.06059319669781764,0.047318788489867036,0.04701260891971112,0.043671080771877084
AGCTTGAGTCATGCAT-1,0.03518528288855487,0.04008228538187432,0.03421334345908686,0.03737491866416991,0.03916376800278459,0.038311367299966065,0.03946302553865314,0.04384664075689918,0.03970344977261445,0.054717954127020844,0.04465253751475255,0.043508976650141036,0.04277384203971874,0.04372453894663572,0.042919998343281904,0.03651361458220966,0.03625157232451297,0.041665919229367146,0.04444579773988164,0.04533479001862598,0.03412200951922535,0.02736882166110264,0.04031871292441148,0.037951537098226094,0.03638529551628273
GGGACCTCACGGTTTA-1,0.03544337654733489,0.04032855292253505,0.03656097362666645,0.037449744417070954,0.04006937299312395,0.03687626148756806,0.038225931789882234,0.040609359485027946,0.03843475543356196,0.04815229755116035,0.043845278153230825,0.04091495645812706,0.04122733817207766,0.040869192022573435,0.04087663171894315,0.03668681376898597,0.036843214129017865,0.056508512702003605,0.04280278069462295,0.04271877236362599,0.033929799925655604,0.03390763399577708,0.04042669272846586,0.039318316997011854,0.036973439915949285
ACACTGAAGGCTCAGA-1,0.03726623813121808,0.04199193927070845,0.03724803301056809,0.03853315430097689,0.043069525827062645,0.04104513093026651,0.04156544373159351,0.03934965014843593,0.04112076217365615,0.04399401680152042,0.03889062247848232,0.038222692156679006,0.040921903141395335,0.03941050569180754,0.03952800048954172,0.038270153551849796,0.039421492141457785,0.038000081883643455,0.036789053175909275,0.038475310497250934,0.03691493437623491,0.04769367766759378,0.04283492229403522,0.04134256831531657,0.03810018781279582
AACTCAGGTCGAACAG-1,0.03753077449708155,0.04150919988904842,0.03599260662546455,0.03781938669725542,0.03807471193669899,0.03628362951331274,0.037086597110132666,0.04245711766625477,0.03799984662325367,0.04730837181892567,0.042327691660576934,0.04252134819839278,0.04103014730197188,0.042364233355192404,0.04165094390123572,0.037690439594350186,0.036979286445655325,0.04093634642472965,0.04293946651326517,0.04188909543367983,0.03605800068359621,0.044296101919131234,0.040634864295586465,0.038728521579963225,0.037891270315244474
AAATGCCTCGAACGGA-1,0.03687344504731368,0.04321921577175289,0.03680597928197301,0.038537353195818656,0.04242870023379802,0.04051280390049687,0.04368324096354983,0.042139474471627664,0.04253092473752581,0.0385031916397033,0.04037838322240381,0.04148816421091138,0.040083032620454505,0.040543635247792385,0.040260400036541716,0.038504376036103856,0.038376929727711416,0.038417655060994094,0.03886512391898851,0.040589275198577704,0.03518520587516272,0.039363519234039725,0.042576702862785025,0.04064893129952935,0.039484336204444075
AAGACCTGTGATGTCT-1,0.03916148378437564,0.042618957447419226,0.05893493648826341,0.045764704642479004,0.03540133444349462,0.03451392244599224,0.034358677331725034,0.03540882983998142,0.035253268581086634,0.040645644818168264,0.03395280174558546,0.03506196887499395,0.03466233089585516,0.03485372040215917,0.03416142403669662,0.05395087590091723,0.03767565010208236,0.035270197181589726,0.03619037820482423,0.036286311501017326,0.03444705514272534,0.044608807909881844,0.05139878062775084,0.05440930805020123,0.041008629600734064
ACTATCTGTGTTGGGA-1,0.035772711344412615,0.044151722471896394,0.035378300608204946,0.03852097319002702,0.03803585368331938,0.03843265405617525,0.038720789196019276,0.04308592749066043,0.037698988694938186,0.04535038089934161,0.04466263781852279,0.042073966158948393,0.04085573880931443,0.04094501041185645,0.04150885554207769,0.03789159261770149,0.03733278653553711,0.04046915727167183,0.0418512764691671,0.04331840026875918,0.03493171068750491,0.03446020202138948,0.04503405168628375,0.04116264481247439,0.03835366725379581
CTTTGCGCACTACAGT-1,0.03496087793702408,0.044529176139050955,0.03476699968590847,0.038287574090446745,0.04015821257835274,0.03824456967635712,0.04069619327960341,0.04045838946532786,0.04036317874027618,0.04754312085144521,0.039675506583709885,0.038806267022198596,0.04162628406828717,0.04015153427521033,0.040021086182537156,0.03737876329074582,0.038411311644088494,0.03887956238419917,0.03815643094691385,0.03943070571387181,0.03460427659614621,0.05110415819145976,0.0440005403660471,0.040603920739798946,0.03714135955099284
AACTCTTGTACCGTAT-1,0.03668452933136929,0.04166905004082805,0.03580232045838874,0.03947835014822139,0.038553517750345837,0.03580073977857883,0.03805873389275033,0.042226589909212825,0.038592965166529526,0.04851046167206486,0.0412379157254306,0.04116660335831908,0.04097159477655204,0.04145409767707983,0.0393763671772068,0.038022101512225674,0.03838140948321697,0.043107891584964086,0.044235745312039575,0.045119059065807154,0.03366084747787821,0.03177194059544376,0.045533216319479305,0.042693844556250526,0.03789010722981671
AACACGTCAAGAGTCG-1,0.03409439929390178,0.04078117143571729,0.03551416254870905,0.037868255328152044,0.03735047311328222,0.03584228090148507,0.037548566022707404,0.04319660321721911,0.03730305142162927,0.05034330631403714,0.04392259095490329,0.044606497208491226,0.039925553718900136,0.043617023830389956,0.04324970306441979,0.03704636204807226,0.03588137411917063,0.0427642634178217,0.04626608992916199,0.046892327519609436,0.03328837064563964,0.032112475531243814,0.04268028222097277,0.03996967924293056,0.03793513695143241
ATTCTACTCTTACCGC-1,0.03550009712458497,0.04403373044026076,0.03495922689752483,0.0388385487534143,0.0370571986176712,0.03551492873406469,0.037609386769937914,0.04275618353075756,0.03797936836727761,0.056452640977435554,0.04205102500200983,0.04213347581729953,0.04010927244892176,0.041953632700868354,0.04119843281247898,0.037549201999057875,0.037740124480552036,0.0417387911634434,0.04395541476920338,0.04457394708122639,0.034156091091268714,0.028546669955094847,0.043878177200112875,0.040627210040675966,0.03908722322485657
TGGACGCGTAAGTAGT-1,0.037252194849104026,0.043264488196883784,0.03500077487020875,0.03899918108333673,0.03753443657697207,0.03661749558535302,0.038122436490635576,0.04193901133414677,0.038237931119693085,0.04466946133420157,0.039437450397262146,0.04241893150542891,0.03995751207252798,0.04142548509463148,0.039701864314869044,0.038568286183083056,0.0372994028846221,0.038801716189650504,0.041310588558926296,0.04252645035954869,0.035027186104230716,0.04841225450413037,0.04356633227908379,0.04142878127227296,0.038480346839196766
TGATTTCAGTGATCGG-2,0.04081800085675838,0.05469819789159663,0.03991813147811031,0.04064695615219244,0.037924307381210665,0.035726871309698885,0.03622623687658241,0.036874900574154136,0.037433262185186035,0.04256594247301347,0.036813073901126356,0.03654835438626555,0.036538433648044905,0.03637773279154646,0.03607102047143767,0.04177657390276512,0.04053759642291677,0.036711247629719765,0.03677322939913079,0.03702865452645445,0.03714135205465798,0.04611220709236418,0.048787603449267906,0.04509888032778474,0.044851232818014015
AAAGCAATCTTCGAGA-1,0.035960369614230096,0.03968662815331004,0.03518326993195982,0.03749520490510259,0.035772285745471574,0.0349742691453678,0.03593171053314633,0.043031923856328806,0.037436463584283985,0.050607100970301785,0.041980307495906144,0.04337060243332528,0.039306422515405136,0.04207804057847052,0.04081980089992952,0.03614643299777774,0.037578254941054906,0.04152034272361604,0.052283600582116084,0.0499383613521084,0.03397702911952494,0.0400949591751955,0.0392333019031399,0.03886109309382158,0.03673222374910554
AGAGTGGGTCGACTGC-1,0.03539566564327824,0.04098015036536958,0.03529316014067812,0.036949573644794925,0.03868769178588465,0.0379628245795153,0.03983991339289116,0.044292975219338976,0.04009120190918196,0.05674925100019628,0.043751711155636044,0.04406814783928117,0.04269425345124737,0.042287118785498914,0.04142732585192276,0.03620600750615181,0.03706633791188038,0.042451184515607844,0.04150622934499898,0.0429939679086562,0.03397498908698153,0.03029223587261317,0.040174499671248524,0.03788515589043021,0.03697842752671595
AGGCCGTTCATCTGCC-1,0.035477977681602435,0.04428581214075469,0.034983714575632076,0.03832357823810054,0.040015046373639326,0.03747132849536349,0.040839081586764685,0.04305279195226811,0.0410078963916022,0.049635738342802285,0.04256196363389409,0.04206055740938292,0.04191641737590117,0.04203367765471352,0.041552775099357286,0.03740005001843805,0.03732177193839412,0.039572887091177546,0.03986748771125301,0.041978354365712144,0.03408280713999202,0.03320543654694813,0.04436813311436449,0.04045150474337312,0.03653321037856862
AATCGGTAGTAACCCT-1,0.037160892019260615,0.04171941352160354,0.035976524487681134,0.03672875669903654,0.039357088029228784,0.039950308684949504,0.040558117639177264,0.04224697484891549,0.03974083688524218,0.052260016815946136,0.04176654755651783,0.042081429089341836,0.04305673023796487,0.04251136234586421,0.04373894097459239,0.036700283412621416,0.03774590463784247,0.03908991900831471,0.039218091763265545,0.04103407997433603,0.03571332723091966,0.03229650888028986,0.04168453488996945,0.03872370459664291,0.03893970577047548
CACAGGCAGACTAGGC-1,0.035750085470244275,0.04363202883774995,0.03609470116977376,0.03886932734480957,0.03919803033714995,0.03750307949943849,0.041147400318062334,0.045502400453152264,0.04144886008286678,0.04664517804358018,0.04152890570559453,0.04250641863599962,0.04213621215720452,0.042532780613317056,0.042298772850221274,0.03797709243376707,0.037801393451765114,0.03748636229226085,0.03976350551039777,0.04101664721574206,0.032546292822460084,0.03443683605144663,0.04350869587124225,0.041263954422494566,0.037405038409259
ACGCCGATCTGATACG-1,0.03713257899451501,0.0443389991094956,0.03694811952595839,0.03835951704124407,0.0423413256798581,0.039228486867740935,0.04235147295260721,0.03829309732842795,0.041516580956315156,0.04623738258811008,0.037726643621262386,0.03821882747701503,0.04058403102580407,0.03843900982758488,0.038229696830060965,0.03835817775845338,0.03948490714703132,0.03774177189451837,0.03723046224929176,0.0385798387168188,0.035842965888170514,0.04955742444152576,0.043815675241469065,0.041352045640098506,0.038090961196622766
CAGCATAGTATGAAAC-1,0.04566103468546751,0.04531256213315809,0.037421210677909635,0.04000128839841633,0.038372211415375494,0.03720686712916225,0.03697123790709022,0.036407689911176364,0.039532389775662015,0.042878496658156955,0.03575420052268947,0.035033387767816476,0.03680497488381233,0.035949068091100246,0.03596341496060955,0.04046779417751069,0.06881879380523105,0.03652792323198235,0.035960956365263023,0.0370347072575184,0.045805412688437505,0.04443282479653297,0.027084754523154158,0.04189549001524156,0.04270130822152544
ACGTCAAAGCCCGAAA-1,0.03650002616128846,0.04365243796979355,0.035461761029249285,0.037563668447558284,0.04362061207770241,0.039903212618602656,0.04327365252027353,0.03971748964825961,0.04164545792779911,0.045920528488405464,0.03932127600561954,0.03928800402225727,0.04032877375254855,0.03926683793649877,0.03839332537948491,0.036936124376801625,0.03982901610958939,0.037511414377129355,0.03760390088304257,0.038969433394565066,0.03509199877415047,0.04958742919667204,0.041892170560604305,0.04027707325520929,0.038444375086894224
AAACCTGCAGTGGAGT-1,0.03545697926162514,0.03973118786964138,0.03686061147570666,0.03763501947820843,0.04108567499357071,0.04097647868671565,0.04093503689927393,0.043621414741089014,0.04117622522300593,0.047622898713766196,0.041070355921999875,0.04231274309987171,0.04173472897841851,0.04260062128542827,0.04191728188109815,0.03764536561923901,0.03647416273771701,0.04049655808625361,0.04104371693325274,0.04126755973888285,0.03510728336065574,0.033496187242904,0.042570514778289624,0.03987003135631241,0.03729136163707331
AAAGATGTCGTTACGA-1,0.040106862354145525,0.04378587477546913,0.05134686042499456,0.05750733192733145,0.03491721881628108,0.03495900211366175,0.03465954795375568,0.03489241051331648,0.0351626150086453,0.041530293531807934,0.0335778272992867,0.033618656287769125,0.03421536854217786,0.03408433799159056,0.03313464857556639,0.05762695133745566,0.039708023769002336,0.036102420793833814,0.035888127279564926,0.03644801050341618,0.036454478981452924,0.046029270008722804,0.05557640747389481,0.0353484198577111,0.0433190338791458
AACTCTTTCATGGTCA-1,0.03682570720330944,0.0424182934737043,0.03559893901363751,0.03820733927739861,0.03699597395922072,0.03627415802933496,0.037793638066027986,0.042342326513668184,0.03844220246033538,0.05826468952571549,0.04112697897461548,0.04219467412005913,0.040627932085135376,0.04246412990912837,0.04006194594686582,0.03788235048405763,0.03729884864121772,0.04126893042085048,0.044027266949962625,0.04468867069484321,0.03336419562901174,0.028526014609077464,0.044464128418752746,0.04091015092313211,0.03793051467093759
CCTTCGAAGAAGAAGC-1,0.03926725453247503,0.04339616813829844,0.049512490573041044,0.05903614278897964,0.03474185120449957,0.03448410634916791,0.03420833133619338,0.03348398451635319,0.03398807602533849,0.041861897082592296,0.03280254889282915,0.032941357709613726,0.03316957617443866,0.033089505310285774,0.03251085663531629,0.053783836073917075,0.03921581809259394,0.03502626615126703,0.03436721707172807,0.03507100841142032,0.03512179479710825,0.0461584308542909,0.05366422691927202,0.05599784548069775,0.043099408878282106
AACTCTTTCTTGTATC-1,0.042656423044460164,0.04165131777155056,0.049200544563141345,0.03973700818156968,0.03659758731946598,0.03663999985525311,0.036653759328701664,0.03698148430851316,0.03670933564528974,0.03893011191349878,0.03639306145315284,0.0366390363643254,0.03598546138517521,0.036520955755217105,0.0365448487158644,0.04943176875370947,0.04062882885429407,0.03741946493174846,0.038028487801303225,0.0377008647285067,0.038181629703809006,0.041994256485760835,0.0469503263537661,0.04913268493893756,0.04269075184298534
TCTGGAAAGAAGAAGC-1,0.03555331391851189,0.040183120107827534,0.03521628733263929,0.03667762370491571,0.03889373837496611,0.03768230743819309,0.03775562279195861,0.03987604856489965,0.038363025352721174,0.047403051122961996,0.04113764043602679,0.03914720180814131,0.039904018647014476,0.040013158278031084,0.040242349066265844,0.03636179458499149,0.038425185021110975,0.05974178446642709,0.042344559063481516,0.04353581566982672,0.03514375846567448,0.03790311811605637,0.04207447887242114,0.04017183269969055,0.03624916609524527
AATCCAGCATGCCCGA-1,0.0359898546698957,0.04118889651583859,0.03601483498162551,0.037825365436702646,0.04073944671539939,0.03953288856796683,0.04227690704627426,0.04163135040527264,0.04051422869768132,0.04440851660563731,0.04045748980464891,0.04048267451433806,0.041641919713056315,0.04073433154634441,0.04129701820782102,0.03725569523136569,0.03850931163862698,0.03972757355797929,0.038882086584878774,0.03974923022231788,0.03535493153007687,0.04701565900009006,0.04225283630502855,0.03882078397126952,0.03769616852986341
CTTGGCTCAGCCAATT-1,0.038253024545634,0.0434169521126081,0.04211749276777502,0.045006322340360054,0.03614667085086951,0.035860834574351026,0.03636694215503,0.040335730097300536,0.0373392628354719,0.04805525688854964,0.03807059944730752,0.03912198189026268,0.03766994343715583,0.03878509789124362,0.03701882976147353,0.043628931801018664,0.037660146380798766,0.03778576540709621,0.037710914787160925,0.03898543089131648,0.034141088215467595,0.03619766578419838,0.04327598000153994,0.05400240517736277,0.043046729958647376
ATTGGACGTCAGTGGA-2,0.03792143737793614,0.05083430601562035,0.037032958685278075,0.038837542302347,0.037108425185969116,0.0361646080348444,0.03790673584356575,0.03909701948596068,0.036953846072290096,0.04615152591434123,0.039544497875436735,0.03904135769893688,0.03911136153615035,0.03857664945564899,0.039469027804925366,0.03869184563460697,0.04028570842304064,0.03792043700499641,0.03820744186149083,0.03911306082520633,0.03728624636486686,0.04812525877624891,0.04513197042238127,0.041076316670670146,0.040410414727240496
AAGGCAGCAATAAGCA-1,0.06247106845616865,0.03632406904898923,0.03804849889966982,0.04241533475185944,0.03846927487681592,0.036157529749533734,0.03634643059468791,0.03560061850926055,0.038020692375713615,0.04255091209345645,0.035865479521197306,0.034463233892908104,0.03583900245010107,0.03508572803054254,0.034733457178030135,0.04115408417522298,0.04757811579152631,0.03546747482833886,0.03465249577621838,0.03552688255774484,0.04320624552471569,0.04796777238718524,0.04097058371665661,0.04526396045433242,0.04582105435912432
ATAACGCGTCTCCATC-1,0.0348923396397415,0.04107278014839349,0.03479767934471629,0.037251204936808925,0.042543663954559024,0.03904091459944489,0.04254846688070734,0.04428234759912792,0.04190482740483889,0.04870749132297872,0.042590593757078146,0.04315814706333297,0.042104805883799765,0.04355529377798377,0.04260657175142819,0.03643127658541551,0.03778105465549264,0.039179856443639166,0.03945189344650048,0.040763693478598144,0.03371741156822277,0.03356028567730076,0.04161796231417461,0.039763689964768444,0.036675747800947525
AAGGAGCAGGCATTGG-1,0.03967135085767377,0.039332179458679145,0.05662294703155379,0.05309108879193581,0.03494146313577781,0.036396206635935596,0.03558976446920276,0.03668752031195474,0.03508708791768718,0.03855266721272306,0.0351635531311706,0.035555218567267864,0.03549296754008047,0.035371965719916895,0.03489260715526605,0.051785130712793184,0.03739350690331469,0.03659163892431517,0.036685519898369504,0.03628822951242264,0.036168514445513694,0.04124298468113836,0.046976142798323184,0.051368234091081856,0.043051510095902176
CAACCAATCTACCAGA-2,0.03695852664155256,0.044439037753302775,0.037287543219333426,0.03964410211098045,0.037479021586978606,0.03655763070010873,0.03767432793693295,0.04202381139644786,0.03846207664375266,0.03998485022524071,0.041148836182095916,0.041885246903526616,0.040061581724315995,0.041621181107831924,0.040253560332292056,0.04021893367336364,0.03817231045056894,0.03983012045005334,0.042013532105633376,0.04227079223631738,0.034986744820066897,0.04099603143457222,0.044664093975388806,0.042111989609511596,0.0392541167798304
CACCAGGCACGAAACG-1,0.03586254837473969,0.04181409593811302,0.035294905801679995,0.038851627959032645,0.038205751033589544,0.036894240737493374,0.03951299780419324,0.043088284620920334,0.03970354939012422,0.04912216241914654,0.042114245300257945,0.04254836524831612,0.04142534111833465,0.042575251144678035,0.04191394744744249,0.03762744546305529,0.03840440912161956,0.04105026644622581,0.04244255841439159,0.0436160768024274,0.033387583097393495,0.032982190799796696,0.04274310128297773,0.040738951224756334,0.03808010300929437
TGACAACCACCGTTGG-1,0.04054670260139379,0.04711861993168581,0.04022212482341888,0.040832193550505505,0.036904585387229724,0.035427533470931596,0.035807437821497076,0.03630887751252299,0.037169368483439616,0.041573015992221615,0.036523801813464846,0.03579819325922882,0.03514961825574986,0.03592509677920244,0.03595524455240067,0.041608627757257086,0.04076090789683025,0.03723373682704764,0.037665438547345303,0.03711133761880413,0.0381468919793139,0.04491958711857026,0.04865813415379345,0.045295156679812515,0.05733776718633223
ACGTCAATCAGCCTAA-1,0.036997264713086085,0.043682597528169505,0.03576000000169804,0.03830830701872801,0.043149431425394166,0.039928911927667565,0.04088858031577285,0.039482874646572096,0.04237133872414208,0.046753702889528535,0.039778714580579216,0.03767066712900635,0.04027907395130217,0.03848246108957867,0.03818456844883803,0.03819412920150474,0.03951570481928556,0.03786635890503602,0.03740072910162519,0.03894026833220767,0.03643106357702286,0.050025244937776187,0.04321902858410588,0.03962514693346978,0.03706383121790268
AAGGAGCTCAACTCTT-1,0.03584078813450555,0.039432939178980254,0.03467661899738102,0.03843264499252489,0.03844752369430369,0.03586577439354521,0.03616381212594999,0.045437862637299924,0.03740025188181869,0.04785166902424592,0.04302341700120589,0.04334400000731292,0.04131033919937382,0.04303517365491196,0.04154143423642505,0.03715011733667994,0.036392327187757804,0.04199422226995689,0.04509041122596101,0.045266901821952005,0.03379662092117283,0.04511090826278353,0.03880010188760307,0.0369825657287844,0.03761157419756372
TACCTATGTCGAAAGC-1,0.0417045262913265,0.045751514835237796,0.04141729150721961,0.04237018223645755,0.03664370206060315,0.03581734786748458,0.03645088250683956,0.035890446005880136,0.036591874358922104,0.04048770911106012,0.03610833031451375,0.03528753298811043,0.03493723484858028,0.03547954993938868,0.03550350097171974,0.04363196679287102,0.041351451787700125,0.037345835299367906,0.03751811293206536,0.03702437144852865,0.03894826498982178,0.04414525143265068,0.0474334123754334,0.04586435127743731,0.056295355820779706
ACGAGCCTCTTGACGA-1,0.035273755343940366,0.04184032392067209,0.03489782569311151,0.037754131659030694,0.036553464334156786,0.03646557377611233,0.03855159514321073,0.04419262804121235,0.038271308417455595,0.05210229923847542,0.043580368588080017,0.045104412773632176,0.04215182412485918,0.04467002966443983,0.04230292553786968,0.03739511196513861,0.03526351122478922,0.04180823578890094,0.04581968104383317,0.04527724576716872,0.03339636174809326,0.030274492799268124,0.04037785166828704,0.03917572908071435,0.03749931265754779
ACAGCCGCACCGCTAG-1,0.03811789330094655,0.04337754509413721,0.050808185399739095,0.053118857648292724,0.03496906740047684,0.03487017189289576,0.03455256992203495,0.03467217709996352,0.03520288904874862,0.04001678287761425,0.033528291502287706,0.0336283262853054,0.03416378938764448,0.03404049501358403,0.0335202923309042,0.05299693976028014,0.038193907486164504,0.03569416036230269,0.03504952661396977,0.035743099338658386,0.03542026360271929,0.044528036771552676,0.053739779363434895,0.05717735521657497,0.04286959727976711
AAATGCCCATGCGCAC-1,0.036597722135578624,0.0440664514579134,0.03712466250402106,0.038893535666444615,0.04352940056063137,0.04029286539729857,0.04222522210200328,0.04048267116627798,0.043756052946469774,0.037228025476759845,0.03932924612757199,0.03943886845273135,0.041815854271802906,0.0398703892205948,0.03917644068298523,0.0384464714719256,0.039600854301897664,0.03907128690644736,0.03770648553380071,0.039465876201895726,0.03620943126689799,0.04384662120153216,0.04308913527514158,0.04011158966410778,0.03862484000726879
AGTTGGTAGTGTGGCA-1,0.06638936864792236,0.03475188966965298,0.03951502296658094,0.04271894507337295,0.036345825938462466,0.03490713811496,0.03570238217349592,0.03629103414701929,0.03704937621035271,0.04173944536869966,0.0346042675595523,0.03522885088612913,0.035956298253300885,0.0351155080843911,0.035143539069266184,0.042355766569050296,0.04678854356824007,0.03587691673197684,0.035169988061647596,0.03537569580554574,0.04140627566426466,0.04724916549394381,0.04180015110499469,0.046723660793112146,0.04579494404406547
ACCGTAAGTATCGCAT-1,0.03711442396631563,0.04340454593844601,0.03700094075916977,0.03769170374370334,0.0437759960374137,0.04058920995672584,0.044059763594973975,0.03950474109901008,0.042218112498300944,0.0446031589314558,0.038786900806477224,0.037952042727380654,0.04090111878158426,0.038807950680414496,0.03820630566193107,0.03710804256196922,0.040208575661804816,0.03823515612265735,0.03708840805367195,0.037907166138248245,0.036691588961545146,0.047410744818452526,0.0436053109338333,0.039405643060973015,0.037722448503541534
AAGGCAGAGGGCTCTC-1,0.03478780636664137,0.03991217095098107,0.03501385561122792,0.037756554124278384,0.03649660750814633,0.03670115795503302,0.03707445405374568,0.043513317321062124,0.03827575940159726,0.049466956580075494,0.04333232041177776,0.04375694607843322,0.03986055710390294,0.04293094009302567,0.04202894158768506,0.03751027027167953,0.036148935520587316,0.043919597025643936,0.047065788726381314,0.046579055491661844,0.034043430524227765,0.03439550288444123,0.04157607555480569,0.03995891811235572,0.03789408074060223
AGAGCGACAAAGGAAG-1,0.03743149646087159,0.04369919155625773,0.037473075056910235,0.03866924491784693,0.042907223762636275,0.03982597059589556,0.042024808715216334,0.03975980729379829,0.041792080240694585,0.044208669346687685,0.03906571354695277,0.0383711841120769,0.03979789494134987,0.038792838692410625,0.038848356163065034,0.03843565613819002,0.03952335703985419,0.037489181136884174,0.03763966248285182,0.03862071877371786,0.03562713012297488,0.04700265662821263,0.0436595123180087,0.041131837594955464,0.03820273236167954
AACCGCGTCCTCCTAG-1,0.03674010262845462,0.04122638198059475,0.036550040633222904,0.0393043451813305,0.04288891108308517,0.03970933685654218,0.04453205706988383,0.04059062742526094,0.04134070314818386,0.045415750288025455,0.038758904346952054,0.03742055421958124,0.04034940549812767,0.03856962666378303,0.03833639699562283,0.03825292197888916,0.039302384230323124,0.03791394378174536,0.03701508231202411,0.038650302740464056,0.03578267895318748,0.0479623556772059,0.04366322712337239,0.04096659954214377,0.03875735964199371
AGACGTTTCAACACCA-1,0.03558447469409534,0.04055385915342566,0.03472330794570386,0.03867283736784376,0.03508305642020647,0.03498088468621888,0.036046601926468545,0.04146801009222163,0.03621884075362988,0.04850954240152958,0.042257723480721515,0.04086946681073942,0.037186656054967904,0.04108264312838466,0.03985878903297445,0.03661597552161494,0.0360987629582359,0.044599394314503694,0.0569780974044419,0.05344984532014015,0.03304302007696182,0.03705980032343176,0.04181750706960644,0.03918340706356632,0.03805749599836542
ACCCACTCATTGGGCC-2,0.03704026023822306,0.04257634290452686,0.03804300663121367,0.04279880707719569,0.04119167659152761,0.04443398930722839,0.04077833038420678,0.03715997900014292,0.03719338082488453,0.03755214372360507,0.04153689474556505,0.03718447466783439,0.04175330020288492,0.042143150547518556,0.04245897276063715,0.04233484975856308,0.03837574396925882,0.03714994992247133,0.037154907293456704,0.03832369783065674,0.043114205330796636,0.03790436438459142,0.042485045261492084,0.04236182847702764,0.03695069816449074
AAAGCAAGTCTTGATG-1,0.03383280010922781,0.03874175179326261,0.035002051413890685,0.037474441563241284,0.037011531548239655,0.03586017146100997,0.03723114246066765,0.04369609509627079,0.03691917468659174,0.04368109329789282,0.04309578414519248,0.042815818997103995,0.040280486157479437,0.044154766423986386,0.04264391784003459,0.036110104937603665,0.03580220739485771,0.04390490139788929,0.051495686347987346,0.050345489523037815,0.03265137426565257,0.04515527074250336,0.03892663259077606,0.037563699183892206,0.03560360662170827
AGCAGCCTCAAAGACA-1,0.036810586263008385,0.04228717106001694,0.042436041150869616,0.04449494096030966,0.036510650294108854,0.03736189565656631,0.043477707534143525,0.04149623073569293,0.03660217206410572,0.03749110121025776,0.03722403030386633,0.042554966949281015,0.03747771611218759,0.03647354223668944,0.03649168238120238,0.043424424209411734,0.03680887777498757,0.043571067162739285,0.04389518398244105,0.04274830072525897,0.03668399131804473,0.04078433548350121,0.043098595726264316,0.043011028413548216,0.036783760291496534
CAACTAGAGCCTCGTG-1,0.04334606787029679,0.043488369358080696,0.037793262418949036,0.03883177058549916,0.03910395709690305,0.03720808115494054,0.037961382375733446,0.035350907209210594,0.04152271706886485,0.04009826458449376,0.036368525107257674,0.034930117899787665,0.035485628555947724,0.034891534042150465,0.035447415236966213,0.03799458499762489,0.05310388745753399,0.0362226840454296,0.03579389699108046,0.036035448781631785,0.06018819142064883,0.04320780654972282,0.0439933984901523,0.041426836471155526,0.04020526422993804
CGATGTAGTTCACCTC-1,0.041006305604290985,0.04332077761295272,0.05507876733208505,0.035886196800913255,0.036796492391637146,0.03635095175671802,0.03785575335879254,0.03761145954100243,0.0365909462335539,0.04321055224070841,0.035935489134422356,0.03731680095911881,0.03636054951228086,0.03706076188117653,0.037092130650540976,0.03869704344873206,0.040285849572158645,0.038685113046442364,0.039189910015632594,0.03921367499576925,0.037103739696932085,0.04637386424159212,0.05255965620733539,0.03649926961252269,0.04391794415268885
AAATGCCGTTGTTTGG-1,0.040052443472547286,0.04717672647160068,0.041926496351213746,0.040574539263256874,0.03714001975882142,0.03623438192522347,0.0366387849898844,0.035995568445558415,0.036466924020253304,0.0403801739694068,0.03572046446546517,0.036067401322370574,0.03533595758870039,0.03561141390154708,0.03510238633568717,0.0421304014679719,0.04044090739523977,0.03725556008195169,0.03748271481750947,0.036967515636713584,0.03871387916744499,0.04739398926270213,0.049155257127044855,0.045989346142644244,0.05404674661924064
ACGATGTGTCTTGATG-1,0.035283605849621716,0.04008452285561056,0.035217531897548324,0.03763568987020865,0.03795502323841695,0.03636580769909391,0.03820866574274724,0.04402959735492265,0.03959515710235559,0.04871511433752436,0.04380626502685571,0.04360434315850435,0.04087129425775211,0.04244033071985385,0.0417246378130551,0.03564149203401387,0.037341039047179,0.041177342276416146,0.04323549812817343,0.04410378452595376,0.03378342117799947,0.0454672279895965,0.039853857684409244,0.03733315002399245,0.03652560018819492
AGCGTATCACCTATCC-1,0.03591794077020931,0.04079557588780572,0.03604167395768081,0.037648494943550256,0.03842404263612617,0.03766565073363173,0.03717785234781688,0.04199449757104613,0.03835822842349075,0.044220446186426864,0.0413608619498257,0.043096274244615956,0.040094706757326085,0.043791928943223285,0.04184434148851033,0.03749450810617288,0.03674520017676891,0.043071329056985165,0.042999628552766934,0.04916484703912871,0.03359254703064038,0.03979164124577018,0.04129660067654691,0.03959043536339351,0.03782074591054037
AAAGCAAGTAGGACAC-1,0.038948132812433534,0.043000108391362264,0.051639843751879154,0.051108026006688775,0.034718481456796235,0.035102723241663615,0.035516088191390634,0.03473170348923866,0.03495205446901833,0.03902686900939185,0.03409129954743724,0.034497136348925685,0.03472200539195385,0.03432257624370376,0.03432727074576007,0.052776510955914825,0.03910959569429854,0.03627851488645047,0.035758467266512245,0.03606500454355168,0.03503046138600484,0.04438913500860567,0.05059732922108742,0.05585402613107415,0.04343663580885647
AATCGGTCAATCGGTT-1,0.039325394443912184,0.04295596674238923,0.03543738359880286,0.03830236916685873,0.038098224066527596,0.03664992210627243,0.038898630069791905,0.04304190082906391,0.038866632525065566,0.04625404116176133,0.040004279192235453,0.04151916160363562,0.04151026846744271,0.042615895423497044,0.04047422401555791,0.03727187183070076,0.04114049894583106,0.04041862594887184,0.04080906234075804,0.04299879725860303,0.0389569170809401,0.028816651717962282,0.04457567391872992,0.04168099763426964,0.03937660991051857
CGGACGTCATTGTGCA-2,0.03995447282065447,0.05723762007065279,0.03827670469437409,0.04064275494235398,0.03816792214971171,0.03604186108765108,0.03684259649665262,0.03670219693285562,0.037590680969406716,0.04324784865055309,0.035911561837490336,0.035739342432110195,0.035921869563665755,0.03584045302551755,0.03561207801757873,0.03990096111261463,0.04145522355351364,0.03578829736094686,0.035623338949124804,0.03644278655545079,0.03880613916920008,0.05040120759071615,0.04954511481283306,0.044711186606011415,0.04359578059835973
ACTGCTCGTAGGCATG-1,0.035942860558256254,0.04055686833220262,0.03614784962701893,0.037458583305031545,0.04321888694060421,0.04243672670911146,0.044687494382573585,0.041660896687433766,0.04131096803188646,0.044976655423515186,0.040660450576725106,0.04044690333710605,0.04435067110810757,0.041790244112879175,0.04149781337563195,0.03711077902598716,0.0376263867196778,0.03917931292259519,0.03856530448848528,0.03867441676905145,0.035914486903683464,0.03605268844050899,0.042805192082844064,0.03993130410966166,0.036996256029421005
AACGTTGTCAAGGTAA-1,0.036177231116136875,0.04246295034961944,0.03634869753654632,0.03873080099464582,0.03686979171632882,0.036037406896808226,0.038813346786093474,0.043207930059131254,0.03946190060393115,0.05138574163965038,0.04184036480634451,0.043638433442932396,0.04094887612105624,0.04330123530273266,0.04159575579123145,0.03785728902577889,0.037455498306046456,0.039901617577402015,0.044116418815354275,0.044578667456695927,0.03431310805542259,0.030754178968161284,0.04298715932574215,0.039755172414849,0.037460426891358395
AACTCTTAGGGCACTA-1,0.03527773774516751,0.04028607808444921,0.036523897256211406,0.03979326734418176,0.036951775667767424,0.035181063083867675,0.03598704079829186,0.04312672616501551,0.036497771507614504,0.04832243384209979,0.040743357513631354,0.042553894076378794,0.0397647384890627,0.041875340671409765,0.04073449590822179,0.038660483995384486,0.0367362818091059,0.043739501263181914,0.044901612501641944,0.045483894643288225,0.033219551664254214,0.04509058153192465,0.041362772108098154,0.039308363870581585,0.037877338459167915
TTCGAAGGTACCGCTG-1,0.040253805837342664,0.05890056410229831,0.038399420388735464,0.04038238019099991,0.036707638357521485,0.03508478524848039,0.03707294878576352,0.03714714115964459,0.03825657867564583,0.043483725848354714,0.03543657374045712,0.035717409731358174,0.03598179023526096,0.03590015006964863,0.035594791875057694,0.03954267888518609,0.04258310809250809,0.036430707317225614,0.0359452084586928,0.03687763394428003,0.03820324102869302,0.049198456762856085,0.04860502589881018,0.04472978078908714,0.043564454576091635
ATCACGAGTTCAGGCC-1,0.036093176398650444,0.042126661224362975,0.04213280238282589,0.04255956331646766,0.038654206659192517,0.04274027633054744,0.04260561691562042,0.03724860599455141,0.03749998159725293,0.038401757723906554,0.038328700074773146,0.03742711871847627,0.03740715913161253,0.037342112961206604,0.03736009934260486,0.042445032442609734,0.03778008052606716,0.0423073557873764,0.03853051578494216,0.043178816254600134,0.043983570192022876,0.04234411107531815,0.042412037992925394,0.042668307404109845,0.03642233376797667
AACTTTCCACAAGCCC-1,0.03616514098005999,0.03961029786611187,0.033942670583923445,0.03796412375705431,0.03584941686820412,0.03648509381869753,0.03790497123243449,0.042859351754718465,0.03713932860257014,0.04543281396286711,0.04224716505964937,0.04324375786964133,0.04029285435720685,0.04287123647656593,0.04096301777955842,0.036865151016175456,0.03638741172976425,0.04398372398250658,0.04918746758610945,0.04895404506960557,0.03258369569722694,0.04516640603184722,0.03961386196966581,0.037566542171628345,0.03672045377620698
ACTGTCCAGTGGTAAT-1,0.04957414650352464,0.04401160672168861,0.037781006200797454,0.039800913485301286,0.03856656588684717,0.036317289941116895,0.037243376477920566,0.035511815444785766,0.03889079181081718,0.038791788342728784,0.03548589649265202,0.03485106998370448,0.034855444012965385,0.035200312350124684,0.034799632300560754,0.03962767239194618,0.04447075803505806,0.035391223080666584,0.03541058064549792,0.03522445107734772,0.06707470726437767,0.043514917579099435,0.04432915106428851,0.04247067248783106,0.04080421041835115
AGCTCTCGTCTCTTAT-1,0.03552488036412083,0.041039204410753705,0.03564085583177933,0.038340637020151815,0.03629840057773472,0.03627535909114234,0.03845331725971077,0.044786150378411056,0.0382670466000938,0.0537651800071421,0.043046323225029735,0.04447342209195312,0.041789474472039595,0.043577533097279186,0.04192958390721851,0.0375044243359603,0.036963320577870634,0.04174932716784511,0.04471108372561106,0.04534951852197991,0.033120663918041506,0.029361233078676413,0.04167957620714144,0.03965395397665373,0.03669953015565929
GTGAAGGGTATATGAG-2,0.03883519403471477,0.0420006689131476,0.03870273129980267,0.038894282836073275,0.04079972895778562,0.039934080598483496,0.03995917115254457,0.03858752287030485,0.03975004573553375,0.042547031000634304,0.03852992597515028,0.03877841133403119,0.039800529439075555,0.039171696693952755,0.039275014320888896,0.03958667577134661,0.03900469994585952,0.038093918826751255,0.03817043954619548,0.038565050801227414,0.03769080991313386,0.042919981499017164,0.04366724231204521,0.04054165265922837,0.04619349356307143
ACTATCTAGGGATGGG-1,0.03834580130287397,0.04226878153288774,0.05995458756393079,0.049296263226946545,0.033738607053473146,0.0345921098161362,0.03452794631316763,0.03505067936170818,0.034946262535059405,0.03977061385551539,0.033746128775147786,0.034829052122049946,0.034096073015501334,0.03397050024619451,0.03367056355102961,0.05612374546412836,0.03876340819319283,0.03606950844884053,0.0356495351571402,0.03546983082392948,0.03504245276630099,0.04414318555755498,0.051026411002198145,0.05264742988407435,0.04226052243101805
GATCTAGGTTGGTGGA-2,0.03862934384280792,0.04465353103319099,0.039516203764160054,0.04101220090256431,0.03448121974354063,0.03495556008872996,0.035840986433374994,0.03816211026861419,0.03490456445214765,0.043068408573611876,0.038826831844547216,0.03836692693037259,0.03638575023388074,0.03841722067740791,0.037104777169417825,0.04128809578449914,0.038744109808192526,0.04001499088811318,0.041857745518625776,0.041262644836742336,0.03696020783296624,0.046537120364217324,0.027395123878826474,0.04497526003979257,0.06663906508965566
ACGATGTAGTGTACCT-1,0.04066628150038368,0.0442706904636054,0.04947110196374471,0.05042691422017218,0.034566471574509,0.03478597416805986,0.034382903778324585,0.03507545305554504,0.03534385232040868,0.039406532719864516,0.03373344785819567,0.03402800879771623,0.03426724020439869,0.03415724123263685,0.03390026770063948,0.051681229792170845,0.04010597811956234,0.03568162363059764,0.03497207674219592,0.03510364401033487,0.03690590352196604,0.04537960586165538,0.05177897180154503,0.05616821332560932,0.04374037163615814
GCATACATCAATCTCT-1,0.03621865711815534,0.045128401853658705,0.0370057466935575,0.03913264929687483,0.04035215012004418,0.03806925995429902,0.04056116011035361,0.040245024229092326,0.04035396439074417,0.04715663399851162,0.038713517059135616,0.03834807586002175,0.03971513293340969,0.038655902512006055,0.03876642384648069,0.03868504744476752,0.03915729298587724,0.03729178106067123,0.03722652723370537,0.03821000754372163,0.0355454590790461,0.051225084335585404,0.04486335284642433,0.041545996581767074,0.03782675091208858
AGCGGTCCACATCCGG-1,0.05328397972688291,0.042378551612310994,0.03650894147215713,0.03780877970788069,0.037275291476919006,0.036675989735147234,0.035839757303131096,0.037201901729374987,0.037566356620569556,0.04025397974996654,0.0362737288886286,0.03574595439509732,0.036720641385854166,0.03558936137974752,0.035643357350601604,0.03790428871843695,0.05557803008971534,0.03618922806092695,0.035794274459394024,0.036260147424119524,0.05936512416336334,0.04127799479476324,0.03996980131730637,0.04069491804321397,0.042199620394490905
CACACAATCATGTAGC-1,0.04261690452619102,0.0447583582800935,0.03644564001825862,0.03936574622669268,0.03736867593278324,0.035489230241322604,0.03632750774390953,0.039810908284591086,0.037133200740975494,0.049728146333574114,0.03932852910233177,0.038975154781803106,0.03761959519474738,0.03910769287962785,0.03775038631682835,0.03906620333008507,0.043272835090181705,0.04178973833131438,0.04375118853257799,0.04216711528225997,0.03916099012641479,0.04232133458323018,0.03233012095279286,0.04322667853098976,0.041088118636422914
ACGTCAAGTAGCGCTC-1,0.03502087446446962,0.03909489675176295,0.035860012419107225,0.037789687878142214,0.036513730476590074,0.03512943030597374,0.036681462990968285,0.04151500682031148,0.03731799726460204,0.04166962679539969,0.04282946335404454,0.04301643017742013,0.04057886929310884,0.04280154226517372,0.04131427928217925,0.0374210343534856,0.036193145967983,0.04288923449011824,0.052394242847657896,0.0496392640270601,0.034370397865794836,0.04447086448884061,0.04019207666241532,0.03850460362130843,0.03679182513608204
AAGCCGCGTTACGTCA-1,0.03598983745375271,0.04289461967323699,0.03630319861925755,0.03714232949912733,0.0401078180049536,0.039270585100687344,0.04141387850164188,0.041991135998297055,0.03856509857128272,0.04314556762390373,0.04333282306775012,0.0418345002283515,0.042176732039712964,0.040731443091212315,0.041889287811447073,0.0380019693000104,0.038089150971894005,0.04022092439125368,0.04164042993941117,0.04289865000206713,0.034682377828600945,0.03634687054337567,0.04229322723976128,0.04039099093985787,0.038646553559152835
AGCTCCTTCGTTACAG-1,0.03681463107027723,0.042595867575937744,0.03592617422573901,0.038815831112818576,0.039987678861833874,0.03665236423727432,0.03986396190809284,0.04429439598483853,0.041183977072094334,0.05461269280215281,0.04032770658924199,0.04222517917997757,0.041948952380191896,0.04226639215086558,0.04157599946914338,0.03768175528848057,0.03835875559442247,0.038264151381344626,0.03962589648833449,0.041224310392618264,0.034420820281172174,0.02928387374238613,0.04386670006194091,0.04070540485226008,0.03747652729656067
AGCAGCCAGCGATGAC-1,0.039357440974090704,0.03976938942747784,0.0402962801699575,0.04236618801292026,0.0421672419682843,0.04078716698512713,0.039817529603565785,0.03957590160818182,0.03831370352390985,0.04095549182296963,0.03782978960868435,0.03830382846070001,0.039091170850010376,0.03910229644954281,0.03970747753261822,0.03997766548715557,0.03937583006362377,0.03826554945544909,0.038271045729565106,0.040560378330445165,0.040194186725152216,0.04268513039389725,0.04193777432360034,0.04256380510707965,0.03872773738599136
GGGTCTGAGGTGATAT-2,0.04070304570970896,0.045193352861059896,0.04115365580617317,0.04031815542512917,0.03734115654957814,0.03610649165851416,0.03690235164247923,0.036219362900599995,0.03697163142730393,0.04042860647605447,0.036427317716452405,0.0360277029825371,0.03589927193879651,0.03586671633909132,0.03559692188663378,0.04196693477671192,0.040947933803796945,0.03664329308071718,0.03733917966556293,0.03729242013720008,0.03908379134767297,0.04536412521577793,0.04817578993637145,0.04529226877854624,0.05673852193753006
ACGAGGAAGGAACTGC-1,0.03546682091559033,0.04063973906201479,0.034693196829489695,0.03925299149691978,0.03654668561918799,0.035270629676971504,0.03584511704431481,0.04148685025751419,0.036408833883540055,0.036804626984635644,0.041820212230357964,0.041177341247949556,0.03804513315602547,0.04092993461086805,0.04005025738705928,0.03767539830181977,0.03648662168540768,0.04275911761091481,0.0658285220091536,0.04603893361691801,0.03298527511680896,0.04583711645932273,0.041430696995038395,0.039016768223861346,0.03750317957831556
CTTAGGACACGACTCG-1,0.03997934384578415,0.04504501211599614,0.04826497544671566,0.051631595032275386,0.03493819521875334,0.03491827208872762,0.03512457545343013,0.03541775378031717,0.03546269931571155,0.041146289617566126,0.034559324594696794,0.03500168303376647,0.03467414404427476,0.03509229897847531,0.0345594882040063,0.052171388530457,0.03968367337604999,0.03704818712350276,0.03609900811811068,0.036559342349232464,0.03569352575342244,0.046898410499946065,0.03200644571546112,0.06180729798572566,0.046217069777594856
CTAGAGTAGAAGGTGA-1,0.03961143727358943,0.044292188614860256,0.04830233665511081,0.04929788292534752,0.03503384825758093,0.035182075509734005,0.036097062705387754,0.035731792972289095,0.03622023176987694,0.04077156019074326,0.03417611075200993,0.035426540750930435,0.03484746054091838,0.03492925829465123,0.03446022501614447,0.05056946036744777,0.038258281498136835,0.035526082604186264,0.0358449642803616,0.03605132960715879,0.035291333703943294,0.04566700323050586,0.05111398675993171,0.054040872759303166,0.04325667295985019
ATCCACCCATCAGTCA-1,0.03947438986166307,0.043271792206549205,0.05053220302500543,0.06025460298641562,0.03467569346875477,0.03475737937399035,0.03485754402792767,0.03440819020701102,0.03566745240810218,0.0409698367613916,0.03423579174727441,0.033920446335172355,0.03421621160496552,0.034619908543285345,0.033762868705825344,0.05579128105001602,0.03919109503345426,0.035934699660017624,0.03582264861771859,0.035982685836305976,0.035498572379224776,0.04666571466541441,0.055989730840698415,0.03536002829054171,0.04413923236327426
GCTGCTTCATTACGAC-2,0.0414880212030186,0.0467281666258317,0.040977256417275974,0.04142238877122876,0.036822374724410606,0.03547495934986311,0.03550607517343847,0.03629805723110511,0.0371784825893395,0.04053356241753748,0.036189109998514886,0.035540705825728436,0.03489810219662864,0.035363601175555745,0.03513292115540648,0.04259430376482042,0.04139120084640309,0.036144618003178024,0.03699973459078051,0.03718629023310416,0.039551692745605604,0.046186930593474236,0.04891558623434374,0.046130826706488645,0.0553450314269181
AACACGTAGCTAGCCC-1,0.035506029184424505,0.03941787790227549,0.03636186304656953,0.03655838773005647,0.05479983382269326,0.04031991755843973,0.05210387896928232,0.03944484989403706,0.04259904862087443,0.046897708944688817,0.03811020946189161,0.037965794580062794,0.04191804029023895,0.03852328172164497,0.03822643753776775,0.03691885735919113,0.03865564255997109,0.036552542451482414,0.03599057179810634,0.03687793870092668,0.03515224538440884,0.04320429860088596,0.04060909429356358,0.039263816182220745,0.0380218334042954
CATATGGCAATGTTGC-1,0.03488478759428948,0.041384897839981956,0.03516517494882723,0.03695913427390602,0.03919145580286446,0.037701915127649664,0.03984207296055055,0.04396225602710804,0.03967341468424987,0.05629108791692928,0.0437849756080197,0.04321396448525338,0.04219604553371246,0.043721287721278444,0.043496630619367656,0.03677630193760727,0.03633293057936566,0.040238353691560654,0.042863193860177014,0.04422283631715568,0.033097661468870644,0.028538689439754232,0.04078101981873174,0.038916367650913226,0.0367635440918754
ACAGCCGCAGGACCCT-1,0.0369740369803674,0.04177793477435325,0.03592459889298652,0.03744400668406943,0.046212005492957876,0.04168831128098547,0.04662061808693443,0.041882253059827644,0.04534186603998784,0.03999701333627558,0.040384514070348994,0.03912109301857131,0.041931690422553965,0.04052438532693121,0.040207372340354465,0.03768163581504745,0.03998441667182717,0.037945326170952025,0.03769436833250151,0.03861460768218329,0.03646051872382395,0.035610486473832616,0.0428212314998788,0.03926784656800831,0.03788786225443935
ACAGCTATCTGGCGAC-1,0.0396521639421795,0.042143836058770826,0.04726926251461596,0.041552456242690966,0.038442659581245764,0.0381265295750924,0.03911884301089446,0.03833144928494043,0.03852456726340158,0.04267955621336422,0.038839654903818265,0.038484819740078766,0.03905921665884105,0.03841163604912278,0.03842796424189434,0.03757394736277229,0.040456261329409285,0.04014338619767537,0.038782309421863205,0.03990273775001142,0.03858180718262174,0.0428896546245439,0.03861464273595283,0.041005389970133074,0.04298524814406582
ACGTCAAGTAAGTTCC-1,0.03418652793731864,0.0393380017194684,0.03450142482956589,0.03849192637924387,0.03991423886136142,0.037899172972586874,0.04081141727771715,0.044442097257449485,0.04067416540007031,0.05147219757712849,0.042899752837577035,0.04495379009264519,0.04359674968475495,0.04353437830221685,0.041832173698992905,0.03733812627109975,0.036574847634448286,0.0409332534939094,0.042342147787396284,0.04411273896702779,0.03432244491119698,0.029694668900512425,0.04154552155924893,0.03909640260392763,0.03549183304313506
CTAGAGTGTTCGTCTC-1,0.038841129183041355,0.03876320761071945,0.03718058443730013,0.03881590992865247,0.03985340201507529,0.048917325119124506,0.039953081079495995,0.037209173791067376,0.037242025335650776,0.03919026018992195,0.03950940330182129,0.03723326595483228,0.03985557789033343,0.049383477579931084,0.04453080289568544,0.03882753024709669,0.038842152665589894,0.03724793756711456,0.039001648931491176,0.044732046291108135,0.039883820749898706,0.03783896941527578,0.03940042837554432,0.03965210693180711,0.03809473251242072
ACATGGTCATGATCCA-1,0.040733158967977266,0.04501285038346171,0.05365819122580675,0.03733465680647718,0.03672953421587229,0.036494388075330036,0.036480067919489635,0.03666877323551491,0.036193049164385725,0.04036326847639905,0.03541144092201175,0.035082430644146866,0.035365354293953634,0.035593181856522396,0.03499726808284556,0.04603225718072242,0.03931960823039083,0.0362523696310713,0.03603382780864807,0.036000421521827614,0.03670264290653764,0.04585735298443528,0.05342949495475229,0.04882230480089311,0.04543210571052673
ACACTGATCGTGACAT-1,0.036573892367879786,0.04246312375912841,0.03713703511643005,0.037761236153463176,0.043373155032221,0.04028185246000332,0.0413612514888722,0.041090950671580466,0.04062411723278353,0.0443812510998136,0.0391868283908932,0.039044549796481996,0.041560746127520344,0.04040395257488357,0.04090162238228198,0.037632284543341735,0.03850244351309126,0.03826287548317602,0.03731508812182048,0.03856662228173789,0.035933380844248415,0.04689682328937019,0.04239162865751929,0.03970086755162997,0.03865242105982792
AAGGTTCTCACCTCGT-1,0.03584998832711059,0.03963006473482185,0.037080897682683946,0.03923496166239788,0.03562674038658121,0.033976044459400584,0.03537918292967829,0.03992555408505433,0.03586864134272219,0.03999117245757237,0.03995034028108949,0.04071238002222381,0.03910102917461411,0.04020400523206021,0.03939654217722194,0.03806692008161255,0.03796430852923577,0.044843994848160304,0.055717772974424505,0.05197799047514463,0.033478358644300245,0.045301545301933935,0.04157534204592027,0.04075238913415074,0.03839383300988403
AAGGCAGCAATGGACG-1,0.03544329358491267,0.042082802823890986,0.0352401711677058,0.038458079003402625,0.040564706107407776,0.03954094580612488,0.04142851861899831,0.04458657765512032,0.040302513782122185,0.04465110631472477,0.042873097494654615,0.041858177039715005,0.044152236717423486,0.0426131411777941,0.042311586158166485,0.03861658478552606,0.03697062080641278,0.04030414839054657,0.03982328197272704,0.04154843759938834,0.03313122146156324,0.03533370340224877,0.04161470581922145,0.03990547637830479,0.036644865931896996
AAGGAGCAGGATGTAT-1,0.05296149986751304,0.043544896688298765,0.037481670828192086,0.03877198608982632,0.03783957968103536,0.03601831515425079,0.03699655548218637,0.03440857231893055,0.03764369074667049,0.03881605616771095,0.035202133048183155,0.03455604929974212,0.03498386911676073,0.03448609866264831,0.03450318141605665,0.03950160577890226,0.05371192113288287,0.035863791660956594,0.03439955951728855,0.03529536552125168,0.06318129130356497,0.041979424778407944,0.04440393001650282,0.041493217700401694,0.04195573802183483
TGCTACCTCTACGAGT-1,0.0367205529970097,0.04329422382263214,0.045183089603709356,0.0438028851716232,0.037870464948264806,0.04382619197994965,0.04200657791405295,0.036900242358987055,0.03695423125127564,0.038056110877090064,0.03771899191836628,0.03693983284879516,0.03787122439379271,0.03781674789441159,0.0378320423407607,0.0439360524997425,0.03751753348853755,0.03766851557271372,0.036892047389145796,0.04583413938740525,0.03815856273816995,0.04356306046006931,0.043426256828750814,0.04374941696343147,0.03646100435131253
CGATCGGTCAGGCAAG-1,0.0358798252257998,0.04150114179612508,0.03657859716618666,0.0385724523710389,0.03828326421981526,0.03642803980308773,0.03706959279696002,0.04106798219815923,0.03867806681076036,0.05175041295281462,0.04181999177878536,0.040188042835012434,0.04028876032604691,0.04000645877956332,0.040446911664779664,0.03888234699333717,0.03872189620557393,0.04633398719706992,0.043267635068255185,0.04481962955816078,0.033886458591037845,0.030016845464944247,0.044289681779276786,0.041675208705607925,0.03954676971180094
AAGGAGCGTCAGCTAT-1,0.03568281604488394,0.041529315464096044,0.035577041675528866,0.03792628751275986,0.04237695333185797,0.03976946684312832,0.04234082988835897,0.04206249662317199,0.04125589868272067,0.050206692368346,0.042327135733917616,0.04128652781513933,0.043392869531838005,0.043202564374921724,0.04264067753782057,0.03751227193271577,0.03798691376941743,0.039510660069058234,0.040036851350281,0.04079345079200762,0.03455101578571101,0.03148419406307366,0.04187015994562374,0.038603161528523486,0.03607374733509817
CACACAAGTTATGTGC-1,0.0373341072698248,0.04095002220381526,0.03832595711100842,0.04207170265819471,0.04014788541179705,0.042085699823661685,0.03970545668860954,0.03742539198530927,0.03745720544241916,0.04086394213381153,0.04050969385647905,0.03744872295439067,0.04236105754436579,0.04201236171303928,0.04236968971013183,0.041822926894993645,0.04247617979567023,0.037415839520606974,0.03742056131939589,0.04209840331532752,0.04201529025883159,0.03826842681752098,0.03768564092166259,0.04250180689401427,0.03722602775511838
ATTATCCGTGCACTTA-1,0.037548728221144745,0.03924262210156928,0.040128750753027256,0.04318627743973165,0.03953752485070738,0.043411407407796775,0.040341649067339745,0.03931215715059506,0.03764905175597962,0.03888759244866846,0.04103182380176886,0.03957019116131948,0.04217900046505787,0.042859779412525716,0.043462093888775796,0.03892207044727324,0.038804056028442946,0.03890015935179017,0.03894119739579593,0.03997841956208845,0.039645268425246,0.03849575278127816,0.039452127991047595,0.04041193319786164,0.03810036489316804
ACATGGTGTGGTAACG-1,0.037411697972236035,0.04256002973642092,0.036889952988821,0.03814200395150672,0.04156789057728344,0.039894446736168584,0.042289237667932265,0.041604272489231736,0.04084772968585914,0.04523436521228222,0.03969194574233425,0.03924002978252175,0.040683728530303886,0.039940536853918795,0.0385316150856409,0.03804354988208388,0.038746924987805124,0.03771659205738667,0.038131061049750156,0.03934288771372624,0.0363531751806716,0.04756485459350146,0.042699261989586526,0.040151238753680284,0.03672097077934639
ACGGCCAAGACTAGGC-1,0.0361551948786034,0.04120291583886131,0.03690619515810201,0.03810249351881855,0.04116928983714434,0.0405502430616337,0.04327554485148551,0.04168567309253816,0.04131193474857669,0.04523803025562045,0.04006487098267752,0.03963782832516246,0.03992581512962813,0.039532556377196604,0.038944607692124336,0.038162410862332165,0.03850262531215273,0.03861249997044387,0.038106369365371096,0.03937380246875158,0.035519694463613985,0.047646635975170486,0.042383755021745025,0.04014068061765124,0.03784833219459459
ATAGACCCATCCGCGA-1,0.03766109016150524,0.0429954055851143,0.05002247140533521,0.04998274995125946,0.03542495733277463,0.035281293857122066,0.03622822039952884,0.03587533981793388,0.035672580059325845,0.040330738373705745,0.03497029173126107,0.03519837861056206,0.03635943769439517,0.034968262896411265,0.03501388011813656,0.051354989486687014,0.03834215537288622,0.036513714086203755,0.03529033770240787,0.03582996337224722,0.034897231344528,0.04480841150652745,0.04928381867830199,0.05415819121237936,0.04353608924345977
GGCGACTGTGCGGTAA-1,0.036345223439360794,0.04399415477709638,0.036472223815890006,0.039328247700092654,0.042309713662159555,0.03902533604916696,0.04137012377058528,0.03963579154652751,0.04068843170217473,0.04576205578993632,0.03842486433556528,0.0376580465852458,0.04065901915078603,0.03876972199389366,0.038073537595177065,0.03895027670649626,0.039583533076209744,0.03739897179312997,0.03749690515960001,0.038041445329511786,0.03567331651651531,0.04989870330495172,0.04427827692762532,0.04147011663598583,0.038691962636316024
GATGAAATCAAACCGT-1,0.03737108946388284,0.03810081003611824,0.038818500171274486,0.03932993170554084,0.04029846118093441,0.04438606129848201,0.040407603092074584,0.03999377919372377,0.03741416550138352,0.04095075607824674,0.04069570496329041,0.04036645595891505,0.04113149121584689,0.04868596181561574,0.04032845133715908,0.039268195784841274,0.03908208392033537,0.039349934498052505,0.03939871093269588,0.041021537792959,0.04013721056265388,0.03918323633281246,0.03798713185361322,0.03901271485901845,0.0372800204505293
CAGCTGGTCTACTTAC-1,0.03688177490800914,0.04117449506731659,0.03680223048437787,0.03851228799852902,0.03625472319314934,0.03461656552262981,0.03675428327565316,0.040119571033519645,0.036112041592926906,0.04835571933736143,0.041946295684912635,0.040441502653288754,0.038315651099366445,0.041101193572055744,0.04001570815867658,0.038549581805327957,0.03664173398877288,0.04508022609923022,0.04581445597205232,0.044896433548752286,0.03391423436446869,0.04589205641847996,0.04292919364051884,0.04010865193607509,0.038769388644548444
TATCAGGAGCACAGGT-1,0.040708899591803134,0.04572535930092341,0.04652519002326815,0.048331252120442154,0.03604198722241511,0.03490237020044165,0.03524984124921104,0.03579578451614519,0.03595740531770651,0.042433818871069166,0.0357250386413473,0.03543520038680983,0.03486892822632617,0.03578346385705688,0.03504805915876982,0.04759220069483982,0.04047510463105269,0.03678876257899944,0.03687833978803079,0.03747108401268412,0.03685567161477927,0.04972882892876671,0.03246608144588552,0.055943935088236224,0.04726739253299007
AGCCTAATCACCAGGC-4,0.04040933860458743,0.05705990809058066,0.03885807537239807,0.040761977375959026,0.03745802517905442,0.03549972351652394,0.03717367224883049,0.03706379229351882,0.038877698317175004,0.043016534198559796,0.03616634602525926,0.03588378432286938,0.036448599573775525,0.036045998164697376,0.03635364011917593,0.040700329157459615,0.040891721854973584,0.036042190428165505,0.03612695846566631,0.037377043162119344,0.03828922287603512,0.04914176046892471,0.047643931082004105,0.043827029888402605,0.042882699213284046
ACCCACTAGGGCTTCC-1,0.036449320624189346,0.04116597310598657,0.03539159154202122,0.03651513765506035,0.04340719500505157,0.041162777112282056,0.04114578517454837,0.03907553003441892,0.060177015363648306,0.04927903918876374,0.03783653033867555,0.037636100722586704,0.040336102355810734,0.03780012654741273,0.037043334800217334,0.03648203838845426,0.038143417130767236,0.03631516395558935,0.035693542482680266,0.037265572108595824,0.035160229771033,0.04764824334133248,0.04172067161442273,0.03992891458466498,0.03722064705178641
ACGGGTCTCCCACTTG-1,0.035442640914837266,0.039644272302795595,0.03505633027524857,0.0366173615675275,0.04879286706796585,0.043842367021013115,0.04625200398874094,0.0412879861372913,0.04308653864569419,0.0435418354250839,0.04057075219724348,0.04053797613875808,0.04368362008291718,0.04131400317110518,0.0414124779146526,0.03624028858563552,0.036857437356574284,0.036759538462027,0.0368204451558368,0.037614532968212135,0.03569662163741536,0.04398213684456541,0.039990497218030156,0.037255486067292704,0.037699982853536027
ACCTTTAGTGCAACTT-1,0.0370652017698873,0.04165032131036451,0.036559395453454345,0.037873465745631094,0.04428002733343169,0.04125855363206476,0.04509888427237077,0.04016636595723618,0.04273729641578175,0.04512242972716434,0.039092346206505056,0.038264944576994565,0.040503392331274674,0.0394385259745135,0.038460291748826654,0.037450288801254915,0.039461755028788334,0.03755841905142079,0.03700619659643353,0.03839283238716065,0.037022515181747664,0.048443008557073695,0.041390972727200555,0.039091473766391126,0.036611095447027384
ACGAGCCAGAGCTGGT-1,0.036174116367352835,0.04324469550610342,0.037153554868161034,0.03735029758564396,0.04483155703602292,0.0426394944861973,0.04366645308055561,0.04102482303510602,0.04354063542062249,0.039092814927492926,0.03987591209505819,0.03939775846894025,0.04196459477302256,0.03986755185953846,0.04041793833806885,0.03807572837999628,0.03898746596069273,0.039123424379119746,0.037834525240567525,0.03902268534418929,0.0371315028302041,0.03627464165167782,0.04336323816917639,0.04101672523688587,0.038927864959603146
ACATGGTAGTAGCGGT-1,0.03652672586963436,0.043285264810227625,0.036883003158056024,0.03897757687506778,0.03992117110658742,0.03943059271736549,0.04261004002695194,0.04323435552706584,0.04141204723783334,0.03715714565509539,0.04223257054417837,0.0408941853744924,0.04281686877668454,0.04166225462597087,0.041445273753657225,0.03828384503263066,0.038281996558483265,0.03878327088344029,0.039253428381804005,0.03987791254073653,0.03467825763013767,0.04325088377966459,0.041479653364709476,0.04083194449252931,0.036789731276995426
CAACTAGCAGCCAATT-1,0.05481418438194602,0.037433866751562225,0.03759407550808088,0.03984040391473397,0.03882266186823194,0.035926860109069925,0.036684593347638836,0.03466469481890885,0.03875228307844906,0.039582057150158736,0.035049538325649714,0.03446946827692432,0.03529459790477336,0.034394983661805635,0.034413176106810814,0.04022294065934421,0.05135147191410402,0.0353083297346343,0.03501114005580177,0.035097685427906554,0.061494203988831445,0.043706409017774825,0.0429628957268993,0.0432543981883284,0.04385308008163086
ACTTACTAGGTGTTAA-1,0.03558992435510397,0.04163189417649736,0.03691085906258944,0.03795011559128156,0.04143616401473391,0.039644993123959214,0.04262075276467368,0.040918297364653806,0.03933703487756359,0.04538203705561947,0.0401832327572341,0.03870217384563414,0.0408465432397626,0.03968597839325179,0.039491364111493996,0.03850766533640151,0.03796724348971971,0.03897298365697924,0.03911003536170251,0.0403784672459037,0.035052671281345,0.04861729809342904,0.04277713027594881,0.040454999934774936,0.03783014058974305
AACCATGGTAACGTTC-1,0.04431426855018608,0.04333286261392611,0.039863905148300564,0.04117676967246667,0.03879303348650928,0.03951592416549415,0.03952121841407751,0.03866022425241811,0.038875945175932805,0.04226731694368623,0.03806957648496459,0.03814836971823611,0.03945350361582866,0.038115561416485665,0.038123586105637826,0.0386825554353738,0.04310992841150254,0.03912972041340383,0.03811213845187575,0.03899400649836352,0.039732922748976246,0.042810969074177266,0.038060652757753125,0.04039401522420682,0.042741025220217096
ACTGTCCAGCGTTTAC-1,0.036019400578845825,0.04129797196749544,0.0353670459295787,0.036060761075184855,0.06881754347268833,0.040543705826029355,0.04339322554399072,0.039347353307683,0.041390702980092446,0.044171001856819776,0.03816210105969103,0.03866536256962866,0.04071517374325563,0.03952457497302273,0.03879154705962543,0.03594879464231021,0.03761261322157019,0.038698855466582964,0.03781045036969263,0.03908318766636766,0.03440008381099685,0.03814097790915008,0.04122709824174232,0.03790678065103424,0.03690368607692099
AACGTTGGTTCAGTAC-1,0.03506620348332444,0.03867713186755029,0.03557198255039887,0.037863031643393476,0.036494204272040046,0.03484863780899021,0.036675869078747696,0.04315999967328183,0.036800299610783835,0.04654673503151626,0.04169373639922175,0.04242860932717784,0.039983481743859586,0.04213685861663395,0.0402772732566893,0.03727892226479077,0.035019662955039596,0.043226311897229516,0.05564688799234831,0.05270786480493401,0.032460030711968485,0.03989756239906098,0.040273008955327164,0.038232710063055536,0.03703298359263613
CAGCAGCAGAGCTATA-1,0.04473417148407363,0.042917815366133046,0.0398566179500208,0.04344884841686842,0.03792100035126402,0.037829615820157356,0.03701078038421627,0.03764765080499685,0.03710278009914891,0.043055210558257444,0.037698453701208376,0.03798717952184931,0.0379335776535781,0.036980884992068204,0.03699839247409896,0.04190541216389151,0.0381209047752031,0.04373862317403915,0.03765082802439662,0.037451339857169634,0.0439171793647543,0.04376303320786098,0.04262574207143714,0.04358830707020473,0.0381156507131034
AAAGTAGAGAGACTAT-1,0.035551651592122216,0.03972897244043231,0.035133565164302015,0.037424870010921485,0.03716365308044795,0.0362921841572995,0.037383313271639906,0.0430627670307654,0.036837365474169735,0.04797456806156753,0.04213572065162334,0.04316981138540508,0.041594006421274594,0.043157409045698536,0.0420646003996847,0.03747717366797569,0.036965530402475966,0.04214807839513732,0.04387918318753668,0.044491790242531026,0.03358893209181647,0.0456022733584489,0.04106916056477286,0.03932044308105405,0.03678297682089676
AACCGCGCAAGTCATC-1,0.039773031962120425,0.042725618261952134,0.05962670692743681,0.0444690940527088,0.03602908024017096,0.036045489684177895,0.0358857164073836,0.03445424707318613,0.03634524619003961,0.039915045605898015,0.033790507722400956,0.034135019162276695,0.034761874012688564,0.033665572597208225,0.03369250672561482,0.05148197057542409,0.039880768247732026,0.03567822795086552,0.03490966254925886,0.03506045941128157,0.03610100063694067,0.0466145560569834,0.05257901184490702,0.048979374537874446,0.043400211563468724
AGCCTAACAAAGGTGC-1,0.06613223532158552,0.045316068535638625,0.03828197565504027,0.04166974699613954,0.038827364302710526,0.036501020123297194,0.03673628631266102,0.036695949174614544,0.03959194029930778,0.042415520142816784,0.03602838695675195,0.03600568676712912,0.03666858328960037,0.03522084264321923,0.035559605948622376,0.041379200131208285,0.04537191573166185,0.03708326158945692,0.036277407653840035,0.03687882180898373,0.04196918432373437,0.04458697676051841,0.02717078972437461,0.04469026935765176,0.04294096044943521
AGCATACAGTGGTAAT-1,0.03633337904689533,0.04077927173606846,0.035182420256357566,0.03955810838200737,0.03731758822535112,0.03721582634987227,0.038788802632080885,0.04477395208404449,0.03852995176314436,0.05573838017860021,0.04206005604763578,0.043631887640287186,0.04236637582544553,0.04285072820547919,0.040781736011101105,0.038106044554810065,0.0369253262273984,0.04086833186000445,0.043097832175302046,0.04488600404812053,0.03419993691546947,0.02903888731880031,0.04033688435900775,0.04010647134916765,0.036525816807548774
CATCGAAAGTGTGAAT-1,0.03763939750338148,0.045500881904693424,0.036315914915352014,0.03905925304349982,0.04201360169985593,0.0388603748333505,0.041964020282673105,0.03889531233813757,0.04169209696310969,0.04708069822312912,0.038469717338237897,0.037011282584087105,0.03964446420452208,0.03787929573048947,0.03761230974253615,0.03890340355640803,0.03958666441902591,0.03640479136751159,0.03624734150693969,0.037948359554222544,0.03563631242353877,0.05143514454305539,0.045136250631107974,0.04149851871525626,0.037564591975878525
AAACCTGCATAACCTG-1,0.04371191757089061,0.037829349591681584,0.0433670764621002,0.04182715892125315,0.03728791508665549,0.03656239433691709,0.037346248730039826,0.038008857860437416,0.0364119908881613,0.043837692781537846,0.037979968622221257,0.038288456825133974,0.037314155082423285,0.03815446727704314,0.03818482317653738,0.04331189632308621,0.04379468378396111,0.03773908153632035,0.038482364413099754,0.038229447124128874,0.037480418754130065,0.04206068398654671,0.04454045719173995,0.0447498610125779,0.0434986326613757
AAGTCTGAGTACGTTC-1,0.035413690812306255,0.03840264840200985,0.03579195985368273,0.03904221114693456,0.03763892936646607,0.035612296404598835,0.037011763280327264,0.04271962462304118,0.03853599213672138,0.048852070366847,0.04174994082359171,0.042918973334079756,0.04078979876778242,0.04298825638993041,0.041388048891914,0.03796686823737766,0.03592603110877287,0.041125126182714,0.044654140937074545,0.04619371146812917,0.03428968001015763,0.04486575304442994,0.04006914325873087,0.039073549700871846,0.03697979145150804
ACTATCTTCGTTGACA-1,0.03673899328850507,0.044324583064094016,0.03624931667182497,0.03750618229804664,0.0460164459117273,0.04078446697660272,0.04257008041137611,0.0413185692664999,0.04236023575370475,0.044622011570629776,0.040350576470746836,0.03942720130617155,0.04277562197390451,0.039985373588702904,0.039652846407209216,0.03715467437729639,0.0398906454468039,0.037817910934624624,0.03861323115150524,0.03845480777312236,0.037122558562146656,0.03348261422215531,0.04369526860082853,0.040842641336871974,0.038243142634898655
AGAATAGAGCTGGAAC-1,0.043376579225272355,0.03840188220511249,0.0384498151062131,0.04140953970882746,0.04088188585461582,0.03763322104060709,0.03810886981007205,0.03712427117663828,0.040803819150858865,0.04495509005941297,0.03784494984197713,0.0362156642763501,0.03661284895643946,0.035653954339065305,0.03608812406157771,0.041795240198540196,0.046182094794459554,0.036772255228408754,0.036499383890158214,0.036831254021557874,0.044793466165554324,0.04617227952884577,0.04083971907911047,0.043651443461495194,0.042902348818829525
TCGGGACTCTTACCGC-1,0.0393590496383303,0.04421830948394795,0.04980778211875878,0.049644721259105164,0.03489463518846936,0.03480522601348478,0.03503310058399135,0.03463847038675958,0.03446790127594502,0.03975145650888877,0.03405036034709938,0.03440696750735769,0.03431487882110152,0.03449365777271991,0.03368249056841523,0.052073052316622515,0.03973018046770638,0.03615463524180065,0.03536698958774899,0.03592939932268566,0.03566592341708548,0.044728662512079125,0.0528761754091083,0.05641817505534146,0.043487799195446854
ACACTGACAGTATCTG-1,0.035124163799328194,0.04216053255943003,0.03429237121931147,0.03836174479136295,0.03885470526128001,0.03656473842732402,0.038563141546639874,0.04355286095257736,0.039898321693120006,0.060188417352906164,0.0430266101909657,0.042729350090792345,0.041190914443699586,0.042672590867086226,0.04160692076002987,0.037264226868209134,0.037479468600506556,0.040588648646770135,0.0423894901018936,0.04403412790388432,0.033795445205550625,0.02639641291058552,0.0426658938575298,0.03933890827903574,0.03725999367018104
ACCCACTAGTACTTGC-1,0.03583313645908481,0.04201732081794064,0.03500642039932845,0.037554137790122545,0.037722269997448744,0.037449357981766775,0.038861037255828686,0.04188969308725308,0.03757100603273843,0.05430821071836376,0.04232277104644369,0.04095561336518014,0.040156863567762616,0.04173403154700325,0.03992442148371654,0.037951403178189125,0.037583645634391705,0.04517517954418432,0.04450961051852113,0.04587949903029951,0.034293874905566166,0.030237447962565212,0.04261223616475848,0.040635534047614205,0.03781527746392797
AACTCTTAGGATATAC-1,0.0365231918963984,0.04148154765913953,0.03790353195430281,0.03840701347389804,0.03634737589967824,0.0359866213640027,0.03790205626197625,0.043248870115806595,0.039011052979230264,0.048056295786356944,0.04227636284365909,0.04351242999535854,0.040160050473650025,0.04175090544795874,0.040408085505428716,0.03833124824053062,0.0373446700559129,0.043071884632527764,0.043449129669226705,0.04496255074971687,0.034724162209528925,0.03605598821814957,0.04068511732545058,0.03994715812447023,0.038452699117640626
AACGTTGAGCTGATAA-1,0.03696358251798433,0.041972210025736305,0.03643823734251462,0.03686157504817886,0.04337051269827869,0.04143250279221013,0.043275027622132485,0.040677219849477676,0.04173581148024934,0.044352551459469765,0.0405854006997247,0.038737975016407994,0.04115328554080682,0.03957844709434514,0.03969299704918001,0.037569691060668334,0.038350070335054096,0.0381443286993991,0.03823088184833933,0.0390239480984903,0.036840949356165616,0.04665888463232962,0.041837067547082094,0.03880307357132514,0.03771376861444942
AGGCCGTCATACTCTT-1,0.03732669592493375,0.04357094204512915,0.03709841718604839,0.038864045942443956,0.04450028335266657,0.04006253301755768,0.0431415516500954,0.04026101967579723,0.04279826870571675,0.03701400296560495,0.03991979229551411,0.03923141935154408,0.040180391519835865,0.03950625305380292,0.0393095364559867,0.03846466977762183,0.041072158319410065,0.03909891428903304,0.03735094310649477,0.03913515049680465,0.03654932516738005,0.04139605266794439,0.04361776343117968,0.0417899851583562,0.0387398844430977
ACAGCCGTCCTTTCTC-1,0.036960073199771286,0.044441015057810236,0.036328075118823924,0.03801889475799384,0.04004111791323932,0.037798897494316086,0.04033428512735463,0.041563570076328736,0.04089883361130181,0.0416882517973926,0.041124738348710374,0.040289956884534926,0.042426071535296025,0.04124466171216609,0.041429952910968654,0.038005447601849346,0.039276664710692806,0.03969354672073897,0.03844278786868203,0.04040154464350772,0.035193497734727686,0.03952885206229165,0.044909376526517865,0.041986060944819464,0.03797382564016401
GTCACGGGTTAAAGTG-1,0.03955503168830379,0.0451963177791912,0.047608514876730894,0.05055972756098977,0.03563643903930642,0.03499521867003371,0.03645618182154874,0.03589340631184813,0.03655522619031544,0.04162664446501686,0.034743768099852884,0.03517160564815873,0.03483440710036234,0.0352485876125276,0.03441694523200984,0.051238530307894437,0.039430701105015946,0.03674619646444276,0.03602228653428647,0.03700658481273791,0.036419908861134574,0.047934486116823674,0.0317546972655741,0.06085066765063894,0.044097918785254986
CGAGAAGCAGCTTCGG-1,0.038253389105571134,0.04078028239039336,0.039069591895946616,0.03867513832895025,0.04137185310799335,0.04382633857770738,0.04147526272767567,0.038311620998299725,0.03993953257295162,0.0405797160693049,0.039616493111296495,0.03834054909114855,0.03982560931551812,0.039750378534734836,0.03977092661681297,0.03868190337239876,0.04032414883942949,0.04082619487742216,0.03831055838640117,0.0405952746660282,0.041624193771200954,0.04113056013890577,0.04103405590161604,0.039145282404618544,0.038741145197673965
ATCGAGTCAGCATACT-4,0.03891949740133437,0.05526978844641841,0.03866029193587276,0.041344397169810025,0.037111096368743546,0.035235097569242695,0.03701235073391241,0.036987296373311204,0.03814573255927511,0.04432200988029263,0.03615435154772776,0.03583796038833139,0.036577071898844536,0.03588831455495913,0.03592589664381807,0.04147664692750822,0.04076081638932729,0.036639750503549826,0.036730005513526086,0.03724456607136491,0.037611057176979795,0.05111584242269858,0.048465919722993765,0.04416417348981446,0.04240006831034299
AAGGCAGGTGGACGAT-1,0.035006400406131205,0.0404287228925075,0.034639905128818496,0.036782267130312185,0.039375005972447634,0.03838876938013407,0.038097538763058124,0.046155262480284606,0.03938105744324368,0.05268594905201853,0.0449246233746687,0.04486685174474975,0.04163140981554126,0.04453690015291118,0.04139753560935669,0.03598749137738968,0.03609655559317589,0.0419421194464109,0.04358861733066552,0.04461579864650109,0.033240412228543834,0.03006799263748665,0.04022650305322586,0.038890885685326504,0.03704542465509062
CATGACAGTAAACGCG-1,0.04051689170098528,0.047335256532864946,0.04680767936593585,0.05050520212798814,0.036643382808380025,0.035580680747403046,0.037328533124207565,0.03580874174944109,0.03577899001334548,0.04374734378983711,0.034339026159060794,0.034429437975694775,0.034771923857694224,0.0349925513568709,0.03501555882821152,0.04929901774607516,0.041015671124795136,0.03591442050407304,0.03451363163794708,0.03551605286968169,0.0365439014480435,0.050927438843691365,0.03477674377204529,0.05137718152387284,0.04651474039185415
AACACGTCATGAGCGA-1,0.0354629019038409,0.04022201325596804,0.03644257438038652,0.03910099950067327,0.038077383372426554,0.036980455776341715,0.039052144801755,0.04231241286124094,0.03811182833962513,0.050751603758593396,0.04177033095343876,0.042234605755857,0.04182815935335388,0.04269464988207712,0.04039397719581728,0.038178708051086745,0.037701575322121296,0.04226573652110185,0.04495854695624029,0.04645606606774202,0.03395550375161964,0.0316933706973092,0.04136435249624605,0.04034863341297773,0.03764146563215976
CCACGGAAGTTAACGA-1,0.03672582895898366,0.04086425576423503,0.037875594467986246,0.03828619056884559,0.04362696770440473,0.04139286188718211,0.04121099562822168,0.036811618113914604,0.036837893465095306,0.03820918452838331,0.043130009578362064,0.03683088796350452,0.04333469269258362,0.043489327232126396,0.04293086676647337,0.04349463429788505,0.042604087810546594,0.03680372784945848,0.0368076280603127,0.038278636674363896,0.04248579162900561,0.041789676913646594,0.041433814558366554,0.038097949199833885,0.03664687768627843
AACCATGAGCTCCTTC-1,0.035139878819375026,0.03941731490058412,0.03496786440677389,0.037299423232508885,0.03756776457636996,0.03730356934969906,0.03859604851253773,0.04334540722463003,0.04000318904600678,0.046968620859722046,0.04282012993752365,0.04342615505102398,0.0415522353993306,0.043913975506948436,0.0427885181642505,0.03685959309677748,0.036770993409013866,0.041536008144011746,0.042183449815277246,0.04359397833879408,0.0338751278778631,0.044635239527914886,0.03956026002825425,0.03894597136845621,0.036929283406352334
CATCCACTCACAGGCC-1,0.036064028984505246,0.04424422797650527,0.035657151688942325,0.03760786795251097,0.041663079841998366,0.038438868147256326,0.04081369476528893,0.04069850614457113,0.040129576620520954,0.047514751673825906,0.039476756637654715,0.039085104139706305,0.04017963733556466,0.03898163829276401,0.039985881005889116,0.03763295371106032,0.03834029657758749,0.03787340969572058,0.038000481703620775,0.039173668763422126,0.03512639110338268,0.051523047061408096,0.043996854138079584,0.04036913994767604,0.03742298609053792
CAACCTCAGGTACTCT-1,0.03936677785888319,0.04383374432632684,0.0473228690729371,0.05839417151147531,0.034365447178922585,0.034581564136703005,0.03483418552098793,0.034615252346772596,0.03630543029863359,0.04131201888122057,0.033671259226147464,0.034130747238029085,0.03352637191398649,0.03393328103020205,0.03337876432323464,0.05406876940872559,0.03906253170710544,0.035065947741420425,0.034927362237769835,0.03571188968307123,0.035058440891064704,0.04714926439085376,0.050975979887511146,0.05359629194954363,0.040811637238471817
AGAGCGACATCACCCT-1,0.03684734562917382,0.043338737724031816,0.037032277359786675,0.037584542073282656,0.04345850671635139,0.03980040964564137,0.04176047770120539,0.04100217884433203,0.042539517682543174,0.04304732922159264,0.040063829637197686,0.040161400754064776,0.04244755024886067,0.04069160624301948,0.04079292646917548,0.037620660097508724,0.038886770721062155,0.037608515210511256,0.03870332996005104,0.03919965753539025,0.03697031262974681,0.03796542008154818,0.042791793771191175,0.03975411874829501,0.03993078529443643
ACGATGTCATCCAACA-1,0.037719494334312306,0.04293349860263936,0.037215764723960126,0.03796660359407176,0.043211929717325036,0.041996189744837514,0.04552957173787177,0.0412802722300219,0.043513523809274576,0.03405850504571848,0.03926635844379671,0.038858322945380955,0.04315821387506448,0.03973366768478939,0.03983016899062229,0.0382044406215971,0.039384551865745146,0.037417709287409645,0.03686621262153509,0.03825874734888372,0.03656518948396568,0.04408834991648206,0.04429780406206204,0.040172364135930005,0.03847254517670293
GACACGCAGTACCGGA-1,0.038942766467154645,0.044789107329485114,0.03856118360850039,0.03817417039406241,0.03927182696088852,0.053556542017057014,0.039329027003552244,0.03780707101151013,0.03784365133141703,0.03873919978380688,0.03907167478609242,0.03783389742504264,0.03927300434309896,0.039200562264478586,0.03922032515981496,0.03880363517591059,0.03894124865745242,0.03779608806367485,0.03780151690418175,0.03890274866426282,0.05143458101627252,0.03953593147944518,0.03895376301226996,0.03863854474448238,0.037577932396085784
CACACAATCTCGTTTA-1,0.03672984341806792,0.04268435885704261,0.03738391515808579,0.03972553589280277,0.0436606407584193,0.03997412383377766,0.04355466051391347,0.03954470820248492,0.042663783987618165,0.04436523181482622,0.03823891902558833,0.037485740661422164,0.04058956599196273,0.03854519371679689,0.038013619834041404,0.03871191384197196,0.03976035128767811,0.0380334467225298,0.03726375673228205,0.03818541615956117,0.03636869431942709,0.047261700863814066,0.043307798474613655,0.039855367723283755,0.03809171220798822
GTCAAGTTCGCGCCAA-1,0.04048249855515504,0.04452873234284026,0.048867151541599915,0.051210820272811514,0.03548183264055196,0.03539044761972159,0.03562048428783925,0.03540689524885748,0.03542261872324921,0.040934456700104344,0.03478458518564361,0.03554687671494809,0.03470186878961983,0.03510614831077825,0.034584471080648146,0.05219183784354732,0.03980155530190386,0.0368567756972974,0.03603041471697349,0.036454818521019186,0.036282428679465704,0.045358922989267726,0.029877222446926876,0.0647015266313074,0.044374609157922545
ACTTACTAGACTCGGA-1,0.0349270936506715,0.038598150210095536,0.036246150527279315,0.03712664468853866,0.03858928469145043,0.0385581708010041,0.038354396177558675,0.04162644651403296,0.03853108738595368,0.043694317750299284,0.043191885972925524,0.040558839910185274,0.04042268017997139,0.04183286986222011,0.04110629919304883,0.03647556717027805,0.03809055011547844,0.04715218401836606,0.044356473051310234,0.04419139561983472,0.03553162571656508,0.04433898738954184,0.04029498554465698,0.039269921448016123,0.0369339924107171
ACATACGCAATCGAAA-1,0.037195121653048425,0.04261474251227464,0.03760918036347929,0.03974829307165071,0.04040698473423821,0.039905638034147074,0.04343308254138374,0.040733296656273815,0.040621387262542365,0.04597797173251656,0.038489223368526254,0.03854923827034403,0.04005667460300555,0.03820767330254347,0.03831200950243395,0.040013542702741545,0.038267387126109616,0.037173439822180965,0.03696972014582744,0.03802537696111783,0.03453765899251046,0.049221996002378296,0.04441846807847195,0.04157258825868298,0.0379393043015708
AACGTTGGTGTTCTTT-1,0.036634817543987924,0.04043405227788317,0.036690778475562374,0.03857066243232562,0.03653033573252065,0.03723786685686298,0.03897894259883337,0.0421491715813863,0.03876328718979015,0.04916764146268791,0.04152817613367528,0.04262595615296722,0.04030806964866072,0.04194632469160023,0.04108503977642257,0.03815020105695341,0.03691285365015224,0.041245866747044786,0.04364717260323933,0.045085044836073715,0.03488879765068841,0.03522275173266015,0.043047708731034626,0.039931862783005194,0.039216617653981406
AAGACCTGTAGCCTCG-1,0.040017730693939164,0.04102624213695285,0.05403090326338936,0.044992451958392535,0.035598415759818626,0.03641903601429776,0.03576564326597639,0.035257122884121805,0.036889287058023634,0.04019284031606595,0.03474044059807089,0.034724615618139915,0.03468611251209251,0.03499177676453704,0.034580038730522886,0.05114018462411795,0.03868556302863813,0.03784146042747706,0.036062629133024895,0.03662504818651749,0.035760328699073994,0.0439468661522542,0.05272870810387544,0.05069304592394129,0.04260350814673779
AGCTCTCCACAGTCGC-1,0.04697924283020156,0.0431473863634998,0.03838875260332226,0.04054189827249331,0.03852146603837356,0.03598501007800586,0.037093055226641976,0.03643867967484117,0.03923808525457605,0.042477261149003555,0.036158571729834305,0.03491852456901566,0.03557158943886004,0.03571701110141822,0.035135858877347145,0.04137199163715991,0.04591207819581771,0.036138103809152666,0.0351811344027741,0.035762885402883984,0.04316970841223502,0.04760223491835448,0.04757372501018405,0.0463060628187442,0.044669682185259484
ATAACGCAGAAACCAT-1,0.03951021714359352,0.04319210865873744,0.04711753940411944,0.05826004219699498,0.035154457227215066,0.03460151865646204,0.03568572460900155,0.03445616333195279,0.03587449413453484,0.040269463053139075,0.03402259516953225,0.03386604566908367,0.034126330517558104,0.03397986891699446,0.033341887971958986,0.05494447916799541,0.038237463530576235,0.035040395733664,0.034891577464339234,0.0356433345850397,0.03530483582542232,0.0460806750462415,0.05168507131112756,0.05454598648536398,0.040167724189351696
AGCAGCCAGCGACGTA-1,0.035014804920651905,0.041730282118889135,0.036137945187473056,0.03830457456404344,0.037335060909265784,0.03604482286988889,0.0374724659762088,0.04267770307670175,0.038924617057413846,0.057268989219149115,0.04175108819121482,0.04104587344671903,0.04125811800922118,0.04266120302402523,0.03973553029246814,0.03801944242018869,0.035278112353017796,0.04430919413991396,0.04515653377801765,0.04512734736719737,0.033579946936882286,0.029488492667982015,0.04204190998291064,0.0400207142862062,0.039615227204349415
ACTTGTTCAACTTGAC-1,0.03604034012887421,0.041519785892937755,0.03615720601076955,0.03779153538985342,0.03536244890001069,0.03392281238254045,0.036253774508140255,0.040249863832760635,0.03677838320152393,0.04782248386545897,0.04030288478640064,0.040186822673934475,0.03991799502446976,0.04085964093025352,0.04011411049837843,0.0380705522128007,0.0365453768346507,0.05974967008690325,0.04449406145723407,0.04502099505190227,0.03404952574930488,0.037284694113231216,0.04288724153409774,0.040227370339012025,0.03839042459455639
AACTCCCTCTGTCAAG-1,0.03576683923313772,0.04170537519181114,0.035129573019218,0.03694761186803319,0.0408002940154439,0.039497801791433994,0.040204327681220065,0.043431365518404284,0.04139710580559674,0.05501259450778603,0.043567382385080004,0.041500807995440155,0.04358314552355441,0.04260112820179708,0.04337798476525152,0.0364860891206696,0.037526751619091095,0.04103802179112089,0.03917965194481555,0.041356878447050265,0.034363303505060845,0.028490743211879804,0.04098509577130391,0.03892502162221821,0.03712510546358163
AGTGTCATCTGTCTAT-1,0.03641875250626567,0.04168265903548684,0.036048590961572216,0.03740176293444655,0.043916151451684114,0.040933711944242605,0.04431169978144976,0.04175881747779506,0.04165813437770956,0.04783140504966692,0.040511989654198347,0.04069848709107577,0.04306234768219992,0.041997721816101355,0.041291907826306165,0.037351197536515744,0.036991151223228075,0.03883967151214838,0.03932365778773781,0.039544513226239995,0.035710175121536715,0.03281905972110416,0.0422710976272136,0.03942249058609841,0.03820284606797642
GCATACAAGTAACCCT-2,0.04150772150898273,0.045986147706762,0.0418847459981031,0.04156204632434072,0.03558508302987097,0.03617209194007597,0.036456680215374286,0.03662314917673975,0.03743486463222392,0.039462251125212525,0.036575889381037785,0.03647898960657438,0.03556372529954097,0.036358496817453935,0.03596497168242217,0.04297294793140244,0.04112844149225419,0.03725691681454414,0.038137481906797964,0.03771126071155,0.03903926378627978,0.042328003111616185,0.04700088432234355,0.046922178002360655,0.05388576747613603
ACACTGAGTCCGTTAA-1,0.04681758723979849,0.04504842921411348,0.038253710929070144,0.04155997135895899,0.0382543766480697,0.035780119690494896,0.03647586206500729,0.03628730447433114,0.038302975075274706,0.04269637692268126,0.03499740669379774,0.035040695881191145,0.03594880126514806,0.034883763869001314,0.03465936471887993,0.04089504327245308,0.04818088651541905,0.035329313341110995,0.03444134489658421,0.03545445334167653,0.0442678972942277,0.04849923979450507,0.04700643872218384,0.04571521226353051,0.045203424512490556
AAAGATGAGTAGGTGC-1,0.038634533854177665,0.04042937423980635,0.056419184396160935,0.053516912119770416,0.03537074235275862,0.03629498202751317,0.035454773723230214,0.03600241279042438,0.036100520792687364,0.03910293775126814,0.03412327765585895,0.03487014324479387,0.03483855053808677,0.034726123789258996,0.03379555847712935,0.05333464260215686,0.03862684178729181,0.03616585133653366,0.03536114666143873,0.03546583080567414,0.03655183727252562,0.04203157890934152,0.04832925800797454,0.05275680840705373,0.04169617645708391
ACATCAGAGCTAGTGG-1,0.036749368497204504,0.03974410128220348,0.03613608404856981,0.037280248850465485,0.03927479305841247,0.03954459421361525,0.04142115633875836,0.04307645760975477,0.04022466831392533,0.048948877606364426,0.041236544439636834,0.04232125975251065,0.04368642851280548,0.04399308355849007,0.04474615657019585,0.03763339857129688,0.036471790476091615,0.040132460202150555,0.039597056903180015,0.04139185071755374,0.03424905653911851,0.03332386723732633,0.04208885809611422,0.03980334778604158,0.036924490818213924
CACATTTCACACCGAC-1,0.044396674954632,0.043488181135796396,0.04392394285291686,0.0406096867401889,0.037974564390958775,0.03881642723257166,0.0389675167194648,0.03867455059726204,0.03806594891836361,0.03971860382788978,0.03784226093368606,0.03801739370698249,0.03891119685993241,0.03794063331966008,0.03795891371640186,0.03854910839158872,0.04504060897777474,0.03917793136857936,0.03851028889937849,0.03767394983837494,0.037098267161047756,0.04434355260452775,0.04502878064639858,0.0403215563222607,0.03894945988336124
ACGCCGAGTTCTGAAC-1,0.03584121727593946,0.040343661141388036,0.036399467716751566,0.0380933952024277,0.04395836379142012,0.04061074853851147,0.0428525501152858,0.0402655455579475,0.04215925980172834,0.04335947681912142,0.03981687889565395,0.0389874360623032,0.041553977668329724,0.04032432845066516,0.04000945647984835,0.0385397456286279,0.038752172055285826,0.03883375262261859,0.037495515281264165,0.03906954870346494,0.0358630555421824,0.04765121522405224,0.04173371362376137,0.039781203390239044,0.03770431441118174
ACATCAGGTCCATCCT-1,0.03549018789040282,0.041105808452313576,0.03584149671418446,0.039160897495109516,0.03708199780742797,0.03500545413254875,0.03562446549181371,0.04268012467239138,0.03734891129256804,0.049090074553809405,0.04145325227526485,0.04205314223317119,0.039186980454145495,0.04138100596546727,0.04100994573632899,0.03780486991531385,0.035963678502330565,0.043231230139848885,0.046362668408429016,0.04542887772362343,0.03423519428264711,0.04535345404166068,0.041607674930186196,0.0395453767335573,0.036953230155455506
AAAGTAGGTCATGCAT-1,0.04002215250891846,0.040852289887899844,0.05366127082672861,0.0530555599276592,0.03494569716216908,0.03512253392243274,0.035499443921270725,0.03608733296626444,0.03556843275116917,0.03971384458624363,0.035174868852015505,0.035488068452639326,0.03496183533444456,0.035340261019377206,0.03489745162270842,0.04573814155937615,0.037928411654636666,0.03696779565959925,0.03664575865267422,0.03665258092580321,0.03555735052200127,0.04282884679398543,0.04948697676646161,0.05373345338797352,0.04406964033554818
CACATTTCACGAAACG-1,0.04399469826946881,0.0431744986981025,0.03663490069457962,0.03975646615758401,0.03748242969641876,0.03606660017291056,0.03711860524841043,0.035666161834352735,0.03892664056687267,0.041124947690986166,0.03525578975596935,0.03502608882925412,0.035493684475664665,0.03492875242194502,0.034950006480714405,0.0380142539944602,0.054752108685506416,0.03625731871181456,0.03592161540073026,0.03529784028381541,0.06603693202681638,0.04347655768034203,0.042828470725117744,0.04071249330430178,0.0411021381938613
CCATTCGAGCTATGCT-1,0.03761524833552576,0.04207493226324792,0.037636587988821676,0.038410947041450205,0.044171164358654126,0.04195700004460177,0.04292330890384846,0.040876082492185814,0.04164516034266969,0.037487425621609075,0.041173184165800965,0.03888145703233763,0.043178157864668255,0.03950824144233677,0.0405224978265919,0.038253290647943416,0.040135552692598844,0.03766242726878978,0.03776209292187986,0.03879368856234118,0.03765610491815035,0.04003258723284164,0.04251238736819955,0.0407316424633849,0.0383988301995204
ATTGGTGAGTGTTGAA-1,0.03744058973864783,0.04189665647910389,0.03927109578859107,0.04250205405718742,0.04006581352482887,0.04260482003357396,0.04080579658777389,0.03861000723827528,0.03888738199010571,0.03966728856250939,0.03971751548502823,0.038803666592161515,0.04006634362304419,0.039939042527983575,0.039975723718319804,0.04205662646141602,0.03823404308860227,0.037562627308669105,0.03757036170769397,0.039116398804356536,0.03885281113184985,0.042737598830088916,0.042676166394764105,0.04276772510030186,0.038171845225122715
AGATTGCGTTAAGACA-1,0.035320269919909775,0.03927287204905098,0.03590070469145786,0.037230318314736416,0.037433446168406444,0.03706793577730071,0.037095258446659014,0.04358269694806272,0.037875704418800483,0.049330069233697565,0.04128143856250442,0.04432622891800666,0.041470534882171464,0.042753761105192634,0.04061898325223589,0.035998000366439464,0.03770914312673048,0.04168782526297341,0.04824821358797962,0.04566175713979661,0.03353122734981557,0.04200171068598303,0.03957152876376607,0.03806256458030208,0.036967806448020994
ACGAGCCGTTACGCGC-1,0.03665289228909641,0.039341041059973846,0.03882940169874712,0.039262801824900884,0.04059255632778993,0.04008882432618195,0.03952892791218929,0.042057856509547756,0.039691906855643604,0.0391466359059341,0.03983872144874414,0.04584628095655548,0.04002281134954827,0.04092760905007925,0.04106078239865123,0.03929266115442029,0.03780311651309021,0.039853425960870235,0.03897146353207832,0.03981810850060264,0.03708336835617021,0.04442203223268728,0.04163904976382835,0.04115416200378627,0.037073562068882744
AACTTTCCAGCCACCA-1,0.040580082206763256,0.043843202684494924,0.057159647111841724,0.03609505035981469,0.03645555544161615,0.03647713499279712,0.0374194271893399,0.035617732515526024,0.036679225208332805,0.04077171790988218,0.03482896759118682,0.03489180847982527,0.035249286290568484,0.035092792946553236,0.03477284142434544,0.04613533036690609,0.04010455373390564,0.03595491660434993,0.03601283010674261,0.03648634960694565,0.03668061118440976,0.04773657654747225,0.05565771497198228,0.04370606048336202,0.04559058404103572
ACACCCTGTAGCGATG-1,0.03839670571953092,0.04294762117860084,0.0385875609307956,0.039275684287658354,0.04136379780354595,0.041394360626698885,0.0435727675095235,0.04100872028077727,0.0422678458025083,0.038524452394815334,0.03934114677837123,0.039125585967668554,0.0413269565263329,0.040133668366642235,0.0393575593631908,0.039692821530231855,0.04021688817205011,0.03758555995050327,0.037643056976465035,0.03800427643430415,0.037427296956542504,0.03950803346113454,0.04318476914080002,0.04122708364392059,0.038885780197387254
CGTGAGCAGCTCTCGG-1,0.03730299651089395,0.04328490985758628,0.04379400745067145,0.06326696122874638,0.03460047709629723,0.03526418940389306,0.037179185375766775,0.038953445661528904,0.03708484039566926,0.046269538652040795,0.03725964399604166,0.039114458589332254,0.037600117496178066,0.03840169536975185,0.037073271233165415,0.048330052189504355,0.03802269956693529,0.03704112402037047,0.0377190438668004,0.038888804796419436,0.033693286980775304,0.022460810393440275,0.04877602915029015,0.048795134285859326,0.039823276432041525
ACACCGGGTCCATGAT-1,0.0348812922043533,0.04201215126232411,0.035850295712989526,0.037415216530764885,0.04078369679395407,0.038489509660218885,0.04162851323534352,0.04289137687039377,0.03979043641813465,0.04138278689523271,0.042267995125152426,0.04187067338366739,0.0443942101501996,0.04337232990076815,0.04359038860931763,0.03680877157017925,0.03695351653072434,0.0410387487753138,0.041168698748991,0.04203603501410378,0.03437819200050016,0.037888320236506685,0.042906693654774994,0.03944457587576825,0.03675557484032317
ACGGCCACAGCATGAG-1,0.03561496066238943,0.04301041040564998,0.0365512759419076,0.0386978211205238,0.040876216046812276,0.03845832528579363,0.04151037112399989,0.04211804748069233,0.04040229794695815,0.04765366478271385,0.04110032715209296,0.041726520192800404,0.04178717199925795,0.04155455722313697,0.03969817639914311,0.03811343536465731,0.03819075586857761,0.03894543273712683,0.04070605845998856,0.04310210776228858,0.034209897129933914,0.032339751340698636,0.043619648544916324,0.04148264575693401,0.03853012327100576
ACATACGGTGGTACAG-1,0.039896223279185565,0.04380331057579595,0.05336502142569457,0.05351217604443857,0.03392037831448367,0.034380920837445685,0.03442352031588402,0.034255763964082045,0.03488715052277556,0.039211024473359155,0.03300026890735614,0.03403136332991551,0.03397397901003372,0.033499177562355965,0.033210322148109914,0.05324414407361301,0.03866559626369786,0.034977017959831776,0.034491186789713045,0.03532904904542818,0.03516197822427413,0.04538194492580005,0.05184424829964067,0.05677334691808216,0.04476088678900319
AGATTGCTCATATCGG-1,0.03724803957603185,0.04308236907637602,0.037537928549866095,0.03947913721434237,0.04000973460072213,0.03965164942899421,0.042963061277096766,0.041908329450615615,0.040884260634377806,0.03815771803962474,0.039906382111060436,0.039639607603177876,0.04087461597488431,0.04006204771169428,0.04058249521131713,0.03883934068847497,0.038637280051297705,0.03816321261429253,0.0393190957152124,0.040306511893504614,0.03615074417884061,0.044744952955440155,0.04222152260218476,0.04046082780118129,0.03916913503938922
AAACGGGCAACTGCTA-1,0.03637307861222,0.043999334491317675,0.03710356662937288,0.03877378876334385,0.04154052189963647,0.04012056397407258,0.042689757919472715,0.039051172008685076,0.04098186569166686,0.045979312202688555,0.03868631270757221,0.03813908323909488,0.03974479186316709,0.038135990747306156,0.037912246107978796,0.03856929821861137,0.0381975893744082,0.03813322557850078,0.037957369369049046,0.03841316506633553,0.03568947111738733,0.049733876452765745,0.044283538876235595,0.04115645199159907,0.03863462709751151
ACATCAGCACTCGACG-4,0.0379851433743042,0.04549977404024244,0.03741159266248812,0.039812270530544654,0.039280502103093154,0.0389415371045989,0.03949533923871056,0.04232048229570992,0.03882028133856644,0.04209385360247374,0.040567215031320214,0.03992412883016893,0.042156089507558184,0.04122047223902336,0.041464749988868205,0.03955380817048355,0.03826514742376556,0.039496725309319455,0.03896363192443923,0.039867235041259476,0.03513083605749059,0.037452519418617984,0.043486276295520626,0.04108340844877465,0.039706980022657754
ACATGGTAGGAATGGA-1,0.043971323203671385,0.04461647650670337,0.038461435754801085,0.03960902475497695,0.03933977420547102,0.03703560393931348,0.03774981649616757,0.0369428179434087,0.038785437616922214,0.04099927148735163,0.036598345370860354,0.036474776290113434,0.03682410806296128,0.03672670602948718,0.0363922099683205,0.0405796645505305,0.0470958846518347,0.037479088813021616,0.036529655686059946,0.03720173559674298,0.04456255945787764,0.043914508232610616,0.044188399487696116,0.04361707360781913,0.044304302285276494
AACACGTTCACTGGGC-1,0.03550290694157079,0.04070041670903096,0.03466512151463349,0.036072650303007395,0.039501082714400074,0.03747301706341213,0.04135513989276939,0.044393984454503835,0.04119762523558238,0.055058717816778895,0.043186737987738734,0.0439914909838247,0.04222532276713027,0.043217734556593335,0.04451178976168317,0.0359238415536841,0.037191483659521324,0.04102875611424322,0.04215976697316954,0.0421328418614379,0.03340543572046829,0.029424308070439015,0.03999944732995747,0.038764435062016614,0.03691594495240319
CCTTCGATCACATGCA-1,0.036070651151326745,0.04056073482472386,0.036054012026308424,0.0400953814455091,0.03807187033496614,0.035642356138749776,0.0374528616379664,0.04037757042841124,0.03766738771778653,0.04768126401299032,0.04164934993959628,0.0400184096715556,0.03884676849963597,0.04063177131111015,0.03933444905274069,0.03889622740297004,0.03800256566173671,0.044835360846137845,0.04445539715455937,0.04497151712740521,0.034851333107440347,0.045080192309077186,0.041449100582617485,0.04014711153998844,0.03715635607469019
AACTCTTAGGGATACC-1,0.035725494185787195,0.0432508143303396,0.03558352989866623,0.03850587060460169,0.03932269866102294,0.03677151017216205,0.03988756484419682,0.04300312919700564,0.03920928763428352,0.05568754543192269,0.040932487707504545,0.04185461797170676,0.0422555245669531,0.04250164358850029,0.041210091787385675,0.03739144195030092,0.03719849477999967,0.04013734440634726,0.041662994954848584,0.04230307029722018,0.03440979067590337,0.030796358952888438,0.04311374374179066,0.039516398573714924,0.03776855108494739
AAGGAGCAGATCTGCT-1,0.03724669034710455,0.043588102005526444,0.037867355194137454,0.03849456308138325,0.04265503753062707,0.04182234114027415,0.0413166070975676,0.04035117291346118,0.04324276983500156,0.044432135394018885,0.0389803789213855,0.03873341410571268,0.039137905930667426,0.038924049884914456,0.03853916566283839,0.038150995061482645,0.03956733785791472,0.03718372084966866,0.0372794585683626,0.038043081626137704,0.036534213546756254,0.046918239810792746,0.0422183253706999,0.04048972721926083,0.0382832110443036
TATTACCGTGTTTGTG-1,0.037239903642594746,0.04524853243661719,0.036642846050923064,0.03823065840066704,0.04046102330552641,0.03768574339099891,0.04030671366913854,0.040238069597625103,0.040853811787519706,0.04672129708585484,0.03851994976427484,0.038664751625775776,0.04069320239355581,0.039349968782856265,0.03973700429382396,0.038085579957380156,0.03963582462227959,0.03700766115792566,0.03701723331747199,0.03849505056559732,0.03625287204951067,0.050814768438035285,0.04347549449701977,0.03997431772543741,0.03864772144158985
AATCGGTTCCAGTAGT-1,0.03530838772923973,0.03752953436527548,0.034440115956964404,0.03610331981669706,0.03681202112987934,0.03553311507287112,0.035788444424885164,0.04261668016824511,0.03593240831413538,0.04656770578732903,0.04375757956113262,0.04368196578150246,0.04124184488422634,0.04221258120617978,0.041049067797658226,0.036004299971293056,0.03599578089374657,0.04712037729859464,0.059211444669072695,0.04657984995175152,0.03359075172878978,0.04293027464838115,0.03817726440852515,0.036398462239193775,0.035416722194430476
AAACGGGTCGTCCGTT-1,0.036298676997742654,0.04031655893219007,0.03592376009072118,0.036018070791206856,0.047540425714130974,0.042469368879928915,0.044197966187266624,0.04098125496555622,0.0433601281338787,0.04252551405321374,0.039676785969414485,0.03905976044019438,0.04285574817875254,0.040139405920028376,0.04020942257287952,0.03643130389263375,0.03875430056236705,0.038289109720338645,0.037981696790204564,0.03867502160155165,0.03794925272472999,0.0446526593174081,0.03980034996349671,0.037801569110049865,0.03809188849011451
ACCTTTAAGCGCTTAT-1,0.03334822689407499,0.03751903026067536,0.034556742805549885,0.03716251988601583,0.036421061081224025,0.03826533244551242,0.03762421188978219,0.0435039477523297,0.03735767979569757,0.04988655255642337,0.05063784698719049,0.05348000633175125,0.0406386459004181,0.04291535515249266,0.04091698561001267,0.03559705366826535,0.03674998313101205,0.04073301501555197,0.04285581768800076,0.04346874865638531,0.032401967786224534,0.04462933669940649,0.037985128168083256,0.037393096374484035,0.033951707463435815
AAACGGGTCAAACCAC-1,0.0346261052053327,0.03788776394933103,0.03424457685493469,0.03829320535117191,0.036086024807350674,0.03591188570113276,0.03776494738541282,0.04320274741058998,0.03702433079339396,0.05058728510890485,0.04199658466703641,0.04290069067550741,0.0392346607889588,0.04309457477153905,0.04105650945626537,0.03712120924801596,0.03577481869964264,0.04155276445093663,0.05067522092258617,0.05509436452069692,0.03219862336105156,0.040151233556424394,0.03923935657260882,0.03857675602037022,0.03570375972080414
GCATACAAGAAAGTGG-1,0.03628251532561426,0.03844544194847109,0.03592718671434869,0.037214392177656784,0.037071345338454895,0.03734271292218037,0.03662071094150306,0.04118801674326121,0.03802640402128267,0.04619178840494014,0.04230317579711229,0.041131776292025864,0.039026499787951655,0.04058363102104847,0.04073404104796037,0.036984938642693956,0.03626069115058865,0.05091355057319048,0.04682361697037246,0.04706008065841038,0.03432021405476425,0.042930586243333325,0.03997235415198233,0.038762718100336754,0.03788161097051553
CATGACAAGCATCATC-1,0.03983292170595816,0.04444127484652013,0.04898132980734566,0.05057410267203965,0.0349000588619346,0.03509999497317678,0.035355952505497494,0.03435446919393228,0.03572099926313244,0.040701989247277325,0.03380071421363027,0.03413401394332884,0.03410069567999556,0.03371059916459966,0.03373780637743048,0.05148685184113272,0.038754675298560026,0.03625397693935236,0.03532163359660203,0.03601242153261953,0.035339192380303495,0.04643150086878059,0.05180108298654202,0.057210803301321916,0.041940938798985854
CTTCTCTAGAATGTGT-1,0.03598839287473138,0.0428573409005413,0.03604251832039361,0.038163939345791785,0.042816032221749456,0.0394150823499142,0.0425262447819056,0.042247009761903556,0.041499220753292,0.04298217635550025,0.04085196426982156,0.04057206123458102,0.04267829032688378,0.04130381653600401,0.04196109939985907,0.03715929104625001,0.03958267373424766,0.038961357512083274,0.038451302321058645,0.03994313112732318,0.03526987976206229,0.03839875955563132,0.04371261922160273,0.03987013347837698,0.036745662808491425
AAACCTGGTACGAAAT-1,0.034979711568188854,0.04089587921578338,0.033968836464172314,0.037416948440231544,0.03795669945310891,0.03725672706821836,0.03787561069255917,0.04379705198309497,0.0380788588983918,0.048567806433379636,0.04244604094597103,0.0435580170298769,0.04123446669322732,0.04315222243919285,0.042084829470530924,0.03652465272438015,0.0366307649183322,0.04149536073995999,0.04329053140081897,0.044537092605873976,0.03328267388751322,0.046163827383698286,0.03979053654794542,0.03825312404260118,0.036761728952948505
ACGGAGATCGTTTAGG-1,0.03535235384920693,0.03985509131777774,0.03492925813158118,0.03697433113623173,0.03891572605411805,0.03815140763928697,0.039677955811665555,0.04433766678370499,0.03942425377420594,0.04387828008932777,0.049076019030927315,0.04339273593015622,0.042603813772414845,0.042182957986926284,0.04231434374918935,0.0367145207476071,0.036537814797106126,0.04146731700381714,0.04067981093737114,0.04337241108462847,0.03380341789059013,0.0408302008123497,0.039635746401861,0.038684008369146414,0.037208556898801745
AAAGTAGTCACTATTC-1,0.03597450656965798,0.04103764559734102,0.03554194232552322,0.03908840799597131,0.0362955050910888,0.03617502073327644,0.03837521677348338,0.0448234678360426,0.038612188560472084,0.05307034397247735,0.042700852307212725,0.04510689151621128,0.04091255273973213,0.04415081624580514,0.04218162498136882,0.037438236528749745,0.03625900664817261,0.040831889486056434,0.043587983268464504,0.044637676161858215,0.033286171576080964,0.03223936372264624,0.04091954295579834,0.03922442533487038,0.03752872107163818
ACACCCTGTTCCGGCA-1,0.03524898184100574,0.04138356105647524,0.03470557225928631,0.03774442874281909,0.03997579364245906,0.03795038357399067,0.040735138930123795,0.04542003718043451,0.04055082880488901,0.048162128095870775,0.04401015307667234,0.042693249110354756,0.04197763501251006,0.04443363844374999,0.04319768317182304,0.03706543597367579,0.03602797649326156,0.040537793345790815,0.040758437450211245,0.042232283715945354,0.033166737971917416,0.034646173449494604,0.0420665322924692,0.038423288246851366,0.03688612811791852
AACCGCGGTGATGTGG-1,0.037602250663916106,0.04208976659082242,0.03515305076493348,0.0385226871659377,0.0389923381657015,0.036400963966596214,0.03801037539296999,0.043702075010947576,0.039554234938631104,0.05387309382134346,0.0414123143865968,0.04219456274645788,0.04185475062816578,0.041910260763850335,0.04031988229567354,0.03810145766303766,0.03876782926240197,0.041558259811659705,0.043883699120758325,0.044431592505602795,0.03440251256878211,0.030230700446751947,0.0406077586262205,0.03959465259785708,0.036828930094383955
CAGAATCTCAGAGACG-1,0.03929570207467128,0.045041906165865835,0.04760992425155029,0.05001975102555864,0.034737894570381664,0.03423879322836454,0.03522855816240577,0.03488537222903591,0.03523841625435524,0.041122189653236885,0.034542995928969845,0.03478627633822636,0.034455645476298376,0.034837828811073654,0.034615543481933436,0.05142087848632942,0.03853979431006527,0.03566229336445414,0.036229576643947076,0.035915895745523015,0.03528683513239393,0.0465594798715759,0.052262111057348376,0.055312347385187345,0.04215399035124771
ACGCAGCCATGAAGTA-1,0.0407204207509276,0.045409644770754466,0.04701644014852586,0.04969431407223109,0.03603202494318648,0.03544570133449794,0.03678097773913706,0.03595526760861119,0.03630714507390698,0.04148197167528069,0.03535223941322593,0.03492771707540283,0.03572593232880171,0.035280637031796847,0.03532215077138603,0.049904222345915475,0.040649815902144795,0.03674911561054812,0.0365684259820011,0.03653489437194004,0.03623788407739517,0.0483614617448985,0.029679996853242678,0.05799919382307462,0.04586240455116687
AGGGATGAGCTGATAA-1,0.03954650906170742,0.043682297442324214,0.0505642516916057,0.05549642655979999,0.03347383968318204,0.0332028599761098,0.03450907392565047,0.03384466227399678,0.03528429654145594,0.03922394279537254,0.03292342528063983,0.03353882243517688,0.03317284082093308,0.03309376373396227,0.03280179927551821,0.053902324871430055,0.038882331091564214,0.03530428361540135,0.0340437011093104,0.03466299659823984,0.03416784405872922,0.0454211116780573,0.05501953607892187,0.05873124366803889,0.045505815732871546
CACACCTCATCCGCGA-1,0.040536338751669475,0.04489322643574933,0.050259228833391414,0.0628200914301625,0.035362852272459305,0.034280237204768055,0.035487565348506694,0.03414556614283283,0.03569446967500791,0.041663516991245465,0.03373138990655414,0.03382715689267934,0.03411938229562859,0.03370513492392802,0.03308932415785348,0.05655113327936936,0.040376773335336284,0.035508794945729553,0.035099052214515244,0.03596891012880641,0.03592593059075597,0.04601225132298481,0.054849199272859805,0.03210271080209194,0.043989762845114154
CACTCCAAGCGGCTTC-2,0.04097511974960813,0.04815116543281954,0.03880960009687287,0.0395192234159,0.03891835738686364,0.03860695445582457,0.03849362027541357,0.03869222979282586,0.03906270134872608,0.04242853086314242,0.03826829031702404,0.038483675973009994,0.03798854614015847,0.03794048078552198,0.037958188538537455,0.0399570769038837,0.04055887446213323,0.03860138540696512,0.03785535173861985,0.03773064347145686,0.03914975103195616,0.04445377369864118,0.04335684153278704,0.04208475395502919,0.04195486322627902
ATAAGAGAGTGGTAAT-1,0.03909637760912632,0.045662958289938306,0.04819259005718386,0.04978376851206836,0.0347259525534213,0.03478273795752752,0.03519423615672785,0.03503267288487032,0.035573207558915236,0.04121897906009001,0.034447823440187396,0.0345758989507868,0.03424096286983034,0.03455954674751969,0.03388555080468428,0.052631595061149894,0.039076746717633996,0.03591024406474612,0.03556648563158948,0.03642330561604895,0.035827654743244,0.04735548712052844,0.05278110052418479,0.04956563049502433,0.0438884865729724
TACTCGCAGATATACG-1,0.03553281945844506,0.04190022024511904,0.03665715956269824,0.038613216091045025,0.03772476088589591,0.036887349607309515,0.03753782866524011,0.0402916205832727,0.038179212569693574,0.04567989170830584,0.04271619695779138,0.040338741178925525,0.03962671590640554,0.040152151555561684,0.04016192443825108,0.039650256317492055,0.038030116388646194,0.045649335800026086,0.04472443814763478,0.04415354273179688,0.035058741087501386,0.03539721275862347,0.04387321514411568,0.04213039337710615,0.03933293883309729
ACGGAGATCAAGAAGT-1,0.03611874976609675,0.0423531283078381,0.03544601676526505,0.03851205220341007,0.03873198798876636,0.03718798965451155,0.039033284412063704,0.043063634432249656,0.03850111438051822,0.053719548544393196,0.041790387472829205,0.04252847143212604,0.041712128219208285,0.04250350518205354,0.04181202159300716,0.038433591811539145,0.03825457077965245,0.039508520309723516,0.042282093519396616,0.04365099231074298,0.03386891809256956,0.030055700137310123,0.042636783977834554,0.040811377004881515,0.037483431702012494
AAAGCAAGTCTTGTCC-1,0.03994770535087169,0.04320710933012518,0.051010777739685216,0.06080787453604254,0.03408329045295526,0.03450450293359365,0.034889207246816975,0.03410471139400136,0.035076433835586826,0.04037535574654455,0.032524286748743976,0.03281063317142924,0.03307754084085801,0.033307283872116546,0.03235841335065023,0.057672295498597446,0.03859417370197001,0.034932603878818816,0.034428909110256575,0.03507742884442415,0.03472361147493351,0.04455733503261304,0.051443794905939554,0.054279528930800514,0.04220519207162526
CGTTAGAGTTTGTTTC-1,0.03834351586900488,0.04278509350240931,0.04753676756109797,0.05676274988545057,0.03501669204734126,0.0340638282067701,0.035186119013084154,0.03471724839115519,0.03598079001350187,0.041185957320653645,0.03460523031436908,0.034180827617336845,0.03442800805892483,0.034280867214902165,0.03398797735505139,0.05373404896428346,0.03939200775630378,0.03480196789010737,0.035352679020152475,0.03643356467445564,0.03539686446194303,0.044822855373079735,0.051427432458147015,0.05296759658425348,0.04260931044622078
GTAACGTCACTTCTGC-1,0.036643547511040916,0.03797259680203628,0.04522431269445607,0.03790819036636147,0.051037512225080656,0.053039835771548534,0.037871492120512315,0.03670313477861211,0.036774651314038086,0.03796243833261745,0.03764013363529987,0.03675557504188761,0.0378221054996961,0.0377570479520312,0.037775431486106195,0.04484060257008418,0.03798829718838244,0.03677085953797973,0.036779466610904914,0.03741689586724465,0.037884780060229835,0.044310390078071485,0.044256323070753924,0.0440724728427688,0.03679190664225499
AAGTCTGAGGTGTTAA-1,0.036559450392243634,0.03896665817939843,0.03560525178211021,0.03730431949628064,0.0394946947284318,0.03974780690490011,0.040267678036441615,0.04500878403520054,0.03949767511930396,0.057716427405566116,0.044948375713801336,0.04390147109485752,0.0426142275611307,0.04161732559812418,0.0423045027348001,0.03767222972525013,0.037958389207754385,0.039371951153687405,0.03957887010578279,0.040490549332904566,0.035142793423595456,0.02643252369551946,0.04126545654108882,0.03850437291333126,0.03802821511849524
ACGAGCCTCATGTCTT-1,0.04037209233231154,0.044779051911056404,0.037295252893765105,0.04002602857126803,0.03845218901406895,0.0370382969848447,0.03978611332897375,0.03901091291484129,0.03826689435441593,0.04607656611620358,0.0377621668220628,0.037053248981278604,0.0391105794226232,0.03758572160613603,0.03823397819584677,0.039569964287583415,0.04292600495106284,0.03743330043148736,0.03758925242057803,0.03846669483853791,0.03857142443017158,0.049308042530624374,0.044867018736355,0.041228527124233055,0.03919067679966955
ACGGCCAAGGACCACA-1,0.034608283809238506,0.04025704557316288,0.03639892047735317,0.03626178846699241,0.04010595008583292,0.04158325611599836,0.04095989691546427,0.0437762942718112,0.04009998180333986,0.04843073160966341,0.04587444648041071,0.04139601405614236,0.042337020922337605,0.041855156647714546,0.04261316494540686,0.037188564325571175,0.03708637955730732,0.042429748347955556,0.041777056914669625,0.041557233114440664,0.03466890346165863,0.03294363262569391,0.040139570214141454,0.03924496926585975,0.036405989991832775
CACACCTTCATCTGCC-1,0.036439204095632886,0.03700535444600662,0.03741631741261911,0.03916636148249443,0.03560677843424665,0.034250663680454776,0.03466960057504534,0.043377543732857494,0.03642959778041931,0.043109164232574805,0.04268074166453509,0.04310677556538843,0.03908703130626325,0.043641421319581035,0.04070340884649139,0.037916376134826436,0.037739803984207204,0.043563658572522146,0.053166726764363896,0.04785711791163303,0.03466990794114211,0.041848787305426065,0.039543532551045125,0.03934557348314074,0.03765855077708244
GTTAAGCCATGTAGTC-1,0.03461688947431869,0.041474196726297305,0.03585401202628557,0.0367872216253517,0.038869316784538116,0.037056951014124956,0.03951925889849327,0.040925308534441644,0.038402447438425275,0.04787925904420119,0.041749482142865224,0.039583828515175216,0.03986331392197135,0.03994069132327265,0.03919508394499625,0.036891712491858374,0.037912757748752954,0.05656741853193101,0.041907172465386326,0.04246951768683369,0.03494863743866766,0.03935597572607915,0.0416240683373387,0.03910094456158622,0.03750453359680753
CAAGATCCAAGGACTG-2,0.03674107871439706,0.04218326728686256,0.037235470537428116,0.040078881212950696,0.03853278438549693,0.03684941222137495,0.038340177884892176,0.04068554176272006,0.036911207007762147,0.043635603383866184,0.04018734524932303,0.04151122649215627,0.040353303918315125,0.040477330612710825,0.04014930628924984,0.03927040934956968,0.039021695120516675,0.04288006718250842,0.044976170892915154,0.04304059300019281,0.034216695171281335,0.03735907397439281,0.044346284625363504,0.041828131378152465,0.03918894234560119
CAAGGCCGTGAGGGTT-1,0.04580898097478454,0.04422423547395557,0.03609380827354677,0.038400789655753664,0.03789607412006349,0.03602642675788125,0.036622013543972924,0.03527359100140088,0.038249730056327834,0.040898998875912966,0.03560170664382822,0.03518836316485985,0.035130149393234625,0.035045373127128826,0.034647863215304824,0.03892442037098226,0.050053467761554886,0.03653331919376819,0.035498300855062594,0.03652281514076332,0.06274041605961567,0.043799924357498965,0.04588811614961824,0.04317208051904395,0.04175903531413563
TTCGAAGAGGACATTA-1,0.03756039505695245,0.04218741841884533,0.037715902503378015,0.03890952496694971,0.043226093965028446,0.04167927747828302,0.0435461626178906,0.03996077986373519,0.04246637786088492,0.041109666496088985,0.03947931094521456,0.0390898994899821,0.04148694711736241,0.039949126577926014,0.04000252385585718,0.0388279175783926,0.040333282831748994,0.038177637759190634,0.03758825420326954,0.03961703070330558,0.037160322657944854,0.036657980691913825,0.04359742424882905,0.04107984926304523,0.03859089284798073
ACACCAATCGTTTATC-1,0.037013069013432064,0.04108129994176075,0.03535913711666168,0.03804382210838831,0.03840374442719096,0.03885794483393412,0.03986801472092749,0.041810416834357975,0.04054504673120959,0.056711311817219695,0.04251178629247023,0.04145196370177866,0.041715273058367114,0.04088464022669885,0.04138271807568156,0.037801787321879145,0.038783640386113545,0.04134219632539477,0.040976570673300385,0.04127497404133298,0.0355989281250244,0.029452464657248656,0.04263230167789733,0.040090523780577356,0.03640642411115223
TCTCTAAAGATATACG-1,0.03654556953685514,0.04227545671962305,0.037172477696343825,0.03871098513635162,0.03869444969774749,0.03703733266811171,0.038910447805439105,0.04215288757427224,0.038193156982452445,0.038912207722211545,0.042906318284734964,0.042142530735383946,0.04140509952632368,0.042437019866986246,0.04124438521009434,0.03807236055623562,0.0381022723393202,0.04537830940308874,0.04357019606604449,0.04661305294740539,0.035336648927114106,0.03681402248660519,0.0410150801048883,0.0392818762918625,0.037075855714503954
CGATGTAGTCCATGAT-1,0.03749052285002302,0.03982796147510284,0.03804714153353392,0.038553122053544005,0.0395398727223325,0.03558313953953777,0.03656178196028582,0.038510536090481114,0.037228180360373335,0.04173916044077285,0.041916589334107114,0.03967224421884565,0.03959233808001859,0.038772623316345955,0.039461087758484836,0.03858121309164685,0.038289540250639534,0.05171228052056612,0.04667154198047253,0.0430395863589852,0.036018299622089696,0.04273650222316599,0.04066324795877078,0.04103608492571352,0.038755401334160576
AGAGCGAAGTGTCCCG-1,0.05322040616709484,0.04151576527491617,0.03867627694775846,0.03902383804991873,0.03803628248677228,0.037298895385954954,0.035848610349750384,0.03549994714166263,0.03901332719932574,0.03916069412652263,0.03595625280399378,0.035225425071583515,0.03519884345402846,0.035128634665346305,0.0351516929990549,0.038718406316853096,0.05375767052795529,0.03625442671310075,0.03496143681396086,0.03519511589473308,0.05739776228583892,0.04238437277028219,0.04622663064249811,0.04115777805710461,0.03999150785398939
CTGATCCCAGTCGTGC-2,0.04164466589743386,0.04167350689825965,0.03989286415334725,0.03982357557176454,0.03839724194736097,0.038618034915946536,0.03841332986130224,0.038863193260858186,0.039057330341719605,0.03993563022808387,0.038851105063544215,0.03840522341565157,0.03839724195116306,0.03893449509034841,0.03895077575793096,0.040125149410738664,0.040751723609492425,0.03985578671285015,0.03990261839823274,0.03968162908540615,0.039764890342417855,0.04065812173084433,0.04173502110215365,0.04065479916693335,0.047012046086215696
AAAGTAGGTCATATGC-1,0.034778524405691534,0.039991123358781716,0.03468215707404491,0.037581106333036095,0.03636995051560862,0.036250399298196755,0.036885822733661,0.04362818642595271,0.037059374715074186,0.04083775985829246,0.04154334471663126,0.043250441737365565,0.040755284715425485,0.04329854053713892,0.04173843305280396,0.03620886544984671,0.03636987987189388,0.04148258830842227,0.04556668780779918,0.055783028233161086,0.033331590069774465,0.04528241740783079,0.04031820565643833,0.03922179241402015,0.037784495303107686
CACACTCAGTAGCCGA-1,0.03669154743764019,0.040782801197153266,0.036277930400883514,0.03906116558412028,0.0385465019175774,0.037117685976182056,0.03771433512957216,0.042573498997368966,0.038233613570710326,0.04803782644570972,0.04068650853186341,0.042393443314683844,0.03985142111736652,0.04213925890865397,0.04035548998251192,0.038029343252370916,0.03763303571392585,0.04101785118090495,0.042991342674410314,0.044399257119051155,0.03490546631714315,0.045562855983589945,0.0394145781897711,0.03883932970568916,0.03674391135114607
AACTCAGCATTTGCTT-2,0.039427454368658084,0.04330807617913659,0.046682666583029504,0.04196750461589667,0.03914914594374775,0.040306377371483064,0.04062244425798952,0.03777190403922011,0.0378319981484381,0.04074714844058168,0.038944018414155235,0.0378159707836363,0.03915023798234259,0.039076277948744215,0.03909683120057905,0.04240745856901731,0.03943133239285077,0.037828112120204115,0.03783535893401591,0.03864906262043466,0.039213310697807556,0.04092473497755871,0.04050034350305222,0.04229007418270964,0.039022155724710836
AATCGGTCAATGGTCT-1,0.03533850816629106,0.03831064586331771,0.03489543769803999,0.03847393783964622,0.03675797003159237,0.034677243404307424,0.036910671615551914,0.04099184032701984,0.03762572767756437,0.04347475033010805,0.04012582709330608,0.03980214241449648,0.03853889252094419,0.040111616515094366,0.03929020312116867,0.037336037695463065,0.03718165071196497,0.05192736392586732,0.05666329222221964,0.051884434337400066,0.03334498917614296,0.04412475352269163,0.03806130951777058,0.037772538188917855,0.03637821608311312
AGATTGCTCTCAAGTG-2,0.03647786360132232,0.04494915862170805,0.03595645023560576,0.03808988081430635,0.04194962553939613,0.03912932114814099,0.041021329715837905,0.03967986322555025,0.04130677779402298,0.04632577738400292,0.038718546974119125,0.03789971881705876,0.03969828074153435,0.039013582573185435,0.03966935245029665,0.037962743984950136,0.03957702370486909,0.036947263966927386,0.036460639211548504,0.03811593756503878,0.036366898541662585,0.05147949320936011,0.04385674779548527,0.040739962605346416,0.0386077597787236
GTAACTGTCGTATCAG-1,0.04141836589433675,0.05498234547592172,0.038352512975454306,0.04153966734572151,0.03766370603483767,0.035246569064418594,0.03683453821230943,0.03617690471106715,0.0381676182450958,0.04315595397427393,0.035318119830075184,0.035183845125473776,0.03598232083740001,0.035349951881435096,0.035206294501769216,0.04110501019984392,0.04268045908738812,0.035666193502583154,0.03546122394102292,0.0361200596027232,0.03889007553240871,0.051365455627172575,0.0497700459103737,0.045160645184943046,0.04320211730195058
GCACATACATATGAGA-2,0.0404670638509894,0.04788434053098282,0.04062134684539062,0.041470703150659,0.03695600996804989,0.03645420265551985,0.03678026665564481,0.035833330283220284,0.0365806240129367,0.04097059907680893,0.035989146581125724,0.03493895945263037,0.03548600017331134,0.035407889165623464,0.03542964340554926,0.04228974798862698,0.04107109402386301,0.035718697737272175,0.0368963055990775,0.03668383315318049,0.03896099062279089,0.04581097816570224,0.048650615168070406,0.046229634094537536,0.05641797763843624
AAAGATGAGTTCGCGC-1,0.03898078340543673,0.04202598835937663,0.052997652815771575,0.04604006277841593,0.03518602712103874,0.03570965775838318,0.03631910920834878,0.036367940853872856,0.03587922245849343,0.039724701148079314,0.03490766632594379,0.03575038609082487,0.03518208555149504,0.03557280911158279,0.03509842453973644,0.04956827038598617,0.03894280729887763,0.03734614461073718,0.03613395807379333,0.037350694541689704,0.03635971332993213,0.043694144253798875,0.05094649601975497,0.05006014478262324,0.043855109176006546
ACGGGTCCACGAGGTA-1,0.03765675018942684,0.04586079034276763,0.03795481163550334,0.039375807604207926,0.04371706880379629,0.04178532631096798,0.040390354642750974,0.03904795669515524,0.042393979111109314,0.04399069759560578,0.037883840268683584,0.03848716101289973,0.039236236372027514,0.03743746370942301,0.03749143413428552,0.039007843338495815,0.038503483668943635,0.036286028504762126,0.03631730971394507,0.03727991375258975,0.036961542536226015,0.04845090935098842,0.044055216192714394,0.04186321468295217,0.038564859829771876
ACACTGACATTCTCAT-1,0.05665050437996234,0.04141647586374141,0.03670529363624904,0.038930300113670845,0.03659274117367385,0.03453738254101968,0.035107716984603604,0.033686627764015445,0.03568857827330382,0.03996902391657522,0.03431389202495884,0.033902969646184215,0.03387208092643561,0.03378890163581835,0.03347788986548524,0.03928360288122567,0.0589693692471671,0.03501908687953972,0.03423803768794379,0.03421704451289812,0.06309319863362202,0.0464029224144579,0.045696941691726445,0.04233643211770931,0.04210298518801253
TTGCCGTAGATCGGGT-1,0.03545843871196131,0.039805032199898345,0.034902249513937667,0.03711835715604315,0.03613193695233505,0.03456485605703412,0.035806188337134705,0.0411699416099647,0.035487332509066875,0.04478120405425321,0.043040011775505184,0.04111253489846901,0.03847898740021364,0.04107018351755917,0.03976157319028794,0.0368479235662264,0.03744327935518932,0.04749415938727872,0.049909464185419555,0.05223583648185299,0.034593796843966004,0.04445862149771025,0.041396117366236086,0.03988050088233324,0.03705147255012313
ACCTTTAAGCTCCTTC-1,0.03687559332257872,0.04201587187258279,0.03562511582446058,0.038460522542810904,0.043940273609880294,0.040266170717834504,0.04497712019204567,0.041708009381221545,0.045410833305784236,0.03985451124598262,0.041491007613540465,0.04082271810488438,0.043458853747423525,0.04086446605954609,0.039932932321873574,0.03712956432145418,0.03908751576824976,0.039482813098616815,0.040053049348023666,0.03968053810435466,0.03538414808247179,0.03464970483306695,0.04294660279622736,0.03900241966658973,0.0368796441184954
ACTTACTGTAGGCTGA-1,0.03829304726656284,0.042116369553023364,0.036750892909723054,0.03799978168458103,0.04667113657650685,0.04147737715159414,0.045356147932730594,0.04152714003331128,0.04353914816258299,0.03521748224716435,0.03893012366575628,0.03961946822859089,0.04191602818240987,0.039759445906237464,0.038502953155694734,0.038212525002725484,0.040641025545668744,0.03783234528388195,0.03790692483199028,0.039150211727963284,0.03738086171823901,0.04075784746783061,0.042652130024780126,0.03996204613062826,0.03782753960982251
ACACCCTAGCTGCCCA-1,0.03555912387470705,0.040574363851919516,0.03504468931831391,0.03606028178372916,0.04170222197154562,0.040205592318390354,0.04206330149936631,0.0419656717691233,0.04006199059911388,0.04860210648627353,0.05126881659998461,0.04257038261337139,0.04244675666985098,0.041933725356368634,0.04211128110503115,0.03585273195471712,0.03630121406468403,0.038702159244636686,0.03835919313551822,0.038631033539187065,0.0361575791467231,0.04256147627948047,0.039331727657384866,0.03684164335219626,0.03509093580838264
AGTTGGTTCAAACCGT-1,0.036394756921870615,0.04275926459191543,0.03611429563939335,0.039444648806785707,0.042235571614779546,0.039404950305915,0.041753145723332184,0.03965028000764204,0.04105021752594337,0.04677510701858922,0.038558162416882855,0.03816470093890438,0.03991007962635007,0.03844346949818915,0.03882104661972728,0.038387250007347495,0.038489019037300364,0.03796740348770588,0.03834670499782437,0.03914670087686571,0.03538747933247905,0.0496328521150197,0.043809147603891756,0.041088938276368475,0.038264807008977074
AGAGTGGTCAAACCGT-1,0.04084983042354823,0.044039205178850835,0.05493896794790809,0.05142668608730249,0.03558757129603692,0.03545664522713806,0.035709445541088625,0.03580950967655158,0.03677098401462814,0.04049201400614348,0.03434752500215952,0.035336878287957056,0.03554356924853988,0.03514976397944382,0.0348631057120068,0.041073190975658445,0.04018427356786812,0.03637596106441051,0.03542351740207625,0.03624650722129763,0.03606825332167676,0.045159369281244616,0.051980726039959825,0.048599640111424855,0.04256685938507962
GCTGCTTCATTCCTGC-1,0.037126177168477555,0.043673009126549846,0.04288632136443837,0.04710608986157477,0.035220639623015255,0.03445095371900092,0.035340316606761034,0.03816056357894996,0.03548074511182272,0.04537327461391059,0.03683706117802792,0.03859049785431524,0.03705917543327535,0.038208181271645415,0.037111132812265836,0.04486061656576676,0.03770279596707262,0.038570926751296614,0.039124890014232604,0.040272554810330624,0.034012251231801634,0.05067618796508676,0.028928235642930723,0.05881396664918436,0.04441343507826631
CTCTAATTCATCTGCC-1,0.03755238832509234,0.04188943412367027,0.036695960617723435,0.03855103118670044,0.04455706760404272,0.040303302755306254,0.04155830454899744,0.03878825192962772,0.040560442771999126,0.04613397900953175,0.03940375290003054,0.03771743832886858,0.03944441464226403,0.03844632422415366,0.038578149968616054,0.03861773469533835,0.039755049619560626,0.03812282383269905,0.03711179963136507,0.038327571879245924,0.03684030063406046,0.04851646106926419,0.043328744711623526,0.04078987386987906,0.038409397120339396
AAATGCCGTCTCCACT-1,0.03706778756633854,0.04114528711187431,0.03516863268056135,0.037200868385966576,0.03781924516000284,0.037879727430581885,0.039722318850116754,0.04350060667514985,0.03909743713183933,0.04758134946303608,0.042605117453346275,0.04293973647112266,0.04218677440861062,0.042249873324526045,0.04063464402788448,0.036743267720665156,0.03598381613036182,0.03990863662994516,0.04273863538763217,0.04304250996658058,0.03421313932609349,0.044545014261521514,0.04028369978841684,0.03795712038915367,0.037784754258672185
AACTCAGCACAGGAGT-1,0.034757118312312776,0.038605693742680434,0.03468124625671557,0.03708229123369255,0.03821663461561219,0.03710659590111402,0.03848171979304024,0.042806086229116615,0.03723490252608963,0.04871733333319995,0.04553418135226262,0.043532953747717554,0.04072231703266059,0.043718129326805924,0.041898644568494486,0.036078701997220894,0.03599349227262468,0.04230035854714044,0.04424998218083014,0.04576483770884589,0.03318384475410219,0.04596093184154482,0.03922486441793277,0.03840820700910295,0.03573893129913996
AAATGCCAGGTGCTAG-1,0.04056085189682949,0.042224435634531925,0.05418548451598154,0.04758966743718408,0.03590136141905504,0.03675625116771198,0.03598474218515557,0.036064682328088335,0.03655917663488464,0.038059105803475005,0.03479231825319965,0.03593616555132138,0.03544593745099066,0.03578787280203634,0.035384079535762884,0.046308638493910106,0.03907531313605639,0.037029059230680846,0.037099153117143374,0.0367227102664251,0.036651857654268996,0.04269690691119176,0.0503212218306811,0.04894243765666681,0.04392056908676689
GGATGTTTCTACTATC-1,0.03811609731608628,0.04252131708248938,0.03828839345549381,0.0389931374905013,0.04540243991863081,0.04192260179728764,0.0443380478082636,0.040384514071538896,0.04254166899442103,0.03792482419773802,0.03992635543307101,0.039373623981835935,0.04112718335624534,0.040369286412335594,0.03920044737058278,0.03906418710690043,0.04078402772977052,0.03788994199379352,0.037968902405800746,0.039272535400046445,0.037461984274450265,0.035927278551177465,0.04188206840063745,0.0402956179898045,0.039023517461097376
ACACCAACATGGTAGG-1,0.03685793238171867,0.042180526809850856,0.03639471684015038,0.040570624597682355,0.035519030814865536,0.034560821947070504,0.03597897846351959,0.041418160768648425,0.03690091117543095,0.056071977668751403,0.04125166122183218,0.041087713714334076,0.039222224203486034,0.040900251417405456,0.039844189460834505,0.039497340586579374,0.038541037236503026,0.0424997715798673,0.04633586367070672,0.045441393357950825,0.034352286109797105,0.029281771773913005,0.043409127133651644,0.04222534651910345,0.039656340546346786
CATATGGTCAAACAAG-1,0.0352131399372071,0.041538192516139424,0.04172350524657714,0.041487862014109526,0.04214452463187527,0.0421491312892764,0.04196125545346152,0.03535113892146956,0.035387612719706925,0.04162758723120217,0.04166966739771208,0.035377886987929895,0.041191917127633454,0.04214637986037513,0.04239864875686027,0.041806451382035426,0.04177888086312544,0.03534018841266995,0.03534560119227841,0.04157749703337364,0.04151979720154646,0.04200686817370228,0.04192687812799588,0.0422066666321912,0.03512272088954531
ACATACGTCGAACTGT-1,0.039747309734578594,0.04403394293493754,0.049610776173793794,0.05125155293718,0.03455644125121087,0.035022613848173303,0.034679405662540005,0.03519650078977642,0.0352976628838057,0.04007397478309816,0.034121907085576955,0.03482147156143593,0.033988460132256565,0.0346224005023932,0.03416170189137419,0.05227361144117896,0.039351637292590835,0.036320165054098526,0.035635848146431795,0.03582143271125608,0.0358198353346037,0.04433078202193966,0.05135638554026052,0.05529782268865304,0.04260635759685585
ACACCGGCACTAAGTC-1,0.03605679277456791,0.040955330982568774,0.03548745596222619,0.03824180519482765,0.040712124707470744,0.040135966626507785,0.04266091898025854,0.04213661154244935,0.04020210954275963,0.04638513453380315,0.0435055633253079,0.042001826782873314,0.0445912539913824,0.04390060968483959,0.04314662144186336,0.03705853835359157,0.03609200821862572,0.04069068094385214,0.040793589184528856,0.04212773042952548,0.034715678237806184,0.03369281394761187,0.04094327293574143,0.03797970962188949,0.03578585205312104
GGGACCTCAGGGTACA-2,0.040278768824213454,0.04678121860874046,0.04079086381887504,0.04161961650306334,0.03590291152445519,0.03562011394684924,0.03627307155892507,0.03627470529697819,0.035823685355297466,0.04100019793520537,0.036196272898393306,0.035476297535917675,0.03507171399004047,0.03559200570549581,0.0353509981371347,0.04258547930476894,0.04111545996948597,0.036898068571274124,0.03755858004351411,0.037081088614170664,0.03807178430458457,0.04593986501437318,0.049278749988406756,0.046588632609090554,0.0568298499407462
ACACCCTAGGATCGCA-1,0.034303725079149264,0.040642650981747325,0.03473900348674027,0.03584713232643201,0.06144299184171568,0.04068818025888619,0.04301714896490766,0.04017611634952928,0.041890088622416076,0.051300622183999486,0.03858277203418377,0.03831783134910754,0.04174698077526642,0.03959646905752382,0.038884542212278474,0.03527074137963066,0.03683383522463655,0.03694758056816842,0.03608518769171258,0.03678938421491157,0.0352238465827226,0.047534187743406904,0.040141728198295604,0.0379880382272411,0.03600921464539082
ACATACGCACGGTAAG-1,0.061634759361021633,0.03293938546501643,0.038854581710942214,0.040361594384759725,0.03785707595672587,0.03718458128204269,0.03791568539904314,0.037950535135956434,0.039514418064190655,0.04126942794628712,0.03679245121016868,0.036562496381406066,0.036967358743716816,0.03649198764473743,0.036102926033023834,0.040072185873986074,0.04490482018478486,0.03706898712414789,0.036418221019111366,0.036294113570363926,0.042977012914291776,0.04395637697645825,0.045177936618512486,0.041523167667695676,0.04320791333160891
AGCCTAAGTTGTGGCC-1,0.03636119729748384,0.039968206207025535,0.037588494378573485,0.037910573929325675,0.04302727577236531,0.04158665818842423,0.04188959996906172,0.04019774640251427,0.040027146538891126,0.044282667282402634,0.04069345497394295,0.03907051054791261,0.04373504280203531,0.04129468516092667,0.04205502945207222,0.03813748067648493,0.03938356053556446,0.03946681355952253,0.03909295632942846,0.04043580919828858,0.03657798423371047,0.03589054916194639,0.04256940782135256,0.03984078089054221,0.038916368690202006
AACCATGCAGACGCAA-1,0.03608247847598168,0.04114835303570854,0.03613438319264198,0.03836483045839663,0.03906681241247702,0.03862875210652282,0.03936329501164474,0.043087359230247084,0.03959068811855409,0.05168770419207153,0.04174128493677317,0.042930231360072624,0.041815870800457566,0.04308221981570259,0.041477849285077494,0.037592182068264396,0.03661362859115042,0.041459249082742504,0.042833672798065596,0.04269297804884396,0.034182474744220384,0.03445221571643512,0.04068171583768073,0.03849639148694581,0.03679337919332163
CCATTCGTCGGATGTT-1,0.03587511621732224,0.041273169817961364,0.03632871137545964,0.03811437371976542,0.03811482711503201,0.035493480373017465,0.036666804009669214,0.04144014672950253,0.038018523585972006,0.03592033786146461,0.041812664007768605,0.0413354692300962,0.038609671276760515,0.040797993381701404,0.04049780324561201,0.03726023781603758,0.03834645271540495,0.05471099058992981,0.04519148257539203,0.04459760910767204,0.03516760574544718,0.044705272759020157,0.042317740401185244,0.03971386258295272,0.037689653759852886
AAGGCAGAGACACTAA-1,0.03630188639421747,0.04278398593386033,0.0357527786502238,0.038973260079048826,0.03864936146270177,0.03688614184454768,0.03829135689109856,0.04311434178528951,0.03894563335073094,0.05136242935741832,0.04242171337919461,0.04144076951301958,0.040765909672792186,0.04181481682753629,0.040381207156595184,0.0383479816929203,0.037486389486475244,0.041129679289886,0.04358718449081798,0.0437814370428739,0.03401193168349348,0.031633806356246165,0.0429984015411488,0.04082676305695653,0.038310833060906414
ACGATGTCACGAGGTA-1,0.04592137631926775,0.04349715047537383,0.039133700248685135,0.039967328200666015,0.03762462598784628,0.036843186990050625,0.037306616894323456,0.03610155456898015,0.03786627359664417,0.039227895597468636,0.03536133458917327,0.03549451016584229,0.036733262650526156,0.035430110256101745,0.035845992398203304,0.04009449145903503,0.05017111780371745,0.03601701518893658,0.03569538124866269,0.03618779229604891,0.060316016208636206,0.042427497305102514,0.042737074531050995,0.042218977565557966,0.041779717454098995
AGGGATGGTCTGGTCG-1,0.037397887631427346,0.04163852845941396,0.03655168943681678,0.03803139108953446,0.04364509373861867,0.04092772363574835,0.0430018701355788,0.03981861544274031,0.04244953250211054,0.044488405167483334,0.0393692360072613,0.03904007604548948,0.04187353608820617,0.039509451681301384,0.04000113846194178,0.037276833260875816,0.039625731300669376,0.03681238925277479,0.03653002644048244,0.0383011538778562,0.03690095857212418,0.04746274999903093,0.04289312697919023,0.03868108026635883,0.037771774526964404
AAAGTAGGTAGTGAAT-1,0.03717735787020503,0.04253941779052502,0.03659850936569998,0.03716888828902963,0.043632311441292274,0.04067637413646309,0.0456667079834682,0.04069475737825917,0.044456235528503175,0.041650339055089414,0.04009107355118831,0.03942695079956846,0.041712238390554296,0.04079705242838045,0.041429166621097135,0.037173967761494904,0.03937113942299118,0.037543187688701546,0.03694185909802006,0.03906012748478222,0.03627264300044222,0.039770586625941656,0.04262689584298046,0.03950532434943109,0.03801688809589116
ACGATACAGGCCCTCA-1,0.0402803127384014,0.04590902412820316,0.047823052719597026,0.05014040749879115,0.03577019299499549,0.03427961244137663,0.03631568585555917,0.03518237245616015,0.036707640981058096,0.04221164822334939,0.034761515583358465,0.035256932373169986,0.03490458961510823,0.03507101739601147,0.034809536029515004,0.05066436561535206,0.04087333980851427,0.03742325144752498,0.0359092913585556,0.037169543121905985,0.03630600021378344,0.04734134416347253,0.030863579623501,0.05954307798746575,0.04448266562526948
AACCATGCATGCCCGA-1,0.03419307322320467,0.036924017118483796,0.03379914183309384,0.03493007468914761,0.05479728775737202,0.057489127224899614,0.04745088427689565,0.03923199305621133,0.03907167557178848,0.05270030351354102,0.037709996566944806,0.03809633306040778,0.03911960365803893,0.03927567115463975,0.03831965133461659,0.034735229029089036,0.03680383005442449,0.03709810258133324,0.03638511548809338,0.03700876051578416,0.03439997726414819,0.05004617630622297,0.03802431901972806,0.0365230789074435,0.03586657679444715
AAGGCAGGTACTCAAC-1,0.03866907506129693,0.04188636845052754,0.0570653798367067,0.05257310357273373,0.03580850060513289,0.035064911524769635,0.03640049245132142,0.035454108739556636,0.035257871121228766,0.0389591676216124,0.03430872871776568,0.0351114493356789,0.03543052135861852,0.0352718531655604,0.03455045932702057,0.05175082535817441,0.03682008137736565,0.03579529632826361,0.03552794924259565,0.036004720168482676,0.03406384016696978,0.044193167734812425,0.049738730973431865,0.05089944189346803,0.04339395586690522
CAACCAACAGGCTGAA-2,0.036173119860469484,0.04542599319948377,0.03587119814831934,0.0392310247164113,0.0368121157195029,0.035106729192318845,0.03770646849302507,0.039950782411026384,0.037838010490287365,0.04756158058277626,0.038482068583053794,0.039648635770964974,0.03903640449543798,0.03991134202297216,0.03871074488419773,0.038743119168537295,0.03876997461858184,0.039317101013065354,0.04007880803540963,0.04134729457062938,0.03460093802850061,0.05163107684068948,0.04615566221230892,0.04234058885684998,0.03954921808518014
CAACTAGAGGAGTTGC-2,0.04018137679565102,0.056621937040784366,0.038284521699065294,0.040321053100169375,0.03717403732924674,0.03532998146651477,0.03685371861703787,0.03630148327878143,0.03705116855012358,0.04309439125452149,0.035569085660668624,0.03552768165905611,0.03595227083695349,0.03571788889775552,0.035799443911152515,0.040656621140076274,0.04180591595229768,0.03648717941793099,0.03572252553742109,0.03719824217879523,0.038101270746791815,0.05104350988341675,0.050021356174336916,0.0448401965149995,0.04434314235645149
AGTCTTTGTCCTCTTG-1,0.045847478837096965,0.043743693686447975,0.0402788526043178,0.04275890509728316,0.03830823284226895,0.0364733714950449,0.036745108618281216,0.03631646706782204,0.03955239597766854,0.043634053964347976,0.036287558209562754,0.03583651214978525,0.036633772388674844,0.03573902705366959,0.03537528112238492,0.04324721249243859,0.04230884036694452,0.03577749273009812,0.035224483943709715,0.0356006842338003,0.04368998021062775,0.04728604550528267,0.04495824611653597,0.044589884173168684,0.04378641911273657
AGAATAGCAAGTTAAG-1,0.05374453098268387,0.04260290842977473,0.03783403503295977,0.039937371288080385,0.03572237639355959,0.03629085724498063,0.03537005357938487,0.035104370963563336,0.036748918799787235,0.03900687298995315,0.03475309446535689,0.03490043860249247,0.0356887020076987,0.03482994594062766,0.035234642320863076,0.04019114898900541,0.05284956780692653,0.035707848861091504,0.03542508172310837,0.03523617539809435,0.06083283713130496,0.04165719183442331,0.04577095593188985,0.04259648933913672,0.041963583943252704
CACAAACGTGTTCTTT-1,0.03671495606471136,0.0437538097753113,0.03641928929910848,0.038712793996825964,0.0419842705450193,0.03870882401047397,0.042238267792873,0.04189243650502466,0.04272303273824034,0.03625729627194024,0.040044468942356,0.04057921949075908,0.0423316328436154,0.04075901894807334,0.040553307587622975,0.038404918853622294,0.040156063482175944,0.038242360502093495,0.037222127063331584,0.039787117003397585,0.0359646240894052,0.04473109552283165,0.043609437531404185,0.04071445085474664,0.037495180285035956
AAGGCAGGTACCGGCT-1,0.037372988474179046,0.042570185106667414,0.0367054957125831,0.037403094162388545,0.04412683845788587,0.04178471418931885,0.04210941235170809,0.04178002698258091,0.04129617871495942,0.039204935370996175,0.04169393559727797,0.0402926314489651,0.0428764365602021,0.040855633587398944,0.04050100863407065,0.03734169320325627,0.03964339751580382,0.04055450099068978,0.03938491917051856,0.041008236808626274,0.035958327353336664,0.035586414220417986,0.04163604743448593,0.04070535737552059,0.03760759057616163
ACTTTCAAGTGTTGAA-1,0.03608808014463901,0.04229459330980139,0.03711642398738542,0.03792390811110394,0.04278521138173845,0.041069464718836456,0.044615343701828895,0.04064099586721122,0.04157857909643333,0.044217353879761015,0.04014133473168091,0.03918205935749584,0.04381172456907586,0.0407909520834923,0.0404895542898107,0.037934679765662546,0.040244258484084965,0.038361638555034897,0.03875549740918162,0.03940467811470565,0.03607864280026238,0.03553300083262081,0.04312258211581059,0.040060790697579084,0.03775865199476273
AAGGTTCAGAGAACAG-1,0.03607689335090059,0.03987693089645176,0.036292759184260344,0.03664687816201141,0.06528401888022542,0.04066055397161801,0.04161413096100184,0.03978506961267556,0.040799176270757305,0.04803292102363184,0.038045908466135175,0.037805991412044576,0.04085651664202588,0.03897368079168354,0.03860712004789833,0.0365252645726366,0.037798291818770015,0.03707714827631391,0.03681767879291191,0.03741382370961194,0.03509064014982602,0.04238260156491481,0.04160625461932582,0.03898551219898093,0.03694423462338627
AAAGTAGCATGACATC-1,0.03639800164496396,0.04200786704434839,0.03604037447378491,0.038627162081655106,0.041150799304589036,0.04027371787513146,0.041504751929061605,0.04174810535845377,0.04136942597625963,0.044447382819448114,0.04018968013914969,0.04011481510092426,0.03959866743430888,0.04002666197187632,0.03900034777326351,0.038716306316176355,0.03923912922162399,0.038380615037113215,0.03887936012715451,0.03978490488840303,0.03557230167929739,0.046812381060640305,0.04167569596077116,0.04069899334799441,0.037742551433606886
AGTTGGTAGTATCGAA-1,0.04370838782682755,0.040157925120917225,0.03695729264618726,0.03852979108664391,0.038122012503095014,0.036411440287345775,0.036848429001442966,0.03486734733495937,0.0374603254476308,0.04076234252985756,0.035243198543926595,0.034595040802846345,0.035414534722945264,0.03494523691836406,0.03456158261302029,0.038642818878598155,0.05881728760187519,0.03626969796626152,0.03522997329550742,0.035706116815621324,0.06183699769804224,0.04338345237959196,0.04507690390321573,0.04282950171189053,0.0436223623633862
CACACTCGTCATTAGC-1,0.039211910494897285,0.04222818495472772,0.048303518640550186,0.059076446815989996,0.0336001614484041,0.0341131041301009,0.035030072322642845,0.03486544404094753,0.03481759312700651,0.041338905265279585,0.034110264293808625,0.03470276487241108,0.034605847140917585,0.03478876328304991,0.03415974437838832,0.05385301963802846,0.03810735804827233,0.0359466425779884,0.03555564640180726,0.036534971861044326,0.03421443391587047,0.045392846086922636,0.05170564000996491,0.0531380578159845,0.04059865843499451
ACGCCGAAGGTTACCT-1,0.033491502602687975,0.03659038972402735,0.03498006176437524,0.03578816034585516,0.0386785727549724,0.03928769319534656,0.03892617642965115,0.04113657028223474,0.0391515607605834,0.04863592355945826,0.048442982546231625,0.04138225625352444,0.04286197845810388,0.04705733660239156,0.04843012410468465,0.03502785011872058,0.033811568359565516,0.039950999888223176,0.04518790019423039,0.04853840222732056,0.03280800751120393,0.04416935226922226,0.03608824965624439,0.035181058379494104,0.034395322011646794
CCTCAGTGTGCCTGGT-1,0.03658952927488841,0.0438263713939043,0.03685150904955247,0.03777467796517702,0.04296733316463749,0.03968924996466317,0.042684979707748885,0.0404381397925742,0.042073472015372655,0.04716017616688366,0.03871901569947906,0.03867621352744261,0.04001115802668425,0.03895881971602819,0.03874785710346342,0.03802717309231682,0.03847141442479319,0.037207653924677175,0.036163494397938596,0.037549675160155484,0.03514922037150051,0.04963099323622805,0.0440684708732609,0.040827676913719205,0.037735725036909945
AAATGCCAGGAGTTTA-2,0.03516846546749807,0.04307434491988284,0.03577608892666598,0.03818875135922336,0.042597756460469906,0.038526622507704784,0.04112153936365087,0.041765092006572545,0.04123259539950978,0.047714688464059185,0.04097114311861288,0.04057209850908428,0.04214830731400763,0.04090631203768915,0.04042104608114727,0.03755210522382821,0.038960690121353746,0.041036262574143056,0.040841352929059105,0.0412409048399818,0.03476821418612096,0.033962689845920366,0.042994678196295426,0.040405285935835145,0.038052964211683804
ACTGATGAGTGAAGTT-1,0.03595786201285809,0.04132704535484301,0.03641814976676624,0.03883276161602932,0.03628002759182956,0.03655701385960477,0.03781654998371741,0.04109010892535706,0.03760717703905816,0.04872138465859984,0.04104227459939179,0.04011982424299513,0.03922495643072214,0.04032348657789662,0.039369947568700894,0.03828829552151966,0.03788771259312042,0.04340408907222214,0.044502083112696225,0.04441323492246234,0.03449324000764054,0.045824044192955035,0.042187366188775687,0.03952001385296372,0.038791350307274104
CACAGGCCAATGACCT-1,0.036184518194651565,0.04710269776736027,0.036775025299542616,0.03900431519026993,0.03845357619144215,0.0373816243638529,0.03986091516969369,0.039580711956761286,0.04012262901471025,0.046384351355966066,0.03868619888226326,0.03823168016507555,0.03913548058651759,0.0380684907292064,0.03788413961177806,0.03886217553563987,0.03897906911613966,0.03662395409773924,0.03669096028437802,0.038669606039597196,0.03516281105777645,0.05409720476641205,0.046309706379881355,0.04277834240810422,0.03896981583524017
TCTTTCCGTGTTGGGA-1,0.04075696038351958,0.0552694877451774,0.038819663287887544,0.04086087113777695,0.03767137467176894,0.03553548741834312,0.03717392730613094,0.0366403439684929,0.038667423073449975,0.044212421186416856,0.03607760001765398,0.03591537139150412,0.03617153531665036,0.036001006653102435,0.03657696417077559,0.040070065689035456,0.041324437350769606,0.036412921812855374,0.036456481549787395,0.03705144294290544,0.03776970420541819,0.04974933892005491,0.048263454825047784,0.043731541973249084,0.04282017300222623
CGCTGGAAGGCTATCT-1,0.03671436950579203,0.04573994403023767,0.03785933322576248,0.039647668410306224,0.041752343514741795,0.042412736939754454,0.04213224047906735,0.04050149674794843,0.04042253811240488,0.03979287707214006,0.03999019954064161,0.039199456412993036,0.042222540413045954,0.03927398577391289,0.03895266693598916,0.039679574888643675,0.039568730826301156,0.037986606801314333,0.03743761065358735,0.03950180186895821,0.035947146696514755,0.036948636461222685,0.0454895252637784,0.041286347507461504,0.03953962191747993
AAACCTGAGGGCACTA-1,0.0362629109615954,0.041635128887113675,0.03487363334779585,0.03637072380341523,0.05488430585307048,0.04072546783564264,0.04717136210272474,0.040775098994247874,0.043168384262240435,0.04779791726755971,0.03847337082518811,0.03787235768408373,0.04081001597577301,0.03847978564658283,0.03810062450800421,0.03616158152141772,0.0375362066911028,0.036248142420167564,0.03633257938261061,0.0369692125022166,0.03604572804795184,0.04726781027592782,0.041206491371376885,0.0380728547329983,0.03675830509919209
AAGGAGCAGCAGGTCA-1,0.03689182064771676,0.0424236630661051,0.0376385180005017,0.038184180155712656,0.043838526433444505,0.041769578577340385,0.042606717533227166,0.040504433372735765,0.042354732338667586,0.03898017528796014,0.03957226911757563,0.03944111560441682,0.040346548359223154,0.04091308081915078,0.03967331137097225,0.03830772184276189,0.03961428760947135,0.038776927940453065,0.03772911258815341,0.039790802062685406,0.036841440945311665,0.03938979223968119,0.04524791647678562,0.04082642184363533,0.03833690576631078
ACTGAACAGCTCAACT-2,0.040504967550782624,0.057820355183269494,0.03896268650499631,0.041327659001856545,0.036762779317855654,0.035251267965718085,0.036579077893434044,0.03608741449581227,0.03758894300040339,0.04370865561842929,0.035298000787805074,0.03516817387822867,0.03567429766175349,0.035248019440378656,0.03530078852337166,0.041038790430860804,0.04140299233793242,0.03661328735352763,0.036117156833674884,0.03698452701517244,0.03724476376592184,0.049772237549778275,0.049892160476783395,0.04583183862116082,0.04381915879109211
AACTGGTTCCCACTTG-1,0.03672391330691139,0.03918529135718958,0.03793373964013978,0.03913189619998694,0.03724745744525146,0.036228762620475974,0.03775663597010123,0.04122210097218006,0.03827602860760676,0.046750301133483343,0.04116449810945787,0.042066871119278725,0.04024011778356021,0.04184093511727254,0.039324821697914916,0.03932348414088908,0.037710265181951384,0.042182257911760675,0.044266019390504556,0.04389377765473457,0.034281349955653274,0.044053255383521714,0.04133288056521354,0.0403443442936186,0.037518994441341505
ACTGAACTCTGCCCTA-1,0.03772048665789613,0.04302134867651262,0.03696380620115022,0.03791538716680119,0.04233479419023383,0.03984688193021964,0.04167744814955991,0.039525294190607595,0.041946167323059134,0.045001802136263036,0.039081315814985564,0.03811584846138814,0.04058084023747146,0.039085728213763646,0.038360869601822646,0.03829510713164286,0.039474427925024355,0.03789911931577878,0.03762549528520947,0.0382053604319549,0.0370859925727261,0.04763262750388604,0.042638838692107855,0.040586630324474064,0.03937838186546088
ATCTACTAGAATAGGG-1,0.03922830886388882,0.046426904431826045,0.04892750801606085,0.05058000408070409,0.035788202294969554,0.03451074289876679,0.03572684661925359,0.03576311436952732,0.03483860904870984,0.04242417239785903,0.03488294158397609,0.03463890332821808,0.03407793292395663,0.034706873417310394,0.03475109727020228,0.04990349645334115,0.04001501614983695,0.03602001373414871,0.036292833670849955,0.03562364785410323,0.035947036893702204,0.05057278784877895,0.02970659351566998,0.06278718624392796,0.04585922609041158
ACCCACTAGGCTAGCA-1,0.039515180608021234,0.044868755340123086,0.051033776256905555,0.03697403840169754,0.03698577299173398,0.03806426759805212,0.03873182591839021,0.03644997106125901,0.03902329366510629,0.0437377221191928,0.03627405209270399,0.036209007812097634,0.03618771297518746,0.03566025824453633,0.03547362024477822,0.043981940554036425,0.039520885132445394,0.036179425203332644,0.03607135100018176,0.03682250984521337,0.03586030089100688,0.04836472390449389,0.05211723434617539,0.04281580287536977,0.04307657091795904
ACTGATGCAAGCCGTC-1,0.04325189988779502,0.045721731521460564,0.03782014050679932,0.039175232690653476,0.039595281286454266,0.03692445784148462,0.03808658407017649,0.036800466871041104,0.039495951505583986,0.0421224579480904,0.03680715365978951,0.035978635004108875,0.03708279192905042,0.03589020836104731,0.03627177893890802,0.03982648130121208,0.04848299644652811,0.03703990190683113,0.035756113185701446,0.03647095954085928,0.046048387975958054,0.044344360316277684,0.04585835233073546,0.042624107405444506,0.042523567568009096
AAACGGGGTCGACTAT-1,0.036251341315862856,0.04299986317385972,0.04265213266071536,0.04251824424427095,0.03759878635495019,0.042504238201068384,0.04185472254010852,0.036313793075800495,0.036375419141043606,0.04270944388548236,0.04216363014157364,0.03635898255872086,0.037599801754721864,0.037529556403173715,0.03754915203906649,0.043523339325683336,0.037054325925537326,0.03722047389234751,0.03724777613660857,0.04256305148824309,0.04313470312027595,0.04246796215211176,0.04416948725978441,0.04365979062851299,0.03597998258047602
TGAAAGAGTGAGGGTT-1,0.040652371998263256,0.04369641242634591,0.04062615798361519,0.04129424741323553,0.036985226306423986,0.0362508689134563,0.036595907206531934,0.037158963843483286,0.03666348838039102,0.039544332951410355,0.03712550243969244,0.03658923390402722,0.035640066495488135,0.037325829672240074,0.03690647085265037,0.041168655746746975,0.04059743848016009,0.03865879433864052,0.03960554876901268,0.03866848326367538,0.03995670601285579,0.04168383080850835,0.04684259467514984,0.045226911975821245,0.05453595514217403
ACATACGAGTATTGGA-1,0.03752271970652723,0.041963585383497044,0.03681265570230563,0.0375783349430676,0.043870311355070434,0.041214894277154766,0.0431188166954563,0.0397829445004022,0.04276501312540669,0.041028041076659943,0.04016605863593603,0.03958511642992994,0.04323700602696909,0.040718049403727447,0.04136861311357285,0.0382577894091977,0.03907224354538585,0.03835156870772687,0.03775436963658628,0.03864938973336583,0.03658223492099235,0.03913261803025871,0.042829336875978764,0.040133041861432434,0.03850524690339211
AGAGCTTGTGTGCCTG-1,0.035535390263493394,0.04028733323513832,0.03653848373461731,0.038962104838826714,0.038299328530145685,0.036080613862018836,0.0380429345516917,0.04175106931355013,0.039184463891394225,0.04736621212182751,0.04167872675199082,0.04172575860581991,0.03871484724981223,0.04159019680071167,0.04037639358388954,0.038643773441274544,0.03699500451806242,0.04466318408357471,0.042785893093223906,0.04349191220304369,0.03487238221496881,0.044402489568151994,0.04107785088031271,0.03944675659955906,0.03748689606290008
ATGTGTGGTGAAATCA-1,0.036646917913224816,0.040639335341023756,0.03673457573166508,0.038626705662386115,0.03715584355975602,0.03523821790672926,0.03801964918533302,0.042196445127768,0.038997093658531476,0.05563739651422148,0.041881509936548614,0.04083450789859809,0.03944719159580194,0.04180967136946263,0.04114704924648184,0.03809679487611667,0.03845294669159123,0.044863643694739413,0.04394807089990843,0.04470374738037941,0.034881509328533206,0.03095426078946035,0.04186105624865694,0.03921623738434391,0.03800962205873824
AACTCTTCATTATCTC-1,0.036407966873169086,0.04173706923645845,0.03443697219494113,0.0378103496202394,0.03697899810039218,0.037170188074004955,0.038005776286078916,0.04298952981027668,0.03866567048405783,0.05477922605443389,0.043524890896891606,0.04424864132236372,0.04153233408059138,0.04300358462651898,0.041225035693770666,0.03700068426751567,0.037703758886858146,0.0426558817337647,0.04615556406005538,0.04628704914334685,0.034285710487798576,0.027249094706966574,0.04039940459831691,0.039210657427623835,0.036535961333564376
TTGACTTAGCGATTCT-1,0.035098124187323894,0.044078399664359606,0.03570139188230476,0.038407481369095095,0.038106287790549316,0.036155989777338436,0.03844898202248088,0.04152577683927113,0.03774739150997592,0.04790220990934302,0.039486924107054074,0.04031235722458519,0.04053827087361747,0.04158669912188602,0.04017675882971969,0.038506189054753406,0.03700491763420284,0.0390184853719445,0.040032878565103104,0.0406986141225986,0.0332969310796441,0.05120660441707154,0.044855744465393005,0.04182830043407259,0.03827828974631161
AGTAGTCGTAACGACG-2,0.042334947813548844,0.04808428876413656,0.04333415954993089,0.04655088862003535,0.03488359282006189,0.0349170585696743,0.035652685246285315,0.03568660675660324,0.03615015584384859,0.041620501272705675,0.03536612809678925,0.034950876208272676,0.03375179331022412,0.03450952178962968,0.03455013969261182,0.04555994564309754,0.04164577584359535,0.03649287437951627,0.03691720592929349,0.03680979083488837,0.037813301183662426,0.04893865460653711,0.04044451146380822,0.05339620187451038,0.04963839388673276
AAAGCAATCTGCCAGG-1,0.03718897192327294,0.0405824238490723,0.03668709983489628,0.03746209608702071,0.04064091783102133,0.04170493802393696,0.04214487234597444,0.0435096592929512,0.041212064465846264,0.043715911847126754,0.04229908946162902,0.04201098334954443,0.04424955748053976,0.0425440112160237,0.044490925437794406,0.03744519480318877,0.0375211469966586,0.038609559898967805,0.03910688763752961,0.03884575644371941,0.034869516841913833,0.03949947932066249,0.04019483580434205,0.036942124823027604,0.0365219749833394
ACGAGCCAGGCCCGTT-1,0.037714143270869,0.04124686800877091,0.03726379478619579,0.038532880956788314,0.04358872102925694,0.04099226343009636,0.043883831579320194,0.03959498221191641,0.04274875266863222,0.04356370970914494,0.039120015430324465,0.03829733064482691,0.04165855897150667,0.03837716354113186,0.03887052658383161,0.03872437780663411,0.038620033403755215,0.036742497383719784,0.03716260294094646,0.038324777225446756,0.03600172130049809,0.04619868385272527,0.04342287547392587,0.040212459605814,0.039136428183921775
TACACGACATCGTCGG-1,0.03765278642423266,0.04358660877507534,0.04198175023580793,0.04236004500540696,0.03818655779418338,0.04354572376304994,0.0426765829460622,0.037021097787973314,0.03708579595982142,0.04321841573038244,0.03800421774957719,0.03706853968197742,0.038187472356225244,0.03812187809135906,0.038140292032578606,0.04199339323317963,0.03767221518326036,0.03785904192500927,0.0370786463959561,0.04383679447468341,0.038234892426553896,0.04384358973321835,0.04225305310413005,0.04322550496698939,0.03716510422330663
AGACGTTAGAGCAATT-1,0.03675290118398403,0.04297682151944008,0.037125712523170165,0.03853444270848077,0.04469662105699751,0.04246088133195977,0.04342541768234673,0.039955920559009525,0.043184397401832435,0.04042516936678172,0.04075090189493709,0.03922154840480522,0.041094690192374585,0.038536437201717,0.03996295971096816,0.03835364603791633,0.0394884430018186,0.038307428946543945,0.03766434149797708,0.038347888734124126,0.03801871339233388,0.03774947023343858,0.04318962641507893,0.04081274259900269,0.03896287640296104
ACGAGGATCAAAGTAG-1,0.03601361273022367,0.04445526239192606,0.036584999847013064,0.03943087421433035,0.04192630083254674,0.03981600768849804,0.041931748373515404,0.039558533742924944,0.04103121561032574,0.04569993111116951,0.03915604984776131,0.03850135922483017,0.039755191401367816,0.03908495847288478,0.03821114689408374,0.03881752190241689,0.03826948603349194,0.03746648398049637,0.03781910794656704,0.03878569378661774,0.03511365160966278,0.04990657389651264,0.04301301936300992,0.04186604056304563,0.03778522853477774
AATCCAGAGATATGCA-1,0.03645410313554418,0.042045796184281004,0.037312539644959196,0.03927559753479897,0.042473388455618925,0.04073749262945388,0.04224905306131658,0.04176523871587613,0.039944807556098555,0.04552512352858729,0.04097007002112164,0.040532582639907694,0.041214772950090364,0.040445707839977196,0.04019028800492635,0.038827447164014574,0.039634098136217905,0.039890675619204,0.039454543640231377,0.04138292608843569,0.03622637396349485,0.03404096117430362,0.04233159069645178,0.04053138857785106,0.03654343303723735
GGACAGATCACATACG-2,0.04028062681239378,0.046590286842361064,0.041226484195065305,0.041722166773658254,0.03594984445589064,0.03559545577294715,0.03598964320740563,0.036748013322155576,0.03610760066134994,0.040545518212229556,0.036154717398986534,0.03624818762523557,0.03556180969745123,0.03611823487074967,0.03583926530589508,0.04252804114173556,0.040125743036548055,0.036853319596921244,0.03759530351992816,0.03728313690556745,0.03819140901617966,0.04521321452517975,0.04953072147822075,0.04679570184357042,0.05520555378237396
ACTGTCCCACCGCTAG-1,0.035266002243046754,0.039849618330188956,0.03441956585122068,0.03573060804869563,0.04321308115775383,0.03993227245172465,0.04097498421289008,0.04330589982282375,0.04074272497589863,0.05585390229042298,0.04373921577978397,0.0419476866986827,0.044866900170262465,0.04326386226534508,0.04506616151331091,0.03607482905703041,0.038482165331849845,0.04025521877130344,0.03931517557466892,0.04021623419261396,0.03522092052118136,0.029255503114965355,0.03999108009577878,0.03754937999215142,0.03546700753640524
AGAGTGGAGTTGTCGT-1,0.035532617756625424,0.03764210463160182,0.03519796393610317,0.03612302590850941,0.04980164783982799,0.040470800003411966,0.05328931796126835,0.040958196346148036,0.04651741821193354,0.048323752265309,0.039095353498849746,0.038754721153155265,0.039316015098196204,0.03964815963535752,0.03789674685868572,0.0360666977556493,0.0377393758690922,0.03656378106465663,0.03619687892215881,0.03763754160462911,0.03571941904344546,0.04900237138012728,0.039161571053952154,0.037087069712829525,0.03625745248847626
GAACCTATCGTTGACA-1,0.03996675060506648,0.04482336892107683,0.05467976849733395,0.03934675562500828,0.0356612117383807,0.03512663871651698,0.035855313064342455,0.03527795872895463,0.03630139481807058,0.041232149845969256,0.03398008228964894,0.03500792044373509,0.03459564936634463,0.034499760475630574,0.03385221499786943,0.04790777475441032,0.038579561441286964,0.03632049139014133,0.03557748188717411,0.03590713781149436,0.03525994513094853,0.04889743904628443,0.05955168215144654,0.04514088171370561,0.046650666539159245
CCGGTAGAGGGCACTA-1,0.04324589010522639,0.04048280674952792,0.0421039442254598,0.03852243368298202,0.035342859249063906,0.036112453586471124,0.036189988703613285,0.044101174691568185,0.03542865177323206,0.043880876217066975,0.03727221944153423,0.04373058806226023,0.043536364757855335,0.04310876685021025,0.04365465795768896,0.034845118179100514,0.03729515403207549,0.03739418368227446,0.04336046705635059,0.04350009549787225,0.03548916955182052,0.04392054319288007,0.03703006458838016,0.044174828776146154,0.03627669938933913
AGATTGCAGGATATAC-1,0.039858676609973685,0.04221638248100551,0.043004590229009564,0.04231573090117941,0.03905090907253754,0.0401269404991578,0.03910366577400656,0.037726968727535275,0.03776742979770535,0.03906824686508545,0.03886538122921283,0.03775664069969874,0.03905196746422628,0.038984907825510215,0.03900331080168164,0.04446723097196891,0.03985963484481535,0.037714821443505055,0.03772082576434181,0.03870741268519403,0.03949963576607207,0.040155102908612066,0.041921249152986347,0.04676564988068132,0.03928668760429692
GCTCTGTAGGATGGAA-1,0.035815356644167226,0.044063540638057834,0.0372980248504535,0.03947013119663173,0.04182685456253999,0.0381909346205513,0.041726681234164543,0.03979683648038705,0.041080971353865015,0.04699077024571937,0.03883231341977843,0.037830268222726685,0.039621489014639265,0.038579528514129324,0.037813425190526065,0.03920526279749975,0.03888564808272511,0.037201875333840256,0.037355171182045954,0.03891167953362568,0.0341480063629754,0.050075464969391005,0.044270946530864885,0.04240041360911817,0.03860840540957628
CATGACACACCAACCG-1,0.039425419822052415,0.041809144039837556,0.049581698031128274,0.059324771852758404,0.034327257521278715,0.034104121004055236,0.03508666824957221,0.033883747805732216,0.034222980195862555,0.04089455929995409,0.033479049047080135,0.033367946633251724,0.03356396004517962,0.03408801565205289,0.03314537230698179,0.054198618415687426,0.038505557681449164,0.03504682929558073,0.034631630045911486,0.035379082258090895,0.03455253065700201,0.04563147179057444,0.05371564596628223,0.05569545983514069,0.0423384625475028
ACCAGTACACAAGTAA-1,0.036897653682831315,0.04124542332073733,0.03609168056004327,0.03760370122813844,0.03931626130573081,0.04018206598186306,0.040809735654406334,0.0417236993045846,0.04058948169232423,0.04769753990022109,0.04084514766854106,0.040320664046511225,0.04150972926265505,0.040323722778438396,0.04169684816281871,0.03765682180597102,0.03816653058093693,0.03973740541003001,0.0388908896224269,0.03889900044983523,0.03524644515959123,0.04527337998201476,0.041612229538837996,0.03946834135162474,0.03819560154888612
ACACCCTGTCTCATCC-1,0.03565058437248273,0.03994606342281979,0.03494345757860221,0.037482699110084394,0.04026588622400665,0.03843892265600552,0.0391555236205715,0.043796677689210306,0.03976539617235505,0.05148482664890762,0.04470594838510557,0.043162083164616234,0.03990503521398313,0.043442042371016676,0.04253895092329788,0.03584807872999006,0.03769806579247048,0.042126184126815513,0.042071080316137724,0.04215926987677001,0.03376551061615758,0.03406263022142285,0.040528790915681866,0.03880000288989913,0.03825628896158947
ACATACGTCCCGACTT-1,0.03814758695089685,0.03976089319722817,0.0511250713600118,0.04684989405824424,0.036053041530148086,0.03580573035319238,0.03576835782131758,0.03983791696210289,0.035933548874107414,0.04272559071593623,0.037526056501154745,0.03961223176569494,0.03893963299938243,0.038549981027091076,0.03774673254231085,0.04333843776047831,0.03840992675506688,0.03871179502176123,0.0381272036143832,0.03993945841791134,0.0369183457495863,0.042633209528254175,0.04099611855893436,0.04743824189421775,0.039104996040586634
CTAGTGAAGTACACCT-1,0.039919023871449175,0.04581677801665457,0.04046204856311894,0.043154792498349345,0.03761342323755876,0.036942037284107665,0.038817086405723567,0.037172192822152526,0.03809833909554057,0.042268015543596806,0.03621128459132088,0.03648375485022957,0.03712758516845861,0.036687658537129554,0.03636238789023026,0.04302811669721858,0.04160960598533517,0.037854513149835366,0.03686038225701654,0.037278537902238944,0.038589611987854794,0.04787116553544115,0.043423583476964824,0.047149892576740654,0.04319818205573324
AAAGATGGTACCGCTG-1,0.0393291050751914,0.05294545213953693,0.03695133834890899,0.039430064278570584,0.039655167946161744,0.03867614091130046,0.03944495562146421,0.03803334204484449,0.04004301600965533,0.043914376310880535,0.03697944729260175,0.03687416607978659,0.037619787078042956,0.0366041328471309,0.03667402630999258,0.039386976748330006,0.039392688697259544,0.03657594710810096,0.03625999109174886,0.03762593618571804,0.03699087965232461,0.04923910127423825,0.0465463625958678,0.04297446036148279,0.04183313799085987
CAAGGCCTCTTATCTG-1,0.03956060049566669,0.04838746930897917,0.0396469289680127,0.041068537304264095,0.037411586450904095,0.03741857249372192,0.03714001435233351,0.037107796986259156,0.03760514830549459,0.04273301798365686,0.03707595278770204,0.03677680998580209,0.03705158145917442,0.03697206783886515,0.03734838369544301,0.04178400939092532,0.04079836736385095,0.0389116009641895,0.03871064621840118,0.03853570174362027,0.037748398027077565,0.045757368943212834,0.042351860843216085,0.04678647535212404,0.04531110273710281
ACCGTAACATGCAATC-1,0.03517694821598218,0.04029075763401127,0.03489242534317517,0.03510518966854813,0.05964028441742384,0.04143206827585359,0.04213353879067912,0.039290941882912475,0.040835255770284726,0.05141940989553932,0.03916549848337269,0.03753679223721846,0.041270435895515684,0.038982063915431846,0.03912049737943952,0.03485029426324522,0.037905113646301086,0.03733563841507517,0.03674626753828742,0.03817473216134509,0.035751396481791445,0.04871290431875937,0.04026016840402744,0.03816535324541645,0.0358060237203633
ACTGAACCACGCTTTC-1,0.05523544932016972,0.042053991238610845,0.03765207939568883,0.039577695787954066,0.03807159826614968,0.036695484409506506,0.03728983462574443,0.03627981223527261,0.03845588369259175,0.039887494209363425,0.03423366592499114,0.034384429735571355,0.035264240958259606,0.03472469467341753,0.03474904636503575,0.038595766151056324,0.05533622329047268,0.036338992163144616,0.03493832922300807,0.0353850110720344,0.05937008793899098,0.042608103035637584,0.0400614344512934,0.040542724931860515,0.04226792690417432
CGCGGTAGTAACGACG-1,0.040021507380178206,0.043695795721631916,0.05661812097191423,0.04071875878706128,0.03523137614337092,0.034973179799569036,0.036182368769208044,0.035241935938325294,0.034690469795759925,0.03905234277565041,0.03445467284120297,0.03530898578004927,0.034493589748045915,0.03470190214636342,0.034377902287155884,0.056256902565074804,0.03927521589612233,0.03542354344193906,0.0354652066465361,0.03561825960987162,0.03574416879546701,0.045030781855303126,0.054463013973077755,0.0487139244741605,0.04424607385696098
AACCATGCAGTATCTG-1,0.042338787082475765,0.04429754291777263,0.03623589912402869,0.03796156293646069,0.03706665261744604,0.035287676074269976,0.036873226619766275,0.03888864805741066,0.03738622614842253,0.05124093563890607,0.03988499713926878,0.037758757194319245,0.03811943759742484,0.03831706589589579,0.03763368896184856,0.03774935289025211,0.043401667182297106,0.04247060222596381,0.043111257279556565,0.04221538563396457,0.041732144978672225,0.04315262444163466,0.0325771274510531,0.04239972478000952,0.04189900913087974
AACTGGTCACGTCAGC-1,0.03637877656688195,0.04106563024575589,0.035636782213525266,0.03930516466186052,0.03783910795380613,0.036562279330823205,0.03809368780727096,0.04373949722781172,0.037841256050694376,0.04821576176663893,0.040976502131986774,0.0431141993249476,0.041724150761341186,0.04331583332904011,0.04143418840691644,0.03853327011790913,0.03784076501809908,0.04137966230720755,0.04242102440958378,0.04428778081904557,0.03349423280668713,0.03509116251810358,0.043213060358513807,0.03963478063058069,0.03886144323496855
CAAGTTGAGTGTCCCG-1,0.044049418965281646,0.04348149481098445,0.038577605025975986,0.039391678232570594,0.03869720943279536,0.03877260685302823,0.0380974942635432,0.03849764588531828,0.03952682061457233,0.04284012069587238,0.03847273823996466,0.038074089618669565,0.03934746238348872,0.03861674328622018,0.038643063182833934,0.04010800336364197,0.035985285834242674,0.03842372859193039,0.03904382340849666,0.03932069085928621,0.04423766738859732,0.04183974130121584,0.04283883094361288,0.04056332641144847,0.04255271040640815
AAGGTTCCAGGACCCT-1,0.03695815801551501,0.04141751303432668,0.03629334485389634,0.03847122988683306,0.04193069934321133,0.040919724106107856,0.044814824531861495,0.03951799016474388,0.04290435843140333,0.0445355870335064,0.03975462780428456,0.03845311218640295,0.04190139562729831,0.03959302456885489,0.03894053852207388,0.03792744493966161,0.039277335310145954,0.0376584210704806,0.037696957845827835,0.03893518351366406,0.035751359888590704,0.0477204851648752,0.042501779326422746,0.03883493390835161,0.03728997092165954
GAAACTCAGGGCACTA-1,0.03679330481564785,0.04123452814910768,0.037528274942174,0.039129484299593564,0.04000218019602793,0.041099857614858196,0.040188120785289536,0.041449068500972325,0.04037754469193165,0.037892181267051746,0.039879251910168854,0.04182732801159406,0.041691662922288014,0.04193396707783906,0.041495293598068445,0.03918810635780846,0.03888452014174153,0.03901347366702476,0.0395759906252245,0.04069036734396706,0.03595442610205491,0.042904966627549675,0.042425195153753904,0.040779144464263235,0.03806176073399905
GAAGCAGAGAAGGTGA-2,0.04054730461899853,0.05756684056511247,0.03793382528503224,0.040633939450301006,0.036736517022524326,0.035301951997210326,0.03682864612637825,0.03693066460270539,0.03764286516838181,0.0442771264239091,0.03559774142656174,0.03572415161959411,0.03626825801165612,0.035778158739133134,0.0358291377635104,0.04010487497842931,0.04185271583449944,0.036829664260421925,0.03642482934518074,0.03719268185510154,0.03784636129295512,0.05028787812384535,0.049184188833664794,0.04382926028701899,0.04285041636787394
AATCCAGGTATAAACG-1,0.04019407347227841,0.043281885670902756,0.05263583935750145,0.051592559088582984,0.036404985091319876,0.036251328611941094,0.03722267821509676,0.036297314956592754,0.036331594290329804,0.040782954658358336,0.03482062337639065,0.03550615249160147,0.03548894242464796,0.03564078633519,0.03537173759492387,0.04320300394597015,0.03966176184722948,0.037190081178921655,0.0369902576401425,0.03702115652702057,0.03577442312469821,0.04554707775898936,0.052442834216699624,0.03974643124267432,0.04459951688199589
CAGAATCCAGCCAATT-1,0.03862774435316863,0.040393278233351815,0.05787549218463675,0.054615972563512555,0.03499074072765662,0.036248802354152766,0.03557517883986958,0.036321497258401385,0.03521642167628201,0.03801551732730185,0.03501579083310637,0.03593561051765902,0.03545713838502809,0.035255871076581805,0.034874013870667034,0.052999815002623414,0.036988156999963565,0.03649214664907988,0.03622350552405099,0.03610532469586478,0.03518501563673529,0.040989015276570895,0.04657257073704815,0.051671543944126534,0.04235383533256032
AAGGCAGGTTTGTTTC-1,0.03742496022356479,0.04165858378343829,0.03806248364520966,0.038526880741311706,0.04234276985959529,0.03971840679832203,0.04318289714597329,0.04171860807357854,0.041330912518403436,0.042575868592067904,0.041236520452472336,0.0404474567801115,0.04181093468639421,0.03919951722787806,0.040212778740996435,0.03892772937049882,0.041474468405216076,0.03837000392847305,0.03806389059483959,0.03990854362938127,0.03650983206083977,0.03613667612127744,0.04240173055565523,0.04047085544488244,0.03828669061961867
AAGGTTCTCTGGCGTG-1,0.0354223060589486,0.04342038520743423,0.03695052203110568,0.03785741479138938,0.04118298196505095,0.039659491680804744,0.0421834401992854,0.04150756140469177,0.040861003047314645,0.043366107409475156,0.04099263152234627,0.04084978428588609,0.04271510106711208,0.041438458240006165,0.040858335310398994,0.03832347117856977,0.03770423584103668,0.03937195054660841,0.039200411784760955,0.04140413422215215,0.03450142920132693,0.0376418832229423,0.04398512750839641,0.04082919577468129,0.03777263649827503
AACACGTCAGACGCTC-1,0.03584744811960795,0.04091836506423674,0.03580411832361362,0.0366638018994419,0.038669942326909644,0.03825452287291556,0.040265176184369485,0.043031196310678886,0.038736128798720675,0.04820584447191585,0.04614426525422938,0.04260768747234799,0.04136013251391257,0.043182379890030306,0.04165262725859765,0.036512232951106914,0.03752038505434239,0.040917147567336686,0.04167412838987369,0.04405173320898226,0.035319216366004866,0.03265659934109581,0.04243473160873538,0.04017872637206402,0.03739146237892995
ACAGCCGAGTATCGAA-1,0.035740097274658385,0.040495108002166866,0.034996249785510886,0.03651175981863587,0.03992083476177206,0.039084251845143594,0.039255264928631246,0.04275282891988633,0.04000315833555052,0.0473008993491227,0.043003102766967075,0.042415937049878644,0.04433914142357959,0.04312140054272854,0.04480101424147828,0.036887164387513174,0.03857966126970054,0.0403530563381295,0.041309214324193634,0.042685864866995424,0.03529639445864692,0.03241239147209138,0.042703020520011986,0.038187817983894534,0.037844365333112244
ACATACGGTCTGATTG-1,0.04052109828349175,0.04469205484881192,0.03557934069412688,0.03898007380296433,0.038242232837560564,0.0359571610692364,0.03738822236012191,0.04118510608767246,0.03886454613728693,0.04989588281680731,0.039936775449365663,0.0410056746511419,0.03881070969916143,0.04072172799871998,0.039725251770589186,0.03824115609359246,0.04221565893591896,0.03894232345431316,0.04171762299105295,0.04168800426984795,0.03982320332998973,0.029696310187275175,0.04479799913758041,0.041355770105758694,0.040016092987611995
CGTAGCGAGCTACCTA-1,0.03784234178506356,0.043291394671816835,0.035676308619675905,0.03929266307422333,0.042676248517196716,0.039064099568818685,0.041403918025963424,0.0417132905154123,0.043139399708395844,0.03830040311941077,0.0405148635489762,0.03956985357871452,0.042234770799517145,0.04054520231954589,0.04137333053570193,0.03917486064437141,0.04045441191821513,0.038934251296259194,0.038458109551415355,0.03980282258211368,0.03605600528051689,0.03899909016155142,0.04304732512223613,0.04035539702217472,0.03807963803271308
AAAGTAGAGTCTCGGC-1,0.03640864861221357,0.041082182758454024,0.036182434596195766,0.038178462303093616,0.03798202315455055,0.03846500627002178,0.03779796370602813,0.04324338864549954,0.03835882650123845,0.052910776360194506,0.04112587091418824,0.04354633445240333,0.04106368112456094,0.04325079992584871,0.04122219298697898,0.03833227069653606,0.038218750429320936,0.041531260047222456,0.04317860350530432,0.04411903576886809,0.034349454993671286,0.03159885683287314,0.04068403371620623,0.039200275882044555,0.03796886581648263
AATCGGTAGGAGCGTT-1,0.035267967223545124,0.0403710298806434,0.03569106050280024,0.03645533097585164,0.04100009287027093,0.04036236441465211,0.0420242871946241,0.04382620014538932,0.0445521049315635,0.04334768464922411,0.04186222478516399,0.04195114524922627,0.044557584525303916,0.04399672388023198,0.04493278252493429,0.03685209765486916,0.03846385958542547,0.041069071931052664,0.03877362189259552,0.04037112579953655,0.034976570267524196,0.03442138187312782,0.0397261765226515,0.038259608473760864,0.03688790224603114
ACTGAACTCGGCGGTT-1,0.04593149749183279,0.04435088047946599,0.037150967332332266,0.03832008773293353,0.04044868326650123,0.036340963843754494,0.03792120376616896,0.03551808215225069,0.03866434546710392,0.04066017257856221,0.03508974696557083,0.03482761081874802,0.03673822844523692,0.0347520623453789,0.03477051149938753,0.038008389646131145,0.04906767609150864,0.036908766376519214,0.035077775548165116,0.03593239680306275,0.06573861505276163,0.04276979630541025,0.04367310479672924,0.040723390845371917,0.040615044349111944
AACACGTTCCGTAGGC-1,0.03514233036361565,0.04173434179391939,0.03538936435545128,0.038249734202816826,0.03696576079622343,0.035092331956682,0.03677657302429106,0.040611839849192734,0.037310550948923306,0.0477649406589695,0.040559226138571436,0.04038081898482734,0.039283877010439686,0.040522177223642,0.03873749757222088,0.03710129216012575,0.03772933463875199,0.04407478425807458,0.04580031399889539,0.056306461444766386,0.03503908709413084,0.03440371270445179,0.04447510359024685,0.04112861300031896,0.03941993223045111
CAAGAAACAGTCCTTC-2,0.039151938469566765,0.04474259847338831,0.03880196506821871,0.04126485307968977,0.03724019182545032,0.03660190280909003,0.04013429428917833,0.038273450198278124,0.03789149097333436,0.04217673409540125,0.03758371020593623,0.03846168273569625,0.03802837658293734,0.03821545174254182,0.03754611034655428,0.04156236454693286,0.041270441493210575,0.03802104553067864,0.0384113369219119,0.03855335976701366,0.037890557167406524,0.048251593816483425,0.041410617318271975,0.045724599384792314,0.04278933315803615
ACGGGCTTCATAACCG-1,0.03925915510707874,0.04416458558277998,0.04720306307458303,0.05130118070030015,0.03527076719630473,0.03489254751719253,0.035065299257161,0.035186460736224306,0.035202116197856806,0.04154536204395263,0.03406804901418721,0.03448981823797823,0.034999350116369565,0.03482934116231171,0.03436842007859858,0.05103763759700245,0.03839392696887043,0.035685393662612704,0.03557802715921905,0.035746532326533666,0.0350486110151597,0.04579208380984083,0.05195882153934447,0.054772269411350896,0.044141180487186626
CCCTCCTGTGTGTGCC-1,0.037490732760874654,0.04211914983004623,0.037346225174287616,0.038599935870045475,0.04453312308384288,0.043147212018898984,0.044763677103869776,0.04117045826145698,0.042667737066913236,0.03828141922231888,0.039561360189486666,0.039470926582075155,0.0420433136198568,0.039969415360310616,0.04008463454964007,0.038668753542216154,0.04084965815261148,0.03779149209672439,0.037198231857689154,0.03813726324622458,0.03714983421758298,0.037496650228809804,0.04306284700850762,0.040102411635238026,0.03829353732047158
AAGGCAGTCACGAAGG-1,0.042668563639764207,0.04238427383679011,0.03755727957982539,0.03812743614749731,0.03870899233660954,0.038919649433152854,0.03973224765045441,0.0404166731107882,0.03874019604971353,0.04033210090862091,0.03950769569096119,0.03970653777737504,0.04170884792810747,0.039619858554828816,0.03963852353704169,0.0398998968407396,0.04205731418850741,0.040759159839634074,0.039431248293942824,0.0399443672199558,0.03884576304577002,0.03851051435324138,0.03996992579705843,0.04090263269060082,0.04191030154901918
CATCAAGCATTGGTAC-1,0.03577803385052148,0.04335943538470281,0.035184323026730906,0.0375606925219029,0.03920572711970527,0.03795303921615557,0.03911930032843713,0.04295266715578352,0.039734745636725854,0.057525853816015,0.04322002571537586,0.042125303608977996,0.04134033485121663,0.04204553861922461,0.04186218839604053,0.036547644991964195,0.03852185994554664,0.04117447348186325,0.04243859409843199,0.04288169858668059,0.03328720035952161,0.027235232357856222,0.042824928460808626,0.03996332053852848,0.03615783793128228
GCGCAACCACGGCTAC-1,0.03899801571055009,0.04751238773459438,0.04001261734177841,0.04289796610319941,0.03776575045812303,0.036656631040456675,0.03887941162403494,0.037098098478151584,0.037923052795625356,0.04184870238662666,0.03644213766219776,0.03654122425069784,0.03672114654668549,0.03701122254266891,0.036384398762271196,0.0419400784934747,0.040570044345991665,0.037698679967805244,0.03777196061985859,0.037409608801456724,0.038047061427851574,0.04665527903301477,0.044460175416875185,0.04868968529953849,0.04406466315647134
CTAGCCTGTTCCGTCT-1,0.03779258721992763,0.04015459889962683,0.04677841714774285,0.043258636257483905,0.039700124253190985,0.04119390467555236,0.039772170488720296,0.0378478457991518,0.03788977445538835,0.0398479756884834,0.039448724076191446,0.03787859387523103,0.03970162260708999,0.039610548968185055,0.03963532966551713,0.044095219120234244,0.04027856631181107,0.03788121659669369,0.037886403396837305,0.03904664491742513,0.039831871774797904,0.04008017790588295,0.04070080381431783,0.04132394504729625,0.03836429703722074
ACTTGTTTCGCATGAT-1,0.036649975547101546,0.03941899810619414,0.03535155248259751,0.037558036570614774,0.03794008404435071,0.03749384022664943,0.03822945250057135,0.04330975067173457,0.038829329509086935,0.051738071105491716,0.041265229567581496,0.04372676321243995,0.04295334457697632,0.04418779858894494,0.04304177067147814,0.03756854912399016,0.0373088495176881,0.0414420460626396,0.04203924506153114,0.043165910358599485,0.03479912987691021,0.03383210216413111,0.041448927551095055,0.039435845453879646,0.03726539744772199
AAGCCGCGTAGAGCTG-1,0.0523198557018758,0.038405239649271165,0.0384336551095013,0.039856455157264194,0.03885808375017761,0.037426600859818374,0.03750982068724507,0.03567003938697509,0.037647792836567204,0.04038193678938854,0.03603964163347716,0.03546010864301575,0.035462487911927916,0.03493551778754487,0.03495316489076667,0.03920707243313114,0.056343847097216536,0.03695716112652491,0.035569631423169525,0.036315899594766825,0.045637214083158704,0.045947727581245566,0.04240614104874648,0.044533327528328163,0.04372157728889539
GACTACATCGGCTACG-1,0.04248836565000565,0.04745643853529982,0.046342720742822315,0.048160137947277686,0.03558337579413177,0.036115919522756265,0.03608725801510304,0.035051998650493146,0.036079738540077094,0.04189492977988239,0.034713448525689,0.034986685306643006,0.035277506687956726,0.034860786327358034,0.03459891107963401,0.04865327444644877,0.041630800730329424,0.03688838716344154,0.036371035041629626,0.03701963816269354,0.03875129583803928,0.04798802744672093,0.04512355824147971,0.04270398390023603,0.04517177792385119
ACACCGGTCAACACCA-1,0.0355499487188694,0.04113562445336141,0.03585704728360237,0.03738963995115517,0.039642179480687816,0.03846507157248777,0.040972348209494004,0.04419340486421508,0.04035382308934572,0.047898535933414324,0.040474584541365745,0.043953099687905804,0.04376681336459591,0.045209130179088106,0.04489967993012847,0.03706442806573048,0.036865054182404246,0.039722419308151534,0.040269414486109247,0.0413856511065466,0.034061133716639665,0.03364672982032777,0.04123226670294411,0.0390213519316861,0.03697061941974322
TGTCCCAGTCGTGGCT-1,0.03600257465776655,0.04132644717741476,0.036121412899795466,0.03861459536254527,0.03593021461161812,0.03655399156656229,0.03711369260840315,0.03997690812568403,0.03727026579479229,0.04325002703633005,0.041003322648206025,0.04028436456429993,0.03818510972649962,0.03977919362455503,0.038739276092528745,0.03806622904447167,0.03602574038048006,0.058002073612887145,0.05363839563605373,0.043004750461053655,0.03468681804455777,0.035285575017153376,0.04220634429305634,0.04067172664607354,0.038260950367211374
AAGGAGCTCGCATGAT-1,0.03400048450406505,0.04044139543155912,0.03406733956796183,0.03856568036087409,0.03585027543618915,0.034940127422621786,0.036395641704748564,0.04166053091781012,0.036148010317124966,0.048905942325665724,0.04062137352925288,0.041058113303830225,0.03767251601024928,0.040308611305826345,0.03951607384426646,0.03641847672811609,0.03663789225544929,0.04440097661117748,0.057255126258268695,0.053723442276521934,0.032421351642244606,0.04031282147767374,0.041773707591669186,0.03917848909776295,0.0377256000790705
AGTAGTCCATGCCCGA-1,0.03765195418360123,0.04270874697496409,0.03829550854576257,0.039079479335126524,0.0429902095023225,0.04136063644633144,0.043348516157609894,0.03975727339213366,0.04308693457111473,0.04007775800944917,0.03891050784544709,0.039160309268864754,0.041953171418376956,0.04063196256474403,0.03984602679847127,0.0392519289613745,0.04040727147766919,0.03714969280704273,0.03756231021906519,0.03855409594670945,0.03669299735366378,0.03958205641816456,0.04313465709730538,0.040516625960213305,0.038289368744472065
ACCCACTTCTATGTGG-1,0.037605715200990465,0.0438526152891655,0.03688182303772767,0.03855507496447035,0.04133005143127557,0.040295482634011656,0.04173150320334026,0.04062891865935193,0.040387813054527155,0.044528965364974554,0.03898633702232535,0.038937405540559494,0.03927213896899026,0.03918967020666077,0.038977912597749,0.03875122623716537,0.039016742093020626,0.037358924213849454,0.03687806428077951,0.038476354732485236,0.03623180972274855,0.04833876016147573,0.043591787426234145,0.04160403778701373,0.038590866169107424
CGCTATCCAGCGAACA-1,0.038182478073379926,0.040046212151792354,0.04359180513431537,0.039846134990991516,0.04027975343870266,0.046226925162617734,0.04039713433382581,0.03846925524269654,0.04050840220568458,0.04021304693546608,0.03987001958810406,0.03866826300446609,0.04028042280179819,0.04012866975497567,0.04016916238358627,0.04317271992147909,0.03944873392911955,0.03705699098199891,0.03706180356742401,0.03952742710133168,0.03899200664856249,0.03962219249691396,0.039759102976427894,0.0416466274895414,0.03683470968479817
AACCGCGTCTCGTTTA-1,0.03835662418017075,0.03997291082980447,0.054694090718516726,0.04859020446827339,0.03622523865417038,0.03625286237933326,0.03565888718288239,0.03715349730759649,0.03569401601762655,0.03777706201406788,0.034972535623355366,0.03625251001063721,0.036223162847512605,0.03615384669331546,0.035015564678904924,0.050907723283852464,0.03972687173877616,0.03704114963019237,0.037097679722578554,0.03780727751645415,0.03709145743915276,0.04031947673335288,0.046001905114249286,0.05178789373511369,0.043225551480109994
CACACTCAGAATTGTG-1,0.036888527163322575,0.04346056413234475,0.035211027135469246,0.03772076879654549,0.0425549112062729,0.03966363839816014,0.04151421695858236,0.03954346655397562,0.04197943959436144,0.047783407136158376,0.03829618987819196,0.03877091228130141,0.03984810582770476,0.03879251623182733,0.03984295961727647,0.03718047557507212,0.039798069460058205,0.03753923328986337,0.03748984069174863,0.03859996171848389,0.03632533076133625,0.050308763409106144,0.04330854966189116,0.03993097428114571,0.037648150239799685
ACCCACTGTCAGCTAT-1,0.03553412097968011,0.04128772806034048,0.03594183132267036,0.0376400862611316,0.03896076908999474,0.03792456726023649,0.040100073575658673,0.04532285138515489,0.0390355155215586,0.054801235850391504,0.041579192488641274,0.04309073216001737,0.04335647855608583,0.04329991559309948,0.04305856014161847,0.03640452485334795,0.03672575837279115,0.03929457139805605,0.04203690721311203,0.04327000124580733,0.03377118617946741,0.030657113113056307,0.04153090308256506,0.0391221097499,0.036253266545617044
ACACCGGGTAACGCGA-1,0.03464031860708447,0.04062305170107764,0.03578714657051714,0.03714936655810555,0.03879865170738352,0.038103820683048004,0.039069770827393456,0.04420513209417728,0.037807558721740284,0.05036258458657787,0.04350693488630102,0.0454518163162355,0.04249696562975359,0.04449270239819883,0.042651044918213164,0.03708846793487649,0.035976063695210475,0.041123815889574804,0.04213756846100769,0.044351893293049394,0.03444377208278552,0.03367341050858078,0.04099193095632974,0.03897309998316418,0.03609311098961353
AAGACCTAGAGGGATA-1,0.0391011324082567,0.04167534836808429,0.06253474126559162,0.05311914689733324,0.03505234385984788,0.03506871556347916,0.03637747672410193,0.03495299142066829,0.03528885009569206,0.0391288748546693,0.033500166725373724,0.034294577738414704,0.033865935216854166,0.0337121028879638,0.03339880746543717,0.051586789526387525,0.03849335179032158,0.035465693109599246,0.03552486201464207,0.03591547185692576,0.034769246790412704,0.04465377785726192,0.0522231404235991,0.046924776724263456,0.04337167841481835
AACTCCCAGGTGATTA-1,0.040834400463854316,0.04707536945884551,0.041849416342183865,0.04223301307079989,0.03506845945240355,0.03583533374414506,0.036049937628588574,0.036269892655435496,0.03552894127687217,0.039246507629669504,0.03619052612986337,0.03579118982136586,0.035048515650694265,0.03563537502677706,0.03536382988497089,0.0436720854774021,0.03966018542616772,0.03666374660303878,0.036838094354158836,0.03662103753606082,0.03808979887502701,0.045179450586078744,0.0497738237209307,0.047907560513563346,0.05757350867110272
CAGCTAATCTGGTATG-1,0.03721849659760612,0.042751279054851085,0.037825935556860715,0.039563146189462675,0.041711467060721416,0.03983146367449923,0.0427151947439955,0.04125822364212327,0.04228524626225457,0.042249409735195434,0.03968706495519162,0.03945808281303348,0.041776227690147605,0.040681873116728634,0.04018798872429068,0.038693632254481004,0.03926611251966228,0.038222345690363126,0.03856086470815861,0.03963424281643805,0.03632449953051624,0.03833968226595461,0.04376928678321931,0.04032968151272012,0.03765855210152477
AACTCAGGTTCGTTGA-1,0.0358661875983161,0.03946212941165063,0.03644041282935223,0.03863266810255079,0.036406948455157205,0.03712393590651631,0.038285379850889416,0.04500776749148769,0.038008628849505274,0.05468365719505894,0.042155043887763116,0.04437647799470955,0.04243342345887567,0.04396975731410478,0.04220352684051607,0.038549651815927774,0.03664258001947155,0.041635799727357634,0.04235350835255016,0.04348664254167811,0.03365904734302015,0.031149851752735023,0.040131919811867124,0.03911169692649541,0.03822335652244348
CGTTAGACACGGATAG-2,0.040840232212421314,0.04703855653376605,0.04120539178411035,0.04107437460516793,0.03613849330752183,0.0358788161144913,0.03627728296019507,0.03646675345501849,0.03633980287365499,0.04062981866859352,0.03617494386376046,0.03566885488080152,0.035519589705469284,0.035797596336278076,0.03579353633450277,0.04250177976831456,0.03965560478962227,0.03710323667041303,0.03784359023032454,0.03756355581908186,0.03879251467819509,0.045300687018496606,0.04949526905471385,0.04578488831238889,0.05511483002269638
ACCGTAAGTCGAGTTT-1,0.036085913221807424,0.04290736201219983,0.0365562271611426,0.03731948130559524,0.04470124260571996,0.03999096620224079,0.0433809339630612,0.039281459806255185,0.04254394534018243,0.044217528251970235,0.039668032112520166,0.03901434251566091,0.03991384180433916,0.039183812770444554,0.03879656292365326,0.03798096147396373,0.03973032259543792,0.03816812007878067,0.03706850076341972,0.03823034233631684,0.03631265123659404,0.04831490145060807,0.04245665876448635,0.03960801991266607,0.038567869390933505
ACACCGGAGAGCTTCT-1,0.03555203315347868,0.0411951891570258,0.037171251467691485,0.038435936780154445,0.0405323842026909,0.040816926852033676,0.04079780644629434,0.04295549343365839,0.040562635616231975,0.042656058522459996,0.04367127077410329,0.041018578131010335,0.041896630633159036,0.04096813127114497,0.042017858853666254,0.037933069753988434,0.03724119323446213,0.040931187623599784,0.04111040472986021,0.0420035769223359,0.03462743418646026,0.038122775045461986,0.04050265374148354,0.040291750676447434,0.03698776879109676
ATTATCCCATACTCTT-1,0.04072352123841945,0.04142756460777077,0.04941643412726658,0.05875865303606458,0.03447109579235531,0.034823881943251006,0.034945548437785835,0.034822914266445966,0.03582265492716382,0.03955228431470155,0.03377441265744175,0.03385920465025252,0.0341288414614801,0.03402700992106862,0.03337981776598914,0.054716470545557394,0.03948351464764404,0.035762463045668054,0.0359184075859852,0.035950668851393044,0.035567188264583785,0.04346442042896618,0.05058292830224853,0.05322976258252719,0.04139033659796973
ACGGCCATCACCCTCA-1,0.035574570652698666,0.03844586324148395,0.03471275798902366,0.037223079586967384,0.037236326760330354,0.034974592422163435,0.03704721711990185,0.04205878574676264,0.036814776238379344,0.051905599319379964,0.040362081200993945,0.04062251431997985,0.040239608026521566,0.04121148972236162,0.03964047629925944,0.036977399701559714,0.03532018310002887,0.042191832143771535,0.05210768887371079,0.05506427396376021,0.03221153305363201,0.03952917905748612,0.04209302750591823,0.03976937966229801,0.036665764291626754
CGATGGCTCTAAGCCA-1,0.03732540476994784,0.042536650073983814,0.03663184429078966,0.03766607318542134,0.040450606054887865,0.03920028276341772,0.04214740869850988,0.04280520187757945,0.04147341284278683,0.04564367393808854,0.041405934585014695,0.04207012184713424,0.04331951224902587,0.042322518109783665,0.04205805577172882,0.03728594676372708,0.03846078727961043,0.037095593622012084,0.03887274929330868,0.04085756021158285,0.03469205757901979,0.035103805910524734,0.043525802521019404,0.04058626127232116,0.03646273448877347
CGATGTAGTGACTACT-1,0.036697721647036816,0.04654112892279717,0.03614850815655012,0.039252621647734035,0.04124456164459773,0.03944645877401277,0.04167239483209395,0.04193432298283667,0.04116880551332355,0.0402789012082361,0.039964800865958994,0.039873469715716044,0.04133836227646589,0.03972329671313099,0.04047383384885206,0.038798555345287616,0.03999492589821935,0.039027588676496014,0.037882979810439345,0.03990448769767725,0.03629165037473441,0.0364563128107441,0.045656152028979095,0.04171887007300501,0.038509288535074966
TCAGGTACAATGTAAG-1,0.03600551267646509,0.04502177765058738,0.036768850848645486,0.03915106176389276,0.03894643781489003,0.037340785028116635,0.04029872154131257,0.040273553099783393,0.03980862671836551,0.04735847909619221,0.03837930167292798,0.038595146199881206,0.04030143201150967,0.03900901528155343,0.03907730814222888,0.03935757886159256,0.03768565983737515,0.03751254425821837,0.03765945394000672,0.03895935723975453,0.03432886229859703,0.052365860233299574,0.045096711085627614,0.041821069829609335,0.03887689286956703
AACGTTGGTCTGATCA-1,0.034842003096698625,0.040368915013278835,0.035509018982385336,0.03860383073539013,0.03838823743616247,0.03730740345906854,0.03908256130559732,0.04285140606090919,0.038316304753125634,0.049266189291552645,0.042609737634383464,0.0439420543075015,0.04253653832976222,0.04418343502942804,0.04273076740803703,0.038148014448934224,0.037163193374908726,0.042674530821717974,0.04347381223812494,0.04601677261319057,0.03365585435000255,0.030309850711763932,0.04110086320883855,0.039728324971909396,0.03719038041732829
GCATACATCCTCGCAT-1,0.04112575824765803,0.05431394314182649,0.03909708670277545,0.041209371458320494,0.03751183414487521,0.036211923452956166,0.03632471681073601,0.03664690219517639,0.03813149685148277,0.04300263671141767,0.03661742957163913,0.03633884789976127,0.0365472771398873,0.035869550926067355,0.03589113877443349,0.04144581504133405,0.0413505702205477,0.03709062607421529,0.03688815267584459,0.03708778374513463,0.03830090039390054,0.047537030007213876,0.04720798276389127,0.043355661839618094,0.04489556320928663
ACCCACTTCCTGCAGG-1,0.0532575763607655,0.043379561812637885,0.03747656154080174,0.039928885736087265,0.03722723804513857,0.035634089873044804,0.035991814214703814,0.034809374932689686,0.037950365243466344,0.0390501650998883,0.034479177270195,0.0342608603569679,0.03505128616164869,0.03418816671549072,0.0342059217701847,0.03944700274158096,0.057061674335183735,0.03504648123766128,0.03415314152966941,0.034873827871954574,0.06332528936889874,0.042160183297064516,0.044407805769621056,0.04212994286445453,0.04050360585020033
AACACGTTCTCCCTGA-1,0.0359951101628628,0.039708998469324686,0.035074522986586816,0.03540256215175809,0.05920027995047885,0.04155209741570409,0.0414522220929478,0.038565239251234285,0.040646249419837556,0.04812065635814833,0.03889981296055062,0.03822278291237682,0.04062293686984438,0.038858796745472914,0.03896052965685356,0.03611776439503657,0.03883869819849579,0.037387744349899964,0.03746412845841156,0.038496691190966964,0.03697286363461788,0.04964321634747384,0.040018481230178767,0.03712740512255403,0.036650209668383324
ACACCGGGTCTGGAGA-4,0.040712559398487974,0.054224331468223995,0.04004771878106968,0.04209649673889654,0.03763786018442772,0.03652219646726174,0.03619699922793637,0.03778258544652146,0.038726766727248785,0.04292548718384196,0.03675945272202967,0.036863876828504685,0.036448178622132225,0.03595970868785609,0.03563284370293752,0.04168149027591008,0.04050242166865355,0.03696984418203575,0.036702441600383384,0.036633821164700875,0.03943084727161496,0.04613621112006805,0.04584694694267352,0.043950388771462394,0.043608524815121105
AGACGTTGTCCGTTAA-1,0.04033766341278092,0.04772996644187894,0.04197010402735527,0.04480694936545435,0.0354886588720581,0.03512693889845457,0.03649921714086735,0.03588955484534242,0.036007792556031204,0.04115480789921236,0.035078269396861116,0.03491302497557148,0.03457449383158522,0.034766758819873705,0.03480552502319898,0.04517059732684512,0.04034805832748894,0.036529003443627,0.036115120453430224,0.0363110071879342,0.03682724488339847,0.04723977696598036,0.05361199439978048,0.05049331203816264,0.04820415946682662
ACATCAGAGTGTACTC-1,0.0353861986843471,0.039609682035690756,0.03489637030506583,0.03901327164393103,0.03609569007433868,0.03507088730449308,0.03665950884476543,0.04069261248901447,0.035159182248274634,0.04903936007555744,0.04056547849148074,0.04156414335644338,0.03955706506726654,0.04049854821688931,0.03974751031933954,0.03791544227411617,0.03769945005687467,0.042095753195976145,0.051866862536698706,0.05251345871709443,0.033616673952589056,0.041563472457833046,0.04231395078338837,0.04042816525274556,0.036431261615785894
ATTGGTGCATGGGAAC-1,0.038197906744383656,0.042177136691970464,0.050428631452547175,0.04920687258270071,0.03491159344633796,0.035350129213847135,0.03599233697540694,0.0349581099449068,0.035739525899512875,0.0405952203925577,0.03462309100966541,0.03526442947374952,0.03460789215232262,0.03478129488540437,0.03451784700576394,0.05034492047581032,0.038855511854455446,0.037111432473041314,0.03601941618257179,0.03667521940710992,0.035570629619429375,0.044279316625805996,0.051376852270867114,0.05447556219835966,0.043939121021471544
ACGAGGATCAGCCTAA-1,0.03735738504999332,0.04270470116112417,0.03652349667675585,0.03811823268221161,0.04498296123854326,0.042264887428629036,0.04326288743104723,0.041034998430082306,0.043493751393940905,0.036561601747444876,0.039350345251459085,0.03926578383901227,0.04197649456061434,0.03936882504741089,0.039902794792471524,0.03861895209414412,0.0396443944436749,0.03780207363755616,0.036902962945095104,0.038456036100426944,0.03761475318635112,0.04104339035312686,0.04370352326124443,0.04063981277570756,0.039404954471932326
AACCATGAGGAGTTTA-1,0.03948181297447302,0.0421831413078754,0.05748534740045249,0.053705077483008824,0.03539708995990204,0.03600502879291489,0.03592107994115455,0.034290136492540195,0.03610266100782111,0.03814404092695446,0.03354852492591712,0.034637943681769874,0.033856576097376086,0.034075293124669184,0.03375893308452051,0.05431274035654607,0.037477903958299204,0.03526047289288467,0.035022540354225175,0.03467131211874739,0.03484770586882756,0.04368371800272669,0.04880746592958518,0.05345556946218377,0.043867883854624604
AGAGTGGCAAACTGTC-1,0.034112284006098934,0.03999637622169517,0.035136295390536795,0.0380090237743608,0.03838787391725513,0.03763407350146673,0.04104103508428617,0.044812753382113144,0.039853483496589695,0.04981252748746675,0.04463192226109503,0.043705062979924804,0.04383361422424234,0.043820456618356644,0.042017412734175,0.03787604707744438,0.03561485841647685,0.03979437622843646,0.042385962130363275,0.04438280009986874,0.03305864133956973,0.033502612757992004,0.04053524516077374,0.0389126205957628,0.03713264111364879
AATCCAGAGAGTACAT-1,0.03715970188823354,0.04101401426964155,0.036013360106257365,0.03980578027207715,0.03704981122875784,0.03648046759888521,0.036820486132449516,0.042832144663171694,0.03727378797617001,0.05553419391269264,0.04088750022484618,0.04339745728897469,0.03945591437277594,0.042008995685896756,0.04047198370972141,0.03914852384666257,0.0371257337495791,0.04204163790781271,0.045279417946335436,0.0438988731295185,0.034324136165734195,0.03075888055843703,0.04199845827724274,0.04066640530009213,0.03855233378803398
TCTTTCCCATGCGCAC-1,0.03911807284190061,0.043230167026943676,0.049414339293048185,0.054353319544809285,0.033889223706907265,0.033159840060401284,0.03504056937745904,0.03439768563112642,0.03301240730610263,0.04192732620782352,0.03340757219940022,0.03386585668210171,0.03285787396725151,0.03396745718985873,0.033366738737235294,0.05316546473805109,0.03746454440703763,0.0345509313004935,0.03510777410097301,0.03485665087398378,0.034628567985888266,0.046352190799624535,0.054947771340049884,0.05966199791252921,0.04425565676899956
ACGTCAATCTCGTTTA-1,0.03690478782771752,0.0433939093387186,0.037507336071007244,0.03789132063411233,0.04380372326202863,0.0409747089194031,0.04278535955558145,0.040574368537810046,0.04344528055610869,0.03797141566585142,0.04039605822796304,0.03970057786304954,0.04141668655686343,0.03928051927282349,0.03895756492646977,0.037905598531423515,0.039709524361358356,0.038719924244820854,0.038876672301456465,0.0401642785184019,0.036105217126896655,0.040278872371183376,0.04387021810533978,0.040363137824972556,0.03900293939863825
AAGGAGCCATGTTGAC-1,0.035300099328037425,0.0407070735493054,0.03418304414134522,0.037574988245825364,0.03661799815007091,0.03566237571924675,0.038238563340092735,0.04248316465336931,0.03647647609094492,0.04882055652591369,0.04229555356659038,0.04366826443250467,0.039669999555561386,0.04337707706254629,0.04094296151327326,0.03685546266308027,0.0368017288506248,0.04367096663315226,0.04663361307480715,0.05326715254636672,0.03325245020090318,0.0375124812126759,0.0406618189688919,0.038356670963652736,0.03696945901121762
TACTTGTTCGCATGAT-1,0.03706347781575548,0.03795452524947666,0.03704012015072729,0.03812622629499546,0.04281017983268723,0.04754323240866634,0.04301632455583821,0.03956548565019398,0.040062231755935956,0.03931142007891026,0.042097214538474384,0.03990919558663822,0.04281140494189723,0.04254794959740627,0.04262476531318779,0.038134845621727975,0.03899171134572941,0.03942922445887704,0.03948520262588378,0.04151160558568416,0.04015727412252788,0.037922987101820155,0.03690740934862841,0.037998120990309546,0.03697786502802106
ACTGTCCAGATGGCGT-1,0.03706237033662114,0.043727947290480386,0.037339110122397864,0.0385927259460178,0.04160541781047451,0.03954188607807064,0.04160246227378908,0.040340020417116915,0.04076625186288832,0.046110961864878966,0.03926181115924424,0.038199811920197065,0.04020772753665305,0.038541808610195065,0.03859857689815572,0.03881729939980329,0.03954226767179883,0.03682762152507459,0.03684454614757843,0.03794533231839473,0.035715350176086166,0.049234594881072465,0.04403672705839032,0.0413382617616927,0.03819910893292775
ACGCAGCGTCGGATCC-1,0.03787563577979017,0.04006498856602705,0.04002505085076489,0.03838055716114234,0.03991984553718173,0.04484281006740224,0.04002709556088526,0.03958374861939663,0.038583124179723434,0.04027260775034754,0.04086166934519461,0.03996718098723799,0.04451982339417268,0.04182302655350675,0.041871425812961015,0.039878132048203285,0.03878658252986973,0.03805834056523643,0.0380891941224775,0.03980438179507934,0.03853123799928406,0.04009117367399319,0.040371850981075985,0.03985955376891647,0.03791096235012984
AGCATACGTGCGCTTG-1,0.036475025591185664,0.04239051528948533,0.03654839349189927,0.040291037023417874,0.03775825781206154,0.03584965259797175,0.03714862361683635,0.041871984946256165,0.038159606198559945,0.04401090563721733,0.040955917705473195,0.04135646861038402,0.039683075527069143,0.040359504556623536,0.03907047599782277,0.03851239087093579,0.03833763367758577,0.04450861114791436,0.04634249772854514,0.045407403579723525,0.0346652765348672,0.0388145480577689,0.04237486710538473,0.04071271280208156,0.038394613892929225
CACAGGCGTCACACGC-1,0.041032937743635936,0.046918037473480084,0.05274796517280011,0.037852065346028745,0.03593319539919411,0.0364291379871408,0.0364544286904552,0.03663495064454773,0.036661344129434593,0.04276195602526772,0.03511693581881432,0.03561181904419106,0.03477496943877559,0.03540712654734115,0.03465986992972236,0.0359223785157448,0.040141029409264485,0.03785909405186026,0.037594467737858815,0.03732455517006472,0.03775319893876953,0.05034175863867629,0.05725285533017596,0.03867788338949578,0.04813603942725971
ACTTACTAGGTGCAAC-1,0.03614399136246167,0.041833685695152875,0.0363063329934971,0.03820414784382843,0.035819283443182595,0.03464303372948267,0.03517165415219988,0.04029781382286834,0.03601923875536027,0.04821429919499593,0.0409816035534335,0.041131883654324956,0.03855532754330257,0.040606501542459095,0.039912843950568225,0.03801608897769695,0.03639282533312108,0.044218984975142726,0.059992832015498224,0.04536971329945328,0.03419724596285191,0.0367915651626114,0.04111232269548257,0.04150320509061594,0.03856357525040769
ACACTGAGTTACGTCA-1,0.0351200527437955,0.04161977922617797,0.03562775564362692,0.0352511387192681,0.06610847821129634,0.04146750094090349,0.043678514722970685,0.040990388521249865,0.04406896313466519,0.044353002385752384,0.039548705275076756,0.03756260817047425,0.04266140038958267,0.03868862418440032,0.03785143875466584,0.035418140605274234,0.03821017176233332,0.03674760507530961,0.03575668423126652,0.03672019882985425,0.03533370962886523,0.04010442940705583,0.041707774657082454,0.038754206418512474,0.03664872836053972
GACAGAGTCGACGGAA-1,0.04091782538297539,0.04798457120746228,0.04658007996195686,0.049738622649145775,0.03566989603348494,0.03505612363462484,0.036551719477781734,0.035685540856650724,0.036604777969072265,0.042580418752539546,0.03477720590072201,0.0352547793982666,0.03424376637915696,0.03502335861674019,0.03474282433378611,0.04925671870262617,0.0403905297374199,0.036434610302648954,0.0359939161495645,0.03627946888440923,0.03660223983635254,0.05080285875731976,0.036270391831617683,0.04921802928747044,0.047339725956204406
ACATACGCAGGTCTCG-1,0.03886620913198017,0.043039648228354266,0.061893372280114774,0.04312446142793246,0.034310584158683946,0.035003925523521356,0.03474921355967009,0.03491072396073357,0.035178288750649746,0.03979620517053092,0.033933107109037824,0.0346812531649898,0.03430546838043386,0.03448933108406488,0.034216068144665504,0.053136045178257436,0.038232846986784905,0.03556025414655903,0.03477040436351631,0.03568934341875523,0.035390339274900845,0.044496037371187826,0.05215294295270042,0.054375489821665506,0.04369843641030931
ATGGGAGTCTAGCACA-1,0.04542052296057354,0.03755670168977151,0.03771376052699703,0.04007410656102611,0.039034620230765704,0.03644182419495117,0.03723464818436037,0.03638528404980181,0.038306525371075456,0.0413090061525199,0.03635492746574795,0.035749880916927185,0.036177817527981576,0.036097466573460434,0.03612293824741838,0.04032481559506929,0.060101583326841235,0.03595493512152994,0.03597052747907013,0.03643878261452752,0.046057676871659514,0.045570336496421886,0.041741055847182164,0.042580114471336486,0.04528014152298385
ACTATCTGTTATCGGT-1,0.03694648884020173,0.04268770199040755,0.037322493715622344,0.03841002825610964,0.04437769209757816,0.04102679582613324,0.043084594389389406,0.040845809673937486,0.04237366401979408,0.03972041927108761,0.03960464360501679,0.03859378432986842,0.04127124805829935,0.040016124817699866,0.03971212169353823,0.0377317642164508,0.039396016330858645,0.03846037822490559,0.03792690021585027,0.03930600054596547,0.036559199548730624,0.04157586399809762,0.04309681176360266,0.040765007114628604,0.039188447456225725
ACACCCTGTTCTGGTA-1,0.037731755591123295,0.04268300259292844,0.05577944344604126,0.04601591981240284,0.03610668803089815,0.03567329825501875,0.036222091790759046,0.038671235342302816,0.03747189047618193,0.04190380824474279,0.03808145268171456,0.03728253648239053,0.03668361279100056,0.03800634326993093,0.03705838048040723,0.045830510905447534,0.037022225815632276,0.039039404805728255,0.03916813447897833,0.03850203245190347,0.034722301286424326,0.043885696444307176,0.04517073248540879,0.04111638737365847,0.04017111466466826
CATCCACGTTACAGAA-3,0.03759283339653021,0.04981248354511125,0.03695357276808002,0.038970183941142954,0.03660684220290967,0.036091686508781744,0.03731538275916745,0.04026275681583698,0.03848584580602484,0.04480771212388743,0.0386032352509524,0.040327208280190006,0.03847748845677775,0.03913141150822602,0.03803331422700597,0.0389432758617344,0.038472434033843234,0.039599153043719824,0.04097628617657385,0.04200591225071984,0.0356202359293409,0.046863951944667054,0.04400933425254616,0.04093639870577629,0.041101060210453864
ACCCACTAGATCTGAA-1,0.035647311212852056,0.044063724611475855,0.03786408658861868,0.03873091429960892,0.04064249764924582,0.0404913458234991,0.04095524309989635,0.041278563315520315,0.040316616220176106,0.044797465806986875,0.038659746640053054,0.039506382877733975,0.04023756881148801,0.03913628903837665,0.0395973245177806,0.0386363469812737,0.0379960207337748,0.038400751443118664,0.03815641306791037,0.039489653740002205,0.035037780476943475,0.04780278529223257,0.04312618042375042,0.0406521397687335,0.03877684755894776
AACACGTTCAGCGACC-1,0.03468927557225389,0.037959090642695946,0.03537599869924731,0.03712112967047254,0.037165678739271776,0.035901631212431756,0.036890842050158947,0.04236100154445946,0.038084859885373655,0.04581924981944459,0.04340315530865799,0.04190319148284072,0.03995153616876527,0.04227902731061205,0.04350800246099797,0.03647213384728755,0.03549760700458025,0.041736870424474846,0.04852538913651304,0.05091063171785219,0.033505644751077014,0.04382460837263362,0.040457496215602656,0.038569538176583984,0.03808640978571106
ACGCCGAGTCAAAGCG-1,0.036298751179502334,0.0418941358095094,0.035372745453650455,0.03844129839085167,0.03957638881864907,0.038187828642008904,0.0405993479930843,0.04360835310982245,0.04005347922325493,0.05560991404193334,0.04220803030058592,0.04210653042045427,0.04270672080895638,0.042467157399924044,0.04119874849235041,0.03747623282614384,0.038231521513955306,0.0399016282362977,0.04072803511960183,0.04217526424038385,0.033816183801341666,0.029598832866966778,0.04169867782785817,0.039615376040863286,0.036428817442049725
AGTTGGTAGCAGGCTA-4,0.04063091337586259,0.05772453439311154,0.0389191960224512,0.04171643193774102,0.03690889042386263,0.03497646669438609,0.03672313515843957,0.036751151346893815,0.037886601074650736,0.043402565424780847,0.03547229238468881,0.03579857069016531,0.035515422906267295,0.03507803013721224,0.035135904286519734,0.041498297948946106,0.04230826960856644,0.03555416621058625,0.03584048683896296,0.03605148813680805,0.03872648657661979,0.04977751267019775,0.049421812406062464,0.0450919657377101,0.04308940760850644
AGCAGCCAGGAACTGC-1,0.03605308889998879,0.04143369678514374,0.03631321601225899,0.03747545438105377,0.04015182935336929,0.038920333909198884,0.04043285778797548,0.04233180639967627,0.0411425656911423,0.04995306169417944,0.043688396904013826,0.04137273533528599,0.04166171158904829,0.04124910537180959,0.04332648250663954,0.03671654191222546,0.0377082150079414,0.04157870347020476,0.04140071048142784,0.042871458796213964,0.03457381657630798,0.030564110491165433,0.0423379512939877,0.039617071667849994,0.03712507768189148
ATTATCCGTCCGTCAG-1,0.0424212499683687,0.04135647789174886,0.03997474774644201,0.04144504244436797,0.03809102569424533,0.038280224591483024,0.038104816513063335,0.03972147862488203,0.039098111999266945,0.0386145774196517,0.03969206591955828,0.040006272830384715,0.03996697213089598,0.04079881017004279,0.04084583061757684,0.04091394078899164,0.03999162797060112,0.039456263960322445,0.04021668920242564,0.03995270236875087,0.04031697277554234,0.038960822308630766,0.03922268316353595,0.041485051447166486,0.04106554145205439
ACCAGTAGTCACCTAA-1,0.034516697581272675,0.04153045108875417,0.03534024042021568,0.03810767590316526,0.03608064771225713,0.03563352206047389,0.036204316109512594,0.042543882891022566,0.03587169643360527,0.051654305551840626,0.04236365387614145,0.04327054972263851,0.04058136928864267,0.0420580292749044,0.03987578363778993,0.037418038301151466,0.0362679809688463,0.04190697492267425,0.05759806555858009,0.04415594267308764,0.03348636613584357,0.037988891200601914,0.03982173550797195,0.03862014084412512,0.03710304233488093
ACGGAGAGTAAAGGAG-1,0.038323322310389,0.04412014978476065,0.05240357047968286,0.05816532103849799,0.034910022498108866,0.03566482857565777,0.03578317817409647,0.03417579062349345,0.035607473364845564,0.04043221870953007,0.033787568396879596,0.03422756778422517,0.033834890787898,0.03337812604139097,0.03305785488450492,0.05729909402349959,0.03877219221343396,0.03581531803281307,0.035075701650071615,0.035706166331181184,0.03591936197730172,0.04918263632971143,0.05560052846495823,0.036164650004839566,0.042592467518228365
ACTGTCCAGTGCCATT-1,0.036527194953776876,0.04283145470965426,0.03729521777261717,0.038414719576706655,0.0449355937047315,0.04153297061189585,0.04282096690498595,0.039389539556551986,0.04269992593235178,0.04465889575171484,0.03866960181817149,0.03800441791026473,0.039389993475257026,0.03841957667393958,0.038455913215756116,0.0384372059310797,0.039287619742994426,0.03786766813803886,0.03789508490876063,0.0378097175877846,0.036343977866354335,0.047499221616538544,0.04227059769305228,0.0397640038935328,0.03877892005348795
ACACCGGGTGCATCTA-1,0.03494252335000788,0.036699871899282595,0.03453661700605925,0.03772178332881781,0.035941118280556406,0.03686333386239282,0.039853311804191,0.05665319579432781,0.03814302368184554,0.0526515137911194,0.04345885909366126,0.04301336370486276,0.0421375284646361,0.04221124119576464,0.0412954197327861,0.0372682589170051,0.035455454598879624,0.04078511256865707,0.04150139584782442,0.04271191952179015,0.03166416143126389,0.04171006418518352,0.0388061398829765,0.03785642797416796,0.03611836008194049
CGCGGTACAGATGGCA-1,0.04068995537490079,0.04140317192079449,0.04761257071331621,0.05778319481386779,0.03460674459530647,0.03502134252073978,0.035812162049665086,0.035314224986539175,0.0359639270423842,0.04121219420348965,0.033626357896305296,0.03438019624351064,0.0346292964459511,0.034542942710815,0.033583759072100657,0.05293866505237566,0.039245721769359865,0.036015703082273205,0.035315049750360365,0.03616037086226939,0.03529334726041013,0.045315853019561404,0.0500525765319804,0.05142549047973462,0.04205518160198847
CAGGTGCCAATCACAC-1,0.038438552457547216,0.042840624913994985,0.04467332089523665,0.05344375568171731,0.038554658815743124,0.036725181807090355,0.03922006433984177,0.037409096375323206,0.03903528562856841,0.045814852283635354,0.03587235443061774,0.036125090855882544,0.03799971763067505,0.03699076212031046,0.03611349208331861,0.04628336835421188,0.03979899185422176,0.035726584258791196,0.03562078607686667,0.037022819415408546,0.03534049940462583,0.032612548859827395,0.049269200466930375,0.04951389484013088,0.03955449614948272
AACGTTGGTGCAACGA-1,0.03619425130606104,0.040106404192214055,0.03550704179269479,0.03856600721730805,0.03653928301758908,0.03567479433736487,0.03673614457039962,0.04351812925279946,0.03782265931620933,0.04879797224513272,0.040840825537572616,0.04336299324441072,0.0397798271483387,0.042109049004998275,0.040458457819674894,0.0365189633630673,0.037258685159769545,0.043700091774206286,0.04558264480825644,0.055349383401919916,0.03428086062827422,0.034300625079506084,0.04195505127508036,0.038755929169836875,0.03628392533731472
CCTAAAGGTAGGGTAC-1,0.03639406112566279,0.04467499542943869,0.035210783953960205,0.038635966492681924,0.03949912960050662,0.03653170598349867,0.03863867133405944,0.039986676317955605,0.03930868534528695,0.04856589452094764,0.03917426316838507,0.039071195106282416,0.04011725504232748,0.0399442450406251,0.04039678811811469,0.03841421769731313,0.0379305066604501,0.03736513930054929,0.03875244456991833,0.0394474090563965,0.03420842842307248,0.05215908804323458,0.04567594658190479,0.04175762938720645,0.03813887370022095
TCTCTAAAGTTAAGTG-1,0.03803070289343952,0.04431098674225249,0.03769536187030854,0.04040957993245908,0.04032994630610135,0.03729413690767831,0.039533877004758085,0.03941099271029625,0.039442024533095414,0.034736081640216854,0.03999268476371839,0.038151743613661436,0.03832687212527573,0.039004806455492196,0.038096312418517506,0.04012742461600903,0.041240290512119,0.04269860570856648,0.04107073117748246,0.042420721224811275,0.03670962403545616,0.042549581787547336,0.04575951112918308,0.04338876660635177,0.03926863328520249
ACGAGGACATTAGCCA-1,0.03736883281168041,0.04220755345692981,0.037428269208961605,0.038867507274258896,0.04127120815561956,0.04045107302172352,0.04290862709288129,0.03973044016159374,0.04172600084383834,0.043496069853060336,0.03815944802381589,0.03865278137329851,0.039903141456652615,0.03924780834850726,0.03806143626085028,0.03892575318219279,0.04136377547641355,0.037271666078131746,0.03734834807674609,0.038734222611010886,0.03798037598468673,0.04610444863153412,0.042929966657326075,0.040964318347357705,0.03889692761092824
ATAGACCTCAGCTCGG-1,0.03965454082310601,0.039312025841050355,0.04399209848471353,0.041599026965190924,0.03675340443767275,0.03691604010761633,0.03885830990072395,0.038537505717507775,0.03893925690378311,0.0440334522929752,0.037602793287148266,0.03778883176744924,0.038793630180291826,0.037707119021424686,0.037726557568045174,0.04225883837959559,0.038066520034073736,0.039760794048899026,0.03905755958891088,0.03948052517179246,0.03794892976869286,0.04329624781452091,0.04387278971646855,0.04455521626917437,0.04348798590917246
ACTTTCAAGGTGTTAA-1,0.034730360580523374,0.036289519871693474,0.03428514095217557,0.03478409343765746,0.05309744743362585,0.03933785857495671,0.05096775777549251,0.03900286752600802,0.052702444947389515,0.04913938398443648,0.0379975133167443,0.03766939925604622,0.05243580623626167,0.03870383212017973,0.03876465815992936,0.034843397185968614,0.03679499583504732,0.03614785032657355,0.03549016797701682,0.03666333368066858,0.034392644506575566,0.0486779959059023,0.03704353609987122,0.03504816205135308,0.03498983225790262
AACTCAGAGCGCTCCA-1,0.037050121799769194,0.038359387483929794,0.03447487471772992,0.03698228197106433,0.06020952017708992,0.04118518829666522,0.055473523320292845,0.040449801554657466,0.04293599555741726,0.043227187022021,0.03823787959187568,0.03746685449482525,0.040865092896120885,0.03875397132778466,0.037769057751352496,0.037116818408377966,0.039055549012201506,0.03686201337294468,0.035812628273949175,0.03685256075218568,0.03575255200482442,0.041299034533298765,0.03989283083388349,0.03749726339803449,0.036418011447703826
ACCTTTAAGTTACGGG-1,0.04300588329239655,0.043723779340561715,0.03709955575450423,0.03914209661056284,0.040176748966805946,0.03700219726423944,0.03955924032012325,0.03692011625548929,0.03964087284958258,0.04406041555165421,0.03612200009855159,0.03566725472799586,0.03793224829796519,0.03588680490314992,0.035982853718197046,0.03967964775767769,0.04459565635125179,0.03532764657393563,0.03517342972451356,0.035710418730912165,0.040631410589423225,0.05552910654906468,0.04382426531169824,0.044851516005176326,0.042754834454566897
AATCGGTGTACTTCTT-1,0.037042179250216835,0.0418697870701291,0.03640498540752408,0.03800896955357514,0.03891737262558644,0.03868467336159218,0.04111526966823334,0.04217685912476185,0.03971003357757691,0.048385012059349135,0.04279699812243726,0.04097542504955375,0.04201514502158807,0.04121655702693054,0.04175296508428429,0.038032143343263915,0.03855912624667842,0.04038837140591803,0.04129566761141051,0.041908578025397186,0.03544364671556188,0.03206901645631984,0.04297934127038374,0.04072467849816967,0.03752719842355783
ATTGGACCAACGATGG-1,0.0363369251053459,0.046424777264254834,0.03801692847063425,0.04025126153113037,0.03648117068474838,0.035530616140298565,0.03702517372826886,0.04069529402580765,0.037384326967683484,0.03985134481008318,0.04029554474025856,0.040055551090309574,0.03850620163385242,0.04015653882913314,0.03856823880480273,0.04010467538570938,0.03861835885989766,0.042313692269625384,0.04332861659450392,0.04382540451751362,0.03433763239465373,0.041580695798516636,0.046848447191112405,0.04391013351616111,0.03955244964569417
AAAGTAGAGGCATTGG-1,0.03418467426997244,0.04318283481532367,0.034698244252759886,0.03657394677002718,0.03834173998019853,0.036735459424474294,0.039649993814670485,0.04440969991372243,0.039980805941890525,0.04404651405335286,0.04468824774543466,0.04386777559896296,0.045788052047665576,0.044581042483438416,0.04529465873122784,0.03635469376078176,0.03825071254378205,0.04008462984197807,0.04102878826085129,0.042118568293357264,0.033610950556095184,0.035590846430997136,0.04116947953121319,0.03865763943245186,0.03711000150537009
AACTCTTTCCCTTGTG-1,0.0359582942996168,0.038839370586828875,0.03620784333908015,0.03743290686927294,0.03814419626208446,0.039358213129109074,0.038845973230143924,0.04286146414329711,0.03784395523443673,0.04378107295490203,0.04612151991041223,0.04290405973934133,0.04098067703959581,0.04233532930025611,0.04249397709946512,0.037191443794058816,0.03699735190755672,0.04302220967039144,0.04327657588799166,0.04364896073583805,0.03508748248199229,0.0421386915780732,0.038487256603491955,0.0379308744192019,0.038110299783561424
TACAGTGTCTTCGGTC-1,0.041217836295484464,0.046584627461750495,0.04822608134233363,0.05188226165631527,0.035172418574123114,0.03428700665574648,0.03628435628516366,0.035389472283437855,0.035106839439984404,0.04162034819982281,0.03422802039682269,0.03466964705298531,0.03400109703337475,0.034726194716569056,0.03416638941938677,0.05113535013039998,0.03968165780133769,0.03600921326430892,0.03525109621482285,0.03608391280165937,0.036358043218159365,0.049270816278074975,0.033838759167151275,0.05716489948243273,0.04764365482835209
AGAGCTTAGACAGAGA-1,0.03429928228325355,0.04084889592486097,0.03482399223693909,0.03679265660024113,0.0390064662570886,0.038094300585958994,0.03982431907579678,0.044035298568092365,0.03764249436243932,0.049369601452106504,0.04492233596511945,0.045012227394376866,0.0421641487399288,0.044075429482167104,0.04429587675086148,0.035529450723534445,0.03549298692203384,0.041676486284826876,0.04229220235015489,0.044180743016192243,0.0336032914247948,0.03417281030471338,0.04174750061229329,0.03932321410502505,0.03677398857720049
AAACCTGTCCGCGCAA-1,0.035384599940634094,0.04008745133102254,0.034909604551618664,0.03732287376837425,0.03773598432967126,0.03596414265315853,0.03800621680565238,0.041797359282929714,0.03948001024095951,0.04086054217384846,0.041206740803946075,0.04258753937177542,0.0399877607704909,0.0422685932887838,0.04144755747004034,0.036375241585777505,0.03667251478413907,0.04273261908301078,0.04354900591348227,0.05532717029125421,0.033367855745782424,0.045632151523048115,0.04115290766983703,0.03863121712389716,0.03751233949686556
TGTCCCAGTACCAGTT-1,0.03659377159922902,0.043887452238432996,0.03580143998450932,0.03759922241129489,0.04092530890813494,0.038361629546703406,0.041852864591344595,0.040319862058542606,0.04191798469229552,0.0475952230036738,0.039369754095898726,0.03871644879821931,0.04087480853746998,0.039169690721354226,0.03960899879660369,0.03704094124139847,0.03936702773660947,0.03824065906733687,0.03729285922799367,0.039086090396455435,0.035051420785824794,0.05128573941766384,0.043180199804854554,0.040177763260104395,0.03668283907805142
AGCATACAGTAGGCCA-1,0.037934870258285645,0.04262549614531696,0.036544148399455655,0.038294703225179694,0.03953049242107127,0.03825486485778766,0.041676149394992694,0.04233831416321065,0.040306564182572405,0.04660417743549814,0.041836935080956386,0.04087445182570935,0.04151249538322233,0.04028408303718121,0.0408462360816551,0.03832055668266282,0.03866753068091167,0.04075928580983365,0.04129795797553417,0.041893864928301786,0.03568339030674823,0.03270907973301463,0.043135344332181406,0.039584006292156956,0.03848500136655967
ACAGCTAGTATCGCAT-1,0.03679847132341402,0.0424026569705629,0.04488793161273746,0.04674229820351221,0.03722079684598133,0.03575098767013831,0.037761218526859784,0.04032625689595699,0.03827923232155167,0.04672843981162512,0.03777975738625262,0.03891331410266242,0.03867465474510702,0.03919593908381944,0.038288252062738094,0.04685931613905256,0.038312642078925235,0.03723719829966749,0.03821684848771103,0.03887629062680781,0.0338286495960261,0.030130738447603014,0.04821821426437655,0.04771523361031831,0.040854660886592765
ACGCCGATCTTCTGGC-1,0.034730109269273245,0.03813984787862978,0.03393630280592617,0.03643992142420236,0.04232205025234664,0.039238887301088814,0.042766652391023244,0.04308322610362892,0.043080888394827765,0.053294123998519925,0.0449553157448098,0.04210440483964413,0.04466040300523342,0.043946400130481615,0.04314788199476251,0.03615617121892672,0.037245134345470624,0.04054032691258668,0.04035719165241979,0.042779901262822384,0.03396131858785375,0.03001636595177534,0.038547850175764925,0.03804803774309161,0.036501286614889654
AACTCCCTCCTAGAAC-1,0.03593610102666112,0.04151903711148522,0.03572774410586436,0.037586903027994535,0.04060408557123595,0.04151221379912437,0.040830952798024976,0.04273624075405254,0.042284796253241455,0.04240909476646194,0.04315426861294434,0.040187560293906424,0.04455024776263436,0.040759583696520135,0.04149776633810452,0.03791248636981547,0.03842994121896924,0.04067259292125737,0.03960528727642539,0.040810855351813426,0.036146894826561686,0.03948384433345656,0.04023805472973043,0.03833111262139466,0.03707233443231966
AACACGTAGCCACCTG-1,0.03798732828528832,0.04292706910750777,0.03698222177614983,0.038029791708325426,0.042516736559460734,0.041437040739211374,0.043707650382642564,0.039579804340383565,0.0431952408810381,0.04578010772695534,0.03812758791878569,0.037686975637169697,0.040845001884088794,0.03892803237043965,0.03898151866323771,0.03744733530120538,0.03960059046133898,0.03720499175104608,0.036329015082730745,0.03718149740253323,0.03711735369129291,0.04813427386070926,0.04286204635867526,0.03983269972593752,0.03757808838384585
ACTGTCCCACGACTCG-1,0.043071406149473065,0.04379181379281584,0.03651865654787952,0.039213219227943366,0.03847621657188362,0.03617966054641882,0.03650332951170157,0.03572009022770066,0.03838168071053176,0.039711553437117734,0.035712779920034604,0.03524376912233687,0.0352198268682307,0.03587070100716884,0.03553890356606949,0.03866278819852704,0.053308347157025926,0.03623256054512247,0.03530788396559149,0.035999810012546034,0.06495202851659142,0.04324193210499629,0.044813387431143256,0.041435784860580964,0.04089187000056871
AAACCTGCAGGGAGAG-1,0.035937067927078056,0.04206847432376195,0.03691485192514755,0.037988324675267214,0.04202058919661129,0.04052285728498453,0.04242212860164811,0.041048773584911574,0.04217499463448156,0.04448581036905574,0.03940242875572544,0.03866850916592031,0.04121714704434988,0.03955039067883359,0.03960728429959616,0.037696066317088876,0.038478916860249054,0.03769126978542895,0.03750137367647978,0.03962198149209891,0.035571087657533966,0.047849547323292975,0.04426501185298925,0.04057531730934259,0.036719795258122905
AATCCAGGTCCATCCT-1,0.03626545807259898,0.040854615596197824,0.035376027278247076,0.03798869543087144,0.038293020751245695,0.0380194067851461,0.040549566053531653,0.046710920115992406,0.04085848391375675,0.05028690265277072,0.0425115481649734,0.04322952925131312,0.04251348687062986,0.042948549978239985,0.0425564619691756,0.036825911579378125,0.03647769334166461,0.0390482645504742,0.04162043808907479,0.042448218906771994,0.03388512062786139,0.034078336797506645,0.04117861606931466,0.03957750398973854,0.035897223163524485
AAACGGGCACGAGAGT-2,0.04025996011783932,0.04727256647662152,0.040529339852389525,0.041009390639339845,0.03651007844017893,0.03578989338871046,0.03720096333410234,0.03613929545827004,0.03637760386932511,0.0415748477155617,0.03612930548928177,0.0350997317224206,0.03588319186674237,0.03640812468024699,0.0356002988550202,0.04189141034994301,0.04057299554815693,0.03634969203667391,0.03652579256189929,0.03720538837014988,0.0388285859736744,0.04564937967247386,0.04843631634731011,0.04581392719682801,0.056941920036839906
CTGCGGAGTTGACGTT-2,0.039951261661141754,0.04623187981188638,0.04092966404486232,0.04103220516517306,0.03635705146931231,0.03611764832894385,0.036081810273752866,0.03693559881992626,0.03617847048507716,0.04132388954933879,0.03718975866013594,0.036429578343776955,0.036335060238148385,0.0368830274603291,0.03628889540662518,0.04262986540489683,0.04019136495620228,0.037384721660623045,0.037854718522141874,0.038340272708418215,0.038974211652867435,0.04448571915767836,0.046799947295510756,0.0451826400618556,0.0538907388613754
AACTCAGCAGTGGAGT-1,0.03521093986480076,0.040883155865931615,0.03411667537198557,0.03678575899474799,0.037477597284321436,0.03641680818072387,0.03774801889047562,0.042690246778924745,0.03743277130871416,0.05010289329668281,0.042530609206014244,0.04286141983013584,0.0409536635137951,0.04356676553685234,0.041662588708024154,0.036398257550059675,0.035762445260343806,0.04238983399418867,0.04666180165854683,0.05405734665370272,0.033659398586158545,0.03436675519631098,0.04105007491095945,0.03817361395209679,0.03704055960550245
AAAGCAAGTAAGGATT-1,0.03461213778901228,0.040634532787238095,0.034952231881795644,0.03676365247216701,0.04039196457722165,0.03947635556716733,0.042160733397762516,0.041587510627922215,0.04006335954559273,0.045834677799650725,0.04024209581268558,0.0414414114040957,0.04366905364972973,0.04221493393406983,0.042374997966892355,0.03682296243782794,0.03705042491844869,0.039879809830127955,0.03962681393496729,0.0409501800890087,0.03410012347489635,0.04833447043920915,0.04140890599559641,0.038271544723258936,0.03713511494365526
ACTGAACCATTCCTGC-1,0.03563174894947827,0.03937369021629312,0.035024433540267644,0.0377351265980761,0.03591990756080675,0.03548614124634557,0.0353028046395558,0.042831892095918,0.036220025125698524,0.04381528265997581,0.0403551869151909,0.042767687114299416,0.040665815173091174,0.04242973457830993,0.041217174717500006,0.0371340736014172,0.03667437435476877,0.04297159616649243,0.045836315226844164,0.05528486048201627,0.033390073931741045,0.04599903800477495,0.04142571232843598,0.03899000845344546,0.037517296319256654
GGGTCTGAGAGCAATT-2,0.04190855203985963,0.04831677433592629,0.040041657354600586,0.041788056688585776,0.03526806232487016,0.03530891446837798,0.03598345031318242,0.03587440468096011,0.036373415657751554,0.041008162817355504,0.035352570414151914,0.03510072475912746,0.034740567398623544,0.03499363246290572,0.03498408343109933,0.04254832828266101,0.041809488019553406,0.03701617786570464,0.03724339891783951,0.03690543665982354,0.03867107361581606,0.04599605850634793,0.050062167170039466,0.04648375869486556,0.05622108311997089
ACACCCTAGCGTGAAC-1,0.03478267881211799,0.041514705205145046,0.03573790863751665,0.036782939353153674,0.043723508023927896,0.04077815511433145,0.04359853201027354,0.043889742822556206,0.040626299226083774,0.04863468931091696,0.041363421158656676,0.04128523501371589,0.04271448692867942,0.0416741405216231,0.041839412073939986,0.03633403254967561,0.03870632938466871,0.040478816357505595,0.03796897231954277,0.04084564140838912,0.03453789792096107,0.03435331880601761,0.041610083905327264,0.03911190300783735,0.03710715012743656
CCGTGGAGTTCGTTGA-1,0.039792867374276994,0.04337902954345978,0.05004495190812431,0.05424439482601636,0.033965090114140326,0.033685474036493655,0.0346448675570592,0.03530837224711408,0.0344790691311769,0.03999457740355328,0.03383875357367262,0.03401852833969711,0.03394354675591195,0.034122806750729574,0.033828902343791156,0.05342736640331133,0.038304932550808475,0.03530978993946346,0.035075350701955006,0.0351612723609019,0.035301294188520176,0.04450415664298936,0.053046964954574,0.05716883999509444,0.043408800357164684
TAAGCGTTCAAACCAC-1,0.036947603304511085,0.044423997913779135,0.03636737321667134,0.038309898063256735,0.04305237109186301,0.039470481527975255,0.04197549855592547,0.040187821016695685,0.04111884187583388,0.04604047380843681,0.03838497797017984,0.038086680182110304,0.03928889589989339,0.03864034697678144,0.037862876180127944,0.038200281068460525,0.0398793821851448,0.03787972817634947,0.0371864200748351,0.03782249570888117,0.035917037855367095,0.04898494592356447,0.04422427229002403,0.04136040877818281,0.03838689035514927
CTCTAATGTAAAGTCA-2,0.04032025540361898,0.04586935113148193,0.0409812782046954,0.041499654591859586,0.03622979157878628,0.03619963513236101,0.03600369696862769,0.036553732185201755,0.03607912180820303,0.03968985843165856,0.036230646848717914,0.03628309006350567,0.03587437982557524,0.03585284905048903,0.035869220087457236,0.043144319084504265,0.04119657054642008,0.037507103037939415,0.037933353861630395,0.037181418005135594,0.038332044543477405,0.04460973105151626,0.047878268593538637,0.04641216667981647,0.05626846328378224
ACTGTCCTCAAAGTAG-1,0.03542487156663351,0.04120733573946712,0.03484743846264048,0.03645789102628417,0.03814434208107393,0.03820064729134301,0.039630705902353396,0.04509906602350739,0.03941758704580757,0.058569128825835856,0.04493046942618697,0.043065573917373375,0.04235080377377318,0.04315271501392039,0.04246108433556756,0.03630545967239945,0.03709104404276681,0.04162176253706975,0.04199812509372457,0.0441309603572846,0.034235968084176366,0.02714859838484776,0.040181888702699634,0.037489615473599594,0.03683691721966362
ACTATCTGTCATGCCG-1,0.035495831630022165,0.04187856523850472,0.03539950640978523,0.037616718694366266,0.0372669112831871,0.03707263551405947,0.03814529659624893,0.04304779142579377,0.03758679718178433,0.06023872857354313,0.04228492129790496,0.043113437717173415,0.042393981473585564,0.04434975087834562,0.04419528905545848,0.03651168797030014,0.03653217867677497,0.04113008204658205,0.04308834822483439,0.04311376455395652,0.03361791590046172,0.027876490823716307,0.04057765700820887,0.039358308190157565,0.038107403635244445
ATAGACCGTGCGGTAA-1,0.03743914543170353,0.043037681338347365,0.037929538869953386,0.04019829158351371,0.043129364746610284,0.04174775026631847,0.042960555213398234,0.03936565457318765,0.0442324358746618,0.0416737169911964,0.03814475631521349,0.03837799511045037,0.041741262059555216,0.038887383826000814,0.03899611388760092,0.03901261920428586,0.039563716525397384,0.038005718804956415,0.03804935973964188,0.038190954673087925,0.0369519112059418,0.03847742835395957,0.04401137479756688,0.0409596001029564,0.03891567050449429
AAACCTGCAAAGGTGC-1,0.052233347498974105,0.03573979494587341,0.0366863037149067,0.038291733790450755,0.0386274611780699,0.03643514454530739,0.03828498389160919,0.03523994543559891,0.038450125960814145,0.040460695064321685,0.03524022650550029,0.035019566057395445,0.036261330184433165,0.03494834589094351,0.03579572619381589,0.03816198576524725,0.05504896153365977,0.035512350931821875,0.03484316465898692,0.03535298587235617,0.059465346324759825,0.04345619996656515,0.045243424935366955,0.04282151609442274,0.04237933305879883
TACTCGCTCTCGATGA-1,0.04138588011358165,0.046175936941723825,0.04056712660608944,0.04122385064999138,0.03648183073394478,0.03524581508405243,0.036343718363937356,0.035904694563182044,0.03606232111434965,0.04037579652945793,0.03586112744992704,0.03541576204648251,0.03559584764470718,0.03553694423318123,0.03526242491762461,0.042360708338612364,0.041333013841478264,0.03768261036406102,0.037285467112830234,0.03727641561210697,0.03878160728492767,0.045394200114928764,0.050129664962985813,0.04610387714233043,0.05621335823350524
CAGGTGCTCGCCAGCA-3,0.03752122979913441,0.04682182302627476,0.03789797502010216,0.039199611093785974,0.037152724924175096,0.036673760952817575,0.03588858342226556,0.04248032950111491,0.03789971551117641,0.04354933312233374,0.04235551213691725,0.041760381872538214,0.040026865346257524,0.041191861969416974,0.03984142264211721,0.038436962648486,0.037494423379807185,0.04160369468249263,0.04364863088278534,0.03766142030987862,0.03602361431241979,0.043565852662253636,0.04092165807214391,0.04032375404452201,0.040058858664783134
ACGCCAGGTGATGATA-1,0.03778307575858619,0.04123342853490435,0.03656937375012067,0.04001031073532918,0.03729883268629521,0.03694146589109179,0.037733087549385105,0.04221778989898679,0.037900251922531214,0.05385208435230833,0.042094781522370395,0.04134336354957626,0.03994283300342787,0.04147750105551464,0.040065943394899724,0.03867450840912373,0.03625851496085045,0.04284928826808478,0.043891228216199486,0.044196677875400846,0.03549387642895676,0.031857869874087626,0.04144169841263297,0.040603513821046516,0.03826870012828899
TCAGCTCTCACCGGGT-1,0.036696803141996796,0.04628940180908542,0.03617290487948106,0.03826070155494482,0.03970748514592428,0.037357720252126074,0.040387324991686166,0.04015252047132018,0.04076902852069475,0.047449465864856794,0.038634375119009565,0.03899475854613644,0.03980975357900041,0.03963509244689495,0.03956660729248229,0.03796953611621295,0.038159653300049945,0.0370912325210659,0.036923557665519566,0.03855933541295319,0.035106071930602716,0.05150984519087533,0.04453995290565452,0.041537203791901844,0.03871966754952391
CTTCTCTTCCTCAATT-1,0.036432213883561,0.043457220424206154,0.03744502526201517,0.0392716362322429,0.044354656509077175,0.040762400325347975,0.044078493583069416,0.04100383409689363,0.043399939639914085,0.04024815168682044,0.03971282774831819,0.03868541068091762,0.040942791647676016,0.03946417313256688,0.039514200693720476,0.03879067601285817,0.04064416312593069,0.03922181092543239,0.03789581348379108,0.03878882929140765,0.037471501385943705,0.03537850274635829,0.043670778221575356,0.041230006774150875,0.03813494248620482
ATTATCCCAAGGCTCC-1,0.04601873850829582,0.046289302920399504,0.03891787456143963,0.040971918744721905,0.03924898062863467,0.037416645132923615,0.03895029962192763,0.03655100951258749,0.041368280848233144,0.04131746214170077,0.03691513922188482,0.03642313381221877,0.036395328273777096,0.03596103449732358,0.03597995648572894,0.0404556340897129,0.04640222474439566,0.036794426617395334,0.03653061472504457,0.03660729057803606,0.04612351233440586,0.0465596307498176,0.033603098491837256,0.04464632220528603,0.043552140552271475
GACTGCGTCAAACAAG-1,0.036687874645866085,0.04162963301026573,0.035740236250552865,0.037492359746585185,0.03668062922908041,0.036209664245353074,0.037314009043997204,0.04313106754209292,0.038838100771757755,0.04245672149099086,0.042868693619071266,0.044168941576464685,0.0404937146840247,0.042369217526745946,0.04158561403679741,0.03750769228843716,0.03856279720601444,0.041626189253293706,0.04407088744230452,0.044749035613032395,0.035971409798079765,0.03778520533462081,0.04214477048786543,0.04138522965412036,0.038530305502585155
ACTTACTTCTGAAAGA-1,0.037059572852626205,0.04320628998582936,0.03693245116170545,0.037826106319166046,0.04536075419461315,0.04083800709219519,0.04329275318929546,0.03964951081881834,0.04226021846994144,0.04101433284454433,0.03999066695671887,0.03963619274397739,0.041246893182981956,0.0408401004622691,0.04062891547975556,0.03768708976009895,0.04061863764457348,0.03792464038643795,0.037933646384770744,0.03907588795230391,0.037806814921662796,0.03667299975301996,0.043357931923613625,0.04113180103824427,0.038007784480836596
GTTAAGCAGGTGCACA-1,0.03644825313064075,0.04653219445236108,0.0359440492547219,0.03937026681142573,0.03971436687068115,0.03818550473064078,0.040371494153950145,0.039673514896185647,0.04102892141967581,0.048797167588460554,0.03754090952794902,0.03758918704044612,0.03849090185017648,0.03781200577409451,0.03732649507448962,0.039059356931183904,0.03844291094878377,0.0362659564289852,0.0365909006682852,0.03773838577999717,0.03456462617091848,0.05436016295640779,0.04646134648991815,0.04307516337227214,0.03861595767734898
CACCTTGGTGCAACGA-1,0.037151967053433786,0.03858137263937093,0.0383526628847306,0.038748554682285094,0.04570894568678301,0.045231245650312814,0.04477076370193822,0.037251890073708965,0.03728061669971441,0.03854099078430737,0.038817913983844786,0.03727295748127877,0.045001094719052,0.03897003357317861,0.03899319450656248,0.04423791134297928,0.03869728776393639,0.03724326403382655,0.03724752792486151,0.03862149501593263,0.04520224195993334,0.03824127133387629,0.03839703685606988,0.04442515035888906,0.0370126092891932
ACATCAGAGGTTACCT-1,0.03672601039856018,0.04033687901077631,0.03547117773171574,0.03709821041030549,0.06492528004891866,0.041120371626848,0.04353983117753396,0.04067131708881704,0.04329729880036665,0.04428173778987455,0.03872383986866406,0.037978527958701644,0.04037947850974376,0.038436011841355304,0.038138629713900224,0.03623227537038907,0.040171025895235274,0.03688933290256809,0.036680023281220976,0.037433590861054765,0.03645982409323327,0.0409106170994631,0.040034956614737084,0.03795354816486025,0.03611020374115658
CGAACATAGCCATCGC-1,0.03634300176268478,0.043251645630492566,0.03658798848597246,0.038879789679188925,0.042648462611876985,0.03955611245341115,0.043001612144504514,0.04012432692529422,0.042132257258401105,0.04577001259162033,0.038577960321155604,0.038236398270988216,0.04016244056067493,0.038217864221074455,0.03827224502119048,0.038064634709307106,0.03968950635057951,0.03753278722339542,0.036577663811324664,0.0382331075775239,0.0356224253768315,0.04975123847023586,0.044189954117393515,0.04057387372873806,0.03800269069613948
AAGACCTAGCCGCCTA-1,0.03695004137892253,0.04178302479476536,0.04168128634536007,0.04173413741284058,0.040787049845553126,0.03796389311116202,0.03835748109480363,0.041304227223450514,0.036127501488368324,0.040430240842704246,0.041344524349715375,0.040830520843205154,0.03920837518121322,0.040706525263663716,0.04159589938333402,0.03929936379567443,0.04144468281482349,0.037141420577780075,0.03717262133733157,0.04128301261172906,0.04101306072659894,0.04176464392933136,0.04139638157390055,0.04167088590143327,0.03700919817233521
ACGAGCCCACGCCAGT-1,0.03572939932516664,0.03849302102042491,0.03535947968163612,0.03848558685883504,0.03534721731678701,0.03418834248167546,0.035472625235402774,0.039795104315529455,0.03559643446424931,0.04286863929828903,0.04053796397951659,0.04117271300682067,0.03903499541897672,0.040968148938718925,0.03921672088246033,0.03793839123749978,0.03568520283860029,0.04344276085612673,0.060493215670541306,0.0548842617721146,0.032318906517565846,0.04456022937615932,0.04161356454778517,0.03993644328169554,0.03686063167742246
AGAATAGTCGGAAACG-1,0.035598690161984,0.03966696578633106,0.03659885694107516,0.039720093492449336,0.03750586028632885,0.035872456918327,0.03608288821634972,0.040498132518153866,0.03620957736851093,0.0472641436216753,0.04077194207082196,0.041275065033909174,0.03966432156765263,0.04023995565020064,0.039492074198950525,0.03822347563287986,0.03771715316197651,0.043934215920430036,0.05444217967355078,0.045245114319076706,0.033816410137495645,0.04089173903350443,0.04105040310546757,0.04109929849140933,0.037118986691488914
AACTGGTCAGACGCAA-1,0.035080088693671026,0.04268883120933017,0.03497756965246612,0.03807810861070397,0.037074275175559966,0.03737352254880738,0.04019914161671378,0.04351049137256831,0.03926003305426677,0.044564910036506075,0.041681134003290404,0.04405812262026646,0.043807969071082455,0.04552949855412096,0.042977594749287876,0.03747204743898731,0.03672574751701775,0.03849771345812623,0.04103664093514164,0.04145372953079875,0.03401142562166376,0.0381783440265671,0.0431625717855756,0.04075405420328572,0.0378464345141944
CATCCACGTAGCAAAT-1,0.03524684685174105,0.043091660838830016,0.045034641596206286,0.036496002097524446,0.0445206863829576,0.04726067966392613,0.04349784578858081,0.035296604836508955,0.035332154679517065,0.0357520930888454,0.043530638852563086,0.03532267540558864,0.04480362211831823,0.04605308083396521,0.04602493282763324,0.03644083948203033,0.03641344151489249,0.03531651640971146,0.03532110295800078,0.036464050578629816,0.04526705100372411,0.03494293277962992,0.04357387146997931,0.04392513535471836,0.03507089258597699
ACCTTTATCCATGAGT-1,0.0358441246693276,0.03992087342771068,0.03632871717637698,0.03934857004224345,0.038706252339180104,0.0375650291922877,0.0399170432648155,0.04439253171364923,0.03914195642935381,0.04762999525545782,0.04102619803605623,0.044169930110267736,0.04334299537760801,0.04426342216978848,0.041961008629988444,0.03794935017510515,0.0369341376769274,0.04054672380444082,0.04278027645193321,0.044185020709358945,0.03325543660345774,0.03488620234846455,0.040000448984067995,0.03877991507436618,0.03712384033776602
ACACCCTGTGAGGGAG-1,0.03662811190401812,0.03990788949107168,0.03485402623437107,0.03873149339924005,0.03696534835660937,0.037154445451156794,0.0395503448078573,0.04401611499002999,0.04040214088949062,0.048954455743942284,0.04295249030664686,0.04435990103850429,0.04295987968147722,0.044058920395671164,0.04307289924799068,0.03728162459911644,0.036706356312958946,0.042107839419573106,0.04291998026305547,0.045443529488555706,0.03397873534329103,0.03171016870666442,0.04055961394330997,0.03863210135893961,0.036091588626457845
AGCAGCCGTAGTGAAT-1,0.04054967682147756,0.04514292583789398,0.047616557411411756,0.05041668690805717,0.036004975856907734,0.03525528745244142,0.035883118751816545,0.03552738784283885,0.03666307425212173,0.04161153967104624,0.03513672998429946,0.03519887390883503,0.035121807785030365,0.035517072621352695,0.03470093342569423,0.050106608535143295,0.041102885629871334,0.036580404492405995,0.03612915616109828,0.03694566272334835,0.035892109527674625,0.0477681082419686,0.03215048436322734,0.057992004630809314,0.04498592716322801
AGAATAGTCGGCGCAT-1,0.036030584304882,0.0417462824734686,0.03497043549581153,0.03754543797911912,0.036619482275403986,0.03726562722899055,0.03879870111182162,0.044072015574550594,0.03947641318380438,0.057114058869301376,0.04396703729889944,0.043983131867913486,0.04138465348581379,0.04320076298322126,0.04253552926202436,0.037401745794990796,0.036751412839258875,0.040563369137274194,0.04114246772600619,0.04339519293223547,0.03366302560815041,0.030196632745153197,0.04176497810874948,0.03904055540066283,0.037370466312492336
ACATCAGGTCAAACTC-1,0.03596270153420216,0.04162584242084586,0.03558674656702505,0.037743333507658364,0.03805988203791364,0.037154489830309195,0.03871712983534039,0.04412169957001867,0.038508412836670725,0.050698888555788225,0.04175810676362086,0.04347183581809208,0.04312147482970002,0.04450358810083194,0.04231037782361455,0.03784571599092128,0.03621820095392528,0.04012312414989424,0.04213341849440104,0.04384750668449161,0.03455684708214864,0.03337688390036388,0.04189795337061478,0.03946729192017456,0.037188547421432856
ACGAGCCGTTCATGGT-1,0.03527432437244551,0.04298391916142666,0.03582952479358157,0.03837091465453054,0.04066556950958763,0.03733782464299713,0.03964554684746692,0.043007765574598886,0.0410722563314956,0.04807322531604649,0.04194826175025426,0.04166347135053521,0.039472194898155864,0.041951806963941435,0.04016983078391135,0.0376122391469961,0.037739375979193024,0.041892943621961366,0.042638314856094754,0.04478098654731206,0.0338741846020234,0.032643779933195755,0.04285432281420915,0.04071245379200928,0.03778496175602992
CAGCTGGAGGTACTCT-1,0.03823066331896514,0.04320527309067412,0.03697138197751447,0.03930369475168606,0.04166218294341817,0.041523326030688576,0.04299822679132357,0.04001511279585762,0.04285544964639119,0.039980604376298544,0.04066576135118056,0.03913294346414777,0.04126748833202516,0.0400753506323253,0.04011975152192064,0.03885393360612969,0.03992155866396563,0.038025407209165404,0.03923056116196414,0.039952613525053006,0.035806572626505134,0.03790332127502129,0.04276769681585392,0.04032138629435601,0.039209737797568874
ACACCCTGTTCAGCGC-1,0.03973208227740774,0.04363217382290152,0.0558994153313674,0.049406452046706045,0.034187262191130274,0.03439442863477638,0.03519811769988049,0.03564069818570478,0.03523625341622706,0.03917507320741952,0.033996641713235784,0.035124987875668014,0.034644993367975115,0.034547394240979176,0.0341548400526116,0.05374076430687806,0.040012245991628816,0.03619417017271637,0.03551127364763992,0.03519656330529604,0.03554523680820889,0.042954273858588424,0.05144382040438726,0.05064624835912897,0.043784589081536394
GTCGGGTTCTTGCCGT-1,0.04074326563726328,0.04629830830838878,0.04648514913652624,0.048112963159055784,0.03587200916816058,0.035429221587070354,0.036068278018686374,0.03545903883683878,0.03688555864567436,0.04246851996923286,0.035738007874897754,0.03456477836888016,0.034566733360352764,0.03538246047860576,0.03482039624438444,0.04663745442034131,0.040914682597244754,0.03648474416850923,0.03654048790723888,0.0363349113519996,0.03829314263132847,0.048445089339507016,0.03795271384632559,0.051748996358716194,0.04775308858477067
AAGCCGCAGTTATCGC-1,0.0339680057540299,0.0378911601406505,0.0356627525383681,0.03711335822368081,0.036865901730364206,0.03611307343798726,0.037142903495140316,0.04388919422310517,0.036887478858933426,0.05066868601647343,0.0432659071660933,0.04452016577238375,0.0411408639588548,0.04403895071144982,0.04177754062729953,0.03653460928129812,0.0346856642079783,0.042922194265153556,0.049495391614317756,0.04966674025311898,0.03282060261429027,0.03910134948666205,0.03892014040223685,0.03852299910693586,0.03638436611319406
CGTTAGAGTGCAGGTA-1,0.03907332607609302,0.04250689538607841,0.04833362356490358,0.05702228357749658,0.03447991077901525,0.03488489946105998,0.034634067344225784,0.03515308031359193,0.03546353445612117,0.04113391788974024,0.034096773051510584,0.034580255726615786,0.03452499822532196,0.034715564342397934,0.03375815420251521,0.0533721497466414,0.03837313797510566,0.03565034672883177,0.03491917921736698,0.036133881300509846,0.03591582621730561,0.045925535739527554,0.05149486878858512,0.052756411396313874,0.04109737849312499
ACTTACTTCCCTTGCA-1,0.038053947442978985,0.04321215238304813,0.03773286474005292,0.038410838682787184,0.04397752186024637,0.040941386626725314,0.04325185439694072,0.039964845952344494,0.04184406026642868,0.04251981431684747,0.038223474063734005,0.03885402948092706,0.042877884887333455,0.039967094844396894,0.03960404304401294,0.038161697360572226,0.03986849969444798,0.03844555081853722,0.03783785335485142,0.03939421812796401,0.037512668019905854,0.035620064178319366,0.04417544291371187,0.04055150475428004,0.038996687788605565
AGAGCTTTCAGTACGT-1,0.03660169220669451,0.042402911250163676,0.03837418664108941,0.03845743447112601,0.04198652164329585,0.04020450972498653,0.04012133505578246,0.04031126258182084,0.04080017371148913,0.04535826333181144,0.03947774159920752,0.03878970444324996,0.03948760609348932,0.03924755726500131,0.03891012635441904,0.03835987289566361,0.03846959706577011,0.03790817779375463,0.03770468035092863,0.03882283930158835,0.036652073108766905,0.04888769621538075,0.04347006623783431,0.04067041467181939,0.03852355598486631
AACTCAGGTCCATGAT-1,0.03526900284978688,0.040686490238876466,0.03635206712701259,0.03598041214274888,0.06058579893882942,0.039153480863883636,0.04313048128360848,0.038665149145725566,0.04148498874875467,0.04739100211124242,0.03703395668205479,0.03860616819206238,0.040868444363841,0.039133223522859605,0.03877988439803083,0.03585593589776737,0.038025528630873544,0.037304556618661104,0.036422042142897286,0.03820394866528476,0.03568241995402034,0.047000024086823626,0.04145536822754271,0.03913187351816779,0.03779775164864366
CAAGATCGTAGCACGA-1,0.03603062021961753,0.042829277085561133,0.03625715197904953,0.038075867545066214,0.036987119991312545,0.03539441391818252,0.03677934180745768,0.04125523061168273,0.03691388493840296,0.048992823342474734,0.04083988787137341,0.04138260854584385,0.03921955887996331,0.041084931099047386,0.040225731968405704,0.03770198385539137,0.03788896005435364,0.042327552163244644,0.04369827040749403,0.04500498889240716,0.033740196483685786,0.04652912521767013,0.04218798658491879,0.04033810304021564,0.03831438349717783
ACTGATGGTTAGTGGG-1,0.03565943969594908,0.04069411718090187,0.03504467173757668,0.03741233601077335,0.035926211072452266,0.03585978960183728,0.037624784735429864,0.04073752123288281,0.03655433554951695,0.04507112306706368,0.04263778175646616,0.04069125142403616,0.038820902194892634,0.040982455089415386,0.04068559574808078,0.037140416932942254,0.03723781694491344,0.05019705634177446,0.0484826712738762,0.04406343011216586,0.03457033298131688,0.04376859181181078,0.04164015753056607,0.039262863860890035,0.039234346112469
AACTCTTCACGTGAGA-1,0.035414637033475235,0.039706470737334514,0.03570404034787352,0.038606490715282694,0.03771159474698051,0.038224773131215944,0.038779119519936005,0.043410737555845465,0.03899776423315361,0.04747630135487836,0.04464990969223876,0.04183084880328535,0.042539526023023244,0.04248759623078718,0.044107548090314926,0.03827631876214438,0.037232030154670664,0.04252124796133931,0.043558639252463935,0.044950186989345456,0.03391265534709248,0.03278781184382608,0.040794599168929156,0.038683019523201426,0.037636132781361784
AAGGAGCGTACCGAGA-1,0.03543412549369923,0.043916143476925955,0.0350006464375916,0.038159102732597205,0.03591201127277211,0.0353530505279637,0.03714078959691193,0.042536512593642155,0.03771372794676598,0.05705160920595358,0.042401943319365205,0.0422446372788554,0.03988643717153411,0.041560514297931395,0.0407382602652076,0.037613516362525454,0.03685400815385093,0.04343522260395429,0.045257755463391086,0.04618564641295833,0.033263052475118,0.028148169225232753,0.04405629259574647,0.04061196088996097,0.03952486419954466
ACGAGCCCAGCCTTGG-1,0.036370050429174614,0.04390639438567647,0.03730782461215299,0.039394967715875806,0.042731975319963804,0.04082458502048018,0.04454458492575494,0.041256924960588116,0.04181435058780347,0.03968486379520493,0.03999039640218115,0.039167127250185445,0.041321059791629616,0.039652665053856714,0.039777063953137924,0.03836213503456728,0.03803777540999713,0.03904117824629476,0.03879044803080912,0.039830331360633506,0.035505978035934506,0.04037710069412061,0.04393487748890982,0.04034888869226582,0.03802645280280124
AGATCTGGTCTAAAGA-1,0.03639339246198353,0.03972815407171922,0.03474012008105587,0.038522014994971966,0.035003520491895854,0.03429744295934744,0.035549617680306234,0.04088762495600714,0.03609714478358541,0.04076600575230397,0.04209468891017972,0.041096060740542256,0.038046763596816,0.040851360402188015,0.03956842496017711,0.036895622181958736,0.036643483941242116,0.05349479095815575,0.05697151367833297,0.045206557255492046,0.03354503020238331,0.044659097202207544,0.04150296638247809,0.03994028160589354,0.037498319748776016
CACACCTGTCATCCCT-1,0.03624556849896022,0.04325122073296109,0.0352662084891859,0.037597897037094534,0.03916200259519261,0.03816866459007582,0.03965111018534118,0.04334424575912848,0.04002905658126508,0.05070394463164113,0.04243945251880878,0.04236545947902526,0.041251443091177384,0.042308290965554794,0.040229798646847,0.037532744284657374,0.037753356995940734,0.04015925550538061,0.04122761758656131,0.04322328039091586,0.03416165392145634,0.032946455341845204,0.043226848274730244,0.040466598256671774,0.03728782563958133
GGATGTTGTGTCAATC-1,0.03788746627088253,0.039714427012057886,0.03850806956286122,0.039035696315051494,0.041454917616831295,0.04563548436573953,0.04531731940882966,0.038277279710722444,0.04013611083893897,0.04042107908101851,0.04086206469332961,0.038468859220100286,0.03992251797464068,0.0397835679083335,0.03982523325904097,0.040890005632743184,0.03886978532301713,0.038118100523390715,0.0381521753618427,0.03905328482504119,0.04008377828122812,0.0413657053445081,0.04093901801375645,0.03933696990205772,0.03794108355403619
CCTTCGACATTACCTT-1,0.041184154867215106,0.046067145415358474,0.04354001529355433,0.046519352556936386,0.03554686502111901,0.03540216605828315,0.035981054391623725,0.03571012957197441,0.03540925983097361,0.040417573331115765,0.0353520707216656,0.035305603155129255,0.03438478820109921,0.034849477859585434,0.034890939733158106,0.04662688512125658,0.03924669181455698,0.03632126253371338,0.03642794639478603,0.03617102453079895,0.036302358199091694,0.04580944983733878,0.0536058484411581,0.05073776559323408,0.048190171525273835
AACCGCGCACGAAAGC-1,0.038742750561757716,0.04366112151732121,0.048533393746401025,0.05839109447136631,0.0345999962124077,0.0344595966324809,0.03564326544373801,0.03452336697389927,0.03586292516837884,0.04138899986620776,0.03362253615096504,0.03405080507621402,0.033687722911252584,0.034163312845002236,0.03360270391896617,0.05361254910473732,0.03844337330445044,0.03480302863869534,0.035165802716720845,0.03559250688602258,0.03493352682893481,0.0459371951337987,0.05195727625297782,0.053925187624191864,0.04069596201311153
ACTTGTTAGCCAGGAT-1,0.03641666066766839,0.04011739240991272,0.03522434340936256,0.03840307680310587,0.039031987917186955,0.035789539136668776,0.03671223506638058,0.04063187299836412,0.03860127193206989,0.0391734222020423,0.04101977709917834,0.042013752053955224,0.04001573005735275,0.041835569983643475,0.039386634379614684,0.037443349532552905,0.03668979986518798,0.044598535290140795,0.05379460234521879,0.049080581447578625,0.03442092161591169,0.04338635864101159,0.04022269712856902,0.039493190480309984,0.03649669753701207
GGCAATTGTCTAAACC-1,0.0360493511513159,0.04014780608391932,0.035639007923895474,0.0377086125841001,0.03824014082661471,0.03718425511968669,0.03839262795541864,0.042137950679150896,0.038159734997186,0.05419743289285232,0.04326877829444728,0.04278577923667989,0.04073896596603697,0.04205679449168082,0.042626430914009195,0.037403860138141336,0.0378548642265704,0.04457248999596458,0.04363476861585966,0.044720345199060006,0.034973354103497764,0.0300112634318116,0.04165253326092387,0.03903616420385862,0.03680668770731802
CCTTACGAGGTCATCT-1,0.038128769695452494,0.04365603021936941,0.038699285100465344,0.039229159094438415,0.04185076549541797,0.03772844151319429,0.040246652194986125,0.03922207368297914,0.038891643869352545,0.04234161788425973,0.039961609978498756,0.03776469621691552,0.03951146433654716,0.03921940200626763,0.03801739873485774,0.038992193072862384,0.04108088951492953,0.04130669782383126,0.03998879176172438,0.041639738913129824,0.03787599390903655,0.03958453090235288,0.04344365316933055,0.041592178346120875,0.04002632256367962
AACGTTGGTAGAGCTG-1,0.04548588951003545,0.026555578149451815,0.03839772525054416,0.040154942591595334,0.03890317348819472,0.03676239632460871,0.03769505347405247,0.03595961415540052,0.03929557390301053,0.04007491174530276,0.03555042268415851,0.03546184203932911,0.035859237892846195,0.035749260084244706,0.03537228706214414,0.04027430745805579,0.06910053134096457,0.0365084247913738,0.03583372643019501,0.03622607688406959,0.045472938749080066,0.04428937366891664,0.04646163933587832,0.0453414283495329,0.04321364463701395
AACACGTGTAGCCTAT-2,0.03599352785141481,0.04226220110371382,0.0370634670225616,0.03885932501016546,0.043356347068930955,0.039556221465636886,0.04187170651495384,0.04023928375751938,0.04103635139654302,0.0444475371267546,0.03894747155030075,0.038562418276506714,0.04050957813240958,0.038846319499566094,0.03838287954333978,0.038963763762992834,0.03974596566597635,0.03809963755187537,0.03746602763898816,0.038485101023846606,0.03656853646507768,0.047959229187893485,0.043247879246041475,0.041236042705515265,0.038293181431475386
ACATCAGCAAATCCGT-1,0.039592587463681196,0.04316890131030845,0.05284890265883496,0.04299068297296783,0.03612136935516942,0.03612376893202706,0.03621029521297476,0.036757147281062476,0.03629710218930746,0.04084294320343338,0.03535072699576846,0.03665863074726842,0.03612129429517883,0.0359898009464093,0.03602366565106988,0.04811859494225165,0.03952411813543319,0.03689822297267164,0.036546063714013054,0.03697470715379753,0.03474479367039612,0.04312458889047323,0.04882745905110436,0.05161585023052666,0.04252778202387066
TGACAACAGAGCTTCT-1,0.04170072390436785,0.046308744391440275,0.04115918980405,0.042420252960172405,0.03511018409758256,0.035668200087684766,0.03582788581046297,0.03662980686549902,0.03620080670355915,0.03956399167598349,0.03604372697895116,0.03578031190320962,0.03507397024361348,0.03597411974117439,0.03566050938813419,0.0432339863024894,0.04060108610870614,0.03704508445835617,0.03751033641071367,0.036997023452907965,0.038644209515143246,0.044042033327865666,0.0493437677600286,0.04688164395806171,0.05657840414984222
ACAGCTAGTCTAGTCA-1,0.03679309689110549,0.04253818502422921,0.03668448378754414,0.03836575789688971,0.0434151648747548,0.0410878271250096,0.04371238219684077,0.039997505033910405,0.04123045488806584,0.04446071847509269,0.038204200034136784,0.0380102577898301,0.0416255081647908,0.03892310192322906,0.03863352288287558,0.038115713179345555,0.040128743597125434,0.03792565819612474,0.036717470766944975,0.03790667436919217,0.03660110714495211,0.04813231299455121,0.043296666504463274,0.04059466878817755,0.03689881747081783
AAATGCCGTCGGCATC-1,0.03969708717641994,0.04346412842378779,0.04815546764104937,0.057480465411708266,0.03480889960426543,0.03417458104207939,0.034975071964493426,0.03534260584632644,0.03543492126058723,0.040529481574522803,0.03361874148840176,0.03461138811675337,0.03457371984561868,0.03443417870958888,0.033573071909000086,0.05278363398794829,0.03942444393047513,0.03529863063060376,0.03488020383327688,0.036325638268557954,0.034339713384253234,0.04616261526012315,0.05157671080329506,0.05320913393427096,0.0411254659525926
AGTGGGAAGTCTCGGC-1,0.04462050851395409,0.03932804435122047,0.03813508741094343,0.039350309556126575,0.039514165495030444,0.037533958528051525,0.03867985439139363,0.035423375686552176,0.03885756916289644,0.04194008304124089,0.0357710169784504,0.035164064246407584,0.03654047280111915,0.03508447220932498,0.0355408555801627,0.039324542130228374,0.06223708537722487,0.03602620378267594,0.03535498022325598,0.0355214327041749,0.04589699700034868,0.04498327322365864,0.042186696613265476,0.0439225192310449,0.04306243176124759
AACTGGTGTCTAACGT-1,0.041208977080718245,0.045626888630647316,0.03916657668123782,0.040364541058107634,0.038897071915369646,0.03729588792022008,0.03815572225797788,0.03801712065954427,0.040185588284491314,0.04139478615272803,0.037586194712419085,0.03670936094344202,0.038404650087398094,0.03698814177854234,0.0370227738704663,0.039600975138438965,0.044068704103114704,0.03743288673981181,0.037128195627796234,0.036838818831119655,0.04549216590358768,0.043365038731485,0.04395031539232468,0.0420282241982272,0.04307039330078395
AACTCCCGTGCATCTA-1,0.03670833691953243,0.042452128130476004,0.03621214547172101,0.0369209953388526,0.04264259928474754,0.04188464292383388,0.04412381604673403,0.042793512895510186,0.043256237530874674,0.045359003356053,0.04176458590403154,0.041695810405419524,0.043667095041086394,0.040644933366794034,0.04224176402399473,0.03633995678721428,0.038586308512985106,0.039549813621340704,0.039003845087117614,0.039264235857521715,0.03592061623186929,0.031976716990427374,0.0409947689361212,0.038881686702888954,0.03711444463285207
AAGACCTGTGCGCTTG-1,0.04181888373887589,0.04421191199460207,0.05936427056758965,0.04024134475841785,0.03569608695828288,0.036194735611227526,0.03581882232746032,0.03618171357075581,0.03635775101498477,0.040733981259115495,0.03420143302320299,0.03530910210208798,0.035263586973167275,0.03512644399258665,0.03475646266876919,0.04509239458303179,0.04045099934287439,0.03684943652323641,0.03620773069201621,0.03647701097438915,0.036829998582435054,0.04689217997783682,0.05423920614952256,0.04129148075473125,0.04439303185880004
ACACCGGAGAGTGACC-2,0.03675074541524065,0.04139588241754994,0.03688583606168217,0.037914661148513676,0.03955341537526937,0.036818891643160066,0.03869995713035733,0.038357323971636444,0.03574954337248293,0.04639385828060688,0.04221646364247174,0.038179484114015665,0.038565601002142395,0.0397654625561711,0.03942760900567749,0.03757565906290386,0.038834984875017214,0.05578137775734834,0.04284009287134009,0.04354863202769085,0.03477856410327149,0.03719970687481921,0.04254795186641463,0.04101101175051498,0.03920728367370155
AACCATGGTAATAGCA-1,0.034480739992841306,0.04074800378527624,0.03509404529345648,0.037550988721719684,0.040589162021778265,0.036687939636139866,0.03921409558233545,0.043654371549781974,0.040841225363957595,0.05024858853800157,0.04297671384002862,0.044157526941909865,0.041851668174254654,0.044251424971263435,0.04199904425239131,0.037065317869512567,0.03611213049661158,0.040725365683848706,0.04370006827970078,0.044981441294971544,0.03326897598899694,0.0313386043589871,0.042293342685338665,0.039317290999483424,0.036851923677412524
AAGCCGCCATTTCAGG-1,0.03606853061545382,0.042457281294581845,0.03475823916440599,0.03735727845584276,0.03847021440850353,0.037348802398449024,0.039274775934171766,0.04758453674577226,0.04010097857890024,0.0424656669836692,0.04374333033742599,0.043595812205707594,0.043235073482203214,0.04431429870321252,0.04340808396457738,0.03695632963745242,0.036433056983425464,0.03965908677418497,0.040643838945775196,0.04301994485719414,0.03409148396293588,0.03599771692299183,0.04144786241372375,0.03893496249288524,0.03863281373655406
AGCTCCTAGGTCGGAT-1,0.043565661890636875,0.043836977004768886,0.03786572716090692,0.03888254989509157,0.03836719631516382,0.03831490893963603,0.03754568561720964,0.03735986582152031,0.03849684298983215,0.04238120323092366,0.03734234545637369,0.03667295431282065,0.03749545860586541,0.03664670890693295,0.036653128706378324,0.03956169414261638,0.049533273021155295,0.03727539495782443,0.03666722613490621,0.03661878192416184,0.04857256819735581,0.04260910880803684,0.044187490181295926,0.042461771559589745,0.041085476218996886
CTACCCAAGGATGCGT-1,0.03697696020254191,0.04390747364186151,0.03717211995105051,0.039137166105619015,0.042191100366128276,0.03951135550589707,0.04212633526946139,0.03921484516091686,0.041283793376888825,0.04507951259723651,0.03808744243783372,0.03875682028711907,0.04062833223274772,0.03843207393683598,0.038550633179562865,0.03862483341926306,0.03943459992807803,0.03854156556669917,0.03729663140073037,0.03804378897039455,0.0359406922795092,0.04787965837556972,0.043842989313374166,0.04069683608551597,0.03864244040916472
AAGGTTCTCCGTACAA-1,0.035373253025957875,0.038065789501943934,0.034824772616878705,0.03796970632171548,0.03627065528391958,0.03496586010184928,0.03693130019947125,0.04354260984108115,0.03753928071083359,0.041928382383134594,0.0419700810834443,0.042706262098638,0.04136382788646377,0.042444401842028814,0.03961744238549122,0.0366545241345906,0.03628046921458609,0.04450558400182379,0.05262781305944071,0.04933363689673538,0.03334582311989352,0.044460620071762234,0.04127275425153756,0.039044683096542,0.03696046687023639
ACGATGTAGACCTAGG-1,0.036884960175468176,0.03982303498043537,0.036612197730465486,0.03808527026488404,0.05607488622526547,0.04298952818168184,0.043608763881210634,0.040302393206525775,0.043936236265673514,0.04346718935894743,0.03904470059581962,0.037812996989166875,0.03974601191494696,0.03820156590643844,0.03892520201217038,0.037448803463268475,0.041132367902661573,0.03757466871258739,0.037128644247193775,0.03772285313567485,0.03794098653062875,0.03813456824051307,0.040842589822932984,0.038894714766554796,0.037664865488884376
ACGGCCAAGTACTTGC-1,0.036520465342594635,0.04359702376904949,0.03490490098471715,0.037797316668416736,0.04379027929278438,0.04001182894566769,0.04125438311240679,0.04362182754999076,0.04215355553658447,0.043541461102985915,0.041043349595983165,0.04116983327788877,0.04218762197222478,0.04164545349427028,0.04131955521486362,0.0369721299748851,0.03887151359225141,0.03774004004872048,0.03786019505503429,0.03958506835569826,0.03528985951247912,0.03712730313813413,0.04333440795926882,0.03992860590656821,0.03873202059653164
ACATACGCACATGTGT-1,0.03612245308482803,0.04060534165127134,0.03573658231647842,0.03802064710902278,0.040448708418189816,0.03893612977694598,0.039919086088148314,0.042889318621929934,0.040071437866248616,0.050124892909934896,0.04543563388794326,0.040725174875201234,0.04195152811569763,0.042347964550789347,0.04349837512130877,0.03712893805767089,0.03852264397418028,0.0405221418811205,0.04074192152672386,0.042168575782018644,0.03491861350763275,0.03185631457460965,0.041347638916288086,0.03938416278330875,0.03657577460250791
ACATCAGTCAAGATCC-1,0.036924522131891915,0.04044540809869888,0.03525310819967468,0.03830154601973609,0.043087528718826665,0.04133305255850053,0.04227770531939547,0.04336454697141384,0.04393265680302893,0.04653474010704391,0.041817346153311785,0.041681442200118254,0.044359344524343904,0.04321015181570185,0.04407478406881495,0.03715861074498053,0.038111465343044944,0.037792279055733714,0.03826245518187359,0.03860408340939942,0.03536717378680726,0.030408656911855965,0.04115783943178741,0.038194923703697634,0.03834462874031788
AGCATACTCACTTATC-1,0.044637354366540365,0.04372477724439812,0.037592619255000195,0.03888255651405793,0.038036258778489346,0.036809634522603815,0.037202349533499775,0.03561441018370407,0.03881595049104294,0.038252078802171206,0.03600869641635693,0.0353699255489051,0.03535261167584003,0.03530035567235708,0.03531734691585189,0.03847992163425606,0.05347839237543986,0.03658126337707142,0.03558260370883194,0.035715649126335354,0.059391601882611826,0.042135312707314666,0.04522643212299807,0.04253346757123547,0.04395842957308636
AGATCTGGTAAATACG-1,0.03653196180609744,0.042700910495280735,0.03545318082742944,0.03944395924640973,0.0363517524538401,0.03607185994382196,0.03737306559858098,0.043641416641256085,0.03791666945503541,0.052965886935145624,0.04154309015501836,0.04296246557643253,0.04112682093516381,0.0424446535463409,0.041239773411487594,0.03816112656539978,0.03685864217454569,0.042251366008545156,0.04362375600464313,0.04479976384196413,0.033270670303427195,0.029986131165270137,0.04451265293332149,0.04116968862330246,0.03759873535224007
AGGTCCGTCAGGCGAA-1,0.036761943759687776,0.04292932571644249,0.036646049196248164,0.03851725439409503,0.044444251182675455,0.041084072876431704,0.045313923906852134,0.040395381015028896,0.04279461088973099,0.038881456536394327,0.038858903454261795,0.03926695899822395,0.04343787514040406,0.04051555005004673,0.03938200840016812,0.038527469521817855,0.03983350338751157,0.03820379573794215,0.03798713594655925,0.03916012703531574,0.035786130941432036,0.03808291231624046,0.04331723950069053,0.040392287689701614,0.03947983240609726
AAGACCTTCCGCGCAA-1,0.03498902575208234,0.036955879883152555,0.03372386930071465,0.03635156991963942,0.03766096841353089,0.03618302388012256,0.037385519668251405,0.0441911843398969,0.038798210273459525,0.04116932599328148,0.04283028333064191,0.04567024613301105,0.04142774763973455,0.04593749570473293,0.04351463471598813,0.035345331210385876,0.03731828820718068,0.04397069688243186,0.04612981934889783,0.05184622741469621,0.0329685269994476,0.04517099873390124,0.037812788764102656,0.03776589229187199,0.03488244519884375
GGGCACTCAGGCTCAC-1,0.04126226070967453,0.04763220715568221,0.048639616787131315,0.0508458187710415,0.03535581904447082,0.034491426194465005,0.035888958708852794,0.035307493559235674,0.035319073028694484,0.04166958237014129,0.03432287405732058,0.03481146523357005,0.034140862401330276,0.03489845552615908,0.034618654955268884,0.04886944392273046,0.03993430127572251,0.03589282844580239,0.03618120505617166,0.036457967939032956,0.036507560710423576,0.050426432724084064,0.03723643361678839,0.05068111773490958,0.048608140071295915
AAAGCAAGTACCGTTA-1,0.036184576507126844,0.042036540152254886,0.03554590620749016,0.0368219088242372,0.0418367918858282,0.03938371031431916,0.04366278652761842,0.04410281499426959,0.042067269779302155,0.04405743095924154,0.0416039435345963,0.042591640501153445,0.04238281467993349,0.041400162917387906,0.04040670703473032,0.0365902775028787,0.03848111115937101,0.039637320079502825,0.0395378836750945,0.040829214722035795,0.03519896768382026,0.03506762275705601,0.043428867964692044,0.03985937834093699,0.03728435129512234
AGTGGGACAAGCTGAG-1,0.04781925955329231,0.0447093786538907,0.03798017438494268,0.0399948076704083,0.03697946419449228,0.03607451139407023,0.0358649696927316,0.03529791375317154,0.037822303706507895,0.043276193012531876,0.03415884639028446,0.03452133165493392,0.034876755210800255,0.03475084768939917,0.034037628771223176,0.03968732464198032,0.0504043022844875,0.03529446416396277,0.03503074851169396,0.035872231420679884,0.05622639347958321,0.046670871337241175,0.045367215182984096,0.044864934696573225,0.04241712854813335
CACAGTATCTTCATGT-1,0.03677843727432971,0.04000554639121361,0.03710931965658075,0.03852041971624194,0.03879554045694707,0.03925242019216566,0.03819268248047859,0.041879209045293284,0.04002252658054187,0.04801310307105289,0.04298564122881755,0.04158937533330947,0.040045404206045736,0.04101839009402685,0.04108901922879394,0.03841964671204915,0.038880221658975,0.044894581024147034,0.04255612388221856,0.043131025723237314,0.035915594276442545,0.03280660951554827,0.041197346266924485,0.039930659835002824,0.03697115614961586
CGAACATCATACGCTA-1,0.03876863844527161,0.045013467457277447,0.038079840982456925,0.04042256530955538,0.03539484349710847,0.03509570905321111,0.0362763241010147,0.038147409867951974,0.03642136791713115,0.044794666088042126,0.038724007166439665,0.03856075158373558,0.03655169179937399,0.03813469507886928,0.03760999952473942,0.04032619225245788,0.039485392130658464,0.039349930132916676,0.040771869867006594,0.04050024794652268,0.03608035524825324,0.04681642628638561,0.046055386752667994,0.04311517516430362,0.04950304634664835
AGGCCGTTCAGGTTCA-1,0.03466183629049485,0.039425494677966244,0.035650761272328205,0.03878192620099299,0.0386558672336344,0.03692251511578992,0.03857447091746436,0.046071323426349765,0.039695012423243914,0.04719856971782702,0.042394440134077074,0.04489638492355442,0.04253571826847506,0.04438348772752578,0.04226220870487369,0.03692939222970797,0.035594761319764336,0.04153113639618465,0.04238783204830273,0.04460273152963358,0.032584895875955956,0.03543853681198246,0.042338557110069626,0.03941390893228798,0.037068230711512835
ACACCCTCAATACGCT-1,0.03682643008974203,0.041862006764966306,0.03676580315936297,0.03776229088739967,0.04508258855269776,0.040667932171070655,0.04561901489449914,0.041886339204525565,0.04484987588532185,0.041136784881673584,0.04058719462421473,0.03953067469164821,0.04459395956283057,0.040376789691136075,0.04046943928573975,0.037148501324484155,0.039739217497321,0.03777603232364806,0.037284718024051575,0.03934247191154161,0.03574193293598669,0.03832912207813812,0.04191817469587974,0.038489964831313325,0.036212740030806816
GACCTGGAGCTAGTGG-1,0.03630530779452814,0.04043453079966979,0.03578792031987382,0.03756760999773734,0.03829625676707631,0.037494618429418966,0.038119142491365804,0.04217236852191982,0.037837891194666184,0.05067606723024785,0.04430593805870582,0.041845619156499966,0.03980541044116245,0.04211406631361698,0.041795563415296215,0.036753275212674116,0.0373636489115636,0.044428458991776505,0.044812521288283814,0.04590569152606407,0.03470832757024302,0.030478451543157002,0.04228276130893018,0.04108846565703884,0.037620087058483284
ACACCAAGTGCATCTA-1,0.034828474580408456,0.04051164885431316,0.03480406425698809,0.03811399738157212,0.03772106231827886,0.038757099428378856,0.039967910063544755,0.04561272336539954,0.039161382743771726,0.04805139402913511,0.043300483191755355,0.04430554195866987,0.04343654598168245,0.04293933201299166,0.04311400899113915,0.03725563542442205,0.0362055581261795,0.039284939868950826,0.04183662938976696,0.04410226110210822,0.03416502759053118,0.034799490579891394,0.040838777293592636,0.03937636928889799,0.037509642177629844
ACGAGCCTCGTTACGA-1,0.03431751051120105,0.03892442485460417,0.0347384825169433,0.035416740797471105,0.039252228600455165,0.036954069005921825,0.04069847168129245,0.04388772600371549,0.03935265868850622,0.0441883239714984,0.04475278618218547,0.045392175017798554,0.04385419106133707,0.047243925208918215,0.04342535317523768,0.03491924398952516,0.035793457349333514,0.04150222528745624,0.043614531847209724,0.04567592131877849,0.032752249717890265,0.04156159032664918,0.03959498142519524,0.037157809052446505,0.03502892240842944
AACTGGTGTGGTCCGT-1,0.035483203774482226,0.0375089591370705,0.0347794932308624,0.03519142783568858,0.05655749279224596,0.0396148738381275,0.052379275255300575,0.03872458973734696,0.040603731426087954,0.04830830527985175,0.03762728311467936,0.03787145189801009,0.05268378761244703,0.038654905423723136,0.038196661611482,0.035186300866405916,0.037181881787160156,0.0364930914845927,0.03614676013824318,0.037216025799971325,0.03516529764832397,0.04644694150766519,0.038646338532521106,0.03711444209937489,0.036217478168335475
AAAGCAATCGTACGGC-1,0.042481521325497006,0.043171174633963,0.04212923461256213,0.03832032266907817,0.03880242300605371,0.03895786635712593,0.03881375839235315,0.039723309519218014,0.039972935978053604,0.04245283701285913,0.03875518210552418,0.03880804684996227,0.038802423008732795,0.03878603930034657,0.03879142279448516,0.036639521388003256,0.04014737389714733,0.03878930121573825,0.03879789314219585,0.03950162038497113,0.04000154876637132,0.044617478884190806,0.039957820457117606,0.03991980014167106,0.04285914415677857
CGAATGTCACTGAAGG-1,0.03465134883229571,0.040660539586058135,0.03624688053224034,0.03717246021266468,0.04023361005104105,0.038792910684435106,0.038693885198289375,0.03976401714051225,0.03748153310252293,0.04652433730943288,0.041720434993732826,0.039525989028230214,0.03945340184701523,0.039881834789572294,0.04006817028744885,0.03726509436589616,0.03686849523729859,0.05860333686296443,0.043749642013775805,0.04390017442603985,0.03435830643715726,0.03598638976694934,0.04115747830397727,0.03969455330881127,0.03754517568163811
ACACCAACAAATCCGT-1,0.03715060372574612,0.043598036448146124,0.03687010663892289,0.0385497700871824,0.04330061904598073,0.03992184265083907,0.041682812205929655,0.0394396698636129,0.0411038531584112,0.044755753562009386,0.03875168193110736,0.03821793669540257,0.040609743916670146,0.037889955699401796,0.03831592579473324,0.03893752791380586,0.039856332187650306,0.03814845265505671,0.03767803851365225,0.03885003343929463,0.035225183331980145,0.04763425686096063,0.04387640426305853,0.04117799865327417,0.03845746075717122
ACTGTCCGTGACCAAG-1,0.03576242400775384,0.041428223251619316,0.03520591009907489,0.03602725973987475,0.06295572505505813,0.04176878120533152,0.044165794723316686,0.04014311221942504,0.042268230551378044,0.0442331527691168,0.038324990835416205,0.038745943451246025,0.04224634824457819,0.03981598570483462,0.03945487556738413,0.03599483940557356,0.038356129898551874,0.037718729705153324,0.0363899637717529,0.03798298993272659,0.03643195217253455,0.038587531580225744,0.04117141038696803,0.03813117045631202,0.036688525264793194
ATCCGAATCAGGCCCA-1,0.04516115835552153,0.031098106115174516,0.03635212948314808,0.03824712317952747,0.03946095988933567,0.036694263065775494,0.037678186582857015,0.03550045254441017,0.03839965449457737,0.04080178456086669,0.03513461846435451,0.03415995690898906,0.036185789642932356,0.034876299023064945,0.034900329162298065,0.038177720359346565,0.06039864908220893,0.03605785024399594,0.036122867237327605,0.03521449198514419,0.06600742236499278,0.044820370233315206,0.04517220186467219,0.04197329260712727,0.041404322549036275
CGAGCCAGTTTACTCT-1,0.03898478928964104,0.04624774046624506,0.0495319421528427,0.05165986513958185,0.03466282322620991,0.0344612873772806,0.035428696600072376,0.035718762405797896,0.03485263196569219,0.04265706095415037,0.03408497414775789,0.03565674458424865,0.03504335319561216,0.03481167720669113,0.03431326840215078,0.051984066027716304,0.04018774878541252,0.037193124371193965,0.036281133856678076,0.036927873111654,0.0354046352772788,0.04804301863750655,0.030349490048029136,0.05983266170432119,0.045680631066234975
GTCAAGTTCCGGCACA-1,0.04196651123098211,0.04682346065300605,0.042123839915765085,0.042006630587605745,0.03645591996850484,0.035591120655574966,0.035724351210508334,0.03565998294997114,0.03544230338945144,0.04003334269077114,0.03589778075322791,0.03506701490350303,0.034680710617049325,0.03556354748728876,0.0350128307177556,0.04375156872883866,0.04215829652890296,0.036612797075778455,0.03704289325377765,0.03656829944168663,0.03974611268382842,0.04509957069101122,0.04905978777736942,0.04673125848782863,0.05518006760001241
GTGTTAGCAAGAAAGG-1,0.04009925741286763,0.04620445725920847,0.04133250132636853,0.041450241425586586,0.03661763578737665,0.0351955997415016,0.03646066672927313,0.036638835440733285,0.03651734796097529,0.04066872441232545,0.036595592261603895,0.03583736932691767,0.03543133041012866,0.03626878782812502,0.03599094162516759,0.042125948335031776,0.04048009773044063,0.03760344429749727,0.03807150910316918,0.037969962146504624,0.0382365934741285,0.04624292196787617,0.048124386290740305,0.04520702308444858,0.05462882462200379
CTCTGGTTCCTCAACC-1,0.03619467402897056,0.04616707602068971,0.03692814161555809,0.03996647292028965,0.039954268385325876,0.03834459938078612,0.04184236106000095,0.0393454979732592,0.040487352622905294,0.046415393233552,0.03803894805241554,0.03721231505186821,0.03905272541227092,0.0375991201587358,0.037437625812842074,0.03978803594890443,0.03867468539737485,0.03613917441009662,0.036303754650236074,0.03788016869931981,0.0352080513710119,0.05395855416089204,0.04573206411685273,0.04227758778094967,0.03905135173489165
CAAGATCTCGTTGCCT-1,0.04559626499984012,0.032277028222090734,0.039391549806125616,0.04222874533887559,0.0395860030270757,0.036982499574931695,0.038832926772062876,0.03651910178820628,0.03990332343033393,0.0424405761686335,0.03678432726341535,0.03603397169669943,0.037550142345998086,0.036288770582372856,0.0359621861318256,0.04228612700282794,0.045045415987775686,0.036705256405372616,0.035843696456958674,0.037297241749855305,0.043965281034924746,0.04688661711984198,0.04667597264347858,0.04402080104928237,0.04489617340119465
ATGCGATCACAGCGTC-1,0.04491095352835523,0.04455212116502028,0.03756309274314062,0.03742839164804143,0.03755600365872353,0.03700100852231614,0.037177637166511526,0.03571325658444236,0.037879092829121774,0.041677303923738085,0.03571919983402785,0.035534029813993014,0.03502198247561937,0.0349466176889214,0.0349709760434673,0.03783856584065572,0.05236814349551468,0.03514816987292411,0.03481456199966483,0.03531542942640853,0.06545968246081481,0.043771501177956806,0.04372541882246877,0.041967032339152416,0.041939826938999544
ACGGGTCGTCCAACTA-1,0.0363028818529922,0.04047411997623995,0.036734396287349494,0.0376194351409492,0.041118521692506356,0.03854837760413966,0.04003876797727384,0.04286991670865425,0.03876989441627138,0.05199768753485812,0.043271130441262254,0.04090113159586904,0.04317113122757026,0.04178542684510051,0.04287702779710299,0.03766125617832084,0.03744058560784767,0.04033162903751604,0.04091530384660285,0.0411349398527133,0.035190036839009696,0.031975328064844016,0.04123450648136087,0.039887638456804736,0.03774892853684039
ACTATCTTCACGACTA-2,0.038235210002176646,0.04667244089084742,0.03805120655407598,0.040025474956600575,0.035975673434390086,0.0352791514136649,0.03660704071749526,0.038624814752061476,0.036553885029908924,0.04534858723855065,0.03925082071640288,0.03960924453868316,0.03781390080394502,0.038844352337019473,0.038592713269519956,0.04029426212404669,0.03946523346802085,0.03874571588287555,0.04098408705395495,0.04137121606502195,0.0364259177797616,0.035705609028994056,0.0321007661509931,0.044332594447465457,0.06509008134352331
GTCATTTTCCGGGTGT-1,0.03874049220179586,0.04387865186243751,0.0492523473406853,0.05022781928245301,0.035395854655398455,0.035208562249485764,0.036220507028560466,0.035105831119603866,0.035097069970080025,0.04032045011157044,0.03498737464756023,0.034707269055553984,0.034333093249465096,0.03445935137586036,0.033952857517208467,0.05193900861482525,0.03833782949087993,0.03616787144680582,0.03579194353444504,0.03594945614829079,0.035260670838070454,0.04629856830512064,0.050825245897967435,0.05492721805038401,0.0426146560054919
ATGAGGGTCGACCAGC-1,0.0608820310088755,0.03784739573421495,0.038265840566124205,0.041217885558625496,0.03716846904192092,0.03523146909997382,0.03689389294872795,0.03567295952243825,0.03877960413963626,0.042973195180427914,0.0356639541559522,0.03526754501720692,0.03562458969804597,0.035846898230740554,0.03517880685820029,0.04196224843357058,0.04776941704107998,0.035264229873979654,0.035291995539321365,0.035882415768188416,0.04418772429204601,0.04714822823232262,0.03900921617158253,0.046447312154651074,0.04452267573214647
TTCTACAGTTATCACG-1,0.03718348438776037,0.044653189624307636,0.035836036648176105,0.0386477333515324,0.04193603463034301,0.03925523311205543,0.04273028223932671,0.04087421956027041,0.04244236334062692,0.04366500830000945,0.040103015133776586,0.040067454779472926,0.04216922630037936,0.04044453487011378,0.041049112699246215,0.038620981705234064,0.039653371708739074,0.03915580248277131,0.03765212431774122,0.03831169090668306,0.03624969282465491,0.03565570865298148,0.04441805938272859,0.04097333210505215,0.038252306936016826
AACCGCGGTCGAAAGC-1,0.0352045294138356,0.04074430535207846,0.03601051152933237,0.038082074358914274,0.037743622565844896,0.0378506307263632,0.038826985272072796,0.04141703720308956,0.03858181489731131,0.04362116657635907,0.042219504568097116,0.041798158986837884,0.04060651319031578,0.04117124734308341,0.039939196870592,0.03770611799647978,0.03602207654812278,0.046083673256096344,0.046047941532796545,0.04543151819072013,0.034075889281577836,0.044433446548883794,0.0403516024413021,0.03876321020310106,0.03726722514679191
AAATGCCGTCTCACCT-1,0.04106301843577473,0.04191357400543486,0.057429089791840256,0.04790117473410718,0.035302243942275775,0.03515541323565639,0.03542482065031405,0.035410715512121396,0.03511318365673294,0.03955456360746093,0.03432148569632979,0.03461769448938273,0.034582314946987776,0.03448743969576196,0.03414032051330327,0.054292458783089616,0.039030925100254035,0.03580628551082302,0.035878508431791314,0.03525928226120581,0.03608842522172475,0.042708482243721646,0.049029392829435234,0.05270887210757516,0.04278031459689521
ACACCAAGTCACCCAG-1,0.04885524760704498,0.040007638498094154,0.03829601608837062,0.040925723261239784,0.03846052544517085,0.0369876665513691,0.036867256292627444,0.037219771736103836,0.03970698776860947,0.04233256718308997,0.03682226607494831,0.03600049040905152,0.03677255565147822,0.03587005580452277,0.035894847446833654,0.04091517116191099,0.045535473350812594,0.03634879727953202,0.03639866861396918,0.03647475156988611,0.04505473582068075,0.04682303958099496,0.04132791986988154,0.0449934605694967,0.045108366364280554
AAATGCCCAATCACAC-1,0.03697811779608358,0.042194984975659815,0.03624173684356408,0.03875291194040211,0.044286703226603975,0.041271917879355,0.04468121995352403,0.04085196388132968,0.0435249806242017,0.044380637836444706,0.04078318058835725,0.04004357177420688,0.0404269894667132,0.0392940406058127,0.03939498811022514,0.037970930737628625,0.03950041187961769,0.03825534899161481,0.03897849126024553,0.03934204639206492,0.03735196950866602,0.037044041956923936,0.04152140357649491,0.039405260741993235,0.03752214945226656
ACACCGGAGTCCGTAT-1,0.03488837990890753,0.03795834379516832,0.03652073305541458,0.03773915429957684,0.037398575684198763,0.03585064607555609,0.03621701773084706,0.04028584938978469,0.036366934893816365,0.04325578432709674,0.04311434526148525,0.041746161581942005,0.03897163891566918,0.04208141353609654,0.040290771090123356,0.037281122488228235,0.03566560966018515,0.05233716851389487,0.0493447114072581,0.04701471170790563,0.03372170842818042,0.0439083368270226,0.04154155883036081,0.04039787586681871,0.036101446724462395
AACTGGTCAATCGGTT-1,0.035499315314241005,0.03994447634749946,0.03529064104997094,0.037106005777157336,0.03865583029378384,0.03674133874323544,0.03895216016683079,0.0464219641903808,0.038648357755397336,0.046484631285348084,0.04192297106588876,0.04421645037760518,0.04287067904698999,0.04538697352215119,0.04294613705684943,0.03680593919941821,0.03623547850139886,0.04235193377727941,0.04367543916198729,0.04537732572215793,0.03316064128927784,0.03565844366618344,0.040652731131712076,0.03860026893311024,0.0363938666241452
ACTGATGGTTATCGGT-1,0.052027099144246323,0.040561946694688406,0.03868618406448994,0.040260433911736365,0.03846167435614074,0.03630216612398247,0.035930692769857754,0.034963494491767964,0.03833312323634637,0.04147464565519007,0.03409666137580964,0.034333260954897964,0.0343052403270901,0.034226736335977635,0.03379553755977462,0.039354336858838296,0.05463070091459096,0.035081283023849476,0.03373000543397057,0.03423394514667257,0.05775921358022914,0.04426244139651481,0.04409465504686297,0.044649303413876365,0.04444521818259855
ACTGTCCAGAGACTTA-1,0.04594686189506571,0.033316749702465884,0.03868324990706822,0.040440962204299984,0.03915437230470312,0.03662206099695803,0.03669822587295528,0.03654471249633222,0.03898995623917801,0.04263134452769861,0.0356633952098265,0.035129272515574635,0.036040892218676214,0.03456713463262871,0.03458978532434871,0.04058533722802897,0.051309893819136435,0.035113936805670085,0.035127105050662404,0.0355243943310162,0.05889174555755213,0.04596689721051801,0.045429389601946056,0.04355445089291126,0.043477873454778604
AAAGATGAGGAGTTTA-1,0.044534476551126995,0.04382481109598992,0.037200164359238196,0.0390701380778361,0.03762568163555565,0.035959539159718786,0.03637535058142654,0.035137606957089514,0.03742240035943136,0.038970780717441436,0.035502374786961874,0.03454149046477393,0.035775824076651905,0.034868125411300424,0.03529409459123438,0.03846299557759022,0.055607094450422355,0.0353983484963367,0.035423238725071624,0.035504933319095225,0.06435720078352795,0.043873363685135496,0.04440637453600147,0.04185107099567872,0.04301252060536309
AAGTCTGTCAGTTAGC-1,0.03562102121654431,0.04168638254297308,0.035668617411522524,0.03738051177145329,0.04548687620995926,0.04156887881457904,0.04431498071740033,0.04258404138790238,0.04302661168126076,0.03904176480637461,0.04025866768979802,0.04098641418111859,0.04396109840063921,0.04135537681440059,0.04114962229222999,0.037163178124253786,0.03902618333129893,0.039381657178297926,0.03777876109282308,0.03997384752004691,0.03587954958311805,0.03899476442502041,0.041837856670161225,0.03945517379688715,0.03641816233993659
GAATGAAAGTAGCGGT-1,0.04056372309779005,0.04903847102627932,0.043706462007828205,0.044692281474361814,0.035931274269834626,0.03496448158739159,0.036433546206152266,0.03627541548233913,0.03586590271401746,0.04239270170621896,0.03556119996099227,0.035710073055073774,0.03593247667054492,0.03521650714371562,0.03558916217107837,0.045263362146098045,0.04051786066351371,0.036904185252041435,0.03772279364507684,0.03758593885506738,0.03713925798046859,0.04870118025066425,0.045023211237911955,0.04145327983902592,0.05181525155651364
ACCAGTAGTTCTCATT-1,0.03588104563327265,0.04122172536331255,0.035493653260584256,0.03894556690156793,0.038304028518141665,0.036239459361262556,0.037170281434263513,0.04202148147471043,0.03823408630726992,0.05884285727954868,0.0423709404484498,0.04168040204812189,0.04049314370885816,0.0422971389055311,0.04067252093043296,0.03789613794704806,0.03684850487346603,0.0436391552818007,0.0456430160611651,0.04514651695895546,0.0337940169652003,0.029445298529056935,0.04142096026104205,0.03930849907686947,0.036989562470067884
CGTTAGATCAATACCG-1,0.03588280710015782,0.039417783932553095,0.03623181674450965,0.038768784636420445,0.0381661759882853,0.036989266829462845,0.0373685086684461,0.040464461981751486,0.03808317443377077,0.04785114544227615,0.04268266977186825,0.04142191172918329,0.03922663734744004,0.0412604724866123,0.039463087288242264,0.03712017201385494,0.0380251636858347,0.05251493705303192,0.04486987874205097,0.04406814398201798,0.033534203259644395,0.03687293840864303,0.04189681028206692,0.03982922446801807,0.03798982372385734
CACATAGCATGAAGTA-1,0.03679070905510244,0.04284202639110374,0.03491836060707791,0.03688548755636354,0.04032381393563958,0.03882277648859368,0.040177312325788736,0.04188608818930166,0.04131899077704279,0.0553918240578112,0.04067000703891956,0.041554184632204054,0.04309250375095929,0.042456547600792205,0.04355583279707722,0.036498344013139554,0.03894672391722989,0.03898544135494573,0.03943796864427112,0.04071973035541912,0.03484345726550534,0.029632136663956227,0.0435405534328794,0.039369846128710646,0.037339333020165205
CGAGCCACATCACGTA-1,0.03561301912683,0.040340139416275775,0.0355213007880932,0.03774831268982101,0.03983311167952034,0.03898384188278372,0.039706490992499954,0.042855659321991105,0.0399156964737132,0.05324831851733764,0.0430387493431097,0.04404367067095002,0.04386850503078711,0.04471477023465964,0.04444497668991533,0.03754650983563373,0.03592343737228421,0.0396425247194195,0.04056873738185658,0.04260734321930859,0.033339230114108255,0.030834506466321156,0.03980900656735635,0.039236149945836296,0.036615991519587415
AGCGTCGGTGGTAACG-1,0.04226313055133034,0.04050473456796459,0.03869035471924802,0.03850093631768396,0.04106126285503278,0.04151074494883323,0.042384518341618146,0.03926797963573156,0.042719638118534346,0.03998416662127197,0.0391870938127654,0.038946628852514785,0.039954634297222694,0.03968207696935297,0.0392320669222678,0.038062259609218954,0.040857525394141246,0.03743424720154367,0.037520355667203804,0.03824507182984959,0.04298009262997587,0.0394533683834557,0.04132302910332392,0.04088205110765563,0.03935203154225891
AACTCCCAGATGCCAG-1,0.03617570774697047,0.03914074620469229,0.035282790931167145,0.03958474774627003,0.03801090117066127,0.03952680270187643,0.04048550765026369,0.04580472004475369,0.03960520432693798,0.04899433114171308,0.042270055657345734,0.04404793373411874,0.045107299505643295,0.04333664708103631,0.04287916312029433,0.03808389967544439,0.0370659639307662,0.04055288603588939,0.03996167808136568,0.04169741432841126,0.033578571154379934,0.033176308142316445,0.03937967326053159,0.039058535548730795,0.037192511078419886
AACGTTGTCGTTGACA-4,0.03972807352474071,0.05306921882275854,0.04268533411778584,0.04715970663387934,0.036060090842087486,0.03388823824059831,0.03535990993767134,0.03579605070937067,0.03661426482018329,0.042553576556483466,0.03487779083370459,0.034781813561066875,0.03493879940210786,0.03511533220902182,0.03477278720153861,0.047846379788112674,0.03957944454458681,0.035675505696865804,0.03594458581301035,0.036767520982434326,0.03589012384261199,0.047769794664823034,0.05008137856495861,0.04946479371336671,0.04357948497623102
AATCCAGGTTGCTCCT-1,0.03550131212784453,0.04052285101149199,0.035108819590451625,0.038138907518537324,0.035105651071463746,0.033795292675028524,0.034848926747731684,0.040256409949802126,0.036447374465509955,0.04378730772791823,0.04061689917350948,0.039961747268253286,0.038589099667819156,0.04017047922255498,0.03910653252456657,0.03749657473015518,0.037086436934013055,0.04987867243294267,0.056652605767713936,0.05320149137461903,0.033140439962241794,0.043031370368210926,0.0405670160746103,0.039373085885534446,0.03761469572747545
ACAGCCGAGCTGCAAG-1,0.036751566270469375,0.042690484203541115,0.03583942777867681,0.03735123385503155,0.043708869861050235,0.03942958776042663,0.04238841906701431,0.04146528189464967,0.04315136161503158,0.041443503355306915,0.04216997380310887,0.04037002896899451,0.043511474281374966,0.04229106323597991,0.04293023976439173,0.036954640140922174,0.03934445514367676,0.03809566071417989,0.03857574544597006,0.04020868399044629,0.03555723290026071,0.03713742323372704,0.04229064527845832,0.03850507801731163,0.03783791941999903
GTCATTTGTGGGTCAA-1,0.03638678108099645,0.041464948932721644,0.04321792033117599,0.04183311907532081,0.04203263485427036,0.03709359812000243,0.04239676841263065,0.03693003003437157,0.03735944758490053,0.04343019057529107,0.0368964694395235,0.03723326799088766,0.042441355303423786,0.04163828704412466,0.04210948124566088,0.045024529348268484,0.037150351919832986,0.03722858513898249,0.03656464355493432,0.041739176657306726,0.036291253133714174,0.04217759719069876,0.04240053780203984,0.04303486062979446,0.035924164599125966
AGGCCGTGTATCACCA-4,0.040015556193175386,0.05661545694820359,0.038553226795925634,0.042206387823427394,0.036722251935195196,0.03536052523455599,0.03643099062163468,0.03613254213121241,0.03789862940364226,0.04212816647122767,0.03579850168447349,0.035873021435263865,0.035820297980976176,0.035706165286544564,0.035731343090636504,0.04130337633509904,0.04056276595795234,0.035655753205432794,0.036266833683322494,0.03685784937596187,0.03774464475338039,0.051128335013680096,0.04971943599171255,0.04595250709038443,0.04381543555697939
AACGTTGTCGTACGGC-1,0.03576401785841895,0.03904313034656618,0.03532128364408571,0.0373974609709228,0.03912158738121038,0.03855156688833926,0.03897680092737144,0.04188669114604073,0.03792655504068743,0.047886032374454365,0.04382126935890511,0.04208000732841798,0.04012376635985409,0.042249698493938795,0.04111472863450299,0.03709678942480479,0.03706190236382321,0.041861975671792354,0.04331695432176337,0.044887946215928114,0.035105915538030844,0.0455287563340862,0.039402093579280616,0.03800941905424631,0.03646365074252788
ACCCACTGTCAGATAA-1,0.0451132838418619,0.04526177452310773,0.03849334647494834,0.039970683829731984,0.04073522918929909,0.03766518895842382,0.03789013807779206,0.03694870476905052,0.03890566939914003,0.04263121289743384,0.036562842297585475,0.036164661800898126,0.03693015265544862,0.03566021002517533,0.035686425255107755,0.03968996036527253,0.04765691291752227,0.037441517648849544,0.036163676732400264,0.03714202404276919,0.043276172403318096,0.04519358752355633,0.04444362537440085,0.04229195713092068,0.04208104186598553
AAGCCGCAGCGATAGC-1,0.03527291894223935,0.03992338938520876,0.03534467407970425,0.038239846350987323,0.037794307437316155,0.03703915861471056,0.038488113197933084,0.04206707234060872,0.037759730658159796,0.050274962954477746,0.04149460976611404,0.04328464641775747,0.041364986668139404,0.04340011327892829,0.04107819564004577,0.03727202667339282,0.03583375451601277,0.04151654645348939,0.04402860765387579,0.057135140839906326,0.033159064278667265,0.0355358683821613,0.03923884759492011,0.03781477011919242,0.035638647756051134
AACCATGAGCGTGAGT-1,0.036084445258751874,0.0409203254339245,0.03527816117309132,0.03662771878815792,0.0419681202376668,0.03933728594897167,0.040517720702383415,0.04256634765042302,0.04087688311009101,0.05196392770821837,0.04299909527284715,0.04290326014468868,0.042743286079381444,0.04335901234582318,0.04357972270027996,0.03670502263091242,0.03766439865420509,0.03974824931596142,0.0398652052857697,0.041275433125446764,0.03430957618278908,0.03077104310308787,0.04180693446497232,0.03894778740107957,0.037181037281075184
CAGTCCTGTGGTTTCA-1,0.03653443511316516,0.04441144274115269,0.036483303073186785,0.03840675177141631,0.04199977439384875,0.03917589608744167,0.042129732858054464,0.04079331638345187,0.04116659612025925,0.04608968633585469,0.03907083549363956,0.03806027132476531,0.04046803561223427,0.03886986060849643,0.038937393299896664,0.0384657805293805,0.03835245683892571,0.03760795648721406,0.03690573326779875,0.038644759256474426,0.03574457893813594,0.04974289736131785,0.04323196613941673,0.04067880653402776,0.03802773343044433
ACTGATGTCTATCCCG-1,0.03539097958636544,0.03924757292251141,0.03606390533302148,0.04037413173836023,0.03610741471253083,0.03409272885075159,0.0372146183188458,0.04280990314007122,0.03592871883729164,0.044978221612939615,0.04173100969308454,0.04182745530045822,0.04001865746458144,0.04118294701974223,0.03928521996100581,0.039197932170138956,0.037471956584865525,0.045698993308618444,0.056299748368183945,0.04650984584460607,0.03366669002668916,0.03666035486639342,0.04071120900237947,0.03981776725372345,0.03771201808283999
AAAGATGAGAATCTCC-1,0.036509846957874494,0.03848978035838547,0.03564748854272566,0.038210207496232565,0.038429430438222244,0.036779876360002295,0.03785672181780463,0.04308666081566173,0.03720113480392966,0.047534254108052544,0.041879994282377694,0.04294834160212723,0.04184108758165568,0.04185527761988789,0.04075739594837497,0.037929565342559125,0.03777305938758342,0.04258099928747485,0.044521303681497475,0.04490969990304941,0.03490284766727947,0.0435277691847153,0.03942101480593677,0.038332413841854415,0.037073828164735215
ATCCGAAGTGACAAAT-1,0.035881594122115994,0.04246115998355988,0.03577380757272305,0.03870945131983735,0.0381521487232377,0.037054578019627096,0.03875612599924824,0.04251740816955617,0.03865773117580806,0.05377938728117278,0.04247434093004698,0.04190733870025047,0.041028618503609705,0.04238155652058867,0.041406267273151574,0.03806338488126261,0.03732538559197591,0.041994262514152725,0.043588944388456285,0.04409669090709568,0.033778935036520734,0.027760965744549258,0.043626568771703234,0.040890101123521726,0.03793324674622801
ACATACGGTCTGCCAG-1,0.03707648541768369,0.04114037989227474,0.03772308656773061,0.03894235630430045,0.0398199885905532,0.039115708898604586,0.040056389619193666,0.042644811189717205,0.04026138862928836,0.04422169764679395,0.039525207924152164,0.04036647543716438,0.0415773495121866,0.040366013649134704,0.04051734728969091,0.03848394483849207,0.03871505949589811,0.0382383413704455,0.03837043175428607,0.040112092337343426,0.03566514183549163,0.046828216104416655,0.04109004001411306,0.040542012853812794,0.03860003282723165
ACCCACTTCTCATTCA-1,0.035292107091459184,0.040480365775268604,0.03535268450708395,0.03845755154126306,0.037538792649212345,0.036054291893136636,0.03905643451980112,0.04381129147772162,0.04072722600736399,0.0488253054468337,0.04323736225567934,0.04328105371848438,0.042061250133134206,0.04441545410847859,0.0427454937796328,0.03725233924164586,0.03623892372673751,0.041098390657788586,0.04322120199479375,0.04473705964059245,0.033811033953683366,0.034205752421201184,0.042049122602633826,0.03877136339353033,0.037278147462839695
ACATGGTGTCTGGTCG-1,0.04374653300883024,0.0413858417703181,0.03658702704006417,0.04298029542882295,0.03716676582755429,0.046544559511894575,0.04370246277707054,0.03578052418403382,0.037261665808258806,0.043883413166886834,0.0436979743392043,0.03580591263976476,0.03716788009935601,0.03709932108364478,0.03711802464209672,0.042635121119607156,0.04357732639061822,0.036930540821342374,0.0369554780225845,0.04399347495615773,0.04289873686226051,0.0369237796896652,0.03725647413820061,0.042651638350047226,0.03624922832171558
TCATTTGGTCAAGCGA-3,0.03727489288706194,0.05362337267312571,0.035587968934440835,0.03892181203883979,0.037637217168791516,0.03539015445138939,0.03744135268005587,0.04035275238493441,0.03879011566920797,0.04726059916021696,0.03894433262246827,0.04015726327727494,0.03942653299382082,0.039711350795222776,0.038412814191750085,0.03834976885902256,0.03922240452395217,0.038951205524447766,0.03939776799556927,0.041498782862444995,0.03489785147941807,0.043253918918310194,0.045091414852312016,0.041352679408064336,0.03905167364785751
CAGCGACGTAGAGCTG-1,0.043618338841094104,0.03994952883944042,0.03769022717691205,0.0405603705908916,0.037966868654474024,0.03586449952074042,0.03520820966284152,0.03580904716195208,0.038278803962210464,0.04085802925437854,0.03703634074879678,0.03515874970521606,0.03650996490153868,0.034658805136101874,0.035538884646982974,0.039733970869874506,0.05360726063400878,0.03635726069640534,0.03572186065541559,0.03553177464078963,0.057271348078596934,0.04432298689675761,0.04395018580707846,0.04189920199476917,0.04689748092273245
AGCTCTCAGATGTTAG-1,0.04098838135076853,0.04259658738813779,0.039750895972180754,0.04213175519980215,0.03837093209697667,0.03831617145563295,0.03931975733501567,0.03860532515132037,0.03890678476708907,0.0407799838792652,0.03821107147973662,0.03839051326525078,0.03837025647463098,0.03874795439502505,0.038772645591460625,0.04181447881161848,0.040624063547801834,0.03890668108421753,0.038975725322060846,0.039389076381337505,0.03945373545982444,0.043863748245844894,0.043291084622468376,0.043217062660495624,0.0382053280620373
GAAACTCCATTACCTT-1,0.041351770602355675,0.05675807171452327,0.03829309219527626,0.04039141001429859,0.03815082586324109,0.036005605241731686,0.036639027232071825,0.03659496736120989,0.039200515871890794,0.04246718322351393,0.0362992245821192,0.03631087570770468,0.036262170388215206,0.035557872347399516,0.03586095241807372,0.03970991891358626,0.04255734409593218,0.036438819410536755,0.03623639649757052,0.03647759065648757,0.0389906483579548,0.04832845964497422,0.04788445579893445,0.043912317107909556,0.04332048475248832
TGCCAAAGTCCGAGTC-1,0.03636204398675215,0.04376308673403451,0.03606468001837364,0.03945930852332122,0.04222318593950875,0.03889322272028805,0.04257279080941468,0.039457495512278104,0.04221354253108322,0.04779267115748985,0.03858152052661902,0.036965753543859614,0.04021903404767749,0.03801687615992908,0.037548738314412806,0.03829377498284948,0.039360597382828266,0.03750890383909742,0.03737328651011085,0.038378476857417874,0.035182358273336864,0.05042883811252696,0.04450114358228692,0.04079318314037471,0.03804548679412864
ACTGTCCGTGGCCCTA-1,0.03500833202030367,0.0398953961899516,0.03586810941970378,0.03698619316218747,0.055331771841068515,0.042656522865402245,0.05054177487721161,0.039512095581650336,0.041557385984611186,0.04771434155603157,0.03762569571485305,0.03837635079894227,0.04152736477791488,0.03851730830756839,0.03814666075214225,0.03742343025564235,0.03652973798676181,0.03696848426189825,0.03562071431574214,0.03765836988078589,0.035453867864813214,0.046678901395646996,0.040062951718571924,0.03826213967917176,0.03607609879142278
ACTTACTCATTCCTCG-1,0.03879598358347502,0.04238640156222909,0.03837770574040525,0.03904044514369754,0.04131858866128781,0.03974987026573795,0.04342861839307523,0.03980895633266363,0.04027676130950338,0.04135848092475216,0.039712771103250416,0.03829129450661579,0.04135538073992482,0.03933247639217611,0.03814178988900666,0.039298142321622404,0.040570095081591484,0.03763238671718194,0.03840923381082752,0.038366687950704505,0.03801535291464091,0.04164347711638429,0.04284505582532496,0.04162078671475792,0.04022325699916322
AAGACCTCATCCGTGG-1,0.03574224868743571,0.04058788232233033,0.037062135543959526,0.0389319962529269,0.043678883879777,0.04069158301133078,0.04397113779588564,0.040206955200012634,0.04204967169248897,0.04338495258092712,0.040167318935253334,0.03879853114763521,0.04031395711698857,0.03957983594787268,0.03969974636607355,0.03900381936127088,0.038559147772437755,0.038563749929959146,0.03767145856172303,0.03897356768300569,0.03640985457130863,0.04658323304651589,0.04198269148695967,0.03973056116494601,0.03765507994097517
CTCGTCAAGACAAGCC-1,0.03659282671739129,0.042570323324959414,0.0420800066892957,0.04256037218241633,0.03779098096998712,0.045829237670204845,0.037834917383500824,0.03675535619724957,0.036805189223317866,0.04182030870971488,0.04244439998657429,0.036791899678928694,0.0377917964776127,0.03773536921930017,0.037751112294118205,0.042875381925275714,0.04201622209328672,0.037593263810960974,0.037620847559686636,0.041139243384880377,0.04105065514726954,0.04219163975886221,0.04260823127444448,0.042872271112765065,0.03687814720799664
CAGAATCCACAGCCCA-1,0.03945116364696071,0.04247948528675451,0.048374118383666044,0.0591326539486662,0.03375476574140742,0.034248038931723936,0.0348828110369541,0.035062271120430026,0.03497904036724806,0.04123425377110627,0.034354766988082576,0.0342076305271629,0.03446630008258398,0.03435628252080413,0.034064361556395736,0.05484695857326332,0.03901373870042165,0.03522817852300609,0.03504932083634939,0.03586576711221341,0.0342753699040508,0.04572318689767581,0.05125917853535637,0.05279583471539342,0.040894522292323286
CGTGTAATCGGAAATA-2,0.039936821179699836,0.0566981667584216,0.03904981422435249,0.04129925978071083,0.03849152548440911,0.0355801446270305,0.037033237042880765,0.036473057604663954,0.03858781466749308,0.043012283902717864,0.035555134500757445,0.03547215963753192,0.0358723132674834,0.03571261673005824,0.035532191038548065,0.040810316583224905,0.04148067275778714,0.035246705728943215,0.03546925928707495,0.036391615702262695,0.038007327787362634,0.05101465408746246,0.04931113786762598,0.045525771850517184,0.042435997900979884
ACACTGATCACGCATA-1,0.03743475799368085,0.040013398511235566,0.0357156019935534,0.0374955908865124,0.038133844470927034,0.03706988120657206,0.038257379760285336,0.04179811221593999,0.03690086198943715,0.046905333402405144,0.04175965363247337,0.0424733224774403,0.040191806888804076,0.04345574617515991,0.043082434536388964,0.036707828293629195,0.03877460643332759,0.041457841032720516,0.04255985637646286,0.04331757563776393,0.03545261477599287,0.04438484885252027,0.04037871976433297,0.03840500657650688,0.03787337611592726
GTTCATTCAAACAACA-1,0.03557186706178074,0.044419659649395093,0.0360926403707016,0.03791322241235543,0.0424979631641113,0.03941354402953855,0.042245213953833835,0.04011503555889369,0.04063043334960814,0.0465273029454452,0.03865592075686405,0.03831256096083747,0.03978901089343013,0.038879063723522456,0.038964260992595194,0.03779683219748381,0.03882984573766362,0.03790126182782421,0.03696592198077276,0.03793391461533319,0.03576849965203723,0.05102211564910716,0.04440394973113357,0.04112150228503488,0.03822845650069648
TTGGCAACAATAGCAA-1,0.03645257420870489,0.04179455095106221,0.035616918420069116,0.037861264203486726,0.04174671589234845,0.038245607276010916,0.04212699631730751,0.043290907280208527,0.04150440554500654,0.048866912485833344,0.04082461859181928,0.041949842104162846,0.04361510354562085,0.0428839233472025,0.04274303852663318,0.03755322897033557,0.03856988966646433,0.03893269212291521,0.03903020835098718,0.0404435638200012,0.03421324779154548,0.03127093970377943,0.04297323538356296,0.04002719003214861,0.037462425462782924
GAATAAGAGGTGTTAA-1,0.0344411092150992,0.04076448054992685,0.035832960624134234,0.03782878184573986,0.03791783400857787,0.03799500590811778,0.03866337269074143,0.04371926756612741,0.03835400496497215,0.04735235282725444,0.043111006007634046,0.042676818948814324,0.0396402892953608,0.04303382061444063,0.04267933526497614,0.037582237588871775,0.037881709041694814,0.0440537200254288,0.04542349475341702,0.04468617758733955,0.03502687495123964,0.033974487352370936,0.04091937093494042,0.03941993684500221,0.037021550587777584
AAAGCAAAGCGTAGTG-1,0.03530131326174145,0.04213335404085526,0.03607352870477886,0.03921567754011205,0.03640144425370777,0.03625828410648966,0.03869898459176721,0.042943891740690826,0.035670192328834824,0.04707551369167003,0.042786483827034455,0.04472045477789458,0.041415799365324656,0.04251863461817559,0.04171086159699048,0.038442488250654584,0.034998374317090374,0.041215435790840665,0.04592051860884419,0.04086250293623339,0.033112833348511096,0.04307789592497079,0.04223059255864941,0.03978846311156884,0.03742647670656929
AAACGGGCATGAACCT-1,0.0369296190405566,0.04645758071507242,0.03598754781394157,0.03888000159613889,0.039821647523633555,0.037386921035934745,0.039875955475483824,0.04001554130835411,0.04088523372651955,0.04714955275209368,0.03825158748728866,0.03886630467773153,0.03911565365960022,0.03840443292467362,0.03824411187295501,0.03869186791905545,0.039467925670075926,0.03739290384149891,0.03729143287843855,0.038482900623591304,0.035872585828719654,0.05188747215507666,0.04477364857384515,0.04087514192607466,0.03899242897364564
AACTCCCGTTGGACCC-1,0.04006835272464765,0.04275997202959945,0.0526545789920454,0.05512230583053718,0.034192756417583965,0.03353395847253871,0.03473561836227461,0.033953204355080945,0.03447407002241933,0.03972801483287686,0.03353857756493993,0.033315392746424255,0.03361455716392676,0.03346163092093574,0.03287044072096132,0.055356281232731966,0.03765399055451825,0.03477120232174747,0.03482328322464374,0.03514811887295309,0.03458133823546524,0.04361098939101677,0.05329476802828502,0.058602049401652624,0.04413454758019385
AAGACCTAGATCGATA-1,0.035680105851868676,0.04271299905344707,0.0347741366380267,0.03748239269429181,0.04058858377978662,0.03774483469653394,0.04060405077275378,0.04350001144302696,0.03891323651254224,0.04565889358820328,0.04380147661716613,0.043466283852194365,0.042226988336754125,0.04264559634370126,0.04278160743628865,0.036815429206139984,0.03749581158058433,0.04115718266347203,0.04174462515156756,0.04327921572719021,0.03392963363387617,0.03239911281694647,0.043132451310628254,0.04041860598333392,0.037046734309675595
AGATTGCCAGGTCCAC-1,0.03595409802977003,0.04101452550582557,0.03612780905990783,0.038035366982342764,0.04132300794394983,0.039030871601235195,0.039744842905175694,0.041729223944467264,0.0384230055820437,0.04925680326584876,0.04405944473280432,0.04155335399228906,0.0414759311789445,0.04242936714810553,0.042645800723162784,0.03788789127333794,0.03791655642904562,0.04204493977747106,0.04186230132919332,0.042611014493096816,0.034627251363833024,0.032551852150662496,0.04142524306897347,0.039080403333807655,0.03718909418470569
ACCGTAAGTAAGAGAG-1,0.03570938208691009,0.04185250812217357,0.035559926821004534,0.03787399340986853,0.04024340627459232,0.03731793332547963,0.03788128182869341,0.04396955974041575,0.039946703383198605,0.050840812902650655,0.042743142936897016,0.04477462297184864,0.04251078372179124,0.0449978988268151,0.04268771672080112,0.03753356838032117,0.0375410566176995,0.038945348306760434,0.04105913382914457,0.042495888477376634,0.03433148335930494,0.03089398480539409,0.04142825101749412,0.03971234067965602,0.03714927145370825
CGGAGCTCAATAGCAA-1,0.03982548537211104,0.046237315490007716,0.04796756690098143,0.0506847541416064,0.035545261745499615,0.03440558489748925,0.03600093652596239,0.03626494397846453,0.036050289788259596,0.041832036539499476,0.035106750671674895,0.03566782135734888,0.03524981957788917,0.0356726955603679,0.03541644124750273,0.049165918025676304,0.03998062361073063,0.03645214424956566,0.03631782641738183,0.03669298289272473,0.03633283823589152,0.04777093789303043,0.03456955165167042,0.05699436801768362,0.04379510521097965
AACACGTCACTACAGT-1,0.03730419026899895,0.04469951410036354,0.03639473004178238,0.037727101692205625,0.04410731929758907,0.0421312127368091,0.04454228031029633,0.041300392583912,0.04285741964920607,0.035592902437374466,0.04034570392985582,0.03959274150923967,0.04314997735321267,0.04010066261193722,0.040615751243691975,0.03838935692236473,0.04033268280249298,0.03769295306565592,0.03743936666916321,0.03893748865051383,0.0362835403032685,0.04032235613020343,0.04188830066132168,0.03997870249948877,0.03827335252905229
ACACCGGTCTCCAGGG-1,0.03448573875063858,0.04578929881567144,0.035667516722597194,0.037780061895729564,0.04105360388593828,0.03992187688840344,0.04093258099107335,0.04006524489765961,0.04164103873487432,0.04652722266769374,0.03871088883505506,0.03855819363493309,0.03920421099962925,0.03817451234969993,0.038671477002001575,0.0378133968199656,0.03910301109437471,0.03841517455246691,0.037877541152935804,0.039176499452235315,0.03537778330255584,0.05023812688942553,0.04502164532126637,0.041441014975777554,0.03835233936739793
ACGGCCAAGGCATGTG-1,0.03737725262684287,0.042655944243066866,0.0369256262610381,0.03934540095385331,0.04405223005145237,0.04138172121879669,0.0435467087169168,0.04020669622312796,0.04243012065841431,0.0372180513767354,0.03869940547928716,0.03902938604378601,0.04320660773349015,0.04025137646384016,0.040416608530094746,0.03929860052921394,0.039511619400906174,0.037936957762805645,0.03806285643535558,0.038510173823614956,0.036357772449639995,0.04007046096841107,0.04356165837045509,0.04126840096120424,0.03867836271765039
ACTGCTCGTCCGTGAC-1,0.037675740002184634,0.044827408077299104,0.036264843756819265,0.038581589482303814,0.041462126812676324,0.039997545410783535,0.04297255593065299,0.0422022789012118,0.041614620157566805,0.04316989765369312,0.0402729412364141,0.040333273644741104,0.042250386123144586,0.03979576875134483,0.04103259393693445,0.03851644823297406,0.038862377258225,0.03885477523689575,0.03779601892805292,0.03997197270586293,0.03556746804038716,0.03449083243131411,0.04488790243095002,0.040868743592905835,0.03772989126466178
CAAGTTGAGTGAAGAG-1,0.036194086350341007,0.04437404228720745,0.035973021356639046,0.03974771578590574,0.040289068589737895,0.037444480781169916,0.040959992805188764,0.04179857321145949,0.040547703709752685,0.04627694211934691,0.039899423513919736,0.040098986180038834,0.040615497187539144,0.04035541614776407,0.03968619200672115,0.038459210102983483,0.03947506601755147,0.04012045008392836,0.04148502387837365,0.04259204197105419,0.03435079538318049,0.03500053851026622,0.04481735251695834,0.041319976035037724,0.038118403467934284
CAAGTTGTCATCATTC-1,0.0564416549628608,0.03733550174607414,0.03706421200413992,0.03865674408278005,0.037594988190120075,0.03560294134780041,0.03640047289713018,0.035498264462402514,0.03792337259668146,0.04058849654286204,0.03510007271744755,0.034599742458699234,0.03580924208294492,0.034882604658738915,0.03530318280307486,0.03848935593715259,0.057527483781529776,0.035954413398569356,0.03434799092177618,0.034785198854959766,0.061208688029214274,0.042648443542367326,0.042438145599226644,0.041362227125478934,0.04243655925596822
AAAGTAGAGGGTTCCC-1,0.04017432804116081,0.045451932751563985,0.03971820162379845,0.041422714431623764,0.039732950358773146,0.03704004967732377,0.03943875351363107,0.037274823556019916,0.0411077417460609,0.042887676414577657,0.03760882733501243,0.03717745741547576,0.03672863214617608,0.03704573931441217,0.03707601059164638,0.040892127404867015,0.04298486660730231,0.03868110313780754,0.0378022991965323,0.03835637582950835,0.040098712738957216,0.04261927574159548,0.037795902282763326,0.04588512171136648,0.04499837643204377
AACCGCGGTTCTGTTT-4,0.03901016489392625,0.054810079065613686,0.03755132464400595,0.040425604296418574,0.039211458318316135,0.037277218814318565,0.038235645288864854,0.03705102105863697,0.03916198821158736,0.0438031464773932,0.03690775908060893,0.036343899388537784,0.03751699075772103,0.0364879538808808,0.03659154313945892,0.039908358484563373,0.039847010182194505,0.03517884964820615,0.035899272234773544,0.037399799216080845,0.037234165435887194,0.049874670232250354,0.04738586707258742,0.04490475713680982,0.04198145304035768
GAGGTGATCTCGAGTA-1,0.04001451050239821,0.04556780517843159,0.049032348003150386,0.0504688428917524,0.03628523824430566,0.0354851307217602,0.035815434689889326,0.03613349292377317,0.03554950809283817,0.041461412350077415,0.03499750698183309,0.03482980856949858,0.03452395229142777,0.03550154226631641,0.03468928267979785,0.04987325500392919,0.03897992612448593,0.03626375710097678,0.03686468008565472,0.03684696756657018,0.03648423891102564,0.047310415586677854,0.030969296416413435,0.06286177905926862,0.043189867757747205
AAGGTTCGTAAGGGAA-1,0.03557377356866507,0.040149434735320365,0.03524597244342265,0.037451378331540434,0.03888622861546432,0.03652887497638792,0.037781532318753565,0.04254427409969346,0.03742980688767072,0.04960707414442108,0.043434509748598936,0.043228100217884924,0.04242905054094824,0.043432212886792936,0.042567580130214985,0.036616415176782005,0.036970070953993496,0.04645930301750367,0.04425033033442764,0.04625510198677788,0.03422507460476808,0.030309919839181777,0.04196808286203137,0.03925092857568303,0.037404969003071636
ACACCAACATCACGTA-1,0.03679827900700233,0.03978239590968636,0.03622005860165052,0.039100482263315056,0.03717839411680276,0.03518343810868261,0.03692228023801937,0.042179471417620025,0.03743961581097897,0.04747966639860039,0.04092156656684609,0.04143776822667175,0.03997247931312973,0.04124049502319207,0.040574448322644965,0.038614352843790674,0.037802088512024,0.043199655084356435,0.04468652049361105,0.0446762574104991,0.03410837012726851,0.04484149414292281,0.040934686444510086,0.04048475358497869,0.038220982031195415
CACACCTAGCAGACTG-1,0.035265642479647086,0.04320162773220039,0.037485189203844,0.03904656406623758,0.036710145671247356,0.035948098834366386,0.03731607418488007,0.04174910228227966,0.03711850336373947,0.04639409349428132,0.03988798790150554,0.04160871806066891,0.03969047933766414,0.04099326127593776,0.0391836470818539,0.03860877017700162,0.03595920925755069,0.04084758614387157,0.04203841732405038,0.0437651811120447,0.03320445857153031,0.04885392594155996,0.04383432924879449,0.04269165416476851,0.038597333088474316
AAACGGGAGCGATATA-1,0.043777604129375404,0.04315327184357656,0.03666497949324606,0.03819973413068994,0.0389361537459739,0.03790448228218829,0.0376935081766417,0.0359610479515661,0.03935779031085136,0.04038037204093636,0.03634760228541111,0.03540808813395783,0.03664032566338025,0.03531793266989153,0.03533841927531681,0.03903118775586418,0.058347107834698826,0.035845127748428185,0.03483960949647736,0.035646363903821636,0.06128849585587597,0.04283841220567115,0.03853821088608862,0.0415584204571889,0.04098575172288178
AAATGCCGTGCAGTAG-1,0.045824574775576936,0.04461227014072675,0.03852578894286267,0.03992614325513443,0.03859281013325105,0.037164574077307375,0.03721889076499555,0.0350818096901216,0.038901422653995044,0.0397498541668408,0.03510994276079397,0.034862164748116625,0.03570049735703628,0.03478603144548641,0.03480462546636121,0.040233994678234686,0.048663240987105436,0.03605506097635095,0.03540216042531474,0.03550606423941334,0.05946711101570576,0.04269611918956052,0.045294226715348905,0.043236596952996004,0.0425840244413631
AAAGCAAAGATAGCAT-1,0.03493625425640998,0.03931212427327462,0.035377185873861884,0.038193465777953566,0.03822677367755357,0.03795868002030364,0.03848710513454637,0.04569957376956324,0.039749267505010455,0.04880699521789729,0.04364574029827301,0.043275944881492404,0.043093724776675266,0.04360637034076673,0.04218415138758559,0.03719562228012937,0.03654690512869831,0.04277922965923327,0.04269513961519816,0.04332256987886288,0.03382914343132044,0.03373561253795107,0.041271937136002475,0.03899669230797243,0.03707379083346395
ACATGGTTCTTCCTTC-1,0.03611052513933684,0.04319277616132992,0.03626652835302117,0.03881565084751085,0.039407353034468844,0.03830210045235463,0.03978561217574261,0.041623594283034894,0.03992752619204717,0.05100775578207538,0.04368432017319418,0.04141561524146994,0.04233294264594215,0.04089612262492098,0.04153450856482706,0.03749518023547729,0.03812355454289204,0.039461662902369896,0.04074737260092542,0.04052846189153896,0.0343932190316879,0.03255163070378735,0.044708935677364524,0.04067347657018027,0.03701357417249966
AAAGATGGTGAGGCTA-1,0.03621221211587795,0.04508179454920757,0.03592168390967062,0.03800487472971364,0.03949381777251652,0.036992473753185436,0.03992837393667229,0.040116725711264956,0.03866561439669829,0.04768802056541482,0.03866497580227069,0.03907438169271122,0.04041632964750404,0.04027278761207373,0.04042259888421076,0.037820461675587294,0.03797307130020552,0.03790487071383181,0.03780651542017325,0.03967746911890829,0.03410124764413253,0.051423443452145,0.04556206064081564,0.04172275053027604,0.03905144442493199
AACGTTGGTTGCGTTA-1,0.037071994769649105,0.04229706137020342,0.03614036802167992,0.0389007211881825,0.043248662760683634,0.04020653201091574,0.041715171813185334,0.039496574585559996,0.041133361304280296,0.043607216118073056,0.039065919054730024,0.0385721458297346,0.04099128991759125,0.03988533176184594,0.03956872201017439,0.03860064859753136,0.040522416750626525,0.037500407605198904,0.03787713617362944,0.03813070185957468,0.03761225584548154,0.04732652442981073,0.042890192175999126,0.0397894148372953,0.0378492292083634
GTCAAGTCAGGACGTA-1,0.035864518059957315,0.03940450277133636,0.03571159296315408,0.037552623534130636,0.03809477899818476,0.035299813574982415,0.03830326609038085,0.04291390240114501,0.03639811530445366,0.04808633833450311,0.042361743500235,0.04224668766485999,0.039778923062081625,0.04268711924012849,0.0417547712749577,0.03672131312499888,0.036440388243527605,0.04535282206268496,0.04425468282844942,0.044198952096297386,0.03405236315619586,0.045351645126462704,0.04125951331769137,0.03934629030228605,0.03656333296691503
TACCTTAGTCATCGGC-3,0.039759910392901096,0.05592112857622962,0.03895499397338614,0.041390812073812566,0.03748609401966909,0.03571703480185467,0.0368830346587343,0.03703104039331301,0.03739006821180612,0.043438500367974454,0.0364854335383823,0.03600623651107602,0.03651517401911072,0.03635551836889742,0.036394223998159315,0.041134036132083156,0.04082393503551957,0.0359029345741405,0.03641469846149979,0.03683459543571048,0.03725380598373547,0.048551523488802276,0.049551108331092,0.04452579298716134,0.04327836566494868
ACGAGGATCGTACGGC-1,0.0411459523884904,0.04116234749234378,0.040329636510516624,0.042042786169923976,0.03824085038115983,0.03839601727263591,0.03923424252764567,0.03906472641213433,0.03927075918779478,0.041104956845897773,0.03904975423171659,0.03922678373164198,0.039206554371323366,0.039149038139585354,0.03916753436561289,0.041184117351209915,0.04033773130604869,0.038977048597960126,0.03900522448884931,0.03888431699209588,0.03941928855803469,0.04096933939262109,0.04122801319878819,0.04385267321152954,0.04035030687443924
ATAACGCAGAATCTCC-1,0.035137117296094963,0.04091024289545184,0.0359139036665683,0.03852665386906211,0.03874068621375668,0.03780299589040406,0.039805964530323854,0.04411853056028879,0.03842511390548263,0.05859132800070975,0.0408089410815177,0.042999548285051606,0.04263993293178014,0.043022888474758596,0.04070251090087598,0.03772586876382462,0.03682696360059001,0.04147137777874584,0.04290230748228003,0.043732288917549655,0.03338960185636981,0.02836618172766655,0.04141887606798183,0.03940705025663795,0.03661312504622658
AAGGAGCTCATGCTCC-1,0.039776554700624175,0.03906022978675494,0.05664279295053793,0.05199435256595788,0.036384698166942335,0.03738855074882584,0.03582734194109871,0.03606788252254653,0.03658970355082797,0.03663651945970128,0.034361254702690434,0.035143040633753925,0.03511974275011971,0.035046452082971226,0.034462489486007684,0.052493144185610754,0.03929629739000149,0.03802451804314627,0.03648609993700197,0.036143104342992116,0.036557512425715956,0.04074943935777687,0.04783626422174396,0.049789433573932874,0.04212258047271707
AGCGTCGCAGAAGCAC-1,0.04062079890707571,0.04303356956854611,0.04721679317545763,0.05691246377022458,0.03454604802392547,0.03405263739992958,0.03500031604323294,0.03490801029788832,0.0351341868692021,0.039877394135088014,0.03418753889756488,0.03496916552837435,0.03422898840490193,0.03409288702516271,0.03376903263984799,0.05382975836492636,0.03966143612241645,0.03615174661191966,0.036288615829200434,0.036639570016149155,0.03495080883934699,0.043905795622358766,0.051067021058979443,0.05393538000183455,0.04102003684644545
TCGCGTTGTCGTGGCT-2,0.04095966890538848,0.05596762105135719,0.03869588238626491,0.041450612896143456,0.037697212212907755,0.035345951225824054,0.0371259327790898,0.03678861478999495,0.038429644315828446,0.04361215792536132,0.035644744020338154,0.035666952621715015,0.03586654295432249,0.0355233430795443,0.035250714247808096,0.04090081336820613,0.041389750294586324,0.03554780512827628,0.03587789630772504,0.03631001819887513,0.03757940090923433,0.050323338854130685,0.048809839978578635,0.04476531002057745,0.0444702315279216
AACTTTCAGCCACGTC-1,0.03479915689397458,0.037248269024283756,0.035112892582446015,0.03713156292606821,0.036271481119959786,0.03385850366561441,0.03502955449036568,0.041621011515283975,0.03558957152661815,0.046315791498874145,0.040665487057377006,0.04101000625301202,0.03823572353717138,0.0409047880071965,0.03951297687790715,0.036473445878901126,0.035318069528935354,0.05225850894538598,0.05848032041044559,0.05535592100000154,0.03375947122780023,0.04184050101971105,0.03861463813485911,0.0377479086467781,0.03684443823102934
AAGACCTCATCATCCC-1,0.036860453785380075,0.04310590091410736,0.03687980827901574,0.03838138882520099,0.04333508802369877,0.04061307583265007,0.04354404704886679,0.03911576153129764,0.04151542586193103,0.044168937899008,0.039057500558122765,0.03767282133707374,0.040097643660250676,0.03824088911913184,0.038343685110513066,0.038270056437846804,0.03942139428919783,0.03845140613868868,0.03750957107044596,0.037836457945118196,0.03747548091820114,0.04727866104594309,0.042984387011381055,0.0407075751881567,0.039132582168772204
GTTACAGCAAACGTGG-1,0.040022132940488675,0.043281510141459846,0.049278663666993724,0.049246890975684424,0.03585102347295048,0.03541496390448794,0.03625243862588198,0.035807977950677396,0.03569767831909752,0.040920471436504485,0.03517767120845751,0.034980952069124736,0.03582739950564221,0.03571285625653718,0.03544776059693307,0.04911200697123725,0.040183363707558754,0.036920316316655044,0.03651109114457988,0.03700131939036028,0.03699850312289955,0.04659610280727153,0.030770496915217934,0.061654812802586494,0.045331595750712134
CGACCTTCATAGACTC-3,0.03968914302629746,0.057391344691330566,0.03926067462064568,0.040363850451167395,0.03738733707388629,0.03578292375349267,0.03714686829874776,0.03667931502217895,0.038293883468859466,0.042952644143884264,0.03613333659059493,0.03645457909302274,0.03670062394072332,0.03567687358533207,0.03598423542573182,0.0410622359053687,0.04100847654607586,0.036807345908321104,0.03557062836999622,0.03681900720212345,0.037479595296313485,0.04852797186321708,0.04880993848707592,0.04514900591956102,0.04286816131605178
AGGCCGTAGGTCGGAT-1,0.05476434497810559,0.04368228413667807,0.03769796920561156,0.04094775741392511,0.03691789533652452,0.03680169686670963,0.03654223646052964,0.035520566685784974,0.03773203101163215,0.040571767691334644,0.03510514545455517,0.03414548312253538,0.03544792782047023,0.034873051604092556,0.034485570945631386,0.0393203043222868,0.05791840443070045,0.03493063237104165,0.03493936716907976,0.0356101339081311,0.04338533130240352,0.0478553930659393,0.043704617359663564,0.0441660978497014,0.042933989486931716
ACTGATGTCAGTCAGT-1,0.0352117005105256,0.038359054699254054,0.03530944443050088,0.03819996276749613,0.0366761229244727,0.034973964538659294,0.035364609799313204,0.04210705784724013,0.035460244019845294,0.04106506327235788,0.04188029776872075,0.04226750821176189,0.03890241563070265,0.041168442764269286,0.03995060266252884,0.03793847960002854,0.03667860930553116,0.044475281215241816,0.0564643346169808,0.052466058987997805,0.0338308586192591,0.045333625522908344,0.03975145996513532,0.038449457344444854,0.03771534297482364
GGGATGAAGTAGATGT-1,0.0390452685180363,0.03905265871744662,0.0404193242529509,0.04059433993010673,0.04254438785524752,0.046901306792036704,0.04275139428304255,0.039540359435963596,0.0400268714849797,0.03929683752805951,0.03950775609631787,0.037290587130994576,0.042535402533191075,0.03971622405524076,0.03974775960114889,0.040627508739113284,0.040920633539872645,0.039434236351949814,0.03727260801316611,0.03924272544240504,0.040120462485268155,0.03801560877942208,0.03800980085023968,0.040237657778932345,0.03714827980486753
AAGGCAGCAAATTGCC-1,0.035502112113788994,0.03903069386668655,0.03427945699478073,0.037467013038574234,0.03862328930476688,0.037455405972669886,0.03836987955955752,0.04362836599590369,0.03963064745917913,0.05243815833676238,0.04346400353453707,0.04424160821090095,0.04236198215674061,0.04448024699560731,0.04251643390794803,0.03651867200339848,0.03762849218465805,0.041979836058208424,0.04445121276247063,0.044386782157977894,0.034598300392698476,0.03165435679128382,0.04020124544139119,0.037577776039777036,0.037514028719732105
CCTCAGTTCTATCGCC-1,0.04057714298779199,0.04744704883135363,0.04823567704431399,0.051743144199163205,0.03460086975151513,0.03436557639325604,0.035352384083080265,0.03518175933771752,0.03571505289961948,0.042213976170558304,0.034783096500092044,0.034731160148922864,0.03432839537558551,0.03479835100029041,0.034271045151331676,0.0502901997147527,0.039746821089917214,0.035604429072387145,0.03589672373478316,0.036737176123219216,0.03621467347860275,0.050414088308046695,0.03500595022635655,0.05559791043385645,0.046147347943486225
CGTCAGGCAGATTGCT-1,0.0437189864984597,0.041919595096608794,0.03950674312418701,0.03979514679562601,0.039488519781339444,0.03947967489851309,0.039576869817732646,0.0400070964042015,0.03878657999335314,0.04028744117581856,0.03857150794935237,0.0387411173671771,0.039509665735854425,0.0394203681593926,0.038684827831269426,0.040346221647732716,0.04515940456580864,0.039125065185997586,0.03854118565528885,0.03842530354854703,0.037950237329654656,0.040658357086071586,0.04050280654259764,0.041679776514265625,0.04011750129514981
AAACGGGTCCCTCAGT-1,0.03579424015413512,0.0406674486681525,0.035865955283746545,0.03769748592930126,0.03845162806729712,0.038164118209619485,0.04066448927015159,0.044309153044018106,0.039365726028410125,0.048689689000580565,0.041354162901686656,0.04379059182701823,0.041974166423106606,0.043574187843292776,0.04168501100798321,0.037547507042058365,0.03727157739007739,0.039998432098622895,0.041879077305133315,0.044147626357093996,0.034105224213697286,0.035579754588477765,0.041279894826637326,0.039143992691267976,0.03699885982843397
TACTTACCATTAGCCA-1,0.03745401212591104,0.038961274815322085,0.04635226135056093,0.04174064679641083,0.03893137600385284,0.043059490363187264,0.044082649021391064,0.03761148817464546,0.037651825395481564,0.03785703713697801,0.038746416052051445,0.037641069322370144,0.03893243115585715,0.038865576783367516,0.038883923428942035,0.043891484574221956,0.04179089186796137,0.03759937807285071,0.03760536401475844,0.03858893104191128,0.043502704432342845,0.03857031251456231,0.039312869164341395,0.04369301615526233,0.03867357023545799
AATCGGTAGTCTCAAC-1,0.04450348630089654,0.045651866746696856,0.037201933998653555,0.03878129609150705,0.03736717482845499,0.03613962136340568,0.03655401556783217,0.034961803833441954,0.038137504845429736,0.03982716572335671,0.035730611976001095,0.03431561047212294,0.03513008899565763,0.03466568065082477,0.034284078426197885,0.03841427235405638,0.04969101321443627,0.035983351412981986,0.03602496117786202,0.035750527144149856,0.06754461575719044,0.044018378553316195,0.044562448132843054,0.04188037033172051,0.0428781221009636
CATTATCGTCGCTTTC-1,0.03791931347949261,0.04268034596942033,0.05109866990394502,0.059986085818416496,0.03360432003657617,0.03316415758168985,0.03367961811807898,0.03490957981416918,0.034937375829265385,0.040377985204286086,0.033514618098268265,0.03366952305319577,0.03397329013482877,0.03347861348977815,0.03250213828243465,0.05620261281454896,0.039325340090746834,0.035156158717935836,0.034676951497001667,0.03533067656897223,0.03492579819762309,0.04490836116004587,0.052323560992963196,0.056018381500886304,0.04163652364543026
AAGTCTGAGGAGTAGA-1,0.03861385091170112,0.041728086662124096,0.05978536118967095,0.05273669656353638,0.03547089329818971,0.03595957720450971,0.03559692991223918,0.03592582987232414,0.03611651117543472,0.03963931532842693,0.034418072731890584,0.03472616432104862,0.03507822643506712,0.034209005347619996,0.034231296575642375,0.05301150493115497,0.037967454433897166,0.0366555619666382,0.035736450973653106,0.036310987942102836,0.03525783488940252,0.0439162449958188,0.05028896883373829,0.042252750691813265,0.04436642281235514
CAGGTGCCACCACCAG-1,0.03947758895940056,0.04407684739084646,0.04799984623946395,0.056978041991117154,0.03421671889410801,0.03436695159863435,0.03527052138647376,0.03430433934729009,0.03540884586982329,0.04196093308817755,0.033111119372643764,0.03409493155825096,0.03403649314994922,0.03362832325970386,0.03335864989830929,0.05303589521746928,0.03940279921631262,0.03548407458496753,0.03507838058565955,0.03584316951070107,0.03491022031651908,0.0468260642172751,0.05238839991934805,0.05385892526448802,0.040881919163067604
AGCCTAAGTTGTCTTT-1,0.03564290474136859,0.0434114005535303,0.03492420263060799,0.03882228613545945,0.037903926654316064,0.036677339606266623,0.03808724515832459,0.04208658882784131,0.037920288088995474,0.05809818781347908,0.0425960042046252,0.04131758685395324,0.040246553133903934,0.041311520914480544,0.04128080018967494,0.038406043132451245,0.03800299969568925,0.041682002818070454,0.043385166135139513,0.04461184959116829,0.034248571280927384,0.027492355300892238,0.04327380768201022,0.040203061837198975,0.03836730701962518
ACATCAGCAGTTCATG-2,0.036135201601183664,0.041588084635944954,0.04262819919595619,0.0424829248017524,0.03748136022178832,0.046167170940429686,0.03753074376328773,0.03733176677187615,0.0362922853538489,0.037488615954877985,0.04328499355910924,0.037502315447809416,0.043356156216678016,0.043860964532672346,0.04374009073080445,0.04250056913449281,0.037114742936517564,0.037406836988625486,0.037441725607352525,0.04368648479924881,0.03780614848354431,0.03755732241388056,0.040304018774949706,0.042147167531720056,0.03716410960164918
ATAACGCAGCGGCTTC-1,0.036651781056710235,0.044415149814870984,0.0375940554033804,0.04001699890411216,0.03717472141438762,0.034069472086323035,0.03652223345913542,0.042238624021049685,0.03582755786940712,0.03923406400911062,0.04091560839778508,0.04060267341584663,0.039889154439838675,0.04083845384666645,0.03927918270349017,0.03931488801573945,0.036960370666722905,0.04213116094434329,0.04593460607251993,0.045442614680808735,0.033928501561292436,0.04400746468032503,0.04447516897666612,0.04248099893915808,0.04005449462030944
AACTGGTCAGTAGAGC-1,0.03624658809487686,0.04163240946345696,0.03667832454325832,0.03804080943541943,0.044319429976291846,0.04096874270781187,0.04369266853447279,0.04026320523898703,0.042131350637674266,0.043831630326136364,0.038423292733982234,0.03833055354172906,0.0415753685042406,0.03884028621099696,0.03927609192188796,0.03809724487786052,0.039566622314345164,0.03819093961112161,0.0366449333039737,0.03813810935506639,0.03663027474563208,0.046944182322793584,0.04333455973003638,0.039968330473017566,0.03823405139493052
ACGCCAGCATACTACG-1,0.034976419468492136,0.042819886938890744,0.0349366889542966,0.03764595810903846,0.04326922950873009,0.03924791100289095,0.04188610443977751,0.04240293107883146,0.04225719663132313,0.04713909926954358,0.04097616129201261,0.04207204544589433,0.043004140482993114,0.041869311179065845,0.042989136786426914,0.036948264222496224,0.03856186973337988,0.03841356130210341,0.03858987868062348,0.0401024239043397,0.03472066035202352,0.03331236321994147,0.04329216716354462,0.04027735018176795,0.03828924065157242
AAACGGGTCTGGTATG-1,0.05711267024981948,0.044741651579536454,0.03931513338211634,0.04131757156211731,0.038128528726920775,0.035596149409296486,0.03651389708601202,0.036974529131079174,0.03745844456135684,0.041399620193180935,0.036938988503109706,0.03689066740346858,0.03721913237345782,0.03674498824887996,0.03677995921455097,0.041136516051099754,0.04828081141655015,0.036464528740878785,0.03655238411190629,0.037524614326436376,0.04437951682327444,0.04279936091859423,0.03391371591168158,0.043679121291090535,0.04213749878358484
AACGTTGAGGGAAACA-1,0.03639506550066553,0.040628389970510125,0.03568353954106913,0.03834378048523727,0.0398068503535697,0.037896174410491354,0.03791548632608833,0.04232724585182198,0.03938711735300158,0.05671748639674868,0.044822947073010024,0.04253008607869824,0.0401034857182191,0.04190421615663289,0.041993662115706286,0.03718442262168231,0.03892298893596924,0.04021446785002778,0.04218514306710709,0.043654450936896065,0.03429855413281829,0.029904797120631387,0.04037765921308451,0.0391784759801034,0.037623506810209636
TCGGTAATCTGGGCCA-1,0.039816924245392724,0.04758887394628236,0.04815244240310808,0.049787365720626885,0.03504581371130155,0.03419301778010465,0.03582649122801646,0.036327904730135425,0.03472249492491027,0.042363034477843314,0.03489095166392325,0.03577815433398665,0.0345433607663052,0.03576403421332258,0.03527266547233184,0.05076405047490795,0.03858604582332681,0.03633831859609482,0.03620094791508092,0.03676346866180772,0.03553728427393203,0.05052158362514423,0.026198814847368013,0.06390649143044004,0.04510946473430617
AAAGTAGGTGGTTTCA-1,0.03697627734631163,0.039027226258856504,0.03493553429222685,0.03785503369099117,0.03705507513538298,0.0363638875892203,0.03824982499139831,0.0424764295159467,0.03693697141006684,0.04332680808392845,0.04235978586871392,0.04309692838735102,0.04070102033728222,0.043401233717093556,0.04248713712886027,0.03727323491570447,0.03559643835113975,0.04427927962475473,0.049783822210029235,0.046827796382108954,0.03356368794255066,0.04415762222636563,0.03882290545354609,0.03781141371010849,0.03663462543006115
ACACCAATCTTTACAC-1,0.053019759088289,0.03751121232667477,0.03773684908403789,0.04067331079796854,0.03690434813466185,0.03586758693962416,0.03575247569395547,0.03462512719071633,0.03764389404546682,0.04123839732363765,0.035348700722606013,0.034070685413396376,0.03481503761245244,0.03473916589830481,0.03439468137139435,0.039495058137638935,0.056233270907216616,0.03547973441416143,0.03523242462207874,0.03500114753348319,0.06040969374717136,0.044773347627607006,0.04121665942924042,0.04416849004414509,0.04364894189407069
CGTAGCGTCCCAGGTG-1,0.041260958336587474,0.04585627290618337,0.0530330398285686,0.05114667529049295,0.03516224099630242,0.03420276407688503,0.03600437364916317,0.03543502236694024,0.03578000305665648,0.04184972972455754,0.033875253768099946,0.034592871428780134,0.03450238726360605,0.034732004566913735,0.03411022785009049,0.04815200608329562,0.03952594734986653,0.03561366475955257,0.03541618868143542,0.03667397391540247,0.03560980366500905,0.049207622948465944,0.05917268442120784,0.03396418987590633,0.045120093190030436
AACTCAGCATTAGCCA-1,0.033792162858164915,0.03941508981260042,0.034945820355922454,0.03779644234405258,0.036440345937105864,0.03594265601032988,0.036272658926790456,0.04133474072822289,0.03643965372025116,0.046485365479519994,0.04087658772480293,0.03984035699966765,0.03919953167293343,0.03922758086219502,0.03888508527112159,0.037228802213053115,0.03599603947207454,0.05132116669780244,0.057266070238715994,0.05334307749222447,0.03310249632269783,0.03823336527389391,0.04107968520702112,0.039310616947929644,0.03622460143090568
CCGTGGACATCCAACA-3,0.04090819561823089,0.05825753877889457,0.03889922518125309,0.04123866240431976,0.03832786845851738,0.03570929126806215,0.03719138931703798,0.03648611826807049,0.03929209522119026,0.04302235615156047,0.03570124751415619,0.03572707194496734,0.035923949347183314,0.035282137093308026,0.03530396539186518,0.04045205560153709,0.04135041900876395,0.03562165245015472,0.0356406889091019,0.0363213562120068,0.037890884464315114,0.04838487600631201,0.0486104924857432,0.04420274093060714,0.044253721972840894
AACTCAGTCCTGCTTG-1,0.03950377268724682,0.0419410428471466,0.04818000609105189,0.05870516643300211,0.03360136848687391,0.03430451773561518,0.03498905335287047,0.03483817903033429,0.03550908412365119,0.04102584220196836,0.03408540628763685,0.03434129106640918,0.03424737534142651,0.034442963266640064,0.03385747708522175,0.05465721364575008,0.03860252013230014,0.03572188112936892,0.035872476035499874,0.03631840980758381,0.03508610281315535,0.04489190184808906,0.05082751195786244,0.05352954016074863,0.040919896432546496
AACGTTGGTGTGCCTG-1,0.03594120315434915,0.039894174030410796,0.03624130536751464,0.03920807128625524,0.03621252980247283,0.03474392871523234,0.035951629591159225,0.04206732869570375,0.03648984074202895,0.03805900669147544,0.04323356675497676,0.042549525335342536,0.04126082416744244,0.041828712671407094,0.04052134933899157,0.038221352329845505,0.03790688250074917,0.044594847710642795,0.05076496755530549,0.047548076481940954,0.03396013385824288,0.042971773362537935,0.04200083011872215,0.040850332354785614,0.03697780738246467
ACAGCCGGTCCTAGCG-1,0.035934744489822194,0.0409358872867445,0.03632048431663799,0.036193717151703386,0.06121069394074836,0.040824099455244116,0.041087918602083454,0.03864051714066672,0.04194279983238978,0.04840155241957314,0.03943126743306976,0.03752814114957414,0.04128614722965667,0.03857932264805321,0.03866646695858356,0.03646615506974537,0.03889053822949685,0.03749999231260348,0.03660492098122777,0.03748718079995786,0.03644021125508127,0.042190593659322644,0.041282889033669355,0.03893886954007117,0.03721488906427302
TGAGCCGGTGGCCCTA-1,0.035194201677743474,0.042720692851791704,0.03558871347943208,0.038323096141187105,0.038046402938009004,0.036531399375347835,0.03909696211432786,0.04258382150408103,0.03839340699494523,0.048178716092361684,0.04093397059399088,0.04025768212652471,0.039908191397670066,0.04087354179451898,0.03969877591356373,0.037489118235563806,0.03775157968114164,0.03979517215201664,0.03999981763513085,0.04205237029115491,0.03341164451838148,0.05082709515098423,0.043690765051622414,0.04102853997302063,0.03762432231548807
CCGTACTGTGTGTGCC-1,0.0353147815150009,0.04274166140201521,0.03541854470903572,0.038322739091543837,0.04166608997636281,0.038436395399988596,0.0416337217147169,0.04349466447141786,0.040796458874361494,0.04563659186193771,0.040996283985706566,0.041162928578897445,0.0424673015646143,0.04161474576002194,0.041019135965863006,0.03817410129740645,0.037913761298356004,0.039248768053437105,0.03960807746376316,0.041062041083705474,0.03460416808856532,0.03598127487570464,0.04373534298119538,0.04030913688335479,0.03864128310302723
GTGCATATCTTGCATT-1,0.03705956988594293,0.037698885224690684,0.03849644558872396,0.044299104781903326,0.03908833505451026,0.04351138940037971,0.03916118817724019,0.03886872508874181,0.037173915166536634,0.03859581164617237,0.038836277009468824,0.03910952477358499,0.03908991705055344,0.04477925618976936,0.03902304182504212,0.046578170353823674,0.03869708626430064,0.03879250453789952,0.03882963481998267,0.04269785168114321,0.043121641000397615,0.03827424582548624,0.0382503626368085,0.042133173127326985,0.03783394288957053
AAACGGGTCCGAATGT-1,0.03556193093067214,0.041075656375405306,0.03471495760930541,0.03823683449795921,0.03791958086726488,0.03765046112127334,0.04005545399711174,0.04322856980529329,0.03931347973673293,0.04999864559647426,0.04445769157958794,0.04397661972819307,0.04223703692717332,0.04315145076073109,0.04234550169017913,0.037734768354060554,0.036701815933989655,0.04074795135337634,0.042198326498739704,0.045106410555235496,0.03441244819620733,0.0316439851894534,0.04145483855378316,0.03993121484941677,0.03614436929238061
GGCCGATAGTTCGCGC-1,0.036415915866672734,0.0444719221353542,0.035830704702766523,0.03839225343003946,0.04148355805112378,0.03873321452583332,0.04218409344016001,0.03918850250819223,0.04174328051482245,0.04666116656770659,0.038519986475259435,0.03740795976903146,0.04013995332911552,0.03819405881846888,0.03802232435958799,0.03899915135472913,0.039988205938173385,0.036539527853467785,0.03722645808062765,0.038266466816806864,0.035372089459174534,0.051759761648579955,0.04465892978195722,0.04172984048947296,0.038070674082875906
ACGCCAGTCCCAACGG-1,0.03714972769057047,0.04201628016448197,0.03731215274938484,0.037678723718777354,0.0445224780024906,0.04079664081547487,0.042087617880169396,0.03935285455957879,0.04334068400230623,0.04357489399110238,0.03923441548142028,0.03796459505655812,0.04091444146860068,0.038108410979703,0.03860468538919229,0.03844879304565746,0.04103042043574471,0.03759350805367472,0.03660068860225482,0.037629790333578654,0.03782627615372905,0.04715168792457957,0.04262189557849139,0.041116888525016035,0.0373214493974621
ATCATGGAGACAATAC-1,0.035775288728056534,0.04250464619534437,0.03580329966388441,0.03879056370740163,0.03759731116060324,0.03586720331937819,0.03836613709725813,0.04361330935526736,0.03874315036267852,0.05277751429710736,0.04228733953715464,0.042270112998371356,0.040342609624025125,0.042406754893645905,0.0408013311572498,0.03794073588244341,0.0361741454119726,0.041675768346916046,0.043985073961488284,0.04458494566310934,0.033564286716841946,0.029326010654782218,0.044791939999274194,0.04153519522878144,0.038475326036964054
AAAGCAAAGCCGCCTA-1,0.03615999217941168,0.03980524365170835,0.034384077026052784,0.037516328908903815,0.03784738762967993,0.03668988425942519,0.0395739146316915,0.04486500844870391,0.041390891333645326,0.042670576096328704,0.043706805326543835,0.045387292695802266,0.0439447857598422,0.04489445136819982,0.04301759044410729,0.03666593727108267,0.0355694000304011,0.04050069889685339,0.04470943574044515,0.04731846110753039,0.03287658126733135,0.03549662404418041,0.03956466094722421,0.037890809424214626,0.037553161510690075
AACGTTGCATGCCTAA-1,0.03632424817608409,0.03994206632264443,0.03568704908034128,0.03762079059188901,0.03877181508891958,0.03843515348062732,0.03901973983778815,0.04464666714552622,0.03879272689199875,0.04748166664432459,0.04407630949749382,0.043556587103388354,0.04177616494493047,0.042343880874593724,0.04244088680412543,0.03703460242171465,0.03683587493748028,0.040911497602360875,0.04271048044421641,0.044258212497068024,0.03353464271070844,0.03605537236189296,0.04039556219611918,0.03929093758970957,0.03805706475405441
ACTTGTTGTATAATGG-1,0.03732057120023835,0.040343369978409795,0.03780321871454734,0.040955736843583335,0.03645716238562844,0.03554704570430496,0.03830504956000238,0.04094242325715636,0.03633640217354623,0.04758356951807574,0.04051397334313811,0.041080764294432796,0.03930379228182225,0.0412062652274229,0.03986363399630303,0.039777257415601945,0.03710581851895874,0.042481698298630036,0.04398161089817558,0.043853383373840815,0.03402445475817459,0.04430226788043969,0.0420984621312185,0.040986918573304276,0.037825149673043804
GGGACCTGTCTCATCC-1,0.03920395942241005,0.045820692259958724,0.047143117890111066,0.049542743213132394,0.03514083607174187,0.03457754091897451,0.0355974303369316,0.03530253830815741,0.03500883494604433,0.040654100421950896,0.0339900639317766,0.034388214904436505,0.0337851294455909,0.03445742191891174,0.03395146953306897,0.04931859969615123,0.0393928298092422,0.03562841906118749,0.03564686746487362,0.0356417009260212,0.0358858380115553,0.046946137257085026,0.05289079776098323,0.055730776367335734,0.04435394012236745
CAACCAACACTCTGTC-1,0.037045337792309195,0.042039209482253766,0.04490924590336973,0.06026142938676998,0.03551599318707785,0.0344853901898275,0.03484829887191735,0.03789633182134675,0.036361086499890116,0.04625309839145925,0.036736413029249626,0.038126703039558056,0.03627210970860562,0.03754364523067531,0.03609423670547395,0.04945701921493285,0.037591405293573465,0.039011402698943834,0.03961823145892053,0.04082873771293202,0.03302657930405298,0.04869911556507921,0.031350670639785826,0.045563060248785106,0.04046524862321014
ACATGGTTCCAAGCCG-1,0.041584516704659305,0.04009717571655659,0.04836575613930128,0.04430686159196039,0.037507017745970726,0.037706724022413866,0.03752157205237199,0.037452773513894796,0.03753660083641375,0.040665825916607765,0.03815074993153295,0.037514238423600105,0.03830107612925449,0.038246780965852746,0.03749289512847171,0.044871514283244714,0.03941458489542234,0.038115570160544815,0.038874985835674614,0.038669313358465504,0.038398607795967384,0.041426858622159085,0.04393565400918217,0.042648214371567225,0.04119413184890972
TTATGCTCAGTTAACC-1,0.03610665824215266,0.04199506491753003,0.03730544962339948,0.039651747792939264,0.03748069513408704,0.03786142359847596,0.039013950892556444,0.04146972478354404,0.03755520990583503,0.04244190988826716,0.04062236731277544,0.04089211747312876,0.04090370231637283,0.04191314141244822,0.04125507281751944,0.038777355879845335,0.03791911998899781,0.04082662995166069,0.04214853090440341,0.043616005182616074,0.035284914972658926,0.040985805808808444,0.04403401273134782,0.041921382135655126,0.038018006332974516
ACACCAAGTACAGTGG-1,0.03602457697164415,0.04241318752221581,0.03561130382712117,0.037453786573979665,0.04412277359129451,0.04118360643770986,0.043513994420421025,0.04008821741645915,0.04054538438277973,0.04383213446743618,0.03961645414266455,0.03967734421218296,0.04002973220476511,0.040076934481644975,0.03941269444916142,0.03733068943305622,0.03827535133592516,0.039704150238042114,0.0380399614196591,0.040150336012534336,0.036668333220114084,0.04757374438236505,0.04167814557786768,0.03982249657275519,0.03715466670620054
TTTCCTCAGGAACTGC-1,0.03543740045654835,0.04295741089191009,0.0363346000448487,0.038794189547143934,0.038069502426966904,0.03559041050477726,0.03672506705496863,0.04190609948727024,0.03935980310506975,0.05006142416899315,0.04261804626141189,0.04048942753137665,0.040247977257826494,0.04100931390765389,0.04039174696676032,0.03772790775119773,0.0379549517441167,0.04342056514658281,0.044224735048834576,0.04432356891188166,0.03456249758764126,0.03209125907647315,0.04536859718005903,0.04183409420297666,0.038499403736709965
ACGAGCCAGACCACGA-1,0.036156617745059516,0.04133010384117112,0.03651724446835563,0.03792630336440609,0.04411283036611225,0.04120415699590945,0.04273131989823685,0.04091591057836809,0.04067096408114848,0.043845174600179664,0.03976997764431313,0.03870639986080592,0.041907740212862234,0.03995605716173496,0.038887594021649055,0.03762118940868823,0.03959635993251677,0.03879250437505334,0.03794893945206673,0.03924783392851364,0.03624267564351183,0.046597094224860906,0.04218863267417806,0.0397821134204541,0.037344262099843886
ACACCCTTCAGTTGAC-1,0.03614165226187765,0.0420847050539748,0.038273533995456306,0.03881580603580619,0.0430501278435106,0.04019338292807714,0.042474315921194564,0.04041685048539443,0.04073111232195517,0.044741134195836356,0.03816280325724208,0.03817922049335689,0.041389190429273845,0.039957629873224265,0.03933886059184319,0.038858864369494914,0.03901533937926167,0.0376390786515557,0.03716853829403923,0.03814170890629263,0.03629362279779572,0.04716814722355009,0.04366182924525211,0.0404935291713713,0.03760901627336296
TCCACACCATGGTAGG-1,0.03682088041198178,0.044987342355361636,0.03558431542033796,0.03860970013815598,0.0403008773449017,0.03763970780727235,0.04031224481711179,0.0403240315913203,0.041083021273002555,0.04830274006932988,0.038396324583575274,0.03898163372932428,0.04005264163068367,0.03959150386749278,0.03941780880686084,0.03828623409124176,0.03851760278447903,0.03698704816617626,0.03679899336656715,0.0389214419345777,0.034595345474317245,0.052694684007691485,0.04381479389372145,0.040793437120476644,0.03818564531403879
AACGTTGGTTTACTCT-1,0.035493186988706356,0.04016179776569448,0.03611822443752181,0.03841418803233454,0.03688700077826746,0.036468244811175304,0.037716533114793,0.04107813649095347,0.03749547605369348,0.04784467000425687,0.0417542142255413,0.042319224182881116,0.04039056241092638,0.04295060626569047,0.041040753721424995,0.03796679826848471,0.0382841071156091,0.042137398495810545,0.045085327357977635,0.04548480025077069,0.03447306862461549,0.04464035345236789,0.04057057740155667,0.038727512022619426,0.0364972377263268
AACTGGTCATGCTGGC-1,0.03879733223981096,0.04554660709736496,0.038993790776104514,0.04082313112232658,0.03686169984811323,0.03516671977021028,0.036759537696649906,0.039135622806435164,0.0375057576767452,0.04603778235202601,0.03787733677574584,0.0390861372734027,0.038387939093963444,0.038699854064019365,0.03766240909277485,0.040601733582734514,0.0404875524586532,0.038137319871125314,0.039424046977310466,0.03996111711601206,0.03695148057978194,0.03553265044899422,0.033218138484329515,0.044428476975906475,0.06391582581945941
AACTGGTGTCTCCCTA-1,0.034515929153518164,0.03923581000181001,0.03411995604140193,0.037720077387570654,0.03541203560624244,0.036086076061230335,0.03601835372767045,0.04371650348639295,0.03713634251217914,0.04427925180999915,0.04304975900308563,0.04506748951749181,0.041454621811153766,0.0447114526773901,0.042667808830551754,0.036490127772881624,0.03451400841511513,0.04299847229217669,0.048334569351940325,0.04996406795906071,0.03246661945748781,0.04430658401121602,0.040056460382080675,0.0394635556248875,0.03621406710546521
ACTTACTTCTTCGAGA-1,0.03778391384948825,0.04317080510339461,0.0378529322430241,0.03873206814642469,0.04528026910397446,0.04199997846383769,0.043282533511646806,0.03937057658287333,0.042129341070696914,0.03818784408269544,0.03970052468223791,0.037665348190810855,0.04086346333283003,0.03859767089163819,0.038304819399071245,0.03863412447003615,0.04249418115212717,0.03830218839175042,0.03745249000246674,0.038594089145856186,0.03793159940628324,0.04145176079135755,0.0438207907676535,0.040236980904103756,0.038159706313720725
ACCGTAATCTACTCAT-1,0.036538369026243515,0.04143696534323173,0.03640539291705686,0.03867225273870986,0.04024880999430822,0.03921506596841504,0.039727368837212416,0.043076243551946926,0.04028062476650051,0.04718644881815229,0.0422101108949077,0.04229145160945923,0.041287957769733416,0.04173088829038957,0.04235286927807496,0.037089123201367084,0.03765454324289114,0.04011205206394257,0.040938328074235586,0.04077751894547999,0.03457137646245635,0.03773587139747916,0.04145471267023361,0.03946529598173015,0.037540358155841884
ACAGCTACAGACGCCT-1,0.03732063181624251,0.04179270208168875,0.03696007966646354,0.03874593171745294,0.04449950025218241,0.04103543028060856,0.042318736018955944,0.0402536484540853,0.04362579545762281,0.03914511590907497,0.04136366024714184,0.038920070462932346,0.04064357640067908,0.03901880416939836,0.03909297240349064,0.03805686731955964,0.04090389367638521,0.039420493702879277,0.03911461221766591,0.03955093147256654,0.037340930811210454,0.03991459102030355,0.042428965202891265,0.0399048127892068,0.03862724644931137
AACTCAGGTAATTGGA-1,0.035971175100548536,0.043608713252326695,0.036561012120203754,0.038574213963679285,0.036235159531057756,0.03519499129501312,0.03758596345209885,0.04241562734003047,0.038170152034853265,0.054152543204777005,0.0418139975311067,0.04273300100896727,0.03956893160343365,0.0427835162586161,0.04109704523575454,0.03814461020725694,0.03700691561815307,0.04157119348734446,0.044254525842805495,0.04586710702462667,0.034056131738774795,0.029783619734340468,0.04354560165258863,0.040740165417682855,0.038564086343959185
AGGCCGTCAGTGGAGT-1,0.03713151738965778,0.04536086206940586,0.0362013657927135,0.03903955591697715,0.039728248352068916,0.03749308012198812,0.04097388497684723,0.039804858720770074,0.04009092571165672,0.04770785651329626,0.0382166655126284,0.03839489938088426,0.03947126745005347,0.038507702105131464,0.03889615567454733,0.03929390192010368,0.038790330956281094,0.03724909179418801,0.037023513826210344,0.038707832307265225,0.03586551844006269,0.05242055945644,0.04406212731130016,0.041253384359077376,0.038314893940444676
AGAGCTTGTGGTCCGT-1,0.03692061745970958,0.04170366913022457,0.037202927006554,0.039382956022106466,0.04384131899163584,0.04199137385423159,0.04539840319632082,0.042676724217698685,0.04398919907383489,0.040503376916488115,0.0411132607628445,0.039514997760724965,0.04161324317898796,0.040169999368509235,0.04032555039576736,0.038318439817732766,0.04013185265439182,0.03837470865285646,0.038072716832548675,0.03902531884073486,0.03644611740657483,0.03478052151542784,0.04212622159325594,0.039433007196358734,0.03694347815447966
AACTCAGGTTCCACAA-1,0.03535973813238796,0.04124953195948837,0.03554886219408088,0.0393045264621799,0.03855372936427235,0.03706535995010228,0.03797061013697254,0.04362526564718671,0.037223169617280935,0.05415733130354136,0.04208622417210146,0.04505559709838634,0.040175587429684405,0.043649979182117,0.04276793088368538,0.03904660200074354,0.0363259686939631,0.040587118117788964,0.04240374720207913,0.04362290875379791,0.0335318650869726,0.029192769935713504,0.04306807499308098,0.04115716636288916,0.037270335319503446
ACGAGCCAGATGCCAG-1,0.036372581364245635,0.04256671255486255,0.03791068960644122,0.03820351497994747,0.04274814694665338,0.041404143897316774,0.04446503764440663,0.03983190845592215,0.042384536058411415,0.03837101135696778,0.04086622348707323,0.03943589575019732,0.04186015741005422,0.03985272456898715,0.039978475317483685,0.03857699868271304,0.040055216363869786,0.03956030808754608,0.03810154763058991,0.039361880258619905,0.03605825566572626,0.03897603697754087,0.04372401847279477,0.040926153183398546,0.03840782527823025
CATATGGCACCCATGG-1,0.03895807180718103,0.044459405437781,0.03706682253782635,0.04323418145915314,0.03927368066817771,0.03854093240016336,0.03932426045919897,0.03802453700655635,0.03806825290445963,0.03926916258821051,0.03909513937959164,0.03928189679949352,0.043792142034887786,0.03921020477925603,0.039227976131757214,0.044894255649993914,0.04009360734328692,0.03801141321137903,0.03801790017710788,0.03894211854273506,0.03975776341589909,0.0388739907661628,0.04307833925735478,0.043214854867469725,0.03828909037491646
AAAGTAGTCTGCAGTA-1,0.03371347825764875,0.04049769577938729,0.035947853122940375,0.03725051222727242,0.034826095781319275,0.03414062012945985,0.037623822978452716,0.042218698009605864,0.03686245683297529,0.04806283562604781,0.04162896798610093,0.04341531223647992,0.04045636022572385,0.04207766416590411,0.040236619032634396,0.0363516318335772,0.03556771209525859,0.043169986556876226,0.051347729355186625,0.051797916319498385,0.032938811032552695,0.0425027077453036,0.040804439506133584,0.039610056621281045,0.036950016542379276
CACAGGCAGGTACTCT-1,0.04422422107507974,0.044229251530497636,0.03791326553721265,0.0385838258409162,0.03790466106441042,0.03706485219986475,0.038523127368002244,0.036163542106365,0.037724903277840095,0.040417431944680775,0.03576880118947276,0.034793812064109045,0.0360517927931727,0.03512044965475344,0.034736423106058296,0.039133428578847815,0.05305180236117491,0.03665711497372848,0.035683853670629165,0.03605368405323989,0.06229111689486237,0.042941925014768345,0.04394201290543725,0.0404627231037062,0.04056197769117012
ACCGTAACACGTCAGC-1,0.036357038652618114,0.04072075560805445,0.036663147706225294,0.03821979799877035,0.03921596232429177,0.03843472554039241,0.04204145727541545,0.04211742024046442,0.04120372133680962,0.05104353587336396,0.042464904838565555,0.04144278476138606,0.04133722019257417,0.04144308443528348,0.04262740046580913,0.037404466690958774,0.03743350663612881,0.04007200167875945,0.04149645065287297,0.04234724400370198,0.03463663408550429,0.0333968094844666,0.04046326357401816,0.03976185743128636,0.03765480851227829
TCTATTGTCTACGAGT-1,0.03541672783280283,0.04410460926864881,0.035388404820516174,0.03786281543818321,0.04173731063582115,0.038163906359740776,0.04076823399349323,0.04087192237627648,0.03975141854701908,0.04749314624866789,0.040082160745049875,0.03923293861928656,0.04120408829150242,0.040318290509844944,0.040192829532696366,0.03733909542511156,0.03779459293348223,0.03818335305449301,0.03851124149637469,0.03948953283891415,0.03488518533959726,0.05011308237301891,0.04379884452977697,0.03964661934890273,0.03764964944077865
ACTGAACAGTTCGATC-1,0.05070932124345198,0.04320499780904305,0.036784283646367766,0.0394465053393897,0.03863985872505222,0.036408181440851214,0.03734363857182106,0.03556824443156643,0.04047219357184791,0.03976431583797475,0.035559082254654595,0.03426474793210227,0.03631666787731509,0.0345705976878858,0.03421090993626198,0.038413574889722885,0.0537612233610944,0.035818491522391575,0.03406464433827781,0.03522024078382907,0.06241343032445708,0.04158568194827271,0.043993707388207695,0.040873561212177355,0.04059189792598355
ACTGTCCGTGGTAACG-1,0.054707822717091216,0.03837647780850344,0.038775972493546654,0.04222860329022418,0.03823414558067541,0.03666233456049146,0.036964946703854036,0.03579199035111513,0.03802908307263889,0.04071166363083449,0.03537311788148262,0.035204102290027794,0.03601769808405848,0.0350903749539625,0.03472270920076539,0.041585051451799374,0.058031520943549963,0.03538467301153758,0.03541202150525151,0.03584072762448267,0.043149786202427313,0.04520263324110501,0.04116348989529485,0.04434570366721029,0.042993349838069704
CATTATCCATGTCTCC-1,0.03585920391440768,0.04294985289686882,0.036433713254425765,0.039961330627595465,0.038126931618175645,0.03600563945747292,0.0377314221687477,0.041702502077371924,0.037994946400990125,0.048889733035165805,0.040812645279102444,0.04137857099737677,0.03965615678930034,0.04102154513071606,0.03977580016445548,0.03920208140241443,0.03787123412707919,0.04207715561280733,0.04405176604562713,0.044659517035896795,0.03506145554614176,0.03546254474410767,0.04313018916391178,0.0410250993670963,0.039158963142744946
CATATGGTCGGCCGAT-1,0.035902810314994496,0.043321461122635796,0.035912326404524596,0.03744319363275823,0.04105748657026954,0.03862039329050825,0.04185098600446546,0.041241151559549466,0.04015398373280415,0.045679904128739235,0.0390889799487674,0.039338399494388304,0.04156029461749981,0.03929005482433768,0.039739694118543965,0.038440557379781734,0.039366391817047944,0.03671833871440256,0.037430392383769114,0.03883632810725299,0.035327395687654556,0.05086615693323706,0.04374072493561522,0.04104159800963121,0.03803099626682117
AGTGGGAAGACTTGAA-2,0.037029279809278046,0.04628632260397985,0.036306499514417466,0.038930332445619886,0.04007174400702009,0.037771754852860794,0.04079085037582611,0.03955142611652747,0.04046608018844527,0.04810860686163299,0.03835885527994634,0.03749901477770629,0.03915891748182147,0.03811675309465038,0.03855645304688322,0.039063106586538734,0.0402186449010543,0.036824946040610665,0.03625130190286105,0.03763329230558208,0.036063144417969935,0.05198442651702031,0.04454180046324675,0.04223593638186379,0.03818051002663693
AGAGCTTGTACCGTTA-1,0.03870301104937492,0.04351025871344633,0.048835333202606135,0.059516859475146185,0.03384369482696336,0.03358733724208662,0.03466760717806532,0.03458240723336234,0.034405106513077294,0.04151155644081307,0.033559518535899516,0.03420065812469022,0.03349150753248838,0.033652262991353724,0.032750407031422964,0.05642457722370934,0.037843609892033094,0.03500611430833261,0.03461731125639995,0.03591185203577209,0.033426501595017595,0.04668972487165127,0.05218183710681262,0.05483437176256715,0.042246573856907894
GTCTTCGGTCGGCTCA-1,0.034629795290224384,0.03806446164106121,0.03506339658427189,0.0367232225475429,0.03840372524872588,0.036792276067308706,0.03864005571824471,0.04187077422111227,0.036934411973389446,0.05161310243107961,0.042715382598847794,0.04109799574444716,0.04039266054942983,0.041806231896283415,0.04054345690309468,0.035869786059205946,0.03701253583976962,0.04874576039798262,0.04440703914567591,0.049606965394438825,0.033840662120988484,0.04149645894889783,0.03988507814437585,0.0385161127028378,0.035328651830763225
ACGTCAATCAACACGT-1,0.03743023934438059,0.042708939337221176,0.03596182219494242,0.03810030106771697,0.04387042258274929,0.04146903945839376,0.04275609269919,0.039185818156408696,0.04156232054208079,0.043811739821055636,0.039118097134566515,0.03853472590767364,0.041103347116055365,0.03830111733871471,0.03875843575318857,0.03778395177369532,0.040429462906209496,0.037831130868157474,0.03753440223708325,0.03851571532622756,0.037941179276615555,0.04648873103225363,0.04201968910587075,0.039478867115144624,0.03930441190440442
ACATACGTCGCGATCG-1,0.03627097817203626,0.038791995383550944,0.05067609648892602,0.041437636746679975,0.03609294888978687,0.03750804096539686,0.03722069761703212,0.040331453063958106,0.03793629198260499,0.04232588391491867,0.04061511679444933,0.041195514951464944,0.03951369095052181,0.040959670216733184,0.04022707345608638,0.042146693018484664,0.036837475064388454,0.04020384962270476,0.04158352765337694,0.04192047852853759,0.034065302968055586,0.03987555064145691,0.039282763804993015,0.04511898444803636,0.037862284655819124
ACTTGTTAGGGCTCTC-1,0.03725378681309523,0.04047204496575976,0.03610989886391446,0.037583902145431364,0.03980613136671931,0.03902738837009039,0.04109877711499518,0.042995515543407414,0.04026678190755818,0.04612646269174807,0.04374290889542072,0.04254354747585507,0.043802829409863894,0.0428430807921281,0.043504054827671584,0.03820849833140663,0.037762603030274504,0.03928387404335635,0.04020044194119993,0.040692842096777954,0.03509980407075475,0.034233366421134184,0.04176118829631893,0.038726325245788853,0.036853945339328904
ACTGCTCAGCCCAATT-1,0.03798024686314297,0.0411563805757467,0.036319501278574584,0.03790746164868409,0.04180438911050153,0.042685600700320944,0.0438118013254969,0.04236191847283424,0.04468439082804824,0.04087545958298193,0.04086438385575883,0.039697548066621326,0.04293707158219197,0.040903255949581954,0.0415665899096275,0.03750926117651796,0.03962769532233288,0.038577869151173935,0.03743981988104029,0.03785938973678445,0.037170354878225176,0.03723700020023072,0.04238887505021062,0.03933317214870932,0.03730056270466093
AAGACCTGTTGGTGGA-1,0.03588034287366151,0.04087414370126173,0.03592086296829031,0.03810256245616608,0.03756243598032012,0.0382781278969098,0.04035095414868895,0.045206819700430716,0.03900724261420764,0.04684608871774496,0.04104264669632446,0.044930873773713076,0.042380845011658425,0.04354133219071551,0.042078191403182884,0.03786461877225487,0.037523426099734004,0.03873836167576269,0.04133959542894466,0.042506772845562604,0.03392522245245821,0.03519757924670748,0.04191484663594573,0.04096870035641225,0.03801740635294128
TACCTTACAGCTTAAC-2,0.040712360529790714,0.05613071205758335,0.03950614779058577,0.04123180691383275,0.03725692037101629,0.035815339086076876,0.03653363667816411,0.036573431224806725,0.038125271356749535,0.043041219151983424,0.03520372884722122,0.035465677361734546,0.03620076000620464,0.03511379203487824,0.0349244242405174,0.04133866786865837,0.04147667899911402,0.03642672526436296,0.035835478728408206,0.036294721657042894,0.03848634637762471,0.04957705307298776,0.04932993651907921,0.04489657646126304,0.04450258740031341
TCTGAGAAGAGACGAA-3,0.04115651214467436,0.05460109465427984,0.03914769545656024,0.0427416040802637,0.036948166128148364,0.03523410258873115,0.03760080971253881,0.03691944922862397,0.0385286957489756,0.043943162465705427,0.034507792370682064,0.035037915723314314,0.036158010346531134,0.03541469566262161,0.0351985586002305,0.04185355869773172,0.04246043150178173,0.03694632877531246,0.03595075387307618,0.036873006909872406,0.03836601230400041,0.04876825942760639,0.047898688246120764,0.04435415128653022,0.043390544066086625
AGTGGGAGTTTACTCT-1,0.05667496012072902,0.038135765562617704,0.03843676503206449,0.04069063826607143,0.03814476103054442,0.035709256874192366,0.03671695667313291,0.036156719529320897,0.03888973818932779,0.04186376671833325,0.035528108112468364,0.034757934884493615,0.03544229955161688,0.034998321025170184,0.035027321340678166,0.0407595219108921,0.059759469653029994,0.03616805539262556,0.03511416419561475,0.03539766677001401,0.04302072315045908,0.046126296883444294,0.039252186246293966,0.04379027648245111,0.04343832640441368
ACACTGAAGTGGAGAA-1,0.03783665775087937,0.043153221928521536,0.03747609832028761,0.03873824064569625,0.042582931223865535,0.03992451132994805,0.042834568763305846,0.039816423514392164,0.04224246589850107,0.03645494282599848,0.040425315408026616,0.038531235916902974,0.04050420209103659,0.03900109797899482,0.039499601825407925,0.038789781424855195,0.040126625903479575,0.039102580352926714,0.038486421133287416,0.03921229847053511,0.03714852295546882,0.04500623713880135,0.04306937487445939,0.040730752961747406,0.039305889362674255
CGCGTTTAGTCGAGTG-1,0.039363484158697976,0.04537287436832069,0.04392688811453652,0.0404144417681935,0.03888292661490719,0.03976685562844923,0.038927554948402346,0.03783889414685924,0.03789138699023724,0.041339197736815644,0.03872352724078543,0.03787738796058487,0.03888374731625453,0.038826364670110115,0.03884240385837638,0.04118136325480502,0.03937503231607826,0.03867098495871709,0.03783092591458005,0.0393829764853882,0.04053043862080119,0.041411921469055646,0.043331461428279684,0.0423404427808235,0.03906651724994067
AATCCAGCAGCCTTGG-1,0.03556308503601122,0.0397751981700915,0.035392791253859586,0.037561041265703726,0.03925737490088973,0.03838871891296673,0.04091943918081174,0.046604646510395704,0.040258539162095576,0.047549016590497685,0.04318347721258383,0.044031407091097374,0.04379682700791265,0.043215585068516485,0.04345628366814565,0.03703623067748396,0.037141124319360765,0.03986016982411863,0.04155979287949588,0.044006539630207474,0.03397283387291018,0.033388624582572836,0.03921640312133697,0.03815821873490274,0.03670663132603159
CCACCTATCCGTTGCT-1,0.043134038591919575,0.0361769448552188,0.04356205193712063,0.043839521603280196,0.03592183346925357,0.03534629526674487,0.04258504352325947,0.04496534464586442,0.0360089717912575,0.04447260364891082,0.035796847082734506,0.03596535772465552,0.04278534115057994,0.03589186873884641,0.035909415189468254,0.045400756171751676,0.04398654559874167,0.03630627020224175,0.03575609160371067,0.036178407457526325,0.03608339305163764,0.0392890991120092,0.04524742966657401,0.045209997645868215,0.04418053027082426
CTTTGCGCAAGCGTAG-1,0.038905556147472875,0.041976265050297654,0.04183069464543895,0.0413855385332011,0.03865295002875141,0.04618843499267389,0.044344373815632415,0.03716890751360233,0.03722713858891998,0.04166806750659374,0.038435892952348984,0.0372116082417091,0.03865413216543337,0.03857579543754886,0.038597476974025824,0.042658988493069025,0.03802005634605945,0.038194318529494814,0.03822299386899803,0.038995669478110256,0.03867405208252076,0.04141587595911356,0.04182061963667494,0.04317360973845855,0.03800098327385028
CGGACGTTCTATCCTA-1,0.039198594164530115,0.04264933290000966,0.049919442665596364,0.060565590990354946,0.03360862340563098,0.034041956170465494,0.034022115649373776,0.03414836354823091,0.034818503243619285,0.04107380439965242,0.03289729368347534,0.03302211756232987,0.03328244444894512,0.03343906073696876,0.032546980829854764,0.05569319156539173,0.039520754696845024,0.03430841483901327,0.034611925770210675,0.03510966698658045,0.035247072914910194,0.04608364331753733,0.053232318893683635,0.05492968920034378,0.04202909741644605
GAATGAAGTTGTGGAG-1,0.037051515508872965,0.0429341137850594,0.0369170677136823,0.03868275580082579,0.040935555806882566,0.04005258575184752,0.04279472117200298,0.041662887804572744,0.04034764150732289,0.04180333266150403,0.03967264267094382,0.039544491490596245,0.04091014320692209,0.040165220103132025,0.040008749939793926,0.03861155651482943,0.03839196208584664,0.03986648037088711,0.03918705467412988,0.04000828218258298,0.035236349026681366,0.038469527671082554,0.045258829563855865,0.04168420464838229,0.03980232833776049
TTAGGACTCCTAGTGA-1,0.03970386670345104,0.045382533895905505,0.04052836369310338,0.042576309311692435,0.03694222556820214,0.03616703218122816,0.03802971193040384,0.038097799600135644,0.03713913940111051,0.042323356491088,0.037184023304222207,0.037260827850911275,0.03690840084817981,0.03773282373405156,0.03684577953181525,0.04203277101782669,0.04188754570587119,0.039146749893684656,0.03870375925572912,0.03922735411613973,0.037844278756312466,0.04476357094559321,0.042288489347965495,0.04683406316191441,0.04444922375346223
CCTACCAAGCTCTCGG-1,0.037009376477671906,0.047574001684985996,0.03619908974732172,0.03933132642009239,0.04009532139599729,0.037634892912710924,0.040499400398563166,0.03908068135941852,0.04026799302774679,0.046958545100532934,0.03770029155288432,0.03740996096023231,0.03879251705700373,0.03780991062616915,0.03791262823435195,0.03937761930992225,0.03888287208200727,0.036130782686443035,0.03609620660461069,0.03771167303608485,0.034641542860955325,0.053862310936966605,0.046973794870218695,0.04261581192286352,0.039431448734244576
AAATGCCCAAGTCATC-1,0.0387217554155896,0.04248212991893385,0.05347151876476302,0.053913390083790376,0.03430069335385025,0.034256090472474514,0.03477153758163442,0.03404750915379115,0.035218847990395624,0.03878537752929752,0.03392676394404713,0.034103141259690384,0.034052276740872904,0.03391973800930513,0.0336416921008829,0.052848639805816694,0.038628978509416684,0.034569194051938805,0.03437590847842112,0.035404610148775974,0.03470270981427606,0.04438290926232761,0.053795706499316566,0.057822190952574674,0.04385669015781714
AGGGATGGTAACGCGA-1,0.0356242300726565,0.040332553827006616,0.03625350301373539,0.03694934267580281,0.058471555957763426,0.03911517978816105,0.04094903234777183,0.039247026208290375,0.03928776378657976,0.04847816682341403,0.03914219137356559,0.03834904959932621,0.042508996702215446,0.0396737073770093,0.03980409698006481,0.037176702376472144,0.037124353961332776,0.0375988520248787,0.03810342519323704,0.03797021074859848,0.03466605528626149,0.04746414417857299,0.04065085084485605,0.03929739218247058,0.035761616669956905
ATCACGATCTTACCGC-1,0.036281313611638485,0.04471799654184319,0.03578516522412929,0.038144868790391966,0.04179538039287792,0.0388893370273235,0.0417550760819683,0.04071009764422553,0.04079063032533269,0.03853795875011171,0.04119916642174178,0.04067019504777373,0.0424945004510288,0.041433059575559886,0.04126484908209037,0.03765922948813295,0.03989478512267084,0.039001588747845935,0.039424478104124874,0.0408844323911957,0.03518296050510014,0.03788186202352059,0.04571642454851008,0.04144109666460407,0.038443547436257636
AGCTCTCAGTGAATTG-1,0.037453514708494944,0.04263787307455125,0.03710471534923032,0.03766229014136194,0.04169539087669166,0.04123673394902299,0.041847788966036865,0.03975460995912969,0.041291287662000846,0.04405156879166589,0.0387660521846606,0.03846905764158636,0.04127698114849716,0.039212315169703256,0.03960619813052424,0.037701855645803334,0.03894578385239629,0.038313250215856035,0.03779041247872398,0.038510846701691664,0.03653710596496602,0.04697831576209563,0.043491829698636915,0.04020831174158306,0.03945591018508915
ACACCGGCATAGTAAG-1,0.035147484424538605,0.04276562523240376,0.036083149993704114,0.037509584888981734,0.04067109063072294,0.037880242748421465,0.040095879239066566,0.04314911849079618,0.03950033261416508,0.044829649584954,0.042607298341099414,0.0430500682197739,0.041865680168033416,0.04307332459316171,0.042375113187939774,0.037479427085557904,0.03715570964862068,0.041613644310410244,0.042904973845133774,0.04420568754980197,0.034254540954780734,0.03306276534941491,0.04163595826811198,0.039803496336438995,0.03728015429396601
CGATGGCGTTTAAGCC-1,0.03662749100518875,0.04054711932967819,0.036344149221055326,0.03739332759734505,0.06847110714907612,0.04055563479071785,0.043179674980684334,0.038407484232535365,0.04154607117706875,0.043091729376905544,0.037651629247199794,0.03800349622913793,0.04187094138879016,0.038898134537676564,0.0390001852212156,0.036940823451460374,0.03905304204690138,0.03669259962617576,0.03617475411334296,0.036898583137516316,0.03600909312254077,0.038262877687721596,0.042037331764414584,0.03902301121623105,0.03731970834941996
AAGTCTGGTGGCCCTA-1,0.03626948942258089,0.04268303696565785,0.03666190396323395,0.03670930565701781,0.043164822972577344,0.04236339429530027,0.04526738394944706,0.04159829470893059,0.04261098982998826,0.04253598115729667,0.04059033300437609,0.040482233619045786,0.04314422378699491,0.04013918411869199,0.04069707817382454,0.03784939203471265,0.038045071713394,0.038623785408507354,0.03875618518761668,0.039710522733364936,0.036119552704893074,0.03854166216998383,0.041267885402910084,0.03876440503086249,0.037403881988790855
ACGGGTCGTCACCCAG-1,0.04060144204098124,0.04540024137433011,0.03766517077064414,0.03892226622743684,0.04096803361106048,0.03917992055852449,0.04160140056128498,0.038576002931322205,0.04201341294591638,0.04252620502652682,0.03697607412996059,0.036722640320965116,0.03981794621870718,0.03679644400313637,0.03686914430259927,0.0388997338931258,0.042736325549314384,0.035366781838775806,0.0348758285676931,0.036179411943522165,0.04090458382724075,0.047855428885061356,0.04538362520284226,0.04242663408328637,0.04073530118574174
AGCTCTCTCTATGTGG-2,0.03947833341648632,0.05710878708872465,0.03861040843045219,0.04050313532003194,0.03794807840528252,0.03557107336402477,0.03683978279132385,0.03691943189953856,0.037957028970727606,0.043110756390824026,0.03591787446055086,0.035554837123365705,0.035985710630815085,0.03611428427612616,0.03568917897564297,0.04009992927231515,0.04064368192280915,0.03579730448895743,0.036123267634018144,0.0365786916286925,0.03791642506932071,0.05104866325002739,0.04939293159502478,0.04534091416297765,0.04374948943193977
AACTTTCCAAGGACAC-1,0.037352626888967545,0.044491078165511865,0.038092156342341595,0.038991788199940355,0.04096686964033206,0.04045299054723624,0.04163048088606855,0.04133900969782556,0.042003532181582474,0.03894303753993456,0.0392552893213694,0.041105535006054045,0.04229140681160046,0.039335356625375954,0.03942772430976631,0.039298254229603,0.03983324803721913,0.03800718760842133,0.03680199581810454,0.038209561187278175,0.03677734198136447,0.04179964740704712,0.04329163663911014,0.04146454101037644,0.038837703917568744
AACTTTCTCACGGTTA-1,0.037301864419970875,0.04313074657965977,0.0364298700012464,0.038435547325577676,0.04248584198898569,0.039436372791068756,0.04174384551447731,0.04113879748270095,0.044761871219541685,0.039692965420682305,0.039899507908259774,0.040140434846807294,0.04181394681560757,0.040925370629494695,0.04082992080266756,0.03827165389301801,0.04093031742855123,0.03925130129345875,0.03777799619940478,0.039483672362623304,0.03594678926198826,0.037652416717414934,0.04309425418394262,0.04047391826277628,0.03895077665007343
TCACAAGGTAGCGATG-1,0.03622479015406709,0.03997186205559454,0.0365597170000681,0.03842035566367276,0.03803373794657584,0.03730853909208839,0.03871431908106737,0.04150411733150945,0.036859464395793406,0.04723684968973047,0.04380165737868464,0.04076002035511673,0.0401148829066025,0.0422272971090078,0.04185905979713705,0.03809533433069296,0.038354940813029946,0.0483713195669663,0.044890477589309176,0.04174940428640401,0.03449740827461404,0.03489803990756715,0.041906359628556905,0.040001836437590144,0.03763820920855319
AGATTGCGTCTAAAGA-1,0.03819121710177763,0.04350548984663155,0.037193352879529774,0.03927997411245012,0.041299214589047,0.03870209823369755,0.04150753875578808,0.03902421505756586,0.04231720052243161,0.04516458762970644,0.038926449341894674,0.03858733141987234,0.03920363011188706,0.03792590526103847,0.03760903377454166,0.03833608366605179,0.040642926022273,0.03674959905305983,0.03749709863934789,0.039134455019696895,0.03769996193291976,0.04899101082897012,0.04301427337704362,0.04011086381559981,0.039386489007177214
GAGCAGAAGAGGTTAT-2,0.04191518146980127,0.047260515726937916,0.040158244577582644,0.04105198077478511,0.03704693857332887,0.03559993262549401,0.03632839997819189,0.035917528875215855,0.03732592187684569,0.04129546815881175,0.03613613396168325,0.036031333600095646,0.0351250275646989,0.035829707891611294,0.035354762309639215,0.041193427389866054,0.042687464124550004,0.03715595682093175,0.03789525943999659,0.038085753577459205,0.04069330225148913,0.04549661038426349,0.048282373980523874,0.044433557958337505,0.05169921610785903
ACAGCTATCGGAGGTA-1,0.03565983775410115,0.04257395242373221,0.03544110171373012,0.03808701979034773,0.03845917781292434,0.037403620291541026,0.04006705823559186,0.04277397181819099,0.038899240909250996,0.04642588951767416,0.04553765959713936,0.04198694699572532,0.04225487755655011,0.04184643939794609,0.04257848303345024,0.0371739028724719,0.036714597475638794,0.04069269888412498,0.04169992577973071,0.042689448596679294,0.03400498186149784,0.03589290854272899,0.04184102158279513,0.04079866721193395,0.038496570344502844
AACGTTGCACCAGATT-1,0.03644777080509035,0.04145873659807675,0.03587908379447684,0.03775574057946643,0.04002838937850109,0.03846843964645252,0.04124293748414315,0.044827888162386094,0.04069446900202967,0.0483828830004467,0.04139389132815782,0.04346166532030013,0.04340211979884606,0.044017429696778,0.04298248214405687,0.03718010447273143,0.03747512222122176,0.04000999524310241,0.04169255271080118,0.042559110740388185,0.03464437275196097,0.031071866164568075,0.04056462417290648,0.03869781434719943,0.03566051043591155
AAGGTTCTCGCCTGTT-1,0.03763138050042424,0.04245380482269409,0.03707356257610788,0.03811041328418821,0.043723105956836976,0.04156428532099837,0.044849662057787544,0.04099006978595123,0.04491164467754691,0.040508979782672226,0.039130912159243865,0.03889657735725538,0.04209693878322115,0.03961713063949513,0.03973525858884966,0.0379373426884469,0.04114066640865329,0.03898178204992249,0.03750713739363503,0.038761385786801814,0.036791759181934024,0.03588774317502893,0.04333467132528849,0.03962655214715737,0.03873723354985884
AGGCCACCACGAAATA-1,0.036271928031409,0.04028425981956111,0.03534094820361298,0.03604029836842555,0.06433051390578418,0.04104152236949499,0.04307203142684611,0.039281908645515895,0.04145790150007194,0.04697612431475043,0.039259167230738024,0.03810183939200076,0.04170083570503108,0.03946658011048159,0.03828724023840142,0.035757120768015564,0.03938894364275734,0.03610647432991495,0.03691034088967828,0.037660124976585184,0.03600024093003257,0.04317661817838752,0.04017783163077438,0.03790006875521853,0.03600913663651072
ACGGGTCAGGCCATAG-1,0.039816360043019444,0.04397180082983534,0.036721241256207106,0.03849814032673284,0.042611220529698686,0.03904868347558902,0.040093978251607154,0.038213433057422114,0.04141936992787981,0.04443970672416876,0.03730732796900773,0.03698995721200928,0.038551694715889526,0.036776832854607415,0.03711905985912297,0.03859345063061766,0.04333258161004061,0.03717048801673889,0.03667251241294116,0.037285447276025487,0.04207904264359457,0.04710228253223345,0.044431545910954016,0.04167885567388015,0.04007498626017657
AACTTTCCACATGACT-1,0.04095337450421342,0.04341176257439789,0.055407756145569184,0.046227648394331126,0.03535199332358662,0.034712685699858935,0.03556318363114832,0.03540563486553234,0.03600737295534203,0.040930213026857135,0.03411858703554121,0.034510219114033625,0.0344727200814839,0.03435367519930083,0.03373381337171545,0.05603846094349717,0.03929026165793642,0.03611707873692525,0.035929806787937064,0.036028439581395566,0.03613942807154656,0.04547586113542642,0.05370931154209217,0.044226235861656145,0.04188447575867504
AACGTTGGTCGTCTTC-1,0.03574806811331679,0.04077021719226148,0.035329880599486434,0.03796057744064041,0.040112485986018465,0.03706698609796836,0.03998771198687006,0.04385994095613877,0.04031276288845435,0.0447053473036372,0.04183115915732044,0.043764881768965404,0.04346160844611407,0.04396209341491202,0.043099562748722245,0.03711262952659571,0.03717448234034729,0.04119126804130072,0.043548975992703576,0.04372495451448942,0.033487381998037004,0.03540152828304254,0.04070520298302075,0.03874552644806668,0.03693476577156962
TACACGACATTCGACA-2,0.04019295913798133,0.0573584987289831,0.03893193425362842,0.04110800846258547,0.03717428327260581,0.03532377673951882,0.036910412781526965,0.037427962434410135,0.03808619948744491,0.043111832381463315,0.03589183831830772,0.03549158769675597,0.03657569778336135,0.036068936126379084,0.03582805841390559,0.040685039063800825,0.04154841409398624,0.036265595396168915,0.03629377018445726,0.037243210045591356,0.03804677391635323,0.048453758514345184,0.04837989798044282,0.04404019894019569,0.04356135584580048
ACGGGCTAGAAACCAT-1,0.04437287404864453,0.04417742305129325,0.03958623282737628,0.04043732128209545,0.03824564042753473,0.03826940532677293,0.038786808271652,0.036824835625132876,0.039769551177901985,0.041729310326632255,0.03682313479913083,0.035898055166931335,0.03741879570426811,0.03621389106864615,0.03623020599219566,0.04071271655154664,0.046834751949788714,0.03740580920529195,0.03679975529369609,0.03720909952939749,0.043056666357710466,0.043286693667891306,0.04434586988356116,0.043135190004682446,0.04242996246022537
AAGGCAGCAAACAACA-1,0.03790275733513224,0.04214986135437858,0.03732134159989424,0.0388699062672666,0.043587985394083005,0.04031247980190578,0.042968595258306756,0.039559513795336676,0.04165228521432228,0.04402618107033564,0.039152185979232604,0.03772894250611417,0.040256752398191105,0.038321363629571156,0.038407914303658294,0.03802264821930395,0.039718699312917174,0.03855200487045808,0.038280034321716956,0.03815811882871815,0.036658634159193154,0.0465427004945846,0.04338471058145987,0.04052805001139611,0.0379363332925231
CACCTTGTCATGTCTT-1,0.03825871161454579,0.04376469766705265,0.03748426362519851,0.0394576818203829,0.041807019888964785,0.04125471211509993,0.04216199313603921,0.03937617274510591,0.0414567205069979,0.04468518730050505,0.039616803481907395,0.0384692718440885,0.04185915643735016,0.03939605825981283,0.03948527504479463,0.03897395580559125,0.040445668646282094,0.03904218069601749,0.03847019916962806,0.038863599989125266,0.03662095999424685,0.034692440557150844,0.044148732611252024,0.04116169454431732,0.03904684249854264
CATGACAGTTCCGTCT-1,0.03620085814502919,0.042398342528071356,0.035114869023504774,0.03847764607768661,0.04052234116792006,0.038459118803663414,0.041203636029594114,0.04143703572361211,0.0404445059692606,0.054123695389416325,0.040954477694555326,0.04216910905003086,0.041587040581053336,0.041820821014671855,0.04117484695511469,0.03732225982900709,0.037982011374908996,0.040130971940622234,0.042006381160594526,0.04309853103075242,0.034908702604782835,0.03072439502614418,0.041321927762636976,0.03864043650473165,0.037776038612634545
ACGGGCTTCCGCATAA-1,0.036415454705064326,0.04222183497322976,0.03743722617448539,0.03886769726874503,0.041002889479381556,0.04018101928441625,0.04126065423577507,0.04061954861015643,0.040993235011876496,0.04430698875018801,0.03901532321394833,0.038883721950545236,0.04058879606585047,0.03943593470097446,0.039516912541184224,0.03896233038717694,0.03836789368490081,0.03806476192328145,0.0381482804968316,0.03805353451918407,0.036594130868259224,0.04751530978771831,0.04372385602610972,0.04146570658968601,0.03835695875103082
CGACTTCCATATGGTC-1,0.03986671613132043,0.04283694989390825,0.04743490353999702,0.057469145532295776,0.034102229461809457,0.03462713523286872,0.03528696866241456,0.035872519049035476,0.03497549303860152,0.04030774577503095,0.034779673837065525,0.035602267280149785,0.035184237175038706,0.03503480564173383,0.03469835711461574,0.05328780126834782,0.03897239911508012,0.036902507140400456,0.037317160024654544,0.03763254223940305,0.03512805785431073,0.044142749228184154,0.04814022134048543,0.05116099039206574,0.03923642403118215
CTTCTCTAGCCACGCT-2,0.039919479262360384,0.05701883494664672,0.03743650877304323,0.041348400728210416,0.0376786312125004,0.035428342751169815,0.03694486014578336,0.03646160937331631,0.038643757315337826,0.044341363672770424,0.035436003200931494,0.03533990188484785,0.03582807897987344,0.03563709479171337,0.03542332535978809,0.04064439498629066,0.04160445774880467,0.03621247505525482,0.036273786870365386,0.036975793401011176,0.0385217400366062,0.05088480189562232,0.04851201295615808,0.04460911417478484,0.04287523047680895
AATCGGTGTCTGGAGA-1,0.0371247002063015,0.04018815148180947,0.03462202908246452,0.03695705296408572,0.043345836958977604,0.04035990802253127,0.04423849059316498,0.041506222256632995,0.040109165770307244,0.049820698360841485,0.03991566008565521,0.038823834138172954,0.04326493751290691,0.03999824337738992,0.03960369833921869,0.03623038243474127,0.03974295642339224,0.03695639950604192,0.036290825939874725,0.03735780949037162,0.03666833071661388,0.05012118209401321,0.041014979475191,0.03886259567552111,0.03687590909377864
TGGCGCAAGTAGGTGC-1,0.036836917010631715,0.045200912413548386,0.03643254127102571,0.03934582420234068,0.041807376662050776,0.038717759343114784,0.0417178804413768,0.041375443115547555,0.04293067359556238,0.03662802937955993,0.04060583603194029,0.04005953826134309,0.041484948331338624,0.04031392182254017,0.04079745298896999,0.03864857763941692,0.04012563202848364,0.03839726885305414,0.03895063635685299,0.040021681762978496,0.03636314865762729,0.04015325533922484,0.044032253737815316,0.04051176311306274,0.03854072764059259
AAACCTGGTGCATCTA-1,0.036557377238261336,0.043185753693216616,0.03618384536641268,0.03822094908494021,0.03901581721275883,0.03743000844538007,0.03983298319992983,0.04335609829878935,0.03892505304623797,0.0467293592098509,0.04264511484923046,0.042671455155054154,0.0429811430736156,0.043026089791569674,0.04209409878464838,0.03743866776053449,0.03776743641414272,0.038831425758615236,0.04059096968032735,0.04244667927796055,0.03434448410711406,0.03499236054504179,0.04221954199527394,0.039990246020138946,0.038523041990954646
AACTTTCAGCCGTCGT-1,0.040208151238631105,0.040603231292348455,0.04400495924462253,0.036580274652410504,0.03901244574101304,0.03915355193662096,0.0390227374696412,0.03981507462310389,0.040034849981207134,0.04178928215486967,0.038969551206584685,0.03901755182974542,0.03901244574344549,0.03899756998047748,0.039002458048648964,0.040002326956952224,0.03953147308767872,0.03976439691816766,0.03896507818752798,0.039657208438164546,0.039044358905745855,0.04077350626046617,0.04270691547278494,0.04384711161951409,0.04048348900962721
CTACATTCACCGCTAG-2,0.04143275553967269,0.04632115611841573,0.0408858776656441,0.04224262773098778,0.03569837806899935,0.03585439328493246,0.03671481214885499,0.03657341758009373,0.035897705313070814,0.04033566032393877,0.03626327103952558,0.0357860698443699,0.03512986573335279,0.036234025883988843,0.03537728717290243,0.043120200313141045,0.04114881227734759,0.036683994596858234,0.037696531816398274,0.037391602492579605,0.03788547564804126,0.04500478947286053,0.04887090371095993,0.04580913588446177,0.05564125033860182
CATATGGAGGTACTCT-1,0.03589406208090971,0.04109554210096704,0.03489269398511312,0.03734678854806722,0.041245384001461924,0.03829958991540032,0.0398234859785779,0.043104909039192056,0.039744745101526334,0.055668294015155585,0.042931500093427166,0.04193235314386987,0.04129205176912587,0.04243986194961111,0.041327335169998446,0.03701493963824527,0.03726545021042767,0.04316466467608865,0.041544060282925205,0.043199208911096874,0.03380496994169715,0.02814559750239838,0.0423952952264696,0.03892688856425441,0.03750032815399301
CGAGCACGTGAGTATA-1,0.038748505490449,0.044304947405437764,0.049655836919498736,0.051033247004555395,0.034687503206813755,0.03486953096979235,0.03578660809603906,0.034963575699123985,0.03518029196341099,0.039918625817015566,0.03408804727154149,0.03503021344619946,0.034423537745432095,0.033994568800756554,0.03374489630793821,0.051813309084760256,0.038623808626820647,0.03622532708418697,0.03571406163401115,0.03605534190487594,0.03540648808748976,0.04500292846936349,0.05259202696216633,0.05615885451849852,0.04197791748382237
AAATGCCTCTGGAGCC-1,0.03713241893657339,0.04256614330283393,0.038055425990928246,0.03904228045049252,0.04034752642193546,0.040747693190962705,0.04151113994912968,0.04043401605690119,0.04079349164022145,0.04320686120634411,0.0396154499875179,0.03922868008862963,0.0408155629268294,0.03927923818356119,0.03897140697724332,0.03858785862758137,0.038249663222772276,0.03766147021851697,0.03773705916632666,0.03862412296034438,0.03611773267985581,0.047670364489839315,0.042241061274849924,0.041712797358301294,0.03965053469150783
TATTACCAGCTGCGAA-3,0.040147551223868747,0.058608437587252496,0.03934417006484909,0.04155369648319716,0.0370905722015646,0.03513087553198401,0.03547415112998244,0.03610764869222579,0.036909716291461135,0.044385231931787554,0.03607513191201387,0.0360989457016491,0.035424552919434825,0.035312304633998155,0.03503637152428234,0.04117715722343466,0.04119997100100902,0.03629993601026442,0.037180061045823956,0.03738070179718065,0.0374545871813763,0.04819042574821251,0.04921010887630281,0.045498461530145855,0.043709231756698594
TCTTTCCAGAAAGTGG-1,0.042056012321354044,0.04492690433573917,0.04150761462445402,0.040821470349416265,0.03626420101761346,0.03643365713796048,0.0363109884319924,0.03690791426284361,0.03682019311320572,0.04059239652985855,0.036500065769543046,0.03586351829116546,0.03626105002625003,0.036646481653586645,0.03665223012475663,0.04223656129132239,0.04062682971766858,0.03797262153800047,0.039267059756959904,0.03839561877486841,0.03945630393512377,0.042491171022148354,0.045695690516607046,0.04437362234912317,0.05491982310843835
ACTTGTTTCCCTCTTT-1,0.03635511174179105,0.040952811494878553,0.03906388180059822,0.03877853931039952,0.04247091978025566,0.04025677895503816,0.04112055687491714,0.042821259348432464,0.041356270580471234,0.04236732044034635,0.0403146851613064,0.04145103889425275,0.04131477789204808,0.039933686893457956,0.03956983482073848,0.037902798481225075,0.03861277300557302,0.03915610599281176,0.03888885992806795,0.04015532603386927,0.03689108028385157,0.038506053810586076,0.0430870957733636,0.040511807070195645,0.038160625631524045
AACTCTTCAGGGATTG-1,0.03640146592117738,0.04274305448116784,0.03573312084744361,0.0390269107555209,0.03825567387210348,0.03816023441274241,0.04068529680952407,0.04216186838797443,0.04027411208015609,0.049417557535588554,0.04006064737822092,0.04163857686496132,0.040777442052966344,0.04122028079765593,0.03997664008115998,0.03883337920173457,0.03790979924865489,0.04053984629089244,0.04155171749663794,0.04285933218222935,0.03506781721936338,0.033460771382016315,0.04384955605374561,0.040851276892771286,0.03854362175359103
TGAGCCGGTACGCACC-1,0.03742329605746805,0.043349204994597844,0.0357184580133103,0.040078310346139144,0.037202717261628306,0.03473010637639173,0.037042124282302996,0.040967478696066595,0.037150505242770776,0.04853631391795604,0.04170930866165936,0.040324241376207895,0.03896830681551907,0.040590813293388914,0.04025557885897559,0.03845365963546244,0.038921555460021594,0.04590058779584627,0.04544940292036929,0.04579867591245511,0.034242211268704525,0.031674089629440835,0.04424743761785735,0.04182295936119153,0.03944265620426837
AAGGAGCAGCCGATTT-1,0.036067422105030965,0.041282354407108805,0.03701517772234963,0.03751358181707944,0.041208426781979404,0.03939851132070106,0.04148215219431829,0.0424433669763654,0.04109275252494727,0.0496952957189612,0.04140272858929207,0.04143544910017179,0.04349539368747447,0.04150973541020873,0.04217954425543796,0.03704965538855172,0.03917654451875243,0.040244388166702415,0.03913750609943379,0.039728694336036444,0.03587560738096129,0.034225841250603274,0.04074195370388737,0.03872826786936618,0.037869648674278576
ACCTTTAGTAGGACAC-1,0.03602109855428233,0.04174475670032445,0.03675899764769633,0.040406642128894915,0.03789459436521542,0.03606570616836113,0.03855768497383111,0.04266417896863276,0.038350601358200585,0.04997755329716748,0.04162337497122272,0.043444679995262706,0.040764036769138694,0.04444451185436931,0.04275431664484223,0.03862396923507827,0.036053026952777074,0.040003179482808605,0.04224781090352814,0.0424951188029316,0.034150778303280116,0.033143404520145595,0.042530141284242706,0.04094552002703482,0.03833431609073109
AGGCCACAGATGGGTC-1,0.0569739744381039,0.03838618396583264,0.03688715101052829,0.03899469688592937,0.03731288092869038,0.036064836259599276,0.03656278286070669,0.03415765530604502,0.0385375134263851,0.04068770532498925,0.0345116809581791,0.03396041056514887,0.03472443261933389,0.033891061673173795,0.03390940456799197,0.03941213650760511,0.054311634185019136,0.036066450088059254,0.03447701134269383,0.034864504506881944,0.06484535808315381,0.044229645385906645,0.043195508208057114,0.04252538647167668,0.04050999443030884
CCTTCGAGTCTGCAAT-1,0.0449315923346331,0.0390921131506426,0.04382711181246861,0.04199211866271148,0.03717281967928231,0.03797759394387795,0.0389954133929548,0.04521028411765354,0.03817830837356471,0.039610542812970016,0.037792228948835466,0.0380766200443835,0.044267876604882406,0.0379511428072046,0.03797915716792555,0.04084176887459393,0.03878150891481052,0.038300946781113,0.037679987827800854,0.03749733535706105,0.03634054651656554,0.0402879596021814,0.04236416994295557,0.04023720294955524,0.044613649379372435
AAGACCTTCGTCGTTC-1,0.04032961103500299,0.0449335964510117,0.05090399466492694,0.046629707287048607,0.03530082086798516,0.036438258631207365,0.03575479331768932,0.03659227779957383,0.0366456523351312,0.0424753111047514,0.03584402717497562,0.035673450177985996,0.035962043821039694,0.035824658525377244,0.03551126865514396,0.02943928994308484,0.039141532407897764,0.036024221210749614,0.03671720951725144,0.03757369557717147,0.036679345967979615,0.04771551023051599,0.053244166208777574,0.0554325286142407,0.043213028473479825
CCGTACTAGTGTGGCA-1,0.03559575863978154,0.0425108030304823,0.03555888590260675,0.037598673150421674,0.042416670445098274,0.0419363521306669,0.04331240817526914,0.04265020525167611,0.04266493091653268,0.04334296403197584,0.043381066044369504,0.042717550489175526,0.0429440596564829,0.041968295135482635,0.04261887614727355,0.03685412184857184,0.03857614643469904,0.039059885516865796,0.03747416755269705,0.0394330607584921,0.03508721707276212,0.035849423946279296,0.04101708939363473,0.03836240678558611,0.037068981543116525
GGAATAATCAGCTGGC-3,0.04220803000583164,0.04634882847794037,0.0429756901058982,0.052178606854982185,0.03618957526594515,0.03462274287752513,0.035619620383365816,0.03593619775119299,0.03654144175381993,0.04314809510193646,0.03500225333844428,0.03518025336043832,0.035412348047473646,0.03462016555694191,0.03436913856798705,0.04983681908985134,0.04233425362663292,0.03688889735528582,0.03603266504825984,0.03685226427748609,0.03724458756547353,0.04887690600146238,0.04290909685077077,0.04359925004438869,0.0450722726906659
ATCTACTTCACTTATC-1,0.042664463411360265,0.04610136241604699,0.044819503890566485,0.047866278452868484,0.035921811723491286,0.035918881390948634,0.037377298062793406,0.03619876447801935,0.03689081743021309,0.041707180601738836,0.03560707137313216,0.03574850194750304,0.035357517444539556,0.03552539975116289,0.035569040973256624,0.04734919256477622,0.04219814119957606,0.036652818525128694,0.036492300546813024,0.03697800661602706,0.03792065919109981,0.04827556490987524,0.03759358222396952,0.04579633221370971,0.04746950866138369
CATCGGGTCGCGTAGC-1,0.04214129139291731,0.04725106272995157,0.04052163619021754,0.04190862624776191,0.035585653787015274,0.036345963124868555,0.035653183914194336,0.03602369407451398,0.03607627844365801,0.04053440633559199,0.0356963191798782,0.03568500347769553,0.03525350945865088,0.03524303755444025,0.03492769177453491,0.04292459137011992,0.04100961990926272,0.037703947315830176,0.037924103918343284,0.03764268027669354,0.038167247946354975,0.044920616603189564,0.0485267261252634,0.04664058228618589,0.0556925265628663
ACTTTCAAGTGGTAAT-1,0.03534552893868162,0.04011770667056849,0.03613076798708318,0.03697734962793784,0.04045950686430148,0.03905567062364728,0.04070209579251984,0.04402251515601224,0.04006534466766516,0.04656641257013667,0.04314633657115696,0.04212938067042542,0.043784633698260314,0.04322280101574795,0.04296241282637046,0.036223813641823754,0.036101643560427665,0.04105354070062062,0.042632844328014584,0.04248726311740151,0.03378295200034553,0.034374181784449384,0.042484704681826004,0.039370058158602346,0.036800534345973725
AGTTGGTCATGTAGTC-1,0.03467988718264931,0.03923910969081865,0.03533622219873478,0.03612214250220634,0.0592753437167425,0.04024872215228212,0.05599614994289811,0.0379367516543351,0.04222929763409842,0.047030679669754195,0.038410306958963567,0.03669721937879961,0.04149112797332855,0.03791334895211571,0.037513220611060806,0.03672136240379071,0.03817165203957998,0.03764059938762721,0.0361733497769132,0.037154126117423976,0.034434700440810054,0.046999959324489485,0.03930893618822073,0.037486574928002746,0.035789209174354304
AAATGCCAGGTGGGTT-2,0.037080272515899126,0.039499998828700957,0.03802327692012847,0.04053892450179728,0.04095041052368254,0.039314153405784785,0.03984749968890402,0.04080573631523417,0.03861015399904008,0.03866370570189548,0.0419402169382479,0.03907709677547304,0.04097141614828984,0.03935250775848139,0.039457459499679735,0.039653155141536924,0.03984557151943912,0.039017578487126545,0.041090943562901994,0.04323150328141773,0.036532451170442626,0.04371328211649222,0.04388152832234437,0.041140490797743505,0.03776066607931622
ACATCAGCATCGGGTC-1,0.037818195141641524,0.0436293036203518,0.03685012821037997,0.03826599018795578,0.04315231958778631,0.041531277708456,0.04354124405944338,0.04079773068614274,0.04197856317972916,0.03953521982056781,0.04037034441683831,0.038915740037617275,0.041771522138825824,0.04016635370388055,0.039891177521098595,0.037976923405013234,0.04084791068710434,0.03837008222049243,0.03817531422299067,0.03947069104887191,0.03695966146551764,0.03785163169483491,0.04369761462082598,0.04047097297093473,0.037964087642699276
GTCACAAAGATGGCGT-2,0.04200583324860465,0.04350299676181756,0.04133815230149417,0.04054539320306109,0.03782780138733212,0.0368018780492952,0.03734368746550019,0.03805371012948091,0.037419978968072656,0.039389690598692226,0.037517453111054345,0.037328139361147,0.03672938754629676,0.03825722737624888,0.03721208131857082,0.04253685359538482,0.04067745813674301,0.03843271790592253,0.03953200643233543,0.0390413870669729,0.039423050743471584,0.04075021988597356,0.0435641459412676,0.04354742682504286,0.05122132264021705
ACCAGTACAATCAGAA-1,0.035909450785337645,0.040539968447133014,0.03530459205446319,0.037437361401634395,0.03917505600799143,0.03754213277152025,0.038229362444825485,0.04312093003126179,0.040057758437858054,0.059479762655048424,0.044586929729772434,0.041775479809233865,0.04162741241377217,0.04160575967797101,0.04140766430858822,0.03746815923229158,0.037580887300981185,0.042308689910448075,0.04290118295544543,0.04240852234859718,0.03536287928636512,0.029816953912182906,0.04009565618656717,0.037756391752912816,0.03650105613779724
AATCCAGAGAGACTTA-1,0.03615962144070575,0.04274008244198636,0.03599204604964713,0.03733932628966265,0.0688572484543809,0.03966442809006516,0.042048075963679425,0.03888118852522003,0.04140930072487015,0.04312165938337082,0.03847114408059353,0.038500534281998997,0.04087914501192257,0.03938121075022944,0.03942004281455141,0.0374344423191842,0.03689852501117481,0.036712457575463736,0.036889241133116146,0.03763606083208378,0.03541987215368695,0.038331769955845474,0.04208316319888065,0.03873548680893487,0.036993926708745115
ACGGAGAAGACTTTCG-1,0.036244241646430045,0.040390211230210755,0.03591932952973487,0.03844309600839068,0.037228681730840166,0.03656158216168317,0.03777999418084309,0.0422496359048123,0.03904370336926616,0.047115536530574854,0.04121367123574781,0.04242226126123809,0.03978406193568032,0.04136223914776764,0.04069595748863011,0.03753622527299788,0.037190811428723936,0.04291349474973971,0.04388399528930008,0.044263661218298084,0.03449143093561315,0.04472678879709124,0.04104747061836975,0.03956749366475182,0.037924424663264414
ATCTGCCAGAGTCTGG-1,0.04526520867137858,0.041205236723612995,0.039876347033015826,0.0409136271672896,0.038797884941226476,0.03675514810954099,0.037973776226561756,0.03625676872059991,0.03815076894047421,0.04053496365570765,0.03549514921072694,0.0357139676453714,0.036536544564529705,0.035223820750432844,0.03563328977255704,0.0414783089971989,0.04536845368249356,0.03605639578037692,0.035167797542873906,0.03533632699302683,0.04367079345809208,0.046204371050489836,0.05429772373292125,0.045900828948568735,0.042186497680931676
CAGCCGATCGACCAGC-1,0.038900830958527484,0.04344968307918256,0.04738911782048387,0.0584864037137985,0.03401277219565272,0.03416598862405081,0.034802573668890786,0.03450450983847029,0.03529771808631289,0.04061627990247069,0.0333667265671904,0.03408693517626411,0.03343484437553649,0.0336157711589766,0.03307827256256396,0.053824494332725306,0.038958083396461465,0.03426424583469731,0.03455620564274712,0.034838768923439414,0.0349643321463406,0.04740482641293732,0.05375622682080855,0.05553357474574697,0.04269081401572393
CAAGATCAGGCGACAT-1,0.038556343200393924,0.038905627783210835,0.03979073132386614,0.04058232357338784,0.03979899700373804,0.0407791622298729,0.0410127796120654,0.03865489385013546,0.03871724655663487,0.0409148528261568,0.03962094063320441,0.03870061667950505,0.03979989463845531,0.039735835946002336,0.039753804007967,0.040079619302175996,0.04010090718211596,0.03950951704070135,0.038686168367669194,0.040204529993570964,0.04116073039256867,0.04147671609089339,0.04386599156381678,0.04081232449708019,0.038779445704811344
AGCGTATAGCACCGCT-1,0.044454512163993445,0.04470145379571535,0.04917937583560295,0.033123586114300524,0.03624188166613617,0.03601980459824659,0.035216207410684014,0.03695789885387849,0.03651445701592639,0.042132662945109416,0.035153976339965004,0.035956478843919844,0.03516104894357236,0.03575297390028864,0.03507541842762818,0.03872239431234227,0.04233448018827798,0.03706193240849625,0.037411371153102585,0.03794957716920283,0.03768173231705989,0.046333286685959124,0.052232499815857966,0.05391597918539301,0.04471500990934076
ATCCACCTCTTTAGGG-1,0.039976472631605135,0.05577448042242048,0.03833229296567191,0.04087914564330524,0.03671263990151519,0.03485423754533398,0.036272625928096845,0.03657802530492757,0.03836144067896302,0.04498101539487489,0.036481853096008335,0.03617095448374307,0.03557599956801288,0.035433728519355036,0.036008461391002035,0.04041917670064946,0.04213791948398712,0.036536209951506506,0.03660016241038225,0.0376115190591467,0.038121210997790096,0.050623917400572774,0.04882915427567642,0.04394119026293227,0.042786165982520684
CGTCCATGTGCCTGTG-1,0.03617718487547855,0.04263379745305895,0.03499004608041918,0.038325419246150634,0.038972395635780824,0.03893764158025551,0.04022808927865866,0.04229971754211086,0.04101658242257162,0.0447617383663011,0.04172012288214705,0.04268242316910726,0.04381490299861358,0.04371324422245084,0.042975347066941595,0.03773634964272356,0.03874113087890012,0.039763162368470446,0.03899480068529768,0.04118393527861014,0.03395780679105698,0.034226529031616916,0.04387047332894976,0.04071273343014272,0.037564425744185365
AGAGTGGTCAACACAC-1,0.04435357187931748,0.044754257766278255,0.03963443796370483,0.0401480160579373,0.03867652087909802,0.037564676099065865,0.03750442594300145,0.03609672824599315,0.03852678845031332,0.04201508082455346,0.03642726404200964,0.03621997692308034,0.03740297646241826,0.03615510519377421,0.03656905742568693,0.03980470755377574,0.0479966425907059,0.03741024309029139,0.03675508885322261,0.036866075259401596,0.04557556699597347,0.04393886086757704,0.044498680321290604,0.0427677983942623,0.04233745191726677
AACTCTTCAATAGAGT-1,0.03552502045995225,0.04092369557691062,0.036073596640050415,0.038688197646901096,0.03719382577366847,0.03614700288780334,0.03744754246643295,0.043407125423953224,0.0381096203370004,0.0527198139255725,0.042076706786613224,0.04380984821358412,0.041390525757940264,0.04304859399088692,0.04150925648104035,0.037651373830228194,0.038144281372849316,0.04131043472453531,0.04544306882456312,0.04554785753479906,0.03381215881919928,0.03173183772906204,0.040957016492300075,0.03969889648621695,0.0376327018179363
AACTCTTCATGAACCT-1,0.03919201070454926,0.043208662748300194,0.05710535530612263,0.0470598080558039,0.03643778756160362,0.036448211578363934,0.03619296360087368,0.035340130167432836,0.03628806668244349,0.03945700595063876,0.03457238802216903,0.034902576084061936,0.03487343554657934,0.03401901149733535,0.0340415228215914,0.0524910369895029,0.03767594601210654,0.03590504400571243,0.03559715925855464,0.034944555811041556,0.03553244835981146,0.04499660736798502,0.05111107892101356,0.048731997384344916,0.043875189562057736
AAACGGGGTCCGTCAG-1,0.03783565620825667,0.042252478444206494,0.03842505374117407,0.04043927932329608,0.04031816292978209,0.04094366019133997,0.04156494362826219,0.03850006700256448,0.04070736808426895,0.04246353745200054,0.04011235472906927,0.03847975633333697,0.03936425065045421,0.038723939589062166,0.038780814484323745,0.03943362363785512,0.039724178008349896,0.0393504871556705,0.039079128358497146,0.03965007991427506,0.03725628072323094,0.05360200284609611,0.03190328703225373,0.04105231479829138,0.04003729473408237
TCAGCAATCACTATTC-1,0.03525215596124715,0.04262504583833311,0.04190036056224905,0.04170947305700993,0.042569571049694985,0.03989061476624261,0.038713936281621605,0.035401297793901935,0.03544133159803971,0.04212272303803586,0.041873980852096884,0.03543065620387164,0.041577696022467935,0.042017245951068156,0.04207988188676609,0.04242110320030942,0.04093120619320934,0.03538927924016271,0.035395219904162216,0.04221473304693264,0.04256900383947546,0.0425720324450699,0.04209515896501519,0.04214194750400548,0.03566434479901096
ACGCCGAAGTGTACCT-1,0.03597351633024075,0.03823743302294076,0.03680944741692996,0.03768538054547299,0.03745023836358933,0.03767969282767414,0.03986953682998182,0.04484186825535475,0.037797158894752415,0.042600804178426696,0.04201179452980256,0.044953671234488415,0.043344368973217355,0.04406770840780721,0.04185741568328621,0.037102641561474026,0.03715190395507111,0.043180171641925745,0.04321038803020694,0.04272778566698103,0.0335177732597206,0.04394125101106082,0.039039110390618,0.03778956518631712,0.037159373802659094
AAGGAGCGTACAGTGG-1,0.04563036383895467,0.03841761284760775,0.03758446047821844,0.039479829916963846,0.038274588789926706,0.03779984857623796,0.037543823897426463,0.036613094267924993,0.0394383388741825,0.04154528844016041,0.03625742352976203,0.03582965296359472,0.03783774505074881,0.03647461704972818,0.036512431036426325,0.03990395406395987,0.06146132483814076,0.03636646975474766,0.035182856848423726,0.037025890189899324,0.044147695656946144,0.04307608623064058,0.04178491783908108,0.04395107433025519,0.04186061069004191
CAAGTTGAGAACTGTA-1,0.03863386501017844,0.04088781503600049,0.04507597756380422,0.04354583677886635,0.03900585151782156,0.0399302347019595,0.03905217067660585,0.03790150173667702,0.03795104754918432,0.038875438619964016,0.038841071190001214,0.037937834834330844,0.03900672345289136,0.03894734267673663,0.038963862604474854,0.04846051721091281,0.03865669611174753,0.03780248052077921,0.03781172143566711,0.0388251335247018,0.039358949051362016,0.039291430504754594,0.04080731058869606,0.04538016665336342,0.039049020448518997
AGTTGGTCAAACTGTC-1,0.03745956599395205,0.03908015696350692,0.03744941439262134,0.03826069204436987,0.04288604547396675,0.048377544441662534,0.04240759395851833,0.03752142847730947,0.037545871326791457,0.038230202588575846,0.04268915843973751,0.03753935455340106,0.04406946238083318,0.04820711432986043,0.043118210446586244,0.03826857012040065,0.03912339832312712,0.03751408820016915,0.03751771656576043,0.03916592764360857,0.04351877748592241,0.03727778030854436,0.03724560458511419,0.03818175305164622,0.03734456790401404
CAGAATCGTCTCCATC-1,0.040180030567990375,0.04498349862680365,0.038748355811223774,0.03934425844742181,0.0405338590404684,0.03778805652617316,0.03924328672861543,0.03851579724452255,0.03890282138842971,0.0435153781174715,0.037696316618393455,0.03823777830376055,0.0386636210668598,0.03844886032485441,0.03851402295528436,0.038881694020021805,0.04079946118803615,0.037943079757135796,0.03739572549733414,0.03941303759448567,0.039917846931105797,0.04584648328287037,0.03861757115037108,0.04389365856199741,0.043975500248369055
ACCCACTAGCTAGCCC-1,0.03670542345908013,0.04162009178714401,0.036242973258934934,0.03790803025524269,0.04260314604364867,0.03952427002343117,0.04288786046421576,0.04068416967054575,0.04080974329279936,0.044685023645016565,0.04027061748098979,0.03957306041394758,0.03995914732726258,0.04002248499147342,0.040122905530614685,0.03746414613673216,0.03845324908038446,0.038589370328018784,0.038670673493369015,0.0397541176031312,0.03613538066958923,0.04754652565906558,0.041690807827615736,0.03941508409839365,0.038661697459353134
CGTGTAAAGCCCAACC-1,0.03962360137618648,0.04773644949235164,0.03996814930536726,0.043354773060880335,0.03665409277639209,0.03576858399645622,0.03646542361829906,0.036055795409201216,0.03616724349018144,0.03989547296494253,0.035741465332462856,0.036088089389672985,0.03570192010792867,0.03621058716952546,0.03594261607664709,0.04239161058221155,0.04083592687027251,0.03746075452850038,0.03730343479693196,0.037350258187894385,0.03805883814859448,0.05322009143173112,0.049941208114207714,0.04854367813604091,0.043519935637119714
AAATGCCAGTGTACGG-1,0.03562678796830836,0.04222044451309416,0.035115562638540716,0.03713931105136313,0.04180445485771506,0.03951914381548898,0.040764399407380775,0.041613366709813644,0.040957542317422664,0.04914049822396117,0.042313054503792906,0.0405828608970863,0.04278301094026369,0.042316184179891574,0.04293112409916885,0.03755770274550718,0.03827168742896555,0.03935218069873201,0.039497786733688554,0.04041862326984114,0.03508842373590893,0.03588889463142565,0.04192322968880415,0.039278227238156736,0.03789549770567823
AGACGTTGTATGAAAC-1,0.03504730977871455,0.04328347935399077,0.03529900603426071,0.037743666421012165,0.040911849236004154,0.03812779738311277,0.04086945843817322,0.04447368085139956,0.041263135964717874,0.05270788586067892,0.0420310049554467,0.04237743957557675,0.041545155805678566,0.042142111853026916,0.04079471863173845,0.03728023906452913,0.037202299475015334,0.039447421054078516,0.04064844712473932,0.04172230011864634,0.03330553987379048,0.030082156059921407,0.043200609853243845,0.040723740636761624,0.037769546595741776
ACTTACTGTGCACTTA-1,0.03582368540553434,0.04119488822953034,0.03490931662792288,0.03682249911060801,0.0408113707362813,0.03871460549902287,0.040144011651608115,0.04261490139456145,0.03948461077152364,0.04924406925739283,0.042490528564356485,0.04304905222852043,0.043863278961146245,0.044805944089966895,0.04395094798215077,0.03631129925431799,0.036958866466795276,0.040288357768538674,0.041676087612258335,0.042546610903014336,0.03572904955342372,0.03147558259432557,0.04178808507132696,0.038975128034827486,0.03632722223104492
CCACGGAAGTACGTTC-1,0.03567298155927864,0.0388481592645185,0.035632060068200105,0.03787291666025954,0.03857043462340695,0.03895242146577026,0.04020591777905845,0.04441545812165393,0.040026021819082776,0.049979670780653476,0.044378530466413865,0.04398379508220203,0.0413988606744294,0.04319278966149767,0.04193786145395892,0.03733705359411484,0.03737392021596286,0.04103658345554608,0.04272997042631318,0.04333202771150982,0.034476494369043154,0.03097951224692791,0.04116659866482474,0.03922187868830896,0.03727808114706397
AAAGTAGGTACCGTTA-1,0.03663953157329211,0.041766989830579616,0.036301637677360096,0.03969085911681491,0.03750146141877944,0.03519325362137251,0.035342307124656316,0.04081068019468973,0.03669838955144495,0.04869562016369961,0.042370627385669254,0.040543499679343044,0.03887739445064863,0.04074990646194256,0.03998329388968186,0.038484064923062444,0.03708323555105484,0.04423848790977989,0.0557260640216254,0.0446578695174749,0.03394245157542761,0.035000490565982395,0.04124101950687108,0.040101984542122965,0.03835887974662397
GAATAAGGTCAATGTC-2,0.03766640762556068,0.044637517367303405,0.037619379903944705,0.03859899537060961,0.036571877856145095,0.03552774248648783,0.03678455948665123,0.039160472014759445,0.0368067657690769,0.04418826663890018,0.03853728587336648,0.039036271984569,0.03793018434158917,0.03850465267751709,0.03825187586253318,0.039622836101175236,0.03900332812363922,0.03983601161777402,0.03933847713756725,0.040507642332248586,0.036796586583404435,0.045568203226517355,0.046145014506948835,0.043437099982375625,0.049922545129335395
ACAGCCGCAACCGCCA-1,0.03907585166073063,0.042844187130816475,0.059094293570188854,0.050352201254196094,0.035150065963062964,0.03553728552539456,0.035888804696916424,0.035145569293442466,0.03539549335421005,0.038881012048969966,0.03421754069196703,0.03492514316428427,0.034849728736088124,0.034756937405571176,0.03447645005736588,0.05244230616494537,0.03799372082365579,0.03629460375064285,0.03558210695361064,0.03645077020528968,0.034739170232263084,0.04497789599541268,0.050581414840311235,0.047635642674836665,0.04271180380582713
ACATGGTTCGCCTGTT-1,0.035261905321974985,0.04116461683778685,0.035409481462266294,0.03839092130677623,0.04018447003813345,0.03890873825209024,0.04093645121427191,0.043831629758651104,0.03885403579988773,0.05042144586014642,0.04467596651237142,0.043643177999348894,0.040910865985453945,0.04186020227985111,0.04249401236538275,0.03676998699413704,0.0375089807569259,0.04074671957082101,0.04214092903405568,0.04309950604601848,0.035212711554601574,0.03207629820775689,0.040588506667183194,0.03864221236740723,0.03626622780669944
CCATGTCTCATGTGGT-1,0.0399782785188454,0.043055792317179396,0.058412673986907825,0.0517588472476775,0.03393737907244825,0.03517029874292382,0.03485451025266881,0.034824122860344676,0.034066754929694486,0.03824876645022668,0.034381434114183373,0.034367760103152484,0.03473282264340855,0.03420467391076441,0.034236765364356825,0.05345256020018948,0.0395842826719217,0.036052515333625704,0.035380796856753625,0.03566132863225957,0.03586300741268468,0.04250713488287437,0.051291852435592006,0.04971883350926312,0.044256807550053
TAGGCATGTCTAGAGG-1,0.03977745931776261,0.04302211604460056,0.04896220695357459,0.049980764598328016,0.034711485900751765,0.03483842123727757,0.03512792574291814,0.0355051539055516,0.03551488984313672,0.04001388704297465,0.034089455848672526,0.03473930027540131,0.0344029971819227,0.034271173870213424,0.033742920782679056,0.05174302516302735,0.03988181532997744,0.036736507190382066,0.035180865440494355,0.03629728304635345,0.03642732592968788,0.04519783367786553,0.051840866375122543,0.05528592610462028,0.04270839319670373
ACACTGACATACTACG-1,0.03438146829321286,0.04065914585770296,0.034641380606834464,0.03736449604565733,0.03946568456104918,0.03661365198845756,0.04086995758939152,0.04459961793950274,0.03867031065768563,0.04878763885115261,0.04126114583904249,0.04577907186402195,0.04437731938962981,0.04524512788744315,0.04337396687910829,0.03711181840682796,0.0367405306241398,0.039725368626681815,0.04232815104318869,0.043952560641433866,0.03262252365920347,0.03523534756402486,0.040767709675571105,0.039265944270016354,0.03616006123901909
GGGAGATAGCCCAACC-3,0.04124803580316002,0.056271234260285116,0.03873790481832877,0.04024356868580177,0.03790287539759309,0.036151088073759705,0.03673518464748331,0.036546324557598,0.037844494194464805,0.04372582971743026,0.03593435415534358,0.03577536415718123,0.03600884211933008,0.0355942177203649,0.03645720953090312,0.040487705614469245,0.04150165022963702,0.036871590313416566,0.036420907105627134,0.038269913503920144,0.038774015333503005,0.04851059542500776,0.04715948115163816,0.04370833982993594,0.04311927365381719
CCGGGATCATATGGTC-2,0.03882182451196865,0.04433410309409849,0.040413511575753645,0.039962291744603175,0.037156133605649136,0.03631390976092361,0.0364856031054628,0.038522390682534775,0.036591893437242326,0.0426390411570113,0.03904099043174853,0.03793796934899388,0.03689019114772809,0.03787869659454646,0.03794130661455917,0.040985707808368174,0.03896244322021492,0.03903156069163098,0.03876375709860078,0.03874700871018976,0.03744697477509621,0.04501137605930525,0.046136360484626375,0.04395250718234937,0.050032447156794134
CATCAAGGTCAACATC-1,0.04219045990440361,0.0452060966403733,0.04114438968908694,0.04038560010909605,0.03701911240361311,0.036212671025222846,0.03574386927811096,0.036741732138054164,0.036543283309218216,0.039684714436939356,0.03642194747368989,0.03610597024624046,0.03668656579782488,0.03600341017107668,0.03602270037822412,0.04218854272098005,0.04157518170770627,0.03691285948503712,0.038281474676034315,0.03746816162069057,0.03865532673923346,0.04318081177914455,0.048629763289517874,0.04479598785086643,0.05619936712961489
CTCGAGGAGACTCGGA-1,0.0397607660182893,0.04393320442590129,0.04708669558326599,0.057631887029237355,0.03459164134382806,0.034979806162425756,0.03530945415808708,0.03511367771611532,0.03543689259747198,0.040309701664063384,0.033931590986145885,0.03433083262452463,0.03399254884649786,0.03416438518462496,0.03357737150150355,0.053919819263386404,0.039228603927336625,0.03491962067612128,0.03555399260766778,0.035849357397114485,0.03530084712980426,0.045936371491799785,0.05082961772820369,0.052534920487112786,0.0417763934494708
CAGCGACAGATGTGTA-2,0.04100337422248883,0.04552733100032701,0.04180239184524033,0.04185931141943049,0.035982591123885445,0.035014619898803556,0.03538585733458445,0.03661902654832791,0.03518006954309396,0.04016918435567808,0.036571352246724365,0.035711057024719654,0.03536244599624038,0.03593136575929222,0.03563634274645665,0.042505953962385025,0.04197068140309206,0.037858238465848494,0.037785643700779484,0.03800915219100725,0.038582759675531056,0.04410896005752553,0.049215285366142156,0.04567164977199112,0.056535354340404874
ACACTGAAGCAAATCA-2,0.03660067744852358,0.042289335204882865,0.04346820995861482,0.04273281821949103,0.03801488159262317,0.04879435484261766,0.04711792809930284,0.0366255931412411,0.03668766844158356,0.04343043169800314,0.03780683689471038,0.036671112054839784,0.03801598315481047,0.03794098092161976,0.03796184339084785,0.043581113067595226,0.03739698651411604,0.03669989972611768,0.036707020697146986,0.03748579251470114,0.037999034832557343,0.042272637411486874,0.042097106793572786,0.04315318241923437,0.03844857095975968
ATTGGACGTTATCCGA-1,0.035449273250102546,0.03912971551386068,0.0352368203596107,0.038305543697417996,0.03632492761238277,0.03508962750864826,0.03740654188357882,0.04288987495668333,0.038064160528050936,0.05020417733454076,0.04229723984153312,0.04115480646116826,0.03957338725345074,0.04100351812149492,0.04026467552547217,0.037116591989607726,0.03623829969214192,0.050188478471857235,0.049108831808010914,0.04475565958198934,0.03328284049917755,0.04052391865562803,0.04027169345609037,0.03875343155644289,0.03736596444105804
AAGGAGCCAACTTGAC-1,0.03825906257876038,0.042862671861872446,0.04774837706634871,0.05791075425571699,0.03927772390684003,0.037139508909508456,0.03794974799373107,0.036569869997183424,0.03773914321186529,0.04313130261358557,0.0357591960394178,0.035711123978994036,0.03560161605203118,0.03535257539275667,0.03480747831794502,0.050770512770275195,0.03874731065676274,0.03587391562923807,0.035716765737833986,0.03657183699722997,0.03520447159285311,0.04892202342932214,0.03577013730237485,0.044854586696790905,0.041748287010762025
GCATGATAGTCGTTTG-1,0.036773964197803266,0.04369988232708762,0.03718168638386185,0.038250210566431506,0.04185113194332706,0.03882057793079997,0.04182366956492813,0.039877633917403225,0.041284575992801345,0.04572583125778565,0.03946325954831012,0.038379125085112015,0.04121500940595456,0.038974340876407845,0.03900825421583649,0.038457400136245955,0.03845538622674238,0.03791268181811815,0.03747383699732831,0.03937386493194558,0.034915226276337204,0.04846561941491612,0.04371674092264209,0.04097533631296538,0.037924753748908135
AAAGCAAAGGGTCGAT-1,0.03661501431445572,0.04256164333579644,0.03610951676518382,0.03813464596496581,0.044962995563369614,0.04255224854105054,0.0452683321826509,0.04034482008082989,0.04337793475339918,0.03823379401708251,0.03944436140262546,0.03981806143340555,0.0433961678790809,0.040420690094115676,0.04006246959209028,0.03806293046321568,0.040510094426592716,0.03802902170563898,0.037414883872650635,0.03834002540664026,0.03698634188178377,0.040216707120317816,0.04180891639664286,0.03919052769960789,0.038137855106807
AACTGGTTCGGTCTAA-1,0.03703891789368783,0.04104392138085843,0.03571480270162409,0.03809078825724052,0.03738183252282331,0.03573019489154308,0.03757887702690176,0.04177324335735449,0.03929673855794139,0.04940928325827188,0.03990190549939075,0.04155219782315708,0.03899972138133892,0.04098716260065001,0.040682432753296194,0.03749853491427327,0.0380761188240879,0.04200639661173935,0.04484544200547234,0.045590825627907075,0.03400089071390163,0.04561525099056954,0.04148498582572897,0.03879322386870042,0.036906310711539735
AGAGCTTCAAAGCAAT-1,0.03397334151846634,0.04068797001978585,0.035177607590968614,0.03894854814914284,0.03504090664842571,0.03321685199008733,0.034715891069992774,0.043341253346130024,0.0342935552938524,0.04901743936713398,0.04118369894135001,0.0427984300642168,0.039178895305966834,0.04200456179052724,0.039539343938797655,0.0370965473718541,0.036743655340375055,0.044719859552814274,0.05208240755081042,0.05255853120263998,0.03303718476633367,0.040796750781210325,0.0419170600701347,0.040598059569823694,0.03733164875915947
CGAATGTCACCACCAG-1,0.04094544511426235,0.0468295513494534,0.04755548839877395,0.04826175459813365,0.035823316401232444,0.03520708100031742,0.03574792464065187,0.03610140069015632,0.035870661487511404,0.04188905812345782,0.03541467443960563,0.03504579447547742,0.03467845644152338,0.034867185057382906,0.034594743616107614,0.048746230383703966,0.04033743519485342,0.03668253483952429,0.03649307309410715,0.03623827664801986,0.036754677845741185,0.04822336933301016,0.03518648688441853,0.05507231916026398,0.047433060782309897
ACGGGCTAGTCGAGTG-3,0.03991802173557563,0.057952572757229794,0.038210974104703394,0.04129711862738407,0.03776341876289209,0.035398167953236165,0.03753830700860324,0.03633918291099693,0.03872691018979849,0.04437207551432762,0.03517288799124874,0.03553839502734866,0.03522905413618607,0.035049595661891586,0.03538018684894487,0.04060865368453739,0.04245168789458856,0.0361431924516418,0.03564355025822731,0.03661606231009832,0.038211005908534275,0.0499666302285954,0.049019917402705275,0.044879961035321644,0.042572469595382814
ACGAGGAAGAGACTTA-1,0.03736600222271767,0.041220812232513004,0.03717725066109549,0.037740781210575766,0.04403875591869996,0.0427157916838544,0.04374957045082838,0.04084595855835276,0.042086015150777825,0.04241159777253074,0.03977561858060748,0.039982785385952437,0.041686477480426976,0.040768806179717454,0.04140924661782376,0.03791459890582304,0.03981991922818952,0.03849419355899073,0.03812632367628359,0.038206456181544154,0.03625155874500154,0.037373027939096956,0.042368931513452876,0.0392889888544184,0.03918053129072517
AACTTTCCAGCTTAAC-1,0.03695766475083445,0.04058294981281539,0.03485943917463302,0.03756810699667718,0.0385971814757396,0.03769595864361874,0.0388014792088544,0.04379621086227927,0.040189957138129305,0.0522675430384776,0.04141875101972028,0.0438217393478526,0.04265263881248604,0.04386839099396799,0.04317263810313057,0.036419478070111755,0.03701159573198256,0.040771708549585034,0.04131317875731397,0.04289928231713514,0.034103426357495956,0.03357986186953544,0.04208767741961117,0.03895920250790864,0.0366039390401036
ACCTTTACAAGCGATG-1,0.03676464593750279,0.04095117004667024,0.03521188806702854,0.03731223747102601,0.043433853246866196,0.03993907852595893,0.06393215699180602,0.039641196166831476,0.04302603322653047,0.04309049128118653,0.03841873399087166,0.03791702616615681,0.040951123698682014,0.03845561628801648,0.038585830563380184,0.036643375682482125,0.03941877294642342,0.037006765585946975,0.036393604945455744,0.03794324205743276,0.03468679969335708,0.04353596122225361,0.040946388856666203,0.0384587640878003,0.03733524325366739
AGATCTGGTTGTGGCC-1,0.041067596063207236,0.047011308332861504,0.04406341011794792,0.04551956587212864,0.03480037249275916,0.03477044491649405,0.036463807851472387,0.034985884385269006,0.03591965654565707,0.0413114211385628,0.03467076554185032,0.034794927822352884,0.03475412090771355,0.034369696976720286,0.034408357426553446,0.04584718374477945,0.03951473820760142,0.03686199699868271,0.035951345706057354,0.03665559099661846,0.035847251984035544,0.04622756091828366,0.05364826723784068,0.051022794948574916,0.049511932865975355
CAAGTTGTCTAAGCCA-1,0.05540032036337081,0.04021722242599551,0.0364741882007306,0.03883466463894344,0.03792876415997609,0.035316253474638584,0.03565526089646539,0.035346577208002036,0.03722641774839357,0.03999831670547855,0.035334014984085525,0.035597755290601905,0.035566351054389204,0.03547748203990329,0.035072866891172075,0.038755452211685484,0.054078552040525724,0.035572168815394475,0.0352720852631108,0.03608556858660853,0.06063463745704839,0.043146423218603354,0.04391247848157096,0.04246464670886016,0.040631531134445543
ACGGGTCGTTCTCATT-1,0.03806995045514803,0.04363225149880821,0.037143942989318196,0.03978858647572938,0.04435404071046072,0.04089000014820577,0.04313072137624716,0.04138635617677289,0.04182194546840029,0.03928962561528955,0.039589936603333285,0.03949659062802438,0.04035983684358037,0.03914305924593394,0.038362428652245754,0.03874948776366626,0.04021899444823465,0.03761194424090132,0.03917527004215435,0.040002107843360835,0.03642586425958922,0.03986656671174224,0.042523552354516346,0.040451858892952594,0.038515080555384336
GTGCGGTAGAAGGTTT-1,0.035869398827044915,0.037226160265448706,0.04146381825507843,0.041345128631671176,0.041252729223123785,0.04982757073884179,0.04392324867460498,0.03591490408719165,0.03596364709740438,0.03692252278796377,0.037345439072327735,0.035950648233484615,0.041701643885258995,0.04859346321923343,0.04371371633194281,0.041466793132681014,0.03690878543662123,0.035971957718461726,0.0359775769419806,0.0369374993637673,0.04627126931866754,0.040672174405924466,0.04065420246850792,0.04179029033763314,0.03633541154513363
ACGGGCTCATGCATGT-1,0.03861216807052063,0.043987915258993,0.04393108990212472,0.04060062086813956,0.03915475498405811,0.040221723858088435,0.040477026378968155,0.03790677571913731,0.03924014236592584,0.03997482357379581,0.03896203168024449,0.03795462676509472,0.03915573711044343,0.03908636581054969,0.03910578876733411,0.042434973445861744,0.03944294391269025,0.03879916178083691,0.03797044326344348,0.039491391619236704,0.03926866633910587,0.03826523300975095,0.04476135174548304,0.04171354868331104,0.03948069508686184
ACTGAACCACCCTATC-1,0.03480325661414089,0.04034922131529327,0.03467002125456732,0.03795796677090109,0.03615594402105028,0.03586062904988141,0.038353694717089555,0.040229812946414596,0.03690410892444442,0.04767333376682028,0.04143134062938798,0.04125481993383106,0.0395860532644581,0.04144503395505072,0.03982406689738559,0.03742739077778369,0.03687050942751042,0.05578007650676482,0.043992585879966475,0.05152069488630935,0.0333674910237035,0.03642252557260663,0.04143724877149426,0.039509339155979505,0.03717283393716475
AACCATGAGACTCGGA-2,0.03685666751625965,0.0417040990910383,0.04227201518228139,0.04129384729140608,0.041639189859689923,0.044629876604967686,0.04309609574859016,0.037056204336249364,0.0372926375299275,0.03815678888981471,0.038069497690996844,0.03721801075140963,0.04311753059628107,0.03826548439385603,0.04298217810839581,0.041739601634565464,0.03687346971760463,0.03798791060583573,0.038040351906167114,0.04277967370482612,0.037573655713849456,0.04146778662692039,0.04105681368667565,0.041987677328919885,0.03684293548347151
AAATGCCCACTGTGTA-1,0.034486854967267305,0.03915657666089612,0.033954739240297384,0.036723215993336694,0.03651444219359297,0.035872080922006444,0.036723857137926495,0.044222631633307356,0.03799604613575039,0.04956710324085098,0.04302978156566216,0.045182216601735964,0.04180378297912973,0.04473973068106843,0.0437439438200445,0.03580345787083946,0.03419970329271034,0.04197385108830923,0.046113033909905676,0.046835606218803436,0.03173658892752406,0.04519110929542633,0.040097487033330825,0.03817400580095782,0.03615815278931985
AAGCCGCTCTGCTTGC-1,0.03635037589386801,0.04127493366863216,0.036396408053989714,0.03779687512860864,0.03879639573965274,0.03990916123855394,0.04093300536102456,0.0431414542924233,0.040094511852464584,0.04350437677994033,0.04168540525225021,0.0418996022987447,0.04329914970759012,0.042381428616790465,0.042010040782510145,0.03818450144760861,0.03778044424047996,0.03923486128066145,0.0405001297015532,0.04264366339252353,0.03531647682503764,0.038064478294595645,0.04161282792344406,0.03981776171509172,0.03737173051196036
ACCAGTACACGTGAGA-1,0.036188636117201724,0.0414235405130497,0.034828890494521356,0.037755380221909496,0.04121876363969475,0.03998487854079218,0.04061114645727304,0.04172854186990273,0.039804477549030375,0.047854856773980575,0.042490598103741756,0.041001955249991284,0.04336000130636371,0.04287969627526133,0.043535416680877376,0.03708514615914922,0.040071238573392697,0.03962220373428523,0.04011499424869824,0.0407139003427054,0.03591876392401839,0.034250847127741325,0.04180188822223949,0.03896728962422941,0.03678694824994918
AAGGCAGCAATGCCAT-1,0.049808200245711046,0.04469147755667782,0.03859415241202467,0.04030270655419346,0.03781739395698749,0.03581091990650614,0.037895743010440276,0.03676383232183094,0.03842425083380737,0.04263322690793179,0.03673023970382043,0.03590815898883775,0.03704902757351438,0.03654749003174639,0.036595774042819794,0.041129541918287445,0.04549350787677447,0.036340962924492064,0.03704359861023156,0.036816352278779635,0.04298408561497248,0.04344980986866261,0.04575922461505723,0.04300580440084935,0.0424045178450433
AACTCAGAGCTCCTCT-1,0.03495286358490746,0.0396128724395062,0.03336681190878175,0.03599486067431752,0.035032154054396844,0.035787077330068064,0.037061405952329506,0.041737391780051133,0.03628928605340031,0.0502694759582688,0.04250493708759288,0.04294794378214743,0.03992252686645225,0.0421299403221283,0.041694425243277315,0.0365720800389485,0.03552326465369154,0.041375418235702795,0.05372324011399488,0.05664284927055685,0.032170523475889015,0.040042830086690344,0.040307982009599765,0.0384181317717862,0.03591970730551441
AACTTTCTCGGAAACG-1,0.03755709134223218,0.04499573634465229,0.03860288479428481,0.04102240864518472,0.04002940241715321,0.039308240429312,0.04352967367462095,0.042031756768768504,0.040412526372343,0.0384372286201666,0.03956623977554056,0.04004008868616842,0.039980681766037585,0.03965506041368307,0.039753814985884574,0.041005674116801276,0.03926138653375825,0.037450009055623186,0.03759004833785589,0.03877627432195883,0.03595657455488867,0.03986505332425337,0.04446936181763558,0.04202813625335329,0.03867464664783913
ACTATCTGTCCGAACC-1,0.0357270663598967,0.04233056348211919,0.04521461698356623,0.04439192924772889,0.038901482276145094,0.03652100169556667,0.03980103412333669,0.037354441982828286,0.03842507450276243,0.045980551754591634,0.03625670166494093,0.036123224239486905,0.03857559126594754,0.03685255314376261,0.0369447427791448,0.04408226527932974,0.03733794732756865,0.03623750942197822,0.03609712571659482,0.03748732374031615,0.033835346389478514,0.05051009058068303,0.047930628446741945,0.04770296180351278,0.039378225791971616
TCCCGATTCAGAGCTT-1,0.039983331758105076,0.0467232440319867,0.04787294303113217,0.054909275418935054,0.03561933035427976,0.03501719788847489,0.03608542365578852,0.035770075029828714,0.03617970240607697,0.04173463000530498,0.03470488301185225,0.03499092306831831,0.03457011558723828,0.03509625598399896,0.03413705061398286,0.04980651462463203,0.03919797745805915,0.036197568550316264,0.03540272310550531,0.036466701684498795,0.03577327329167666,0.049325923472844535,0.0343121298559735,0.053748642670176476,0.04637416344101375
ATGGGAGGTCACACGC-1,0.042795637801383644,0.04229449951361381,0.03807279649118779,0.03824653687293068,0.03959710100564907,0.03674773363631895,0.03829270291716234,0.03557007857081353,0.039511770477789865,0.04105337276051329,0.03595824011827495,0.03544183657292776,0.03630843475308273,0.034920219068853446,0.0349426389262141,0.03946870804636761,0.05639174423515048,0.03610773000978233,0.035132011880097444,0.03557131036084582,0.05888474632968512,0.04242824523112211,0.043787927372588596,0.04186303706556785,0.04061093998207672
ACCGTAAAGGCTAGAC-1,0.0422515516791041,0.041374104391861864,0.04096150072833598,0.04032868274749613,0.03899853713200284,0.038150994558263145,0.03798147289296361,0.03883890045001133,0.039090137483722205,0.042326441388793504,0.038818332483623236,0.037974756721479,0.03899519433350658,0.038929647845817095,0.0389515542233643,0.043135201096765365,0.037898496589523156,0.03870186019643234,0.03799579246083132,0.039281728989743296,0.03808004790078733,0.042602024636392,0.04526577189729767,0.03971263343565902,0.043354633736224016
CCTATTACACATAACC-1,0.04049474792593661,0.048075841572629306,0.04039045900229344,0.04086959966817423,0.0360780121264673,0.03575158246234674,0.03586648807134703,0.03614941669535015,0.036559605729053715,0.04168832394574725,0.03611022986434293,0.03588541511959667,0.03487679506766188,0.03575200410233607,0.03547475430025751,0.04144947641047743,0.04012083187995997,0.03710223417313139,0.03750864294758351,0.03777431352129967,0.03780966390486053,0.046117376400404954,0.05003135688227299,0.046272453151400265,0.05579037507506803
AAGGCAGTCGGATGGA-1,0.03601162668731466,0.046845700545940554,0.036441340582585434,0.03941276712478378,0.03843433259197942,0.03677591981492146,0.03855695758990685,0.03981844825415368,0.03932661261555039,0.04749995232774121,0.03904063140811491,0.038850927002383503,0.038722307473107676,0.038093874876970045,0.03796198482861843,0.03902046762795948,0.038292048440186834,0.038334702415928144,0.03878181447176729,0.03998846649320328,0.03424398975455703,0.05249671743936306,0.04594244589506194,0.04258939192499221,0.03851657181290866
ACACCCTAGCGATTCT-1,0.039543474422203885,0.04068636313216139,0.05426904779527814,0.04931720265206142,0.03606245043572319,0.03599531515901585,0.036684635709257105,0.036995239988055456,0.03530827783610079,0.038423518804858246,0.034839306187711284,0.03611048763585347,0.03559163013039817,0.035449448542465886,0.03460890669698741,0.051137335678117846,0.040255502150210724,0.036335294508049266,0.0360053592766982,0.036365784373242116,0.03641569201172402,0.04222420980617603,0.04861574692946148,0.05151365861208503,0.0412461115261035
CCTACCAAGAGACTAT-1,0.03553038047035897,0.03962524038540612,0.03527065067969512,0.0384679876833026,0.03761142756663759,0.035894370076851694,0.03688848445407446,0.04229248108373149,0.03846340606572812,0.03960634626920476,0.04358303805218317,0.04221854969814076,0.04002138721999453,0.04253507522116973,0.04075211716170513,0.037692764618308304,0.03659270779804263,0.045074142909054565,0.050479157859618304,0.047108380036553404,0.03388834210844534,0.04384729421936328,0.03965609366922339,0.039741782052123385,0.037158392641083046
TGCTGCTAGGAGTTGC-1,0.03703325843822349,0.04852992502480611,0.03728452321883758,0.04002686923342778,0.03836290905244577,0.036976321066149405,0.0389453952599105,0.03908518763527967,0.03986673136766619,0.04584460432624728,0.03736039138632305,0.03758237036314281,0.03855690191636306,0.03773150554092387,0.03731368071111841,0.040114437819157266,0.03918833136592134,0.03683585347113583,0.03676948995750156,0.038211718430265565,0.03540349920390201,0.053051003997856436,0.04696604790972567,0.04302423681160934,0.03993480649206031
ACCTTTAGTGCGGTAA-1,0.03461304437775214,0.03988792831862616,0.03527573925829262,0.03889779523793441,0.03767147783102846,0.03652920007845022,0.03884930419900555,0.04551968885304842,0.03904605412116751,0.047649972914109745,0.04176935004410796,0.04400028629241454,0.04152079145270403,0.04360220134874301,0.04222815401994034,0.03730526416451586,0.0362947306702069,0.04194957244561371,0.0434974424810428,0.04504197229185775,0.03414496019151419,0.0352711997546764,0.041790087492241106,0.03952065293198635,0.0381231292290198
GGCTGGTGTTAAGTAG-1,0.03935390398443152,0.044581717808599715,0.047959434717335034,0.04910506034022182,0.035046155681941075,0.03504198742070176,0.035492523367420516,0.03472310319013796,0.03503834802774353,0.04108197941940943,0.03422293901996473,0.035402296455592785,0.034288817685051584,0.034647816771456,0.03445664633310816,0.05136705216611003,0.03906839096753245,0.03652085482868048,0.03609900537149623,0.03623677233401638,0.0352992429550452,0.04637288219145036,0.051324045243864094,0.05472427877346756,0.04254474494522176
AGCGTATAGCTCAACT-1,0.045342784741038575,0.04645026979231971,0.03757557097619182,0.04191632242263147,0.03876256845443806,0.036459157261268894,0.03764368593157994,0.035434934106014566,0.03874056220104449,0.042416531214299544,0.0350599059054821,0.03461061954471076,0.03540280452964893,0.0345058807539771,0.034172631837349594,0.04083527318375863,0.046182844566302374,0.035863994557792024,0.034725195748737184,0.035833323322184564,0.04448889332724788,0.051818513962871175,0.047932679408565375,0.04556705231583693,0.04225799993470814
AACCGCGAGGGTGTTG-1,0.03579234542339941,0.04024748995677429,0.034668103739579015,0.038569056234631804,0.03769753584395418,0.03784695357390284,0.0388464505661044,0.04432099245890012,0.03862237946906091,0.054774122175024774,0.04238503184259669,0.04541676881059674,0.04354334016186186,0.04548423310677766,0.04424393250100412,0.037343500517224994,0.036290619201029224,0.03907271325559804,0.03935640688321434,0.04208711121285373,0.03442102641789637,0.029662559737052546,0.042502141083663555,0.03992130148466346,0.03688388434263508
GGAAAGCAGAGGACGG-1,0.03584230768374036,0.04300989250114984,0.0364924667319465,0.0387955114997153,0.04019638765813849,0.03759674988106744,0.0406381680052952,0.042234262603927264,0.04239683427768459,0.03687729284249928,0.04000523474531965,0.04146746203683908,0.04283242772470222,0.04272356364544307,0.04171071194237667,0.03855195410784085,0.03880345039928262,0.03835071935011334,0.0398438551123397,0.04151670990645101,0.03470279540738079,0.04352266150455175,0.04353887185161432,0.04083501028427892,0.03751469829630194
ACGCCAGTCTGGTATG-1,0.03520379548515288,0.04000478846304588,0.035973465731958365,0.036661272371362214,0.060323633539812065,0.04146563829093739,0.054415300658150235,0.038461081187845976,0.040040042223934494,0.04097271495507922,0.03838468018141934,0.0381343887424999,0.04066871231476112,0.03788666249808142,0.03842532501644287,0.036492222673941734,0.03849340152468859,0.036828958243446376,0.035715934278261245,0.036904627744611215,0.03577791805191443,0.04582656375445023,0.04036875701694098,0.03869116457569766,0.0378789504755642
AAAGATGAGATAGGAG-1,0.03523771791771288,0.039910114273834486,0.034477968888262836,0.03780590916819222,0.03679847345656851,0.03704880706284609,0.03788767574739861,0.045383351206885574,0.037668624780640314,0.05022817718708983,0.04335446635369008,0.044913566157253004,0.04161595150391707,0.0435732501857358,0.042265503463863464,0.037114429397263796,0.036720768928441706,0.04274215588205011,0.04558002630954638,0.04550425814263223,0.03401015799701695,0.03257762618988738,0.04105216872405271,0.039718195088186185,0.03681065598703165
CAGAATCGTGACCAAG-1,0.03800102962621904,0.04475894400765453,0.04745336251824371,0.04913532649465967,0.035553455331970164,0.035080923096967455,0.03568770215383338,0.03522558089239358,0.035798853790655276,0.041065647269728625,0.0348111046037013,0.03506927096906325,0.034982956380905934,0.0343272036184339,0.03432642190352734,0.051394013490328204,0.03871654661790789,0.03634138153518218,0.035141675861926035,0.035929140800304134,0.03547303155085969,0.04611401002635513,0.05206485741151569,0.05563368476336291,0.041913875284300975
GGAGCAAAGTTGTAGA-1,0.03851322662519709,0.040908175282281564,0.060021562603866895,0.05085780073765261,0.03444991343020119,0.035279127660606605,0.03646208984624542,0.03489184780677202,0.03503825917547095,0.037719708293236,0.03416469087165331,0.034869361301656826,0.03485613513073156,0.034702961543228966,0.034393639964923374,0.05157753702752428,0.03823863496991272,0.035941911012341635,0.03506725951135729,0.03648079269134513,0.036282493017718104,0.04270141718571311,0.049670794824417636,0.05435492828344931,0.04255573120249622
GTATTCTAGGAGCGAG-1,0.03622887228995759,0.04105559971595246,0.0407827655050067,0.04100485584849503,0.043605687825812284,0.044641159691171384,0.04246858063359176,0.03638031628797931,0.036418599526097634,0.04106196919029441,0.041189690459824915,0.03640839123066917,0.04194400151633652,0.04226784720912174,0.04104667515819258,0.04080568501509152,0.04184079748390087,0.03636882268544771,0.036374503904607204,0.040574826482780796,0.04261583641193823,0.036887672282479585,0.04076289590091891,0.04122332248474628,0.03604062525958542
ACGGCCAAGTCCCACG-1,0.035955679563853434,0.039892418574709224,0.03675872032835791,0.03902344820660338,0.038298777282351724,0.03723281910370662,0.03761033904142001,0.04427803380553483,0.03871590303315474,0.05168503918082652,0.042307907044075686,0.04353063238881663,0.041719438593515394,0.04370664142552636,0.0419044835922253,0.03792520798294936,0.03792929886844992,0.03975686234268199,0.04184700305023064,0.04260995181077019,0.03506686957176487,0.03509556471211145,0.04117573798728585,0.03932506344129126,0.03664815906778664
ACTGCTCAGTGACATA-1,0.035057213150742214,0.0405010691190003,0.03538922741878295,0.03707969489259218,0.03999433515361111,0.038583884491497064,0.04111812888170388,0.0424502458499506,0.03931263969560758,0.05509978086631851,0.04470948427828132,0.04234943080949291,0.04131662802804279,0.042072070929306905,0.041450115272134824,0.03706830803101829,0.037711521375009924,0.04173752781916806,0.04157351146340075,0.0425104717992685,0.03467819970752092,0.030657197600627902,0.04181955388697463,0.03894244992488651,0.03681730955505942
GTCTCGTCACGGACAA-2,0.04037021655063675,0.04717542162188329,0.040869326048693116,0.04088290959090767,0.03690694904526471,0.036343229333680976,0.03705109321292072,0.03597996350078428,0.03582520414244099,0.04097384122452939,0.035940294530934745,0.03519135456067677,0.035687122025422145,0.03534117524122083,0.03533997811494282,0.04247491807384343,0.04110232488266495,0.03747159704578608,0.03739333999047578,0.03733660418809031,0.039023084163001064,0.04437747331835654,0.04915892626494946,0.046335631318909554,0.055448022008983404
CAAGGCCGTTAAGGGC-1,0.04097110927177062,0.04250716392636183,0.03518586455279275,0.03760413337428066,0.0385842972947416,0.036639704437592506,0.03841108351172139,0.040617849627959716,0.03916519584639333,0.048577123901664646,0.04071822678891304,0.0409584505754385,0.03945122229384686,0.04068542237987039,0.03955235119455268,0.036894837982128004,0.041956352827674764,0.04135962779759634,0.04277680082887546,0.04362175069606371,0.03929563765570182,0.030406581811742307,0.04356949830573996,0.04092921124111221,0.03956050187546486
GACCTGGTCTCCGGTT-1,0.035533553225814946,0.03976656506710039,0.037220969007999136,0.03843502531794409,0.03755828249511746,0.03518864180966445,0.03728844423119167,0.04169741819515851,0.0374825378351292,0.035660479105269205,0.042938468340308074,0.04211290819548359,0.040433142013840406,0.04192345941094451,0.04157877534237532,0.037889287491266924,0.038109782431328176,0.05245058717636349,0.04486960765326826,0.04503997175706347,0.03478665252068653,0.0443413127254241,0.04037182486678039,0.03972118684519026,0.03760111693928749
GATCAGTTCGCTGATA-1,0.036507735905525474,0.045307928401645214,0.03618273589817593,0.039265460087135245,0.04037608782762234,0.03758597807347674,0.04003985583642315,0.04003280925861953,0.0398734616199128,0.047605061989528526,0.03774821625359845,0.03875489409240618,0.03993335771983222,0.03835411391303195,0.03951598889934763,0.03884059495517523,0.03890548967195952,0.03764702418255815,0.03711143880704312,0.039008766303202796,0.035415923754350605,0.05195594096253394,0.04456851950753608,0.04192817870819213,0.03753443737116703
GGTGCGTCATCGACGC-1,0.03620340246154991,0.04293826739301477,0.04269266954479897,0.04218433970550989,0.04259228792876321,0.04633130081163047,0.0432331961355241,0.03533401426015671,0.03538213588557545,0.04237388666712156,0.03647802809967898,0.03536930271134131,0.04305299007768115,0.04247255468083325,0.04239112205197207,0.04273553122594132,0.03620675057600139,0.035364360193294246,0.03537049260663055,0.03621596927574685,0.04198611578565569,0.042719589686601875,0.04150064592543072,0.042703150286838916,0.03616789602270661
AAAGCAAAGCAGCGTA-1,0.03732569789475452,0.045812620722701106,0.03858631818248726,0.039523284197680184,0.04050355113247088,0.03857043571694848,0.039156252842328314,0.037311281846422406,0.03986389822504875,0.04246420483163272,0.0369066328869064,0.03625496871530395,0.03758545010516069,0.03618498473176168,0.03620207660496822,0.03933164477894549,0.04930770978257714,0.03684103416779798,0.037216996570071756,0.037308364060374244,0.04504946015258932,0.04292431870102758,0.044945146363278884,0.041974591407966715,0.04284907537879539
ACTGTCCCAATCGGTT-1,0.03651491714848661,0.042737776354278424,0.03712500099463696,0.03867501550520526,0.0424707065540039,0.04095339630901539,0.04375010822165678,0.041850589813574215,0.04272747170317298,0.036873825055564316,0.03979664213327807,0.04040797327509575,0.040692364355667136,0.03995885877345846,0.040032194532039184,0.039201726871938895,0.03869423985280553,0.03929909612533129,0.03942235570857507,0.04042805342827401,0.03559775610392235,0.0420937588135007,0.04310088537688488,0.04007102279337243,0.03752426419626145
AACTCCCGTCGTGGCT-1,0.03997270768980779,0.04204029570046806,0.0550821715841124,0.046664681076674215,0.034114392398164835,0.03466046927214073,0.03632162864897541,0.03567645108775132,0.03646768488624292,0.04158838521306182,0.03493060726084314,0.035353285200946376,0.03449661342824864,0.03438015773246335,0.03401556723004937,0.05159390065056612,0.039244163500643345,0.035555680758008384,0.03633063801652023,0.036189805026412725,0.03606492489901295,0.04430947631590279,0.052211938280298846,0.05035158995065204,0.0423827841920321
AAAGCAACATCGATTG-1,0.03975548459983619,0.041361698370165685,0.05443965672589014,0.04438685488413172,0.03738676879570405,0.037573322461738876,0.03740036665888997,0.038644336622001084,0.039784979846641956,0.040883967658660855,0.03796995212906481,0.037393515004388804,0.03811071769147619,0.03805952594144347,0.037373573936513874,0.043751109163964096,0.038214261245734675,0.037925504205098576,0.037949978193357846,0.03838227880041312,0.03744863684799153,0.04207454272584537,0.04315264365700297,0.03905945609704862,0.041516867736995394
AACTCCCCACAACGTT-1,0.03489822768268319,0.03941995592689159,0.03548902775069504,0.03716924007100757,0.037624918370756995,0.03619104320695273,0.036936532275407045,0.04391920003993535,0.037134549878013026,0.04174854498514602,0.042436019405752964,0.043231648625206,0.04147975394077289,0.04346166108894253,0.04121670478693093,0.03723737474166483,0.035161711017499715,0.04148699316946333,0.044507682140724356,0.05612566929590311,0.033195771311718525,0.04481254950891154,0.04046616084167075,0.03843168005539364,0.03621737988195642
ACACCCTCATGTCGAT-1,0.037233657773731346,0.0441617905779881,0.036299499646663784,0.039420320637013104,0.040186512606052806,0.03938283069045926,0.040539065083532534,0.04130518134323215,0.03933903118553867,0.04427074186790936,0.04203906992272813,0.04041021405607708,0.040753469727066054,0.04070941454080501,0.04087306232268403,0.039109569694778044,0.03964338466803981,0.03886662674794343,0.03968857192658539,0.03955052433483369,0.03525676607480288,0.038421973612494435,0.044305525642962605,0.039972271672750366,0.038260923643327865
AAAGATGAGTCGATAA-1,0.035652138488674996,0.04293509460489742,0.0357174065806073,0.03648255829572025,0.03986999603581005,0.038346401792969755,0.041023887361366154,0.04251295266406395,0.03949137342927618,0.05144547956087172,0.04316423164857532,0.041752042847250474,0.04249964157338209,0.042910867274114584,0.04269266436162336,0.036352229904374964,0.037808154656646484,0.03941609051634399,0.04123634027883454,0.04215754666637417,0.03428732941526102,0.03275852708784418,0.042206674782914906,0.03943849968881998,0.03784187048338209
ACATCAGCAGTATAAG-1,0.038191416318035375,0.04241463397451059,0.03753220519436586,0.038516894340969575,0.04003061072195531,0.04059560704426704,0.04132950621115728,0.04269466339402742,0.041581063177420906,0.043121228812575754,0.041294292160326485,0.04021586132586821,0.04255718783172008,0.04106644557234118,0.04173685357154318,0.03908929441203588,0.03791295679201806,0.039571929998415516,0.03901284458424099,0.03870452123724074,0.035057030448583416,0.03568115806693547,0.04199704056901141,0.04076868883210912,0.03932606540832516
CATCCACCAATCAGAA-1,0.03534772620548777,0.043507183932243856,0.03498474026848297,0.03876710656114866,0.03793776563756232,0.03565149264287819,0.03803691008340334,0.04269107490245372,0.03867862107445164,0.05977473779848275,0.041589531681154104,0.04282126223053816,0.04071201572933191,0.042246347894752644,0.04082781730857224,0.038113818380356004,0.03693575266284107,0.042379793926876734,0.04402240079845381,0.044487685947336306,0.03329346689725866,0.026722046040770272,0.04259701387982286,0.040413507716944866,0.0374601797983953
ACGATGTAGGCTAGGT-1,0.036564263041051905,0.04122352085574177,0.03561463785510439,0.036813519671773286,0.03968181860805488,0.039013848812697885,0.04225413122423827,0.041662727217501,0.04069851273547174,0.05208770643206855,0.04275230203627213,0.04217492635760615,0.04296274209186086,0.04278098661818975,0.04299451250529667,0.036975766702828795,0.03916365451616123,0.039882724848958974,0.04042744067829232,0.04049313610426833,0.03465793074248456,0.031160860601895754,0.04198450569169166,0.03997308969573106,0.03600073435475808
AAGGCAGTCACCCGAG-1,0.034709723490888016,0.039086683967239605,0.03460966670396026,0.03805730696847299,0.03924067475809828,0.03832610948105055,0.03989105912114318,0.04453796628300393,0.03930528224350276,0.04775529949956049,0.04322725348844784,0.04252971733013976,0.04186203897253167,0.042554578911473594,0.04229681833946238,0.03700296400784495,0.03782616529306034,0.04118986595565955,0.042613716125192096,0.04313577767070487,0.0334996856652549,0.04512305841034806,0.03883314182653088,0.03744633587693574,0.035339109609493255
CACACAATCATCACCC-1,0.03570271003724522,0.03749617525092233,0.03633740297585991,0.036638833238350904,0.038557471073469955,0.03864147247225262,0.03677905679766558,0.046658323255547016,0.038302823584326504,0.047153175774725366,0.04152998349472204,0.046795747830396715,0.04066998768453522,0.04557532711437817,0.04041228838684316,0.03667617908524832,0.036568626190200196,0.04094317252742554,0.045825627426486416,0.04668120782136835,0.03370289246963893,0.04235769869574443,0.03700418254753573,0.03658874506886217,0.03640088919624938
CCGGGATCATACGCCG-1,0.0365146452786415,0.04142990802654958,0.037222313045596846,0.038636912824627355,0.03846982308957835,0.0378571064131457,0.03950127838784671,0.04258720891401729,0.03932163184987083,0.055874098175111596,0.041713197942656585,0.043367253163160556,0.04103097925658561,0.042268735214257155,0.040783078694374586,0.03881504693198048,0.03732826605392219,0.040000544153783554,0.04225001497079626,0.04307791583877285,0.035067100261456846,0.0295085284121123,0.04076928029284858,0.039268451180793404,0.03733668162751331
TATCTCAAGTTACGGG-1,0.03923086773412073,0.046390048191653634,0.048766660905564904,0.04957223466010175,0.03540536602694701,0.035280400296078235,0.034656661837266976,0.03653346949253356,0.03506060568486368,0.042034092383215385,0.03523115816142563,0.03519466058967588,0.035175246737511066,0.03555356059071347,0.03534371246068026,0.048800147986592636,0.03945077313902385,0.036351501994869875,0.03665712993560042,0.036827064714176724,0.03524190825362068,0.04896365393331574,0.031131584595405794,0.06138948697404556,0.0457580027209964
AGAGCGACAAGTCTAC-1,0.03627172639148841,0.04382890424747317,0.0371640486232097,0.03928724266670799,0.04050301300461468,0.03853958326882638,0.04166496654521242,0.04168915367377007,0.04146472415510722,0.046073099832386596,0.039415259676800554,0.039020242177105244,0.03970597141590374,0.03896706123957862,0.0383133278419193,0.038842406081741,0.03734369693442709,0.0369811719630748,0.03830777042757722,0.03886841031661012,0.03447526266461528,0.04928199194870808,0.04402753080525889,0.04175943122104634,0.038204002876837145
CACACTCTCTTGTTTG-2,0.041105681371385816,0.05782163488407123,0.03912755461846589,0.04239229964295007,0.0370933077688054,0.0353399063479521,0.03551819927006506,0.0362692387406845,0.03779534897441076,0.043275414597553664,0.03546479353789605,0.03551859779537963,0.03551542092102784,0.03510298942214999,0.035119065797863926,0.04159048038604599,0.041563523589631994,0.035393832678922495,0.03591683438176631,0.03628284405741456,0.038523313071435084,0.049335198321527454,0.05048052912144443,0.04446954920215341,0.04398444149899625
CGGAGTCTCACTATTC-1,0.038760977808640254,0.042954553776356014,0.05743607956571188,0.048037504558412734,0.034905938300596004,0.03533924721851949,0.035484279250758026,0.03616913001322657,0.03511757409322288,0.0390322050301172,0.033849807880815375,0.034967704991936716,0.03493352737884107,0.03480202356858895,0.03403107403092343,0.054363085648215334,0.03833797520202253,0.036378492945671075,0.03578248507199563,0.03568844564740476,0.03445690645209766,0.04317885143166555,0.04913595114188995,0.05440265036374293,0.04245352862862822
ACAGCCGAGTGAACGC-1,0.03725731541559691,0.04192983518291215,0.03710140345939805,0.038190497011627425,0.04563379006131652,0.04026268917693833,0.04321925456496429,0.039219337249966214,0.04304270037214556,0.044061508302253534,0.03811116550373056,0.03793406658999915,0.03992687167971897,0.03880908946659888,0.03777269263556759,0.037584876472499265,0.041565113382742325,0.036550902621093624,0.036622129393265666,0.03842602994639036,0.03739839251766307,0.04820302958805587,0.042171541670979945,0.04042079213014743,0.0385849756044281
CGGAGTCTCGGAATCT-1,0.03673439841979201,0.042260430819959824,0.03723330084258805,0.0397194062729452,0.03767853086250592,0.03608689985491825,0.037492156520156736,0.042532609823336745,0.038097852731528804,0.05324415199087848,0.042464581147776397,0.041691308044366285,0.04001067585658497,0.041071062364505584,0.04074316091314977,0.03861099316085038,0.037468708658024166,0.043284826208296844,0.04286153346959214,0.04296171295269141,0.035094640615152564,0.032060097105602856,0.04169290447271441,0.0401399937631933,0.03876406312888887
CGCGTTTAGAGCTGGT-1,0.03962525368969797,0.04430554347590599,0.049342533290963365,0.04974919187006902,0.03490850326653984,0.03487257746082287,0.03478173510009108,0.03538297241155722,0.035361718785331446,0.03966354528210463,0.034763239790284936,0.03522829310411652,0.03465310712050781,0.034758051060731106,0.03425679842853363,0.051553498183705984,0.038175194584186174,0.03696194327158811,0.03601406369211022,0.036238886993991075,0.03536643572847704,0.044381499085504046,0.052026783331381374,0.05503097593817507,0.04259765505362321
AACTCTTGTCGTCTTC-1,0.0394984108040445,0.040241557502711175,0.05372415807395455,0.048789751281488,0.03563196797154947,0.03736805477935918,0.03731312765717837,0.035361912793942914,0.03690973072828318,0.03810188000005931,0.03532601797185413,0.03566375507630214,0.0366641729952223,0.036015625648382545,0.036057704832862615,0.04970937559396205,0.03986825463553647,0.03658736785727307,0.036697984389943095,0.037557889215818326,0.0371538342684304,0.040621493161796404,0.04783534521088592,0.049246187030600665,0.04205444051855923
AGAGTGGAGCCAGAAC-1,0.035434225677365594,0.040293290413172284,0.03636915463417349,0.037692465765984055,0.042594111953972426,0.041774080260708474,0.04480390993969454,0.042574070038659394,0.041392951943910655,0.04461628669823251,0.040925490078202176,0.04211984183091209,0.04440921644990862,0.04214919291424989,0.04289839176361168,0.03718590168569362,0.03763812272900325,0.03917175003003789,0.03815959608792508,0.04009412088555386,0.036177508657256545,0.03577097281787341,0.04107283838212861,0.03799036743852567,0.03669214092324397
AAGGCAGGTAATCGTC-1,0.0337814344390432,0.038258144875470176,0.03458025260671543,0.037663820728479826,0.03862828753795561,0.03543146310237941,0.03797773587642044,0.04328159656646521,0.03778299543277574,0.04944861110228635,0.043023966825758445,0.043717190873678105,0.0417278573779034,0.04375960348253426,0.04142960318924388,0.03691253043685908,0.03457872747547893,0.04106473473191327,0.047710627451523276,0.05385130944959041,0.03232599396659229,0.040165020218729496,0.0388527811248783,0.03785540581616901,0.03619030531115647
CGCCAAGAGGGCTCTC-1,0.03350441847942811,0.03990382641924911,0.0402913905244458,0.038807955376100677,0.04132814229839444,0.04527333890276056,0.04115499620882005,0.0407926109583559,0.033651933180171324,0.04026739285341868,0.04173770897985468,0.04135073254375028,0.04244651684108894,0.04159195722263943,0.04175302589374865,0.03982598166285287,0.04042791968271771,0.04177645778088345,0.04176583526409063,0.041596532103457214,0.04436245807157835,0.03889586742776057,0.034343987036572605,0.039074933945447025,0.03407408034241312
AAACGGGTCGGTCCGA-1,0.03524860132206732,0.04201237124068457,0.034755893892834226,0.03778564231796155,0.03798974568537222,0.03649647280245619,0.03781894855483479,0.04164666473997138,0.03838046374866054,0.04879696521786014,0.04082538131054426,0.041827560165772784,0.03965714989474984,0.041253526700580835,0.04018121040753674,0.03708527843097823,0.037385265798773756,0.04252680864031546,0.044688688735915166,0.04553472152852953,0.034426421692597374,0.046213073519379255,0.04120216893143283,0.039006832593357785,0.03725414212683328
GCTCTGTAGAGCTTCT-1,0.04095337213829752,0.04654249783973816,0.04019529505317715,0.04123922250820714,0.03636128633875865,0.03588830705192691,0.03593144300609087,0.036340824319488214,0.03653011370497234,0.04086764404508773,0.03656855794231567,0.036142861836345484,0.035198926707018165,0.035759059829397,0.035754312393279725,0.041848678290613846,0.04134516182505122,0.03754191118364562,0.03823607155843966,0.037627136968600546,0.039830597431476385,0.044997679069048634,0.04816452783307527,0.04531445992548182,0.0548200512004662
GATCAGTAGGCTCTTA-2,0.04101302642090083,0.05642364915908313,0.03936252723175566,0.04138511849860438,0.03734381646484452,0.035692959986958143,0.03735707941415328,0.03612170118704906,0.038787192732830336,0.04238628096837914,0.035331859963243034,0.035419746311735494,0.03588221590015125,0.03500607595020292,0.03499406442367047,0.04131420206749467,0.042307930726212854,0.035714773380695765,0.03557941766751985,0.03592026940341888,0.039048712024044446,0.049556785369875615,0.048190499750625046,0.04535010386125544,0.04450999113529568
AAGACCTGTCCGCTGA-1,0.036013795570701494,0.0395996053807474,0.035189005268023356,0.036054404346775024,0.04189576064180913,0.04055007298401894,0.04208486425344074,0.039208592688751404,0.05947773054705367,0.05152086864932405,0.03916580695304157,0.038417865689030356,0.04000046768141061,0.03756826128001524,0.03817075063883007,0.03612243232785772,0.03730153962520213,0.03737077219203732,0.037505920711444,0.03776369176988825,0.03584486458610037,0.04926844298518503,0.039364597744905,0.03776129740403929,0.03677858808036804
AAGACCTGTATAGGTA-1,0.03629900297830921,0.04071454596467184,0.03606944733751828,0.03878555845013807,0.038462614319266286,0.03776750730589852,0.039632864105871905,0.04399735272357162,0.03799073479796266,0.045685658116686186,0.04216596860419498,0.04372515887384021,0.04290278612935705,0.04438606140229133,0.04113981206564847,0.03872761157648092,0.038431050959038926,0.03931936403754502,0.0422722174954599,0.043268720674370265,0.03434020556146471,0.0344661642156241,0.04123701136825738,0.04046321114931904,0.037749369787213
ACGCCAGCATGGTTGT-1,0.03601169495796178,0.04173886956835117,0.03683776633179725,0.03734076551980472,0.04318450580125285,0.04050534507038685,0.04224538685579136,0.040561182660765874,0.04156471554760483,0.04573045949515342,0.03976125261360856,0.039493070005299905,0.0402812937378034,0.03872403588210265,0.038866706422663794,0.037211818020888375,0.041472514981468235,0.037745448237622575,0.03815369718787297,0.03917495851725472,0.03612921524403804,0.04822821971632452,0.04187889536871788,0.04012287567401009,0.037035306581454326
AAGGTTCTCCCAGGTG-1,0.03878856227867818,0.04029303840447457,0.048563425489858626,0.03949542786881107,0.03577445419774143,0.03689532585207702,0.037806075898031345,0.03789033006914609,0.036558211724603926,0.0408085084380651,0.036112318596705335,0.037734311421551814,0.037030865397595605,0.03689559088372085,0.03631886159135047,0.05110427520094255,0.0382987968630254,0.03921002688638807,0.037658312495270074,0.03878264215535452,0.035257239479702634,0.04315705422135447,0.04700085316992667,0.052091704809971884,0.04047378660565233
AGCTCTCTCAGTTCGA-1,0.036719560601774046,0.04071046056599041,0.03555150573391158,0.03633750073848919,0.0435253568356556,0.04089786845929808,0.05012173233170119,0.039212902685838234,0.04553039420970841,0.052774559922315514,0.03719908296894228,0.0378348186256654,0.04191313642978839,0.03878735906516387,0.038496024890297215,0.03621225861422181,0.03837568889560588,0.03633892587542182,0.0348392817150151,0.036298016493503504,0.03536345109567395,0.05028344456035107,0.041907638364006246,0.038546696148529014,0.03622233417313241
AACTCAGGTACGAAAT-1,0.03505494555271627,0.04169451452157537,0.034408231969014796,0.037622139966049316,0.038328059030376345,0.03717542560451518,0.04044179974508057,0.04382831718183516,0.03998099063599349,0.059835304857994764,0.043950002574080056,0.04269990178724622,0.041237695317950275,0.04219254125983535,0.042373633527647225,0.036947263944437356,0.03651567608265023,0.04075870504878284,0.041230150729881024,0.043056994911217575,0.032709774971496644,0.027082229790336886,0.04278381060352799,0.03966998590588009,0.038421904479879226
